﻿,Titles,Polarity,Positive,Neutral,Negative
0,"Apple, Tesla, Robinhood: Stocks That Defined the Week",0.0,0.0,1.0,0.0
1,Tesla board member sells shares worth $200 million after stock bump -filings,0.964,0.105,0.895,0.0
2,U.S. House plan would give electric vehicles big boost,0.995,0.159,0.825,0.015
3,"Dow Jones Futures: Market Rally Strong With Fed Taper On Tap; Google, Tesla Rival Xpeng Near Buy Points; What To Do Now",0.0,0.0,1.0,0.0
4,3 Crypto Moonshots to Get Ahead of the ‘Next Big Thing’,1.0,0.127,0.841,0.032
5,Automaker semiconductor shortage exacerbated by supply chain tieups,0.0,0.0,1.0,0.0
6,Tesla is not a car company — it's an 'internet-of-cars company:' Arteris CEO,0.97,0.064,0.918,0.017
7,Why Lucid Group Stock Rocketed 72% This Week,0.718,0.117,0.883,0.0
8,The Pros and Cons of Investing in Nio Stock,0.983,0.066,0.9,0.033
9,Here's Why Lucid Could Give Tesla Some Serious Competition,0.521,0.123,0.806,0.071
10,7 Penny Stocks With the Potential to 10X in 2022,0.996,0.085,0.887,0.028
11,Here’s the math for Tesla’s stock price if it becomes the Apple of car makers,-0.422,0.0,0.851,0.149
12,"Why Uber cares that Hertz is buying 100,000 Teslas",0.992,0.105,0.854,0.041
13,Weekend reads: Facebook goes Meta — what’s in a name?,0.66,0.092,0.908,0.0
14,Canoo Is a Viable Play for Investors and Traders Alike,0.996,0.12,0.824,0.056
15,"Stock Market Rally Hits Record High As Google, Microsoft, Tesla Jump; Facebook Is Now Meta: Weekly Review",0.0,0.0,1.0,0.0
16,HOG vs. TSLA: Which Stock Should Value Investors Buy Now?,0.999,0.268,0.727,0.004
17,Amazon Discloses 20% Stake in EV Maker Rivian,0.914,0.081,0.894,0.026
18,The Spike in Fisker Stock Has Kindled a Technical Face Off,0.97,0.082,0.874,0.045
19,Why Tesla Stock Jumped This Week,0.599,0.206,0.794,0.0
20,Tesla Shares Poised for Best Monthly Rally Since November,0.966,0.089,0.887,0.024
21,Hertz Says It Could Expand Uber Deal in Electric Vehicle Push,0.0,0.0,1.0,0.0
22,Lucid stock soars on plans to deliver first of its luxury electric cars this weekend,0.521,0.138,0.862,0.0
23,"Dow Jones Rallies, Tech Stocks Fall As Amazon, Apple Sell Off On Earnings",0.178,0.072,0.928,0.0
24,Nio Could Rally to New Highs Like Tesla,0.968,0.097,0.828,0.075
25,10 Best Stocks Under $20 According to British Billionaire Chris Rokos,0.999,0.1,0.884,0.017
26,Here’s the math for what it takes for Tesla to become the Apple of car makers,-0.422,0.0,0.851,0.149
27,Analysts are Increasing Price Targets of Tesla and 9 Other Stocks,0.999,0.098,0.882,0.02
28,FuelCell Energy Will Justify the Hype Over the Long-Term,0.99,0.081,0.897,0.022
29,Tesla Is Winning the EV Race. Better Batteries Will Help Ford and GM Close the Gap.,-0.226,0.057,0.857,0.086
30,"If Tesla is to become the Apple of car makers, this is what it means for the stock price (and the business)",-0.422,0.0,0.851,0.149
31,"China EV Sales On Tap For Nio, Xpeng, Li Auto As They Near Buy Points",0.0,0.0,1.0,0.0
32,Tesla &amp; Other Automotive Stocks to Buy Ahead of November,0.994,0.111,0.839,0.05
33,Microvision Q3 Earnings Show That MVIS Stock Is Dead Money… For Now,0.915,0.082,0.85,0.068
34,"Give Elon Musk Credit Where Credit Is Due, but the Hertz Deal?",0.799,0.264,0.681,0.055
35,"10 Stocks Turned $10,000 Into $224,215 In 10 Months",0.0,0.0,1.0,0.0
36,5 Stocks Insiders Are Selling,0.997,0.139,0.856,0.005
37,Tesla's Q3 Zooms Past Forecasts and Previous Records,0.052,0.129,0.753,0.118
38,Post-earnings QuantumScape Stock Drop Offers Ancillary EV Opportunity,0.998,0.121,0.846,0.034
39,"With Eyes on Mass Market Appeal, Investors See NIO Stock as Better EV Play",0.998,0.128,0.849,0.023
40,Electric Vehicle Checkpoint: Tesla Leads The EV Revolution,0.202,0.083,0.917,0.0
41,Better Batteries Are the Key to Ford and GM’s EV Future,-0.226,0.057,0.857,0.086
