﻿,Titles,Polarity,Positive,Neutral,Negative
0,"Dow Jones Futures: Tesla, Nvidia Lead 'Hard Penny' Market Rally Retreat; IBM Flirts With Breakout, Netflix Near Buy With Earnings Due",-0.153,0.0,0.912,0.088
1,"Tesla Stock Up As Musk Says Autopilot, FSD Not Involved In Crash",0.0,0.0,1.0,0.0
2,Tesla Vs. Nvidia: Which Stock Chart Looks Like The Better Buy?,0.986,0.101,0.899,0.0
3,It’s time to notice Tesla’s Autopilot death toll,-0.153,0.055,0.864,0.081
4,"Dow Jones Futures: 'Hard Penny' Stock Market Rally Retreats With Tesla, Nvidia, Square; Netflix Near Buy Point With Earnings Due",-0.103,0.0,0.935,0.065
5,"US STOCKS-Wall Street slips off record highs, Tesla drops after fatal crash",0.813,0.08,0.861,0.059
6,It’s time to notice Tesla’s Autopilot death toll,-0.998,0.076,0.795,0.13
7,How Tesla could be impacted by the fatal crash in Texas,-0.735,0.0,0.763,0.237
8,"US STOCKS-Wall Street slips from all-time peaks, Tesla drops after fatal crash",0.93,0.093,0.844,0.063
9,Tesla Stock Falls As Feds Open Probe Into Model S Crash,-0.844,0.0,0.664,0.336
10,Tesla crash investigation,0.941,0.083,0.848,0.068
11,U.S. probes fatal Tesla crash believed to be driverless,-0.946,0.068,0.827,0.105
12,Tesla (TSLA) Reports Next Week: Wall Street Expects Earnings Growth,0.997,0.123,0.841,0.036
13,"Dow Jones Slips As Boeing Weighs, But Coca-Cola Gains; Here's Why GameStop Is Soaring",0.153,0.071,0.929,0.0
14,US STOCKS-Wall Street slips from record levels; Tesla drops after fatal car crash,0.613,0.079,0.85,0.07
15,UPDATE 1-U.S. probes fatal Tesla crash believed to be driverless,-0.966,0.045,0.843,0.113
16,Tesla Stock Falls As Model S Crashes After Musk Touts Autopilot Safety,-0.844,0.0,0.664,0.336
17,Why Tesla Stock Dropped on Monday,-0.406,0.12,0.718,0.162
18,Tesla’s Fiery Crash Adds to Drag on Already Wobbly EV Stocks,-0.071,0.074,0.855,0.071
19,Stock Market Today With Jim Cramer: What to Watch With Tesla,0.0,0.0,1.0,0.0
20,Tesla Drags Nasdaq Lower on Crash; NVIDIA Buy Faces Regulatory Challenge,0.898,0.138,0.862,0.0
21,Dow Jones Slips As Coca-Cola Passes Buy; Tesla Down After Deadly Crash; GameStop CEO Quits,-0.153,0.113,0.719,0.168
22,"Dow Jones, S&amp;P 500 Ease From Record Highs; Coca-Cola Rises On Earnings; Nvidia, Tesla Stock Drag On Nasdaq",-0.25,0.07,0.82,0.109
23,"US STOCKS-S&amp;P 500, Dow slip from record highs; Coca-Cola rises on results",0.827,0.075,0.864,0.06
24,"Strong Earnings from Coca-Cola Start Week, with IBM on Way Ahead of Netflix Tomorrow",0.999,0.119,0.827,0.054
25,Tesla Stock Falls After Potential Autopilot Crash,-0.361,0.093,0.731,0.176
26,Tesla autopilot car cash leaves two men dead,-0.802,0.0,0.762,0.238
27,Tesla's stock drops after reports of fatal crash of vehicle with apparently no driver,-0.474,0.062,0.833,0.105
28,"Dow Jones, S&amp;P 500 Futures Ease From Record Highs; Coca-Cola Rises On Earnings; Nvidia, Tesla Stock Drag On Nasdaq",-0.25,0.07,0.82,0.109
29,Tesla Stock Weakens After Potential Autopilot Crash,-0.361,0.093,0.731,0.176
30,"Dow Jones Futures Fall, Bitcoin Slumps As Stock Market Rally Enters Power Trend; Square, Apple, Tesla In Focus",0.681,0.23,0.688,0.082
31,How Investors Maxed Out Gains From This Record $22 Trillion Rally,0.291,0.151,0.775,0.074
32,How S&amp;P 500 Investors Maxed Out A $751 Billion Gain From This Record Rally,0.291,0.151,0.775,0.074
33,Tesla Shares Lower as Transport Officials Probe Deadly Texas Crash,0.153,0.223,0.605,0.172
34,"Dow Jones Futures Fall, Bitcoin Slumps As Stock Market Rally Enters Power Trend; Square, Apple, Tesla In Focus",0.681,0.23,0.688,0.082
35,20 Best Paying Summer Jobs for College Students,1.0,0.129,0.86,0.011
36,Bitcoin and Other Cryptocurrencies Stabilize After Weekend Rout,0.0,0.0,1.0,0.0
37,"Tesla With ‘No One’ Driving Crashes in Texas, Killing Two",-0.687,0.062,0.857,0.081
38,Further reading,0.455,0.088,0.912,0.0
