﻿,Titles,Polarity,Positive,Neutral,Negative
0,Dow Jones Futures: What To Do After Today's Stock Market Dive As Russia-Ukraine War Continues,-0.599,0.0,0.837,0.163
1,Volkswagen and Tesla Square off in Germany in EV Battle,0.0,0.0,1.0,0.0
2,Why These 10 Stocks Are Moving on Monday,0.983,0.09,0.848,0.062
3,Ford Has a Good Problem That Tesla and GM Will Envy,0.835,0.156,0.785,0.059
4,"WTI crude oil hits 14-year-high, Meta shares continue to slide",0.077,0.06,0.888,0.052
5,"Semiconductor Watchlist: Nvidia, Broadcom, Panasonic",-0.593,0.0,0.93,0.07
6,"Sector Wars: Tesla Stock Tumbles As Two Leaders Rise, One Gets Sold Into Strength",0.226,0.131,0.776,0.094
7,The Surprising Thing That Tesla Stock and Car Dealers Have in Common. And How You Can Play It.,0.34,0.19,0.704,0.106
8,Tesla CEO Elon Musk urges Europe to restart nuclear power stations,0.0,0.0,1.0,0.0
9,Berkshire Hathaway’s Market Cap Climbs. It Could Soon Overtake Tesla.,0.868,0.307,0.693,0.0
10,Meritor (MTOR) Inks Pact With ConMet on Zero-Emission Trailers,0.995,0.108,0.881,0.011
11,"Biden elevates Ford, GM, and now Siemens — but not Tesla — in big EV push",0.991,0.058,0.932,0.011
12,"Tesla will sell car insurance, but electric-vehicle insurance and repairs are more expensive than for traditional cars. Here’s why.",-0.318,0.0,0.905,0.095
13,More companies cut ties with Russia amid ongoing invasion of Ukraine,-0.599,0.0,0.885,0.115
14,"Market check: Stocks mixed at open, gold surges",0.0,0.0,1.0,0.0
15,Dow Jones Sells Off As Russia-Ukraine War Continues; Oil Prices Briefly Surge Above $130 A Barrel,-0.599,0.0,0.83,0.17
16,Tesla Bull Dan Ives Sees 70% Upside In Tesla,0.848,0.075,0.9,0.025
17,Tesla Stock Was Moved by  Germany and Russia Last Week. China Moves It This Week.,0.0,0.0,1.0,0.0
18,Dow Jones Futures Drop As Russia-Ukraine War Continues; Oil Prices Briefly Surge Above $130 A Barrel,-0.765,0.0,0.732,0.268
19,"Tesla's on the Rise, but This Nasdaq Meme Stock Is Monday's Big Premarket Winner",-0.612,0.023,0.903,0.074
