﻿,Titles,Polarity,Positive,Neutral,Negative
0,Dow Jones Futures: Is Stock Market Correction Over? What To Do Now,0.727,0.293,0.627,0.08
1,Tesla Stock Fell Again. It Dipped Into Bear-Market Territory.,-0.586,0.067,0.808,0.125
2,"Tesla Stock Dips, Lucid Motors Tumbles Amid SEC Probes; Rivian Jumps On Buy Ratings",0.115,0.103,0.812,0.085
3,The World's Relentless Demand for Chips Turns Deadly in Malaysia,0.83,0.066,0.871,0.063
4,"Rivian: Production and delivery of EVs expected this quarter, analyst says",0.999,0.146,0.839,0.016
5,Do Hedge Funds Love Apple Inc. (AAPL)?,0.996,0.094,0.89,0.016
6,Here is the #4 Stock Among Hedge Funds,0.995,0.077,0.907,0.015
7,3 Stocks to Buy into 2022 Despite Wall Street Jitters,0.999,0.145,0.785,0.07
8,Tesla (TSLA) Tanks After News of SEC Probe,0.153,0.092,0.84,0.067
9,"Test Time For Tech As Nvidia, Microsoft, Face Pressure; Tesla Stock Tests Key Level",0.361,0.122,0.878,0.0
10,"Market check: All 11 sectors in the green, travel stocks pop, Tesla off session lows",-0.735,0.0,0.801,0.199
11,Strategist not worried about market shock to Big Tech from 'well-known' Fed moves,0.599,0.154,0.846,0.0
12,"Is Amazon.com, Inc. (AMZN) A Good Stock To Buy?",0.995,0.083,0.91,0.007
13,Facebook is the Second Most Popular Stock Among Hedge Funds,0.996,0.092,0.883,0.025
14,Microsoft Corporation (MSFT): Hedge Funds Are Snapping Up,0.996,0.086,0.907,0.007
15,Here's Why AutoZone (AZO) Looks Poised for Q1 Earnings Beat,0.999,0.144,0.851,0.005
16,Why Tesla Stock Is Down By 4% Today,-0.761,0.074,0.828,0.098
17,S&amp;P 500 Makes Strong Start to Week as Omicron Fears Ease,0.962,0.105,0.832,0.064
18,Tesla Stock Falls Again. It’s Now in Bear Market Territory.,0.178,0.105,0.808,0.088
19,Lucid shares tumble as SEC subpoenas Tesla rival over its SPAC deal,0.996,0.111,0.868,0.021
20,Tesla stock drops into bear territory amid reported SEC probe into solar panels,-0.71,0.058,0.865,0.077
21,Why Tesla Stock Got Clobbered Today,-0.758,0.078,0.792,0.13
22,Tesla On Track to Enter Bear Market Following Report of SEC Probe,0.936,0.077,0.881,0.043
23,"When It Comes to Ticker Sentiment, Buy These 5 Before GameStop",0.972,0.063,0.903,0.034
24,"Rivian is the one that could disrupt Tesla, analysts say",0.318,0.073,0.927,0.0
25,"Lucid Motors Dives, Tesla Stock Dips Amid SEC Probes",0.0,0.0,1.0,0.0
26,Rivian receives positive ratings in initial Wall Street coverage,0.557,0.146,0.854,0.0
27,Report: SEC probe looks into whistleblower claims on Tesla solar panel defects,-0.848,0.05,0.536,0.414
28,"Tesla stock drops toward its 3rd bear market this year, by some measures",-0.25,0.025,0.927,0.048
29,Tesla stock dips on reported SEC investigation of solar panel defects,-0.402,0.0,0.856,0.144
30,Is Rivian Stock A Buy As Wall Street Analyst Stock Ratings Begin?,0.0,0.0,1.0,0.0
31,Lucid shares drop following SEC subpoena,0.296,0.099,0.901,0.0
32,Lucid Stock Plunges After EV Maker Reveals SEC Investigation,0.865,0.056,0.915,0.029
33,Crypto is 'one of the biggest bubbles ever': Strategist,0.943,0.068,0.914,0.018
34,Is Standard Motor Products (SMP) Outperforming Other Auto-Tires-Trucks Stocks This Year?,0.992,0.106,0.882,0.012
35,"Dow Jones Rallies, Tech Stocks Sell Off; Lucid Plunges 15% On SEC Probe; Tesla Falls To Key Support",0.0,0.0,1.0,0.0
36,Lucid shares drop amid SEC subpoena over SPAC deal,0.896,0.063,0.929,0.009
37,Here’s What Makes Tesla (TSLA) A Great Long-Term Investment,0.994,0.175,0.82,0.004
38,Dow Jones Futures Rally; Bitcoin Stumbles; Lucid Dives On SEC Probe; Tesla Falls To Key Support,0.402,0.105,0.895,0.0
39,3 Electric Vehicle Stocks You Can Buy and Hold for the Next Decade,0.681,0.097,0.903,0.0
40,"Rivian gets mostly bullish endorsement from analysts, as EV maker seen in the ‘catbird’s seat’ to challenge Tesla",0.318,0.073,0.927,0.0
41,1 Battery Stock That Deserves a Closer Look,0.852,0.142,0.858,0.0
42,Honda (HMC) and Ford (F) Vehicle Recalls Under the Lens,0.953,0.089,0.851,0.06
43,Tesla did not want to wait on EU aid - German economy minister,0.828,0.054,0.932,0.014
44,Rivian Ratings Arrive. They Are More Positive Than Tesla.,0.586,0.167,0.833,0.0
45,"Dow Jones Futures Rise As Techs, Bitcoin Fall: Apple, Tesla At Key Levels; Lucid Dives On SEC Probe",-0.238,0.0,0.933,0.067
46,Looking at 4 EV Stocks and Their Charts: Here's My Take,0.382,0.028,0.972,0.0
47,"Wall Street Mixed at Open as Tesla, Lucid Fall Under SEC Pressure; Dow up 440 Pts",0.747,0.077,0.861,0.062
