﻿,Titles,Polarity,Positive,Neutral,Negative
0,UPDATE 1-Biden's EV charging push could boost automakers taking on Tesla,0.976,0.079,0.903,0.019
1,Top Stocks for July 2021,0.511,0.048,0.952,0.0
2,Top Robinhood Stocks Popular on Reddit,1.0,0.159,0.828,0.013
3,"Why Churchill Capital IV, Fisker, and Nikola Stocks Surged This Week",0.863,0.181,0.819,0.0
4,Tesla Stock Has Been on Fire This Week. Here Are 4 Reasons.,0.788,0.303,0.697,0.0
5,Biden's EV charging push boosts established automakers taking on Tesla,0.974,0.079,0.9,0.021
6,Dow Jones Rallies As Nike Surges 15% On Earnings; Tesla Stock Reverses Lower,-0.296,0.0,0.891,0.109
7,"Didi targeted $67 billion IPO, Conan’s farewell show, Panasonic sells Tesla stake",0.44,0.045,0.925,0.03
8,Lucid Motors poised to compete with Tesla as leader in EV,0.0,0.0,1.0,0.0
9,Why Renewable Energy Stocks Will Thrive During a Recession,0.71,0.231,0.635,0.134
10,The Tesla of Farming? -- Should You Buy John Deere Stock Now?,0.878,0.207,0.763,0.03
11,"Dow Jones Rallies, Tech Stocks Fall As Nike Surges 15% On Earnings; Tesla Stock Races Higher Again",0.0,0.0,1.0,0.0
12,Panasonic Sells Entire $3.6 Billion Stake in Tesla: Reports,0.477,0.073,0.927,0.0
13,"The Zacks Analyst Blog Highlights: Tesla, Alibaba, Johnson &amp; Johnson, Toyota Motor and 3M",0.997,0.11,0.861,0.029
14,Elon Musk Toys With Shiba Inu Fans and Bitcoin Maximalists,0.974,0.086,0.879,0.035
15,Tesla Shareholder Panasonic Sells Stake for $3.6 Billion,0.0,0.0,1.0,0.0
16,Nikola Stock Is 80% Off Its High Price: Time to Buy?,0.422,0.056,0.944,0.0
17,"Tesla's Musk, Twitter's Dorsey to Meet at July Online Bitcoin Event",0.361,0.122,0.878,0.0
18,Friday’s Pre-Market: Here’s What You Need to Know Before the Market Opens,0.999,0.156,0.827,0.016
19,"Tesla (TSLA) Grows Solar Arm, Opens Solar Charging Station in China",0.999,0.163,0.825,0.012
20,Panasonic Sells Stake in Tesla for $3.6B – Report,0.986,0.12,0.859,0.021
21,"Nike, Virgin Galactic Rise Premarket; FedEx Falls",0.92,0.089,0.876,0.035
22,Electric Vehicles Approach a Critical Tipping Point in Adoption,0.0,0.0,1.0,0.0
23,"Tesla Gains, Panasonic Pops As Japanese Firm Exits EV Maker",0.718,0.04,0.949,0.01
24,Asia’s Richest Man Plans $10 Billion Push Into Green Energy,0.997,0.099,0.883,0.019
25,Tesla Loses Key Shareholder as Panasonic Sells Stake for $3.6B,-0.318,0.0,0.85,0.15
26,Asia’s Richest Man Plans $10 Billion Push Into Green Energy,0.997,0.098,0.884,0.018
27,Panasonic Sells its Entire Stake in Tesla to Raise Cash,0.993,0.111,0.878,0.011
28,Panasonic sells its stake in Tesla for nearly $4 billion: report,0.0,0.0,1.0,0.0
29,Panasonic Sells its Entire Stake in Tesla to Raise Cash,0.981,0.122,0.865,0.013
