﻿,Titles,Polarity,Positive,Neutral,Negative
0,U.S. seeks more information from Tesla on distracted drive game probe,0.962,0.09,0.869,0.042
1,"Atalanta Sosnoff Capital, Llc Buys McDonald's Corp, Salesforce. ...",0.994,0.054,0.942,0.004
2,"Supplemental Annuity Collective Trust of NJ Buys Canadian Pacific Railway, Tesla Inc, IQVIA ...",0.997,0.146,0.846,0.008
3,"Sterling Investment Advisors Llc  Buys NVIDIA Corp, Microsoft Corp, Tesla Inc, Sells U.S. Bancorp",0.984,0.077,0.915,0.008
4,"Meyer Handelman Co Buys Activision Blizzard Inc, Edwards Lifesciences Corp, Kyndryl Holdings ...",0.991,0.052,0.941,0.007
5,"Davis-Rea Ltd. Buys Raytheon Technologies Corp, Suncor Energy Inc, Sells Nike Inc, Algonquin ...",0.989,0.072,0.921,0.007
6,"Spearhead Capital Advisors, LLC Buys Tesla Inc, iShares Core S&amp;P 500 ETF, Vanguard Consumer ...",0.996,0.059,0.937,0.003
7,Li-Metal Battery Leader: Ride the EV Revolution with SES Holding,0.997,0.118,0.842,0.041
8,"Dow Jones Futures Fall On Microsoft Earnings; Stock Market Volatile As Fed Meeting, Tesla Earnings Loom",0.0,0.0,1.0,0.0
9,Why I’m Happy About Today’s Selloff,0.999,0.121,0.853,0.026
10,Nio Stock A Buy? Marquee New Electric Vehicles Are Coming In 2022,0.0,0.0,1.0,0.0
11,BofA on Moderna: upgrading to ‘neutral’ on the ‘Tesla of biotech’,0.976,0.081,0.899,0.02
12,Tesla Inches Toward Blue-Chip Status With Moody’s Credit Upgrade,0.987,0.133,0.825,0.042
13,Tesla Earnings: What to Look For From TSLA,0.671,0.234,0.766,0.0
14,Market check: Stocks pare steep losses in another intraday reversal,0.0,0.0,1.0,0.0
15,Rivian and other electric vehicle stocks get clobbered amid selloff,0.922,0.065,0.912,0.023
16,10 Low Profile Stocks that Surprised in 2021,1.0,0.144,0.832,0.024
17,S&amp;P 500 Corrects Ahead Of Fed Meeting: Let's Check The Technicals,0.999,0.11,0.839,0.051
18,Tesla Sell-Off Intensifies Ahead of Earnings,0.296,0.095,0.905,0.0
19,Tesla Earnings Are Coming. They Better Be Good.,0.0,0.0,1.0,0.0
20,Here Comes $10 for QuantumScape Stock,0.981,0.088,0.854,0.058
21,"FUKOKU MUTUAL LIFE INSURANCE Co Buys Tesla Inc, Ecolab Inc, The Hershey Co, Sells Intel Corp, ...",0.994,0.045,0.952,0.003
22,"Albert D Mason Inc Buys PagSeguro Digital, Gilead Sciences Inc, Walgreens Boots Alliance Inc, ...",0.993,0.061,0.935,0.005
23,Why Lucid Stock Crashed Before Tesla's Earnings,-0.73,0.028,0.837,0.135
24,GM investing $7 billion to build new battery factory in Michigan,0.296,0.073,0.927,0.0
25,Dogecoin Was Up More Than 10% Today. Should You Buy?,0.557,0.175,0.825,0.0
26,"PACCAR (PCAR) Q4 Earnings &amp; Revenues Top Estimates, Rise Y/Y",0.987,0.072,0.913,0.015
27,"UPDATE 1-GM's $7 billion investment intensifies EV battle with Ford, Tesla",0.966,0.063,0.931,0.006
28,Meme stock frenzy was the crazy story that 'didn’t beat Wall Street': WSJ editor,0.0,0.0,1.0,0.0
29,"GM Is Chasing Tesla, Ford as It Plays Catchup in EV Race",0.0,0.0,1.0,0.0
30,"Tesla, Abbott Labs, Intel Earnings: 3 Things to Watch",0.983,0.121,0.827,0.051
31,"Market check: Stocks fall across the board, bitcoin rallies",-0.44,0.035,0.856,0.108
32,"Retail investors played a big role in both wild market rout and the reversal, data suggests",0.889,0.048,0.927,0.025
33,Why Tesla Shares Are Down Ahead of Earnings,0.077,0.072,0.86,0.068
34,5 Big Cap Earnings All Stars to Watch This Week,0.997,0.182,0.743,0.074
35,"Tesla Stock Falls Ahead Of Earnings, Amid Market Rout",0.0,0.0,1.0,0.0
36,Tesla Call Options Are Overpriced; What This Says About Risk,0.335,0.035,0.933,0.032
37,"Dow Jones Tumbles As Selling Returns Ahead Of Fed Meeting; Apple, Nvidia, Tesla Sell Off",0.0,0.0,1.0,0.0
38,"Fulcrum Capital LLC Buys Electronic Arts Inc, Tesla Inc, iShares MSCI Emerging Markets ETF, ...",0.998,0.095,0.9,0.005
39,"Dow Jones Futures Tumble As Selling Returns Ahead Of Fed Meeting; Apple, Nvidia, Tesla Sell Off",0.0,0.0,1.0,0.0
40,Elon Musk Twitter Offer Could Make McDonald's Take Dogecoin,0.758,0.277,0.723,0.0
41,Tesla's Elon Musk Gives McDonald's a Dogecoin Challenge,0.273,0.064,0.887,0.05
42,3 Top Growth Stocks to Buy if Markets Crash in 2022,-0.268,0.106,0.772,0.122
43,ARK Innovation Is in Traders’ Crosshairs. They’re Not the Only Reason for Its Drop.,0.026,0.062,0.879,0.059
44,3 Auto Biggies Poised for Q4 Earnings Beat Despite Chip Crisis,0.997,0.087,0.889,0.023
45,"Cybertrucks, new factories in focus as Tesla set to report record earnings",0.964,0.084,0.862,0.054
46,Tesla Earnings Preview: Monthly User Statistics Point to a Solid Q4,0.993,0.113,0.873,0.013
47,Volkswagen and Bosch to collaborate on automated driving software,0.166,0.031,0.953,0.016
