﻿,Titles,Polarity,Positive,Neutral,Negative
0,"Five years later, JK Moving's Chuck Kuhn is still waiting for his Tesla Semi trucks. This week, he decided to buy more.",-0.226,0.0,0.917,0.083
1,Are Tesla Shares Worth a Look Pre-Split?,0.998,0.142,0.843,0.015
2,Dow Jones Futures: Tesla Drives Market Rally Higher; Snap Crash Hits Online Giants Late,-0.402,0.0,0.876,0.124
3,"Meta, Alphabet Knocked Down After Snap’s ‘Awful’ Results",-0.982,0.032,0.836,0.132
4,Twitter Earnings Are Friday. Investors Might Care More About the Elon Musk Case.,0.296,0.104,0.896,0.0
5,Stock Market Today: Nasdaq Leads Again as Tesla Stock Pops,0.997,0.097,0.88,0.023
6,"Markets close in the green, Nasdaq lifted by Tesla",0.273,0.08,0.92,0.0
7,"Tesla stock rallies after better-than-expected earnings, Baidu unveils driverless Robotaxi",0.296,0.095,0.905,0.0
8,US STOCKS-Wall Street closes higher on strong Tesla earnings,0.987,0.15,0.779,0.071
9,Musk Lieutenant Scrutinized in Internal Tesla Purchasing Probe,-0.916,0.04,0.904,0.056
10,Analysis-'Unknowns' delay Tesla's ramp-up of its own cutting-edge batteries,-0.475,0.055,0.894,0.051
11,"Dow Jones Rallies; Tesla Stock Gains As Elon Musk Teases ""Best Product Ever""; Bitcoin Falls On This",0.402,0.146,0.767,0.087
12,"Technology stocks lead markets higher, energy moves to the downside",0.818,0.233,0.767,0.0
13,"Tesla’s ‘stale’ portfolio a concern given increased 2M production capacity, analyst says",-0.374,0.038,0.92,0.042
14,Amazon Debuts Rivian Delivery Vans; Is Rivian Stock A Buy?,-0.402,0.074,0.736,0.19
15,Ford Stock Rises As Auto Giant Makes These Battery Moves In Bid To Chase Tesla,0.818,0.321,0.679,0.0
16,Elon Musk and Vladimir Putin’s state-run gas giant both cited ‘force majeure’ this week. Here’s what that means,-0.843,0.066,0.863,0.071
17,US STOCKS-Nasdaq rose as Tesla posted strong earnings,0.994,0.143,0.801,0.056
18,RPT-UPDATE 3-Ford to buy cheaper CATL EV batteries to catch Tesla,0.998,0.123,0.854,0.023
19,"I’m a Silicon Valley M&amp;A pro, and my advice to Elon Musk is to stop his courtroom gameplaying with Twitter",-0.34,0.046,0.883,0.071
20,Did Tesla Really 'Crush' Earnings?,-0.477,0.0,0.853,0.147
21,"US STOCKS-S&amp;P 500, Nasdaq ride higher on Tesla gains",0.97,0.124,0.804,0.072
22,Tesla’s Rally Creates $1 Billion Headache for Its Army of Shorts,-0.751,0.094,0.801,0.105
23,"Did Elon Musk's Comments Support, or Hurt, Meme Tokens Yesterday?",-0.384,0.0,0.795,0.205
24,"Dow edges higher, stocks shake off earlier weakness on better corporate earnings than feared",0.0,0.097,0.805,0.097
25,Tesla Cybertruck a 'niche' product that will not be like the Ford F-150: Analyst,0.987,0.088,0.898,0.013
26,"Ford Will Add Cheaper EV Batteries, Lock Up Supplies In Bid To Unseat Tesla",0.818,0.321,0.679,0.0
27,"Tesla ‘pricing themselves out of the sweet spot of demand,’ analyst says",-0.128,0.0,0.943,0.057
28,Stock Market Today: Dow Closes Higher on Surge in Tech,0.289,0.092,0.818,0.089
29,Tesla Gains Traction as It Drives Out of Earnings Report,0.525,0.106,0.853,0.04
30,"Analysts, Options Traders React to Tesla's Earnings Beat",-0.527,0.037,0.908,0.056
31,Bitcoin Falls 6.4% on News That Musk's Tesla Sold 75% of Its BTC Last Quarter,0.0,0.0,1.0,0.0
32,Tesla Earnings: What Happened with TSLA,-0.296,0.0,0.896,0.104
33,"Bitcoin trades below $23,000 following ECB rate hike",0.0,0.0,1.0,0.0
34,Tesla Stock: Here Are the Next Upside Targets After Earnings Beat,0.0,0.0,1.0,0.0
35,"Verizon, American Express, Twitter Earnings: 3 Things to Watch",0.974,0.111,0.851,0.039
36,Stocks Ride Tech Surge Again After Tesla's Earnings Beat,0.711,0.117,0.783,0.1
37,Why investors love GameStop’s stock split,0.557,0.141,0.859,0.0
38,Tesla Beats Earnings Estimates and Sells Bitcoin -- Is the Stock a Buy?,0.094,0.108,0.809,0.083
39,"Stocks mixed after earnings, European Central Bank rate hike",0.527,0.161,0.839,0.0
40,Ford Now Has Enough Batteries to Make a Lot More EVs—Profitably,0.218,0.135,0.767,0.098
41,"Tesla EV pricing ‘strikes a bullish tone’ for the stock, analyst says",0.557,0.18,0.82,0.0
42,"Tesla (TSLA) Earnings Beat Estimates in Q2, Revenues Up Y/Y",0.992,0.091,0.875,0.034
43,"US STOCKS-Tesla keeps Nasdaq afloat, AT&amp;T forecast weighs on S&amp;P 500",0.962,0.122,0.8,0.078
44,"Crude oil falls on demand concerns, bitcoin falls below $23,000",0.0,0.0,1.0,0.0
45,Rivian CEO eyes expansion into broader range of commercial electric vehicles,0.957,0.053,0.937,0.01
46,Dow Jones Falls As ECB Raises Rates; Tesla Surges On Strong Earnings,0.743,0.24,0.76,0.0
47,Tesla CEO Elon Musk’s net worth is down $44 billion this year,0.0,0.0,1.0,0.0
