﻿,Titles,Polarity,Positive,Neutral,Negative
0,Dow Jones Gains; Tesla Stock Up Despite Elon Musk Confession; Airbnb Zooms Past Buy Point,0.527,0.074,0.926,0.0
1,Is Tesla Bot a Catalyst for Tesla Stock?,0.128,0.117,0.773,0.11
2,Replay: EV Charging and Energy Saving – Wallbox &amp; Kensington Capital Acquisition Corp. II CEOs in Fireside Chat,0.996,0.085,0.915,0.0
3,"Elon Musk Zig-Zags: Tesla Self-Driving 'Not Great,' But Hails Next FSD Beta Software",0.0,0.0,1.0,0.0
4,Cathie Wood is Getting Rid of These 10 Stocks,0.999,0.078,0.909,0.013
5,Diamond Marketplace Debuts With An Elon Musk Signed Tesla And A Matching NFT,0.892,0.058,0.942,0.0
6,Elon Musk Is Panning Tesla Again. Why That’s No Big Deal.,0.778,0.225,0.775,0.0
7,"Crypto Stocks Rise on Bitcoin's Rally, Paypal's UK Expansion",0.997,0.113,0.865,0.022
8,"Dow Jones Rallies As Tesla Hits Buy Point; Best Buy, Palo Alto Surge On Earnings",0.637,0.149,0.851,0.0
9,Elon Musk Says Tesla’s Self-Driving Feature Is ‘Not Great.’ Why He’s Wrong.,0.778,0.225,0.775,0.0
10,"Dow Jones Futures Rally As Tesla Hits Buy Point; Best Buy, Palo Alto Surge On Earnings",0.637,0.167,0.833,0.0
11,"Battery pioneer Akira Yoshino on Tesla, Apple and the electric future",0.992,0.079,0.908,0.013
12,Billionaires Have a Lot Riding on Bitcoin's Future,0.599,0.08,0.895,0.025
13,Musk Says Tesla’s Autopilot Software Is ‘Not Great.’ Investors Don’t Care.,-0.572,0.0,0.871,0.129
14,"Move Over, Tesla: There's a New Most-Held Stock on Robinhood",0.202,0.114,0.886,0.0
15,Ford Stock Extends Gains on F-150 Lightning Production Boost Report,0.681,0.183,0.817,0.0
16,Tesla’s AI Day Made Self- Driving Technology Harder to Grasp. What Investors Need to Know.,0.778,0.225,0.775,0.0
17,"SHAREHOLDER ALERT: Pomerantz Law Firm Investigates Claims  On Behalf of Investors of Tesla, Inc. - TSLA",-0.069,0.079,0.845,0.076
