﻿,Titles,Polarity,Positive,Neutral,Negative
0,3 Stocks That Will Shape the Future of Technology,0.572,0.239,0.761,0.0
1,How Riot Blockchain Shares Fell 12.5% Last Month Despite Rising Bitcoin Prices,-0.273,0.0,0.877,0.123
2,Dow Jones Futures: Tesla Retakes Buy Point With China Sales Due; AMC Stock Surges On Earnings,0.0,0.0,1.0,0.0
3,Why Tesla (TSLA) Will Benefit From EV Executive Order,0.691,0.206,0.794,0.0
4,"Tesla Stock Reclaims Buy Point With July China Sales, Exports On Tap",0.296,0.104,0.896,0.0
5,‘The marketplace dynamics of Rodo will still allow you to find a car competitively priced’: CEO,0.0,0.0,1.0,0.0
6,Renault Teams Up With Geely in Chinese Market. That’s a Risk for Tesla.,0.0,0.0,1.0,0.0
7,Aggressive Investors Should Avoid Clean Energy Fuels Until it Hits $5,0.997,0.124,0.824,0.052
8,Volta Founder on strategies for electric vehicle charging stations,0.459,0.107,0.893,0.0
9,20 stocks for maximum growth as the world switches to clean energy,0.077,0.058,0.942,0.0
10,"Top Research Reports for Tesla, Bank of America &amp; NIKE",0.998,0.163,0.812,0.025
11,Worm Capital Remains Bullish in Tesla (TSLA) Despite Poor Q2 Performance,0.996,0.089,0.898,0.013
12,"Tesla China Rival Nio Forging Base With Earnings Due, European Expansion Underway",0.0,0.0,1.0,0.0
13,"Milton's Sell-Off: Indicted Nikola Founder Dumps 7M Shares, Transfers 600,000 Others",0.996,0.129,0.82,0.051
14,Why Tesla Stock Jumped on Monday,0.965,0.318,0.682,0.0
15,"Dow Jones Falls As Bitcoin Spikes Above $46,000; Tesla Stock Jumps On Upgrade",0.0,0.0,1.0,0.0
16,Quebec EV Company Wants to Turn Powersports Into a Quiet Ride,0.985,0.059,0.924,0.017
17,Were Hedge Funds Right About Tesla Inc. (TSLA)?,0.994,0.075,0.903,0.022
18,10 Best Lithium and Phosphate Stocks to Buy Now,1.0,0.117,0.868,0.015
19,"Dow Jones Today, Stocks Mixed As Oil Slides; Tesla Upgraded, BioNTech Rallies On Q2 Blowout",0.0,0.0,1.0,0.0
20,8 Best Stocks to Buy According to Billionaire Nicholas J. Pritzker’s Tao Capital,0.999,0.104,0.873,0.023
21,"Tesla Stock Will Have an Interesting Week. The Cybertruck May Be Delayed, and More.",0.0,0.0,1.0,0.0
22,10 Reddit’s WallStreetBets Stocks That are Tumbling,0.98,0.078,0.865,0.058
23,Were Hedge Funds Right About Apple Inc. (AAPL)?,0.998,0.108,0.872,0.021
24,Were Hedge Funds Right About Piling Into Alphabet Inc (GOOGL)?,0.997,0.084,0.904,0.012
25,"Were Hedge Funds Right About Amazon.com, Inc. (AMZN)?",0.998,0.1,0.885,0.016
26,Were Hedge Funds Right About Microsoft Corporation (MSFT)?,0.997,0.086,0.899,0.015
27,"A Tesla Bull Explains How the Stock Can Hit $1,100",0.0,0.0,1.0,0.0
28,"Dow Jones Today, Futures, Global Markets Mixed As Oil Slides; Tesla Upgraded, BioNTech Rallies On Q2 Blowout",0.0,0.0,1.0,0.0
29,Were Hedge Funds Right About Facebook Inc (FB)?,0.997,0.093,0.889,0.018
30,Exclusive: India considers sharp import tax cuts on EVs after Tesla lobbying - sources,0.989,0.088,0.867,0.045
31,"Dow Jones Futures Fall, Crude Oil Tumbles With Market Rally At Highs; Tesla Cybertruck Delayed",-0.226,0.0,0.909,0.091
32,"Tesla, Sanderson Farms Rise Premarket; Exxon Mobil Falls",-0.942,0.027,0.907,0.065
33,Tesla Stock Gains Following Wall Street Upgrade and Price Target Lift,0.34,0.094,0.906,0.0
34,Tesla Gains Premarket As Jefferies Upgrades Stock To $850,0.809,0.049,0.931,0.021
