﻿,Titles,Polarity,Positive,Neutral,Negative
0,China’s tech-stock crash is making me worried about the U.S. equity market,-0.44,0.0,0.847,0.153
1,This Type of Day Is Price of Progress in Post-Pandemic Stocks,0.994,0.111,0.841,0.047
2,Lordstown Just Raised $400 Million. Why That Isn’t Enough.,-0.077,0.082,0.824,0.094
3,Dow Jones Falls As CDC Reverses Mask Policy; Apple Earnings Due; Tesla Falls As UPS Stock Dives,0.361,0.094,0.906,0.0
4,"Tesla's record earnings: 'There's quite a bit more to come in 2022,' analyst says",0.983,0.097,0.871,0.032
5,"Why Lucid, Faraday Future, Lordstown Motors, and Other Electric-Vehicle Stocks Are Down Today",0.296,0.046,0.954,0.0
6,Could F-150 Lightning Have More Range Than Originally Shared?,0.963,0.058,0.934,0.008
7,"Tesla Still Leads Global EV Market, And It's Not Even Close",0.612,0.273,0.727,0.0
8,We will be a leader in chips again: Intel CEO,0.0,0.0,1.0,0.0
9,Why Tesla Lagged This Favorite Nasdaq Winner Tuesday,0.0,0.0,1.0,0.0
10,Tesla’s ‘noisy quarter’ gets mixed reviews from Wall Street,0.625,0.134,0.866,0.0
11,"Stock Market Today: COVID, China Rattle the Rally",0.997,0.124,0.836,0.04
12,Why Tesla Stock Fell on Tuesday,0.586,0.127,0.833,0.04
13,"Apple Earnings, Elon Musk, Market Breadth: 3 Things to Watch Into Happy Hour",0.0,0.0,1.0,0.0
14,"Tesla Falls as Chip Crisis, Battery Doubts Loom Over Profit Beat",0.986,0.084,0.869,0.047
15,Lordstown Stock Is Getting Crushed. $400 Million Isn’t Enough.,-0.077,0.082,0.824,0.094
16,What Elon Musk's Development Plans Could Mean for Texas,0.511,0.121,0.832,0.047
17,Why there's 'financial interest' for Elon Musk to stay as Tesla CEO: Analyst,0.599,0.197,0.803,0.0
18,"Dow Jones Falls, Tech Stocks Dive As Tesla Slides On Earnings; Apple Sells Off Before Earnings",0.0,0.0,1.0,0.0
19,Delayed Again: Tesla Puts Off Electric Class 8 Semi Production Until 2022,0.983,0.092,0.88,0.027
20,Stock Market Today With Jim Cramer: What's Next for Tesla?,0.811,0.161,0.765,0.075
21,"Mobius Sees Bitcoin Going Lower, Says He's 'Leery' of Tesla",0.0,0.0,1.0,0.0
22,Biggest takeaways from Tesla’s record quarter,0.34,0.099,0.901,0.0
23,"Don’t Look Now, but Tesla Is a Mature Business",0.751,0.314,0.686,0.0
24,A new Austin community will come standard with Tesla solar panels and batteries,0.026,0.015,0.985,0.0
25,Dow Jones Falls As Tesla Slides On Earnings; Apple Sells Off Before Earnings,0.0,0.0,1.0,0.0
26,"Tesla reports first $1B quarterly profit, GE, UPS earnings beat",0.836,0.195,0.755,0.049
27,"Tesla (TSLA) Blows Past Estimates, Posts Record Quarter",0.0,0.0,1.0,0.0
28,2 Top Value Stocks to Buy Right Now,0.626,0.086,0.914,0.0
29,Tesla posts record quarter — here’s why it still has more room to grow,0.382,0.088,0.912,0.0
30,"Mega-Cap Mania: Apple, Alphabet, Microsoft Earnings All Ahead After Close Today",0.998,0.11,0.832,0.058
31,Racing Towards The World's First Electric Pickup,0.973,0.068,0.903,0.029
32,ETFs to Buy on Tesla's Q2 Earnings Strength,0.999,0.134,0.834,0.032
33,4 Things Investors Should Know About Tesla's Earnings,-0.077,0.075,0.845,0.08
34,Tesla Is a Mature Business. Don’t Look Now.,0.751,0.314,0.686,0.0
35,"Tesla (TSLA) Q2 Earnings &amp; Sales Top Mark, FCF Soars 48% Y/Y",0.996,0.15,0.83,0.02
36,"Tesla Rises, GE Pops, and the Stock Market Is Down",-0.077,0.051,0.889,0.059
37,"Is GM Stock A Buy? General Motors Hits Pothole, But Ultium EV Ramp Is Close",0.186,0.076,0.924,0.0
38,Tesla Earnings Crush Expectations: 5 Must-See Takeaways,-0.422,0.0,0.938,0.063
39,Chinese Stocks Were Crushed Again. Contagion’s a Risk.,0.0,0.0,1.0,0.0
40,Tesla Gains as First $1 Billion Quarter Adds Earnings Momentum,0.989,0.085,0.87,0.045
41,"Tesla Earnings and Beyond - Watch Jim Cramer, Tesla Daily's Rob Maurer",-0.681,0.0,0.811,0.189
42,5 of the Fastest-Growing Stocks on the Planet,0.318,0.113,0.887,0.0
43,"Wall Street Opens Lower: China, Fed Meeting Prompt Caution; Dow Down 175 Pts",-0.079,0.049,0.899,0.052
44,Morning Bell With Jim Cramer - Watching Tesla and Lucid,0.0,0.0,1.0,0.0
45,Tesla (TSLA) Q2 2021 Earnings Call Transcript,0.0,0.0,1.0,0.0
46,"Chinese Crackdown, Bitcoin/Amazon, Tesla Earnings, My Big Plan for a Big Night",-0.25,0.014,0.946,0.039
47,"China Markets Panic, Tesla Beats, Coffee Soars, Apple Due - What's Moving Markets",0.013,0.061,0.874,0.065
