﻿,Titles,Polarity,Positive,Neutral,Negative
0,Elon Musk Sells Additional Tesla Stock Worth About $687 Million,0.477,0.157,0.843,0.0
1,Should Invesco S&amp;P 500 Pure Growth ETF (RPG) Be on Your Investing Radar?,0.998,0.157,0.821,0.022
2,"Dow Jones Futures: Market Rally Resilient, What To Do Now; Tesla, Nvidia, ASML, Shopify, Xpeng In Focus",0.0,0.106,0.787,0.106
3,Traders Rush to Stock-Options Bets on Tesla and Amazon,0.0,0.0,1.0,0.0
4,CEO Elon Musk Sells $5B Worth of Tesla (TSLA) Stock,0.0,0.0,1.0,0.0
5,5 Stocks Insiders Are Still Buying (Even As Others Cash Out),0.999,0.111,0.858,0.031
6,"GLOBAL MARKETS-Stocks rally, led by growth names, dollar eases",0.99,0.114,0.824,0.062
7,3 Most-Shorted Stocks Getting Hit By News,0.988,0.08,0.877,0.043
8,"Dow Jones Strengthens, Tech Stocks Lead As Rivian Holds Gains And Etsy, Seagate, SiTime Rally",0.0,0.0,1.0,0.0
9,"GLOBAL MARKETS-Stocks rally, led by growth names, dollar eases",0.992,0.12,0.82,0.06
10,Amazon Prosecuted For Delivery Van Crash,-0.691,0.071,0.852,0.077
11,Analysis-Musk's $5 billion Tesla stock haul has charity circuit buzzing,0.999,0.157,0.825,0.018
12,"US STOCKS-Wall Street advances, powered by big tech",0.991,0.108,0.857,0.035
13,UPDATE 4-Musk sells more shares in whirlwind Tesla stock ride,0.989,0.115,0.857,0.028
14,Tesla CEO Elon Musk on Rivian: Production and cashflow will be the 'real test',0.995,0.141,0.837,0.022
15,Why Tesla Stock Fell Sharply on Friday,0.718,0.113,0.887,0.0
16,Rivian is competition for Tesla's institutional investors: Hedge fund veteran,0.971,0.062,0.932,0.006
17,Tesla Wins Approval to Sell Power in Texas. It Says a Lot About the Company’s Ambitions.,0.0,0.0,1.0,0.0
18,"Rivian IPO reveals one big thing, says Luminar founder",0.977,0.099,0.886,0.015
19,"US STOCKS-Wall Street powers higher on J&amp;J, Big Tech boost",0.859,0.062,0.896,0.042
20,Rivian 'is going to be a really important stress test for the market': Strategist,0.0,0.0,1.0,0.0
21,Tesla CEO Elon Musk says production and cashflow will be the 'real test' for Rivian,0.995,0.096,0.894,0.01
22,Xpeng Stock Flashes Buy Signal As New SUV Ups Stakes For GM's China EV Push,0.0,0.0,1.0,0.0
23,"Tesla: Musk’s 10% Stake Sell Not a Concern, Says Top Analyst",0.984,0.083,0.908,0.008
24,"GLOBAL MARKETS-Stocks rise, led by growth names, dollar eases",0.97,0.11,0.822,0.068
25,Rivian Eyes Major Expansion Projects On Heels Of Monster IPO,0.0,0.0,1.0,0.0
26,"Stock Market Rally Cools On Hot Inflation; Rivian IPO Revs Higher, Elon Musk Sells Tesla Shares; GE, J&amp;J Plan Breakups: Weekly Review",0.296,0.091,0.909,0.0
27,CNH Industrial (CNHI) Up 2.7% Since Q3 Earnings &amp; Sales Beat,0.998,0.117,0.844,0.039
28,"Dow Jones Leads As J&amp;J Stock Rallies; Rivian IPO Revs Up, While Tesla Skids",0.0,0.0,1.0,0.0
29,"Tesla CEO Elon Musk sells more shares, has now liquidated more than $5 billion",0.569,0.152,0.848,0.0
30,"NIO's Q3 Loss Widens Y/Y, Revenues Witness Massive Surge",0.993,0.095,0.883,0.022
31,"US STOCKS-Wall Street rises on J&amp;J, Big Tech boost",-0.844,0.038,0.916,0.046
32,EXPLAINER-Five legal questions raised by Elon Musk's unorthodox share sales,0.963,0.082,0.864,0.054
33,Elon Musk on Rivian: The True Test of Success Is High-Volume Production,0.103,0.069,0.931,0.0
34,"Dow Jones Rallies As J&amp;J Jumps On Breakup Plans; Tesla Falls, Rivian Races Higher",0.0,0.0,1.0,0.0
35,Luminar CEO: Rivian IPO shows 'the level of disruption happening in this industry',0.459,0.091,0.909,0.0
36,Rivian Adds Stand-Alone Battery Plant to Post-IPO To-Do List,0.979,0.061,0.924,0.015
37,Tesla CEO Musk Unloads Millions More Of Tesla Stock As He Continues Sale Of 10% Stake,0.0,0.0,1.0,0.0
38,Elon Musk pocketed another nearly $690 million from selling Tesla stock,0.0,0.0,1.0,0.0
39,3 Leading Electric Vehicle Stocks to Buy in 2021 and Beyond,0.34,0.031,0.969,0.0
40,Dow Jones Futures Rise As J&amp;J Jumps On Breakup Plans; Rivian Set To Extend Rally,0.0,0.0,1.0,0.0
41,Hot Inflation Won't Deter Year-End Wall Street Rally: 3 Picks,0.998,0.138,0.822,0.039
42,3 Disruptive Stocks to Buy Before Shiba Inu,-0.542,0.0,0.8,0.2
43,Elon Musk Just Sold More Tesla Stock — in a Very Strange Way,0.477,0.194,0.806,0.0
44,"Musk Sells More Tesla Stock, Bringing Total to $5.7 Billion",0.785,0.099,0.843,0.058
45,"Dow Jones Futures Signal Market Rally On J&amp;J Split; Rivian, EV Stocks Shine",0.273,0.091,0.909,0.0
46,Elon Musk Sold More Tesla Stock. It Wasn’t Because of Taxes.,0.505,0.126,0.836,0.038
47,UPDATE 2-Tesla's Musk sells more shares worth $687 million,0.986,0.167,0.827,0.006
48,Tesla's Musk sells more shares worth $687 million,0.986,0.174,0.82,0.006
