﻿,Titles,Polarity,Positive,Neutral,Negative
0,Dow Jones Futures: Market Rally Gains Steam; 9 Stocks To Watch,0.0,0.0,1.0,0.0
1,The Switch to Coal in Europe,0.998,0.106,0.854,0.04
2,Supreme Court’s abortion ruling has a ‘huge impact on businesses': Expert,0.995,0.1,0.886,0.014
3,Volkswagen Is Coming for Tesla's Throne,-0.485,0.0,0.936,0.064
4,"Markets close week with gains, tech stocks rally to the upside",0.0,0.0,1.0,0.0
5,Why venture capital funding is dwindling in the tech sector,-0.178,0.0,0.906,0.094
6,How tech giants will help workers obtain 'critical health care' post-Roe,0.983,0.097,0.874,0.029
7,Abortion: How corporate America is responding to the Supreme Court ruling,0.0,0.0,1.0,0.0
8,Austin businesses react to Supreme Court decision to overturn Roe v. Wade,0.519,0.147,0.78,0.072
9,The 3 Cheapest Blue-Chip Stocks You Can Buy Now,0.99,0.097,0.868,0.035
10,"Musk Cites Tesla Bankruptcy Fears, Wants You to Know Something Big",0.576,0.255,0.669,0.076
11,These are the most America-made cars on the market,0.0,0.0,1.0,0.0
12,"GM Shares Have Been Hammered, Which Makes Owning a Piece of Its EV Future a Bargain",0.44,0.178,0.729,0.093
13,"See That Down the Road? It's the Big 'Green' Bubble, Ready to Pop",0.128,0.123,0.8,0.077
14,Aurora Cannabis Follows Tesla in Buzz-Killing Trend,0.511,0.053,0.93,0.017
15,Here's Why Credit Suisse Sees Tesla Triumph Amid Odds,0.969,0.14,0.789,0.072
16,"Disney, Amazon, Netflix among companies offering travel benefits to obtain abortions",0.818,0.309,0.691,0.0
17,Bay Area EV charging companies expect to benefit from $7.5B federal push,0.813,0.296,0.704,0.0
18,Elon Musk Looks to Highlight Tesla's Good News in Dark Times,0.576,0.255,0.669,0.076
19,Why Tesla Stock Bounced Back Today,-0.382,0.058,0.847,0.095
20,"S&amp;P 500 on track to snap 3-week losing streak, bitcoin price pops",0.0,0.0,1.0,0.0
21,"Dow Jones Jumps In Broad Rally; Zendesk Spikes On Buyout, China Stocks Keep Rising",-0.44,0.073,0.776,0.151
22,10 Dividend Stocks to Buy According to Kenneth Tropin’s Graham Capital Management,1.0,0.117,0.865,0.018
23,Why Tesla’s ‘robust fundamentals’ can offset a challenged quarter,0.731,0.201,0.761,0.038
24,"Market check: Stocks open higher, ARKK extends gains, Russell to rebalance indices",0.0,0.0,1.0,0.0
25,"Dow Jones Futures Signal Broad Market Rally; Zendesk Spikes, China Stocks Keep Rising",-0.44,0.071,0.784,0.145
26,"3 Stocks Cathie Wood Is Buying Now That Should Be on Your List, Too",0.875,0.232,0.71,0.058
27,7 Large-Cap Stocks to Buy After the Next Big Correction,1.0,0.136,0.839,0.025
28,Dow Jones Futures Rise After Nasdaq Leads Uneven Market Rally,0.422,0.078,0.922,0.0
29,"Down 42% From Its High, Could Tesla Stock Rebound After Its Stock Split?",0.671,0.143,0.792,0.065
30,"The Zacks Analyst Blog Highlights Tesla, Broadcom, Anthem, Oracle and Danaher",0.998,0.135,0.832,0.032
31,"Fund in Korea Cuts Its Investment in Tesla, Shifting to Chinese Rivals Instead",-0.836,0.111,0.772,0.116
32,Tesla to Double China Output,-0.318,0.0,0.946,0.054
