﻿,Titles,Polarity,Positive,Neutral,Negative
0,Cathie Wood Should Like These Energy Storage Names Even More Than Tesla,0.939,0.205,0.795,0.0
1,Tesla’s Elon Musk promises the new Roadster for 2023 because of ‘super crazy’ supply chain,-0.34,0.0,0.926,0.074
2,"UPDATE 1-Tesla's Roadster shipment to be delayed to 2023, says Musk",0.452,0.062,0.892,0.046
3,Tesla (TSLA) Moves Closer to Selling Its Cars in India,0.0,0.0,1.0,0.0
4,Why Lucid shares are tanking today,0.7,0.042,0.937,0.021
5,Tesla (TSLA) to Make Inroads Into India With Nod to 4 Vehicles,0.99,0.056,0.93,0.014
6,U.S. questions how Tesla’s Autopilot feature responds to emergency vehicles,0.052,0.106,0.795,0.098
7,Why Tesla Stock Is Trading At Multi-Month Highs,0.983,0.113,0.85,0.037
8,NIO Stock Brushes Off Weak August Deliveries. The Chip Shortage Isn’t Over Though.,-0.25,0.0,0.939,0.061
9,Why these Cathie Wood growth stocks are set up for a September surge,0.999,0.138,0.849,0.013
10,"EQUITY ALERT: Rosen Law Firm Encourages Tesla, Inc. Investors with Losses to Inquire About Class Action Investigation – TSLA",0.983,0.109,0.853,0.038
11,What You Need to Know About This Self-Driving Truck Start-up's IPO,0.893,0.17,0.83,0.0
12,10 Best Space Stocks to Buy Now,0.999,0.102,0.89,0.009
13,UPDATE 1-US identifies 12th Tesla assisted systems car crash involving emergency vehicle,-0.945,0.038,0.886,0.077
14,US identifies 12th Tesla assisted systems car crash involving emergency vehicle,-0.932,0.039,0.887,0.074
15,Nio and Xpeng Slide After Deliveries Disappoint. The Chip Shortage Strikes Again.,0.746,0.135,0.865,0.0
16,Li Auto Reports Record Deliveries as Rivals Falter. The Stock Is Up.,0.625,0.188,0.812,0.0
17,Who's Leading the 2021 J.D. Power Quality Scorecard?,0.996,0.113,0.857,0.03
18,The Chip Shortage Hit Nio and XPeng Deliveries. That’s Not Great News for Tesla.,0.746,0.135,0.865,0.0
19,Nio Stock Falls As Tesla Rival Cuts Q3 EV Delivery Forecast On Chip Woes,-0.103,0.063,0.87,0.068
20,"Are NIO, LI &amp; XPEV Worth the Wager Post Q2 Results?",0.997,0.085,0.887,0.028
21,"Dow Jones Futures Signal Modest Market Rally; CrowdStrike Leads Earnings Movers, Tesla Rivals Report Sales",0.0,0.0,1.0,0.0
22,"Nio stock drops after deliveries outlook cut, citing 'uncertainty' of chip supplies",0.052,0.071,0.873,0.056
23,"Dow Jones Futures Rise After Market Rally Pauses; Tesla, Snap In Buy Zones",0.55,0.124,0.876,0.0
24,"SHAREHOLDER ALERT: Pomerantz Law Firm Investigates Claims On Behalf of Investors of Tesla, Inc. - TSLA",-0.069,0.078,0.847,0.075
