﻿,Titles,Polarity,Positive,Neutral,Negative
0,Ford to build $11.4 billion mega campuses for electric car production,0.992,0.114,0.881,0.005
1,Ford Is Building Megacampuses to Compete With Tesla’s Gigafactories,0.273,0.08,0.92,0.0
2,Tesla Isn’t Acting Like a Growth Stock. Something Is Going On.,0.92,0.373,0.627,0.0
3,"Dow Jones Futures: Tesla, AMD Are In Buy Areas As Energy, Travel, Bank Stocks Lead Mixed Market Rally",0.44,0.187,0.813,0.0
4,Chasing Winners Pays Off as Tesla Propels Momentum ETF to Record,0.872,0.113,0.827,0.06
5,Tesla’s Stock Is Gaining Again. 3 Catalysts to Drive It Higher.,-0.649,0.0,0.901,0.099
6,"Hiring ramps up at Tesla gigafactory, though experts say it's just the beginning",0.338,0.048,0.952,0.0
7,"Change Is Coming to China. It Could Mean Trouble for Tesla, Nike, and Other S&amp;P 500 Companies.",-0.511,0.0,0.858,0.142
8,"Dow Jones Gains As Pelosi Makes Infrastructure Move;  AMD, This Energy Stock Among 4 Flashing Buy Signs; Tesla Stock Surges",0.382,0.11,0.89,0.0
9,China’s Woes Could Spell Trouble for S&amp;P 500 Companies. Here Are the Risks.,-0.511,0.0,0.864,0.136
10,Why Tesla Stock Is Hopping Today,0.612,0.068,0.932,0.0
11,Convertible Market Slows After a Brisk Start to the Year. What Comes Next.,-0.153,0.0,0.909,0.091
12,Why Nvidia Investors Are Nervous Today,0.202,0.083,0.842,0.076
13,"High-Performance EV Maker Polestar, Rival To Tesla And Lucid, Poised To Debut",0.402,0.046,0.954,0.0
14,"Tesla’s moves in China, Amazon price target cut, Polestar to go public",-0.273,0.037,0.89,0.073
15,"Dow Jones Rise, Techs Fall As Rising Treasury Yields, China Power Curbs Test Market Rally",0.296,0.099,0.901,0.0
16,"UPDATE 1-ISS urges Tesla investors not to re-elect James Murdoch, Kimbal Musk",0.34,0.051,0.912,0.037
17,"Dow Jones Rise, But Techs Tumble As Rising Treasury Yields, China Power Curbs Test Market Rally",0.296,0.099,0.901,0.0
18,Trading the Tesla Breakout: What's Next?,0.296,0.084,0.916,0.0
19,"ISS urges Tesla investors to oppose re-election of Murdoch, Kimbal Musk",0.649,0.043,0.957,0.0
20,A Shake-Up Could Be Coming to Tesla’s Board. What to Know.,0.0,0.0,1.0,0.0
21,"Dow Jones Futures Pare Gains, Techs Fall After Market Rally Revives; Tesla FSD Beta Opens",-0.422,0.0,0.891,0.109
22,Tesla to hold virtual-only shareholder meeting from Austin gigafactory,0.681,0.082,0.918,0.0
23,Tesla Begins 'Most Intense Delivery Week Ever',0.0,0.0,1.0,0.0
24,"The first electric truck hits the road, and it’s not a Ford, Tesla or Hummer",0.791,0.091,0.909,0.0
25,"Premarket Movers Monday - Carnival, Tesla, Airbnb, Pfizer",0.0,0.0,1.0,0.0
26,"UPDATE 1-Many Apple, Tesla suppliers halt production in China amid power pinch",-0.477,0.039,0.904,0.057
27,"Many Apple, Tesla suppliers halt production in China amid power pinch",-0.477,0.041,0.9,0.059
28,China’s Humbled Tech Tycoons Pledge Allegiance to Xi’s Vision,0.995,0.119,0.849,0.032
