﻿,Titles,Polarity,Positive,Neutral,Negative
0,"Nio Outperforms Big Brother Tesla, Big-Time",0.991,0.086,0.892,0.022
1,Finding the Best Semiconductor Stocks Amidst the Chip Shortage,0.999,0.127,0.832,0.041
2,"Here Come the Teens: They Can’t Vote, but They’re Old Enough to Buy Stocks.",0.637,0.085,0.915,0.0
3,"Tesla's Model S Plaid 'is a major step forward,': Oppenheimer Analyst Colin Rusch",0.0,0.0,1.0,0.0
4,"Hype or No Hype, Lucid Motors Can’t Evade These Ugly Truths",0.997,0.075,0.896,0.029
5,Why Dogecoin Is a Pyramid Scheme,0.997,0.12,0.834,0.047
6,Reddit: The Best Thing Since Sarbanes Oxley,0.999,0.127,0.842,0.031
7,7 Electric Vehicle Stocks with ‘Strong Buy’ Analyst Ratings,1.0,0.136,0.843,0.021
8,"With XPeng Delivering on Ambitious Goals, XPEV Stock Is a Buy",0.998,0.141,0.826,0.033
9,Intel Stock Opportunity Is Brewing for This Summer,0.999,0.149,0.789,0.062
10,Tesla stock holds to weekly advance after 'Plaid' Model S,0.039,0.033,0.936,0.031
11,"Dow Jones Reverses Lower As S&amp;P 500 Nears Record High; Tesla Slides; Apple, Microsoft Near New Buy Points",0.0,0.0,1.0,0.0
12,Tesla Shows Off the New Model S Plaid. It’s a Sign of What’s to Come for EVs.,0.107,0.054,0.906,0.039
13,Elon Musk and Bitcoin Remain Estranged Amid Mining Council Setback,0.813,0.063,0.898,0.039
14,"15 momentum stocks expected to show the best sales growth over the next two years, including Carvana, Tesla and Palantir",0.296,0.063,0.901,0.036
15,"Down More Than 30% Off Its Highs, Is Now the Time to Consider Tesla Stock?",0.178,0.082,0.918,0.0
16,Gravity brings Tesla yellow taxis to NYC,0.0,0.0,1.0,0.0
17,Tesla Launches Its Fastest Car Yet As High-End Rivals Grow,0.128,0.077,0.923,0.0
18,"Dow Jones Futures: Tesla Model S Plaid Deliveries Start In First Gear; S&amp;P 500 Hits High; Google, RH In Buy Zones",0.0,0.0,1.0,0.0
19,"Watch: Jim Cramer on Billionaires, Chewy, Tesla, and Meme vs. Momentum",0.0,0.0,1.0,0.0
20,Will EVs Make Ford Stock a Multibagger?,-0.259,0.036,0.896,0.068
21,"S&amp;P 500 Hits Record High; Biogen Alzheimer's Drug, Tesla, Apple, RH, GameStop In Focus: Weekly Review",0.0,0.0,1.0,0.0
22,"Elon Musk's China Nemesis Survived Once, But He Has a Fight Ahead",0.999,0.079,0.882,0.038
23,"Tesla Model S Plaid, Didi IPO, Vertex - 5 Things You Must Know Friday",0.0,0.0,1.0,0.0
24,Tesla Introduces Upgraded Model S to Jump-Start High-End Model Sales,-0.361,0.085,0.712,0.203
25,"Dow Jones Futures: Tesla Model S Plaid Event On Tap After S&amp;P 500 Hits High; Google, RH In Buy Zones As Meme Stocks Skid",-0.095,0.056,0.875,0.069
26,"Space, the financial frontier",0.807,0.103,0.897,0.0
27,Chinese bloggers claim Tesla threatened them with defamation suits,-0.893,0.06,0.781,0.159
