﻿,Titles,Polarity,Positive,Neutral,Negative
0,Tesla Stock Rose Today for an Odd Reason,-0.211,0.0,0.907,0.093
1,"Dow Jones Futures: Market Rally Mixed As Apple Hits New High, Bitcoin Dives; Tesla, Facebook, PayPal Lead Five Giants In Buy Range",0.0,0.0,1.0,0.0
2,Ford Hires Away Apple's Top Car Chief,0.25,0.057,0.943,0.0
3,"Ford’s stock jumps Tuesday after vehicle maker hires former Apple, Tesla executive",0.296,0.104,0.896,0.0
4,Dow Jones Slips As Apple Hits New High; Bitcoin Plunges Amid El Salvador Move; Tesla Surges,0.665,0.204,0.742,0.054
5,"Dow Jones Falls 175 Points, But Apple Hits All-Time High; Tesla Up, Bitcoin Tanks 9%",-0.361,0.0,0.829,0.171
6,Is Li Auto Stock A Buy? Shares Near Critical Level After August Sales Jump 248%,-0.077,0.08,0.83,0.09
7,UPDATE 1-Mobileye to launch robotaxis in Germany next year,-0.814,0.062,0.864,0.075
8,Millennials will power a bull market in stocks for decades: Ark Invest's Cathie Wood,0.987,0.091,0.902,0.007
9,Tesla Stock Is Rising for an Odd Reason,-0.211,0.0,0.907,0.093
10,Dow Jones Sells Off As Apple Hits New High; Four Top Growth Stocks To Buy And Watch,0.0,0.0,1.0,0.0
11,Why Tesla Stock Stomped on the Gas Today,0.875,0.1,0.9,0.0
12,How Tesla’s battery technology is giving it an edge over the competition,0.408,0.06,0.94,0.0
13,Mobileye to launch robotaxis in Germany next year -CEO,-0.634,0.085,0.823,0.092
14,People will go EV because they’re proving to be a better product: analyst,0.0,0.0,1.0,0.0
15,Self-Driving Cars Are Here and the Leaders May Surprise You,-0.135,0.0,0.982,0.018
16,Dow Jones Drops As Apple Hits New High; Four Top Growth Stocks To Buy And Watch,0.0,0.0,1.0,0.0
17,Electric Vehicles Space Moving With Warp Speed,0.976,0.051,0.931,0.017
18,Toyota Is Spending More on EV Batteries. Here’s How It Stacks Up.,0.202,0.073,0.927,0.0
19,Work Starts at U.K.’s Top Storage Project Using Tesla Batteries,0.94,0.114,0.862,0.025
20,"Elon Musk 'Changing The World With His Ventures,' Says Tesla Rival Volkswagen's CEO",0.984,0.091,0.877,0.032
