﻿,Titles,Polarity,Positive,Neutral,Negative
0,An Investor's Look at the Electric Vehicle Charging Industry,0.382,0.107,0.837,0.056
1,UPDATE 2-Tesla CEO Musk puts $100 mln jolt into quest for carbon removal,0.988,0.105,0.85,0.044
2,Tesla CEO Musk puts $100 million jolt into quest for carbon removal,0.988,0.107,0.848,0.045
3,Tesla CEO Musk puts $100 mln jolt into quest for carbon removal,0.983,0.104,0.853,0.043
4,Consumer Reports able to trick Tesla to drive with no one at wheel,-0.796,0.0,0.818,0.182
5,Elon Musk’s Tweet Raises More Questions About Fatal Tesla Crash and Self-Driving Cars,0.077,0.093,0.825,0.082
6,UPDATE 1-Tesla cars can drive without anyone in driver's seat - magazine,-0.905,0.075,0.83,0.095
7,Tesla cars can drive with no one in driver's seat - Consumer Reports,-0.664,0.073,0.846,0.081
8,US Indexes Regain Some Ground Wednesday,0.994,0.135,0.819,0.046
9,"Dogecoin: 'There are many that believe it has value, therefore it has value'",0.929,0.09,0.858,0.052
10,"Dow Drops, Tech Stocks Rally As Jobless Claims Fall; Tesla Slides, While Lam Back In Buy Range",-0.296,0.0,0.913,0.087
11,Was The Smart Money Right About Piling Into Tesla Inc. (TSLA)?,0.993,0.077,0.904,0.019
12,Tesla (TSLA) to Post Solid Q1 Earnings on Robust Delivery Count,0.999,0.17,0.82,0.01
13,Tesla's bad week in China was months in the making,-0.699,0.085,0.826,0.089
14,Analysis: Tesla's bad week in China was months in the making,-0.699,0.085,0.826,0.089
15,Tesla Car Will Drive With Driver's Seat Empty: Consumer Reports,0.202,0.109,0.818,0.073
16,Could Volkswagen Be a Top EV Stock?,0.0,0.0,1.0,0.0
17,Why Earnings Season Could Be Great for Tesla (TSLA)?,0.998,0.195,0.805,0.0
18,Tesla Is Not One Of Two Companies That Will Reach $2 Trillion Next,0.494,0.191,0.809,0.0
19,"Luminar Technologies Poaches Tesla, Intel Executives",0.44,0.206,0.794,0.0
20,"Facebook has ‘very, very big plans” on digital payments through its platform: Facebook VP",0.966,0.093,0.903,0.004
21,Why You Should Be Paying Attention to the Dogecoin Rally,0.908,0.16,0.811,0.029
22,Electric Vehicle Checkpoint: Top Competitors for Tesla,0.202,0.076,0.924,0.0
23,"Dow Jones Futures, Bitcoin Fall After Stock Market Rally Rebounds, Tesla, Square Find Support; Chipotle, Lam Research Top Views",0.572,0.19,0.81,0.0
24,Tesla comes under growing China pressure after customer complaint,-0.986,0.064,0.824,0.112
25,NIO: 'Tesla killer' wants better US-China cooperation,0.924,0.071,0.881,0.048
