﻿,Titles,Polarity,Positive,Neutral,Negative
0,Dow Jones Futures: How Aggressive Should You Be As Market Rally Keeps Rising?,-0.202,0.102,0.72,0.178
1,"Tesla, Wynn Fare Poorly When Dollar Rises: BofA",0.477,0.186,0.814,0.0
2,Elon Musk plans to open 24-hour Tesla restaurant in Hollywood,0.972,0.092,0.865,0.042
3,Snap earnings data ‘doesn’t do well for confidence’: Sir Martin Sorrell,0.0,0.0,1.0,0.0
4,"Twitter shareholders sue company, Elon Musk over takeover bid",0.955,0.075,0.875,0.049
5,Elon Musk Throws Dogecoin a Lifeline,0.44,0.087,0.87,0.043
6,"Stock Market Closes Sharply Higher As Key Inflation Rate Lower Than Expected; Tesla, Boeing, Apple Lead Indexes",-0.296,0.0,0.905,0.095
7,"Stocks reach session highs into the close, S&amp;P 500 snaps 7-week losing streak",0.962,0.092,0.896,0.012
8,The Funded: Twitter shareholders wanted to boot Silver Lake exec Egon Durban off its board. His fellow directors said no.,0.765,0.163,0.837,0.0
9,"Stock Market Extends Rally As Key Inflation Rate Lower Than Expected; Tesla, Boeing, Apple Lead Indexes",-0.296,0.0,0.905,0.095
10,3 of Nasdaq’s Most-Shorted Stocks to Buy Today,0.997,0.117,0.858,0.026
11,Transport Canada probing cause of Tesla fire in Vancouver,-0.813,0.047,0.86,0.093
12,Ex-SEC Lawyer Elon Musk Tried to Get Fired Heads to Robinhood,0.198,0.052,0.902,0.046
13,Dow Jones Rallies On Inflation Data; Tesla Pops As Elon Musk Issues This Warning; Apple Stock Surges,0.25,0.137,0.766,0.097
14,Another Analyst Stays Bullish on Tesla Stock. That’s Helping to Fuel a 3-Day Rally.,0.772,0.278,0.722,0.0
15,Rivian Might Be Shaking Up Management. That Isn’t Why Investors Are Excited.,0.586,0.071,0.91,0.019
16,Why Tesla Stock Jumped on Friday,0.296,0.121,0.879,0.0
17,Twitter investors sue Elon Musk for market manipulation,0.962,0.065,0.893,0.042
18,Knowing This Number Can Save Your Portfolio From Disaster,0.527,0.114,0.811,0.075
19,These 3 Unique Stocks Have Undeniable Long-Term Upside,0.875,0.182,0.818,0.0
20,Dow Jones Rallies On Inflation Data; 7 Top Stocks To Buy And Watch,0.202,0.083,0.917,0.0
21,Toyota Is Cutting Car Production Again. It’s Bad News for Inflation.,-0.273,0.0,0.948,0.052
22,Elon Musk Faces SEC Questions Regarding Twitter Stake Disclosure - Letter,0.318,0.078,0.922,0.0
23,UPDATE 1-CATL says to supply BMW with cylindrical cell from 2025,0.917,0.066,0.934,0.0
24,Roku Climbs on Upgrade Amid Streaming Wars,0.834,0.13,0.788,0.082
25,Elon Musk Explains the Benefits of Recession. Don’t Forget the Costs.,-0.747,0.07,0.75,0.18
26,Dow Jones Futures Rise On Inflation Data; 7 Top Stocks To Buy And Watch,0.202,0.083,0.917,0.0
27,SEC Scrutinizes Musk's Initial Twitter Share Purchases,0.494,0.061,0.901,0.037
28,"The Zacks Analyst Blog Highlights Tesla, Procter &amp; Gamble, Bristol-Myers Squibb, Wells Fargo and Intuit",0.997,0.127,0.823,0.05
29,"Twitter shareholders sue Musk, claim he sought to drive down stock price",-0.899,0.068,0.833,0.098
