﻿,Titles,Polarity,Positive,Neutral,Negative
0,Volkswagen Wins Surprising Trophy Against Tesla,0.0,0.0,1.0,0.0
1,Dow Jones Futures: What To Do As New Stock Market Rally Attempt Begins; Fed Meeting Next,0.0,0.0,1.0,0.0
2,A Tesla Challenger May Miss a Key Deadline - Again,-0.586,0.098,0.733,0.169
3,How Elon Musk Uses Twitter,-0.494,0.095,0.687,0.218
4,How the Biden administration is helping to boost domestic battery manufacturing,0.026,0.07,0.864,0.066
5,"Stocks reverse course into the close, real estate sector among biggest losers of the day",0.0,0.0,1.0,0.0
6,The risk of the Fed making a mistake is ‘probably the largest’ since 2018: Analyst,-0.178,0.106,0.774,0.12
7,Best Growth Stocks To Buy And Research,0.881,0.298,0.702,0.0
8,Elon Musk reportedly seeking new financing for Twitter deal,0.0,0.0,1.0,0.0
9,7 Stocks to Sell Ahead of the Fed’s Next Rate Hike,0.963,0.088,0.84,0.072
10,Will Tesla Stock Be Next to Retest This Year's Low?,0.0,0.0,1.0,0.0
11,"Tesla asks for more time to file proxy, foiling hopes of fresh look into Musk’s holdings",0.557,0.108,0.892,0.0
12,Tesla Has Some Bad News for Its Investors and Fans,0.572,0.068,0.932,0.0
13,Developer behind St. Pete Tesla project pays $13 million for site,0.477,0.038,0.962,0.0
14,UPDATE 1-U.S. to spend more than $3 bln on EV battery manufacturing -White House,0.953,0.079,0.897,0.024
15,Biden administration announces $3.1 billion for America’s battery shortage,0.997,0.1,0.88,0.02
16,"Tesla, Lilly, Microsoft Fight Sell-Off As Indexes Search For Bottom",0.0,0.0,1.0,0.0
17,Fisker Investors Should Be Glad Its CEO Left Twitter,0.989,0.09,0.891,0.019
18,GM CEO: Chip shortage expected to ‘last until 2023’,-0.25,0.0,0.938,0.063
19,Musk’s Grand Vision for Twitter Faces Reality Check in Asia,0.992,0.112,0.809,0.079
20,"Why Tesla Stock Dropped, Then Popped on Monday",0.317,0.096,0.818,0.086
21,Tesla Didn’t File Its Proxy. Investors’ Twitter Questions Are on Hold.,0.202,0.076,0.924,0.0
22,"Tesla Has Old Count of Musk’s Pledged Shares, Key to Margin Loan",0.978,0.114,0.844,0.042
23,Tesla and Musk May Have a Way Around a Big EV-Industry Problem,0.128,0.143,0.743,0.114
24,"Nio Stock, EV Rivals Rally Amid This News After China EV Sales Tumble",0.0,0.0,1.0,0.0
25,"NIO, Li Auto deliveries fall in April due to COVID-19 resurgence, but stocks swing higher",-0.25,0.123,0.753,0.123
26,China electric vehicle deliveries fall as COVID-19 lockdowns hit production,0.0,0.0,1.0,0.0
27,Tesla Delays Filing as Investors Await Word on Possible Stock Split,0.671,0.067,0.885,0.048
28,Dow Jones Rises After Stock Market Sell-Off; 10-Year Treasury Yield Nears New High,0.202,0.087,0.913,0.0
29,Dow Jones Futures Fall After Stock Market Sell-Off; 10-Year Treasury Yield Nears New High,0.202,0.096,0.904,0.0
30,"Why Facebook parent Meta, other tech giants keep eating up downtown high-rise space",0.751,0.098,0.902,0.0
31,Dow Jones Futures Rise After Stock Market Sell-Off; 10-Year Treasury Yield Nears New High,0.202,0.096,0.904,0.0
32,"Tesla stock extends selloff, after biggest monthly drop in more than 2 years",-0.691,0.026,0.892,0.082
33,"Dow Jones Futures Fade As Market Correction Intensifies; Warren Buffett, Tesla Rivals, Fed Meeting In Focus",0.0,0.0,1.0,0.0
34,"Nio, Li Auto stocks drop as COVID-19 resurgence leads to weak April delivery data",0.361,0.086,0.914,0.0
35,Warren Buffett reminds the world about 3 legendary investing tips: Morning Brief,0.999,0.108,0.843,0.049
36,"The Zacks Analyst Blog Highlights Tesla, Pool, Alcoa, Zebra Technologies and SVB Financial Group",0.999,0.133,0.837,0.031
37,The 10 bestselling EVs in 2022 so far,0.0,0.0,1.0,0.0
38,Elon Musk’s Twitter deal rewards risk-taking at Morgan Stanley,0.586,0.082,0.889,0.029
39,Musk’s Twitter deal rewards risk-taking at Morgan Stanley,0.586,0.082,0.889,0.029
40,"Zacks Investment Ideas feature highlights: Alphabet, Amazon and Tesla",1.0,0.188,0.765,0.047
41,Elon Musk Is Likely Getting a Tax Deduction From His Tesla Stock Sales,0.0,0.0,1.0,0.0
42,"Tesla Investors, Beware: April Deliveries for NIO, Li, and XPeng Hit by Covid",-0.477,0.0,0.838,0.162
43,How Elon Musk Can Save Twitter,0.612,0.172,0.828,0.0
44,Don’t Worry About Twitter’s Risk to Tesla,0.296,0.104,0.896,0.0
45,"Dow Jones Futures Rise After Market Correction Intensifies; Warren Buffett, Tesla Rivals, Fed Meeting In Focus",0.0,0.0,1.0,0.0
