﻿,Titles,Polarity,Positive,Neutral,Negative
0,"Pete Buttigieg fires back after Elon Musk blasts federal spending on EVs, saying ‘there are things that don’t happen on their own’",-0.052,0.088,0.817,0.095
1,Billionaires increased their share of global wealth more in 2020 than in any year on record,0.66,0.231,0.769,0.0
2,"Cathie Wood’s $560,000 Bitcoin call is now a 988% upside play — here's how to take advantage of the cryptocurrency's slide",0.993,0.096,0.884,0.02
3,"Dow Jones Rallies; Donald Trump SPAC Rockets; Elon Musk Lashes Out, Tesla Stock Jumps",0.0,0.0,1.0,0.0
4,Investors clearly don’t believe in Santa Claus: analyst,0.749,0.057,0.895,0.048
5,"Elon Musk talks Tesla Bot, progress on Austin-area factory, much more in WSJ interview",0.521,0.051,0.949,0.0
6,"Tesla Is the ‘Undisputed Leader’ in the EV Market, Analyst Says",-0.296,0.0,0.919,0.081
7,"Dow Jones Rallies As Apple Hits Record High; Elon Musk Lashes Out, Tesla Stock Pops; Donald Trump SPAC Surges",0.0,0.0,1.0,0.0
8,Tesla stock wards off bear market with boost from UBS,-0.382,0.0,0.923,0.077
9,Cathie Wood’s ARK Portfolio: Top 15 Losers,1.0,0.127,0.825,0.048
10,UPDATE 1-Tesla's Musk says Biden's electric vehicle bill should not pass Congress,0.959,0.094,0.869,0.037
11,Why One EV Maker's Stock Jumped 18% in November,0.0,0.0,1.0,0.0
12,Is Tesla Inc. (TSLA) A Good Stock To Buy Now?,0.999,0.123,0.865,0.013
13,Why Tesla Stock Jumped on Tuesday,0.866,0.166,0.8,0.034
14,Why Elon Musk is no longer a fan of government subsidies for electric cars,0.542,0.2,0.8,0.0
15,S&amp;P 500 Eyes Record as Tech Fuels Biggest Rally Since March,0.992,0.121,0.84,0.039
16,"Tesla Rebounds From Selloff, Leading EV Stocks Higher",0.964,0.108,0.858,0.034
17,"Stock Market, Leading Stocks Rally Broadly; Tesla Bounces As Musk Again Raises Eyebrows",0.922,0.365,0.635,0.0
18,"US STOCKS-Big Tech, chipmakers power Nasdaq as Omicron worries subside",0.99,0.096,0.88,0.024
19,What Ford's November Sales Reveal About Its Turnaround Efforts,0.852,0.146,0.821,0.033
20,"Tesla Stock Price Target Raised to $1,000 at UBS. Here Is Why.",-0.296,0.0,0.919,0.081
21,"Dow Jones Surges As Intel Jumps On Mobileye Plans; Apple, Tesla Set To Rally",0.0,0.0,1.0,0.0
22,Tesla CEO Elon Musk speaks out against Biden’s EV tax credits,0.999,0.132,0.832,0.036
23,Bargain-Hunting: 2 Stocks That Were Slammed Recently,0.0,0.173,0.705,0.122
24,Tesla’s Elon Musk Really Doesn’t Like Biden’s Spending Bill,-0.402,0.0,0.856,0.144
25,A sales surge might make this industry your best stock market play for 2022,-0.164,0.0,0.912,0.088
26,"Dow Jones Futures Surge As Intel Jumps On Mobileye Plans; Apple, Tesla Set To Rally",0.0,0.0,1.0,0.0
27,"Dow Jones Futures Rally As Intel Jumps On Mobileye Plans; Apple, Tesla Set To Rally",0.0,0.0,1.0,0.0
28,Toyota (TM) to Build 1st US Battery Plant in North Carolina,0.997,0.091,0.891,0.019
29,"EV Roundup: NSANY's $17.6B Bet, GM-POSCO Alliance &amp; More",0.996,0.078,0.912,0.01
30,"Instead of chasing momentum stocks into the graveyard, do this instead, strategist says",0.823,0.361,0.639,0.0
31,Tesla Stock: Bull vs. Bear,0.026,0.03,0.942,0.028
32,Omicron Fears Are Easing. The Santa Rally Could Be Back On.,-0.026,0.0,0.965,0.035
33,Dow Jones Futures Surge: Is Stock Market Correction Over? What To Do Now,0.727,0.283,0.64,0.077
34,Elon Musk Says Biden Should ‘Delete’ Bill That Includes EV Incentives,0.671,0.206,0.731,0.063
35,Top 5  Growth Stocks for December as Omicron Threats Ease,0.999,0.151,0.821,0.028
36,"As EV Investors Take December Break, Dips in Lucid and Nio Have Appeal",0.973,0.068,0.884,0.048
37,"How Elon Musk Sold $1B of Tesla Stock, Yet Now Owns Even More",0.0,0.0,1.0,0.0
38,Wall Street Opens Sharply Higher as Omicron Fears Recede; Dow up 400 Pts,0.95,0.075,0.883,0.042
39,"Intel, Bumble, Palantir and MongoDB Rise Premarket",0.952,0.068,0.913,0.018
40,Tesla Stock Gains After Musk Disses Biden's EV Subsidies,-0.103,0.079,0.827,0.094
41,"Intel, Samsung, Omicron, Tesla and Surging Stock Markets - 5 Things You Must Know",0.751,0.188,0.771,0.042
42,"Elon Musk says Biden’s $2 trillion, EV-friendly spending bill shouldn’t pass",0.44,0.1,0.9,0.0
43,Elon Musk Comes Out Against Federal Electric-Vehicle Spending,0.178,0.054,0.946,0.0
44,Elon Musk says federal government should ‘get rid of all subsidies’—despite Tesla receiving billions in support,0.987,0.098,0.863,0.039
45,Tesla's Musk says Biden's EV bill shouldn't pass,0.842,0.09,0.861,0.049
46,"Elon Musk Talks Brain Chips, Infrastructure Bill, Dropping Acid",0.929,0.084,0.855,0.061
47,Dow Jones Futures Rally: Is Stock Market Correction Over? What To Do Now,0.727,0.293,0.627,0.08
48,The Lithium Extraction Tech That Could Take Tesla To $2 Trillion,1.0,0.14,0.825,0.034
