﻿,Titles,Polarity,Positive,Neutral,Negative
0,"Volvo Cars to double U.S. footprint, as it aims to go all electric by 2030",0.978,0.065,0.906,0.028
1,"Auto Stock Roundup: GT Announces CTB Buyout, OSK Wins USPS Contract and More",0.995,0.106,0.863,0.031
2,"Dow Jones Futures: Is Stock Market Pullback Over? Nio Tumbles, Zoom Soars On Earnings",-0.422,0.0,0.84,0.16
3,"The Zacks Analyst Blog Highlights: Tesla, Intel, Verizon, Costco and Intuit",0.998,0.122,0.844,0.034
4,3 Ways To Play The Next Commodity Supercycle,0.998,0.129,0.815,0.055
