﻿,Titles,Polarity,Positive,Neutral,Negative
0,Why Tesla Stock Popped Again Tuesday,-0.617,0.049,0.868,0.083
1,Tesla plans to open up its charging network to other EVs later this year,0.807,0.053,0.947,0.0
2,10 Best Growth Stocks Under $10,1.0,0.186,0.79,0.024
3,Elon Musk says Tesla will open up ‘Supercharger’ stations to other EVs,0.0,0.0,1.0,0.0
4,"Intel Can Do Self-Driving Cars, Too. Don’t Write Off Mobileye.",0.0,0.0,1.0,0.0
5,10 Growth Stocks Reddit’s WallStreetBets Is Buying,1.0,0.114,0.861,0.025
6,Tesla Stock Keeps Its Cool Ahead of Upcoming Earnings,0.96,0.059,0.93,0.011
7,"FOCUS-In push to supply Tesla, Piedmont Lithium irks North Carolina neighbors",-0.3,0.045,0.909,0.045
8,"Tesla earnings preview: Semi truck, Cybertruck pickup and chip shortage in focus",-0.34,0.0,0.898,0.102
9,UPDATE 1-Consumer Reports says Tesla's 'Full Self-Driving' software lacks safeguards,0.478,0.067,0.873,0.06
10,Bitcoin Miners Embrace Nuclear Power,0.996,0.13,0.822,0.049
11,Tesla Close To Semi Production; GM Confirms 3rd Electric Truck,0.0,0.0,1.0,0.0
12,Consumer Reports says Tesla's 'Full Self-Driving' software lacks safeguards,0.478,0.068,0.871,0.062
13,"Amid Bitcoin’s crash, all of Tesla’s gains have vanished",0.963,0.109,0.828,0.064
14,"Dow Jones Surges As IBM Jumps On Earnings; Apple Stock Rallies, While Netflix Earnings On Deck",0.0,0.0,1.0,0.0
15,"Dow Jones Climbs As IBM Jumps On Earnings; Apple Stock Rallies, While Netflix Earnings On Deck",0.0,0.0,1.0,0.0
16,Bezos’ Blue Origin crew lands safely after successful first human spaceflight,0.66,0.211,0.789,0.0
17,Bezos’ space launch is about a ‘larger vision of opening the solar system’,0.649,0.202,0.798,0.0
18,Is a Beat in the Offing for Tesla (TSLA) This Earnings Season?,0.998,0.133,0.843,0.023
19,21 Best Electric Cars of 2021,1.0,0.105,0.872,0.022
20,Elon Musk would rather 'focus on building Starship' than travel into space:,-0.153,0.027,0.938,0.036
21,"For Tesla, Colonizing Carmakers Becoming a Threat",0.979,0.062,0.919,0.018
22,"In push to supply Tesla, Piedmont Lithium irks North Carolina neighbors",-0.425,0.045,0.908,0.047
23,"FOCUS-In push to supply Tesla, Piedmont Lithium irks North Carolina neighbors",-0.425,0.045,0.908,0.047
24,Dow Jones Futures Rally 200 Points As IBM Jumps On Earnings Beat; Netflix Earnings On Tap,-0.422,0.0,0.887,0.113
25,"Space race: What Jeff Bezos, Elon Musk, and Richard Branson are each trying to achieve",0.998,0.073,0.918,0.009
26,"Cramer Says Solar Shines: Tesla, First Solar and More",0.0,0.0,1.0,0.0
27,INSIGHT-Running low on battery power: Brexit Britain faces an acid test,0.995,0.077,0.906,0.017
