﻿,Titles,Polarity,Positive,Neutral,Negative
0,"Dow Jones Futures: Roku, AMD, Ford Lead 8 Stocks Near Buys In Market Rally; Tesla FSD Beta, Virgin Galactic Flight On Tap",-0.153,0.0,0.938,0.063
1,"Dogecoin May Be Risky, But It’s Not Dead",0.998,0.136,0.826,0.038
2,Dow Jones Rallies; Ford Drives Higher As Tesla Fights Back; AMC Stock Slips,-0.296,0.0,0.913,0.087
3,"Stock Market Rally Near Highs As Treasury Yields, China Stocks Dive; Amazon Runs On JEDI News, Tesla Model Y Takes New Turn",0.361,0.156,0.844,0.0
4,Nio Has an Early Mover Advantage and the Largest Market,0.985,0.105,0.831,0.064
5,"Airbnb Is Down on Its Luck, But Not Out of the Game",0.902,0.089,0.837,0.073
6,Why Is Tesla Underperforming The Market?,0.553,0.077,0.889,0.034
7,Tesla Doesn’t Have a New China Problem Because a Cheaper Model Y Is a Good Thing,-0.239,0.063,0.822,0.115
8,Dogecoin News: Elon Musk Gives DOGE Prices a Boost With ‘Merit’ Tweet,0.987,0.084,0.891,0.025
9,The 7 Best Tech Stocks to Buy in July,1.0,0.126,0.862,0.012
10,Tesla Chinese Numbers Are Tough to Figure Out. What Wall Street Is Looking for.,-0.459,0.051,0.831,0.118
11,Is GM Stock A Buy? Analyst Sees Tesla-Like Multiple For General Motors,0.0,0.0,1.0,0.0
12,Nio Throws New Challenge At Tesla As Competition Heats Up,-0.296,0.0,0.879,0.121
13,"A Tesla ‘death cross’ has appeared, for the first time in more than 2 years",-0.84,0.0,0.763,0.237
14,Tesla Berlin Gigafactory Faces Another Setback,-0.762,0.03,0.919,0.051
15,10 Best Vanguard Stocks to Buy Now,1.0,0.129,0.85,0.021
16,NIO Stock: The Announcement Giving Investors in the Chinese EV Maker Confidence Today,0.99,0.106,0.884,0.011
17,"Tesla Shares Form Death Cross, Portending Further Declines",0.916,0.111,0.85,0.038
18,"Company News for Jul 9, 2021",0.979,0.199,0.768,0.032
19,COLUMN-Old economy recharges lead market: Andy Home,-0.875,0.048,0.892,0.059
20,GM stock jumps after Wedbush analyst calls it a ‘disruptive technology play’,-0.077,0.095,0.804,0.101
21,Musk trial asks the $2 billion question: Who controls Tesla?,0.731,0.044,0.924,0.031
22,Tesla To Be Fined in Germany – Report,0.96,0.1,0.858,0.042
23,Tesla bull calls this auto giant’s $35 billion electric strategy a ‘renaissance’ and says the stock could soar,0.735,0.194,0.806,0.0
24,"Dow Jones Futures Signal Modest Market Rally; Roku, AMD, Tesla Lead 10 Bullish Reversals",0.599,0.265,0.651,0.084
25,"Levi Strauss, GM, BioNTech Rise Premarket",0.976,0.097,0.89,0.013
26,Tesla's Elon Musk Heads to Court in $2.6 Billion SolarCity Bailout Case,-0.103,0.0,0.945,0.055
27,Binance Booms as Crypto Trading Unfolds Beyond Nations’ Reach,0.865,0.082,0.847,0.071
28,"Dow Jones Futures Fall: Market Rally Closes Off Lows; Roku, AMD, Tesla Lead 10 Bullish Reversals",0.599,0.265,0.651,0.084
