﻿,Titles,Polarity,Positive,Neutral,Negative
0,Manchin says EV Tax Credit Bonus Is Gone From Spending Bill,0.985,0.115,0.838,0.047
1,Elon Musk's Teslas Dominate in This Key Category,0.178,0.088,0.87,0.042
2,"Dow Jones Futures: Market Rallies, Tesla Spikes As Fed Chief Powell Looms; 7 Stocks To Watch",0.202,0.083,0.917,0.0
3,"JetBlue ups bid for Spirit Airlines, Uber brings back carpool option, Elon Musk predicts recession",0.178,0.124,0.876,0.0
4,Netflix stock falls as the streaming company braces for another round of layoffs,0.422,0.085,0.915,0.0
5,These 3 Cryptos Are Feeling the Elon Musk Effect Today,0.511,0.053,0.947,0.0
6,"Market check: Stocks hold onto gains, Tesla stock pops, bitcoin rebounds",0.361,0.106,0.894,0.0
7,US STOCKS-Wall Street gains over 2% in broad rebound,0.983,0.089,0.878,0.034
8,Here's Why This Analyst Slashed Twitter's Price Target By 39%,0.772,0.107,0.809,0.084
9,"Market check: Stocks rally across the board, Treasuries climb",0.273,0.055,0.945,0.0
10,The 10 ‘most American-made’ cars and SUVs may surprise you,-0.296,0.0,0.913,0.087
11,"Apple union victory, Elon Musk vs. the SEC, and abortion: 3 legal stories to watch",0.994,0.111,0.862,0.027
12,Dow Jones Rallies; Tesla Stock Spikes As Elon Musk Issues This Warning; Bitcoin Bounces After Meltdown,-0.153,0.074,0.826,0.099
13,Elon Musk Keeps Teasing Republicans,0.735,0.123,0.844,0.033
14,UPDATE 1-Tesla worker rejects $15 mln payout in race bias lawsuit,-0.956,0.058,0.825,0.118
15,Tesla worker rejects $15 million payout in race bias lawsuit,-0.956,0.058,0.824,0.118
16,Tesla CEO Elon Musk Having Tough Time in Court,0.25,0.13,0.87,0.0
17,Why Tesla Stock Is Soaring Today,0.0,0.0,1.0,0.0
18,Why Dogecoin (DOGE) Is Up 12% Today,0.982,0.302,0.698,0.0
19,Top Car Stocks for Q3 2022,0.202,0.046,0.954,0.0
20,"Tesla stock has ‘gone on sale,’ according to one analyst. Here’s what investors should do",0.152,0.155,0.697,0.149
21,NIO Stock Is a Cautionary Tale for Tesla Shareholders,-0.103,0.0,0.92,0.08
22,RIVN Stock: Rivian Deal Brings Wind Power To Illinois Plant; Is Rivian Stock A Buy?,-0.402,0.074,0.736,0.19
23,"Supreme Court dismisses case against SEC’s ‘no admit, no deny’ policy backed by Musk, Cuban",0.848,0.278,0.663,0.059
24,"Stock Market Today: Dow in Strong Start to Week as Energy, Growth Rack Up Gains",0.988,0.114,0.855,0.031
25,Li Auto Stock A Buy As Hot China EV Maker Unveils L9 SUV?,0.0,0.0,1.0,0.0
26,"S&amp;P 500 in Rally Mode as Energy, Tech Shine",0.973,0.09,0.881,0.029
27,Market check: Dow adds 500+ points as stocks bounce back,0.0,0.0,1.0,0.0
28,"Stock Market Rebounds After A Week Of Losses; Tesla, Kellogg, Tech Stocks Jump",-0.402,0.0,0.856,0.144
29,Dow Jones Jumps: Tesla Soars Despite Job Cuts; Kellogg Pops On Breakup Plan,-0.296,0.0,0.891,0.109
30,"Twitter once again recommends shareholders support Musk's buyout deal, stock rises",0.542,0.08,0.92,0.0
31,"Dow Jones Jumps; Tesla Job Cuts, Kellogg Breakup In Focus",-0.296,0.0,0.901,0.099
32,U.S. Supreme Court rejects Musk-backed challenge to SEC's 'gag' rule,-0.958,0.099,0.767,0.134
33,UPDATE 1-U.S. Supreme Court rejects Musk-backed challenge to SEC's 'gag' rule,-0.958,0.098,0.771,0.132
34,"Dow Jones Rises Strongly; Tesla Job Cuts, Kellogg Breakup In Focus",-0.296,0.0,0.901,0.099
35,"Tesla to cut staff by up to 3.5%, Elon Musk says",0.993,0.083,0.866,0.051
36,UPDATE 1-Toyota joins Redwood Materials' EV battery recycling initiative,0.838,0.048,0.94,0.012
37,"Midday Movers: Kellogg, Tesla, Spirit Airlines and More",0.91,0.104,0.856,0.04
38,Tesla Stock Is Jumping. Thank Elon Musk. He Says Competition Doesn’t Matter.,0.0,0.0,1.0,0.0
39,"EV Roundup: NIO's ES7 Launch, ELMS Bankruptcy Filing &amp; More",0.995,0.088,0.882,0.03
40,"Is Trending Stock Tesla, Inc. (TSLA) a Buy Now?",0.998,0.116,0.875,0.01
41,"Dow Jones Futures Signal Market Rebound; Tesla Job Cuts, Kellogg Breakup In Focus",0.273,0.147,0.756,0.098
42,Tesla Sued For Employee Layoffs. Musk Calls Suit Trivial.,0.307,0.14,0.86,0.0
43,Elon Musk Says Twitter Deal Has ‘Unresolved’ Issues. Twitter Stock Gains Anyway.,-0.361,0.0,0.937,0.063
44,Toyota joins Redwood Materials' EV battery recycling initiative,0.838,0.05,0.937,0.013
45,Redwood Materials welcomes Toyota to its EV battery recycling initiative,0.938,0.063,0.925,0.013
46,"Elon Musk Sounds Off on Recession Risk, Twitter Deal and Trump",0.966,0.075,0.864,0.06
47,Should You Buy Tesla Now or Wait Until After the Stock Split?,0.527,0.123,0.836,0.041
48,"Got $2,000? These 4 Stocks Look Like Buys Now",-0.735,0.0,0.886,0.114
