﻿,Titles,Polarity,Positive,Neutral,Negative
0,"Dow Jones Futures: Market Rally Has Sleepy Session; Tesla Finds Support As EV Rivals Nio, Xpeng Soar",0.813,0.291,0.709,0.0
1,Dow Jones Snaps Win Streak; Tesla Stock Falls After Recall; Virgin Galactic Blasts Off As Spinoff Lags,-0.34,0.0,0.882,0.118
2,Dow Jones Reverses Late; Tesla Stock Falls After Recall; Virgin Galactic Blasts Off As Spinoff Lags,-0.34,0.0,0.882,0.118
3,"Tesla Stock Near Buy Point Amid Recall, Strong Q4 Delivery Forecasts",0.0,0.0,1.0,0.0
4,Dow Jones Gains As Nasdaq Leads; Tesla Stock Fights Back After Recall; Virgin Galactic Blasts Off,-0.572,0.0,0.793,0.207
5,Electric cars: What's next for the EV space after a blockbuster 2021,0.0,0.0,1.0,0.0
6,"Tesla Recalls Over 475,000 Electric Cars Due to Safety Concern",0.958,0.103,0.848,0.05
7,Best Stocks for 2022: Can Nvidia Stock Double in Price Again?,0.999,0.172,0.804,0.025
8,NIO Stock: 2 Things to Know as the Short-Squeeze EV Play Makes Bears Cringe Today,0.942,0.078,0.896,0.025
9,"Tesla, GM, and Ford Price Targets Raised by Citi. General Motors Is the Top Pick.",0.273,0.11,0.89,0.0
10,Tesla is recalling almost as many vehicles as it delivered last year,0.422,0.141,0.859,0.0
11,Why Tesla Stock Dropped Again Today,0.542,0.099,0.874,0.026
12,"Tesla, Lennar, MGM: 3 stocks to watch going into 2022",0.778,0.148,0.852,0.0
13,Stocks in the green as Santa Claus rally rolls on,0.382,0.098,0.902,0.0
14,"Tesla, GM and Ford Price Targets Raised by Citi. General Motors Is the Top Pick.",0.273,0.11,0.89,0.0
15,"Tesla’s Shares Fall After It Recalls Over 475,000 Cars on Technical Issues",0.569,0.065,0.887,0.049
16,"Ghislaine Maxwell found guilty, Goldman Sachs leads in M&amp;A advising, NYPD orders EV fleet",0.273,0.036,0.964,0.0
17,"Citi raises price targets for EV makers, Biogen stock falls after Samsung rebuts acquisition report",0.0,0.0,1.0,0.0
18,"Tesla, Nio, Lucid: What to Expect from EV-Makers in 2022",-0.291,0.056,0.845,0.1
19,"Tesla stock dips after 475,000 cars in U.S. are recalled",0.101,0.042,0.913,0.045
20,3 Beaten Down Mid-Cap Stocks to Buy,0.999,0.16,0.802,0.038
21,North Texas primed to corral more corporate relocations heading into 2022,0.632,0.16,0.786,0.054
22,These are the best-performing S&amp;P 500 and Nasdaq-100 stocks of 2021,0.348,0.128,0.773,0.099
23,Driven Toward Auto Stocks? Here's a Road Map of What to Watch in 2022,0.612,0.09,0.885,0.026
24,Top 4 EV Stocks to Soar in 2022 Even if Chip Crunch Lingers,0.999,0.124,0.847,0.029
25,"Tesla Recalls Over 475,000 U.S. Cars on Camera, Trunk Issues",0.945,0.097,0.839,0.063
26,"BMW (BAMXF) to Fuel EV Production Via 6,000 Fresh Positions",0.99,0.083,0.895,0.021
27,UPDATE 2-Tesla recalls nearly half a million cars over safety issues,-0.543,0.075,0.841,0.084
28,Will Elon Musk Fold Tesla Into Holding Company X? Nah.,0.0,0.0,1.0,0.0
29,Tesla recalls nearly half a million cars over safety issues,-0.543,0.076,0.837,0.086
30,"Tesla stock falls after recalling more than 350,000 Model 3 EVs to fix rearview camera issue",0.612,0.119,0.881,0.0
31,Tesla Shares Slip Premarket As It Recalls Over 475K Vehicles,-0.557,0.051,0.886,0.063
32,"Tesla Recalls Nearly 500,000 Cars Over Issues That Could Increase the Risk of a Crash",-0.459,0.0,0.833,0.167
33,I Sold My Tesla Stock for Just $12 Per Share -- Here's Why It Was One of the Best Decisions I Ever Made,0.802,0.169,0.831,0.0
34,Is Invesco S&amp;P 500 Equal Weight Consumer Discretionary ETF (RCD) a Strong ETF Right Now?,0.994,0.09,0.895,0.015
35,Elon Musk Fires Back at Space Leaders. He Says Billions of Satellites Could Orbit Earth.,-0.296,0.0,0.905,0.095
36,"The Zacks Analyst Blog Highlights: Robinhood Markets, Tesla, Apple, Microsoft and Walmart",0.999,0.146,0.83,0.024
37,"Micron, Tesla, Biogen Fall Premarket; Johnson &amp; Johnson Rises",0.832,0.086,0.861,0.052
38,"Tesla Stock Lower As NHTSA Orders Recall of 475,000 Cars Linked to Front Trunk Issues",0.422,0.094,0.906,0.0
39,Electric Vehicle Checkpoint: Tesla CEO Elon Musk Sells More Stock Before New Year,0.202,0.083,0.917,0.0
40,2021: The Year in Review,0.995,0.095,0.833,0.072
41,PRESS DIGEST- Financial Times - Dec. 30,-0.704,0.071,0.831,0.098
