﻿,Titles,Polarity,Positive,Neutral,Negative
0,"Twitter Cancels Its Company Retreat at Disneyland, Citing Costs",-0.411,0.07,0.855,0.075
1,Spotify stock pops as Wells Fargo initiates 'Show Me' upgrade,0.993,0.113,0.858,0.029
2,UPDATE 3-Tesla leads in driver-assisted technology crashes -U.S. data,-0.993,0.051,0.84,0.109
3,Is Tesla Just Another Car Company?,0.687,0.072,0.869,0.059
4,Tesla Headlines NHTSA Report on Autonomous Crashes,0.15,0.13,0.759,0.111
5,"Betting markets favor DeSantis over Trump for 2024 Republican presidential nomination, as Elon Musk voices support for Florida governor",0.0,0.0,1.0,0.0
6,"Most driver-assist crashes involved Teslas, new data show. But questions abound",0.925,0.072,0.872,0.056
7,Elon Musk's Boring Co. Is Feuding With Texas Over a Driveway,-0.966,0.053,0.874,0.073
8,Tesla's Musk says he's leaning towards DeSantis for president,0.93,0.114,0.856,0.03
9,Why Tesla Stock Jumped Today,0.9,0.129,0.827,0.043
10,Tesla Cars and Crashes. A Regulator Just Released Driver-Assistance Data.,0.55,0.191,0.752,0.057
11,Tesla’s Probably Going to Miss Earnings in Q2 — And So What if It Does?,0.969,0.09,0.85,0.06
12,Elon Musk Chooses His Candidate For The 2024 Presidential Election,0.361,0.063,0.937,0.0
13,Cryptocurrency Has Crashed: Here’s Dogecoin’s Silver Lining,0.953,0.099,0.823,0.079
14,UPDATE 1-Tesla leads automakers in self-driving vehicle crashes -U.S. regulator,-0.931,0.038,0.886,0.076
15,Can Rivian Copy Tesla's Game Plan?,0.026,0.09,0.823,0.087
16,Nio Just Revealed Its New SUV. Why the Stock Is Soaring.,0.823,0.135,0.865,0.0
17,2 Stellar Growth Stocks Professional Money Managers Were Buying in Q1,0.026,0.093,0.82,0.087
18,Elon Musk Tweets He Leans Toward Ron DeSantis for President in 2024,0.952,0.089,0.852,0.059
19,Automakers report nearly 400 crashes of automated tech vehicles,0.422,0.101,0.899,0.0
20,"Amid posts by laid off Teslans, Musk knocks rivals Lucid, Rivian",-0.293,0.0,0.914,0.086
21,Dow Jones Rallies Ahead Of Fed Rate Hike Decision As 10-Year Treasury Yield Slides,0.202,0.091,0.909,0.0
22,Tesla's Musk Sends Dire Warning to Rivals Lucid and Rivian,-0.511,0.03,0.877,0.094
23,Ford Mach-E Recall Alert: What Comes Next for F Stock?,0.894,0.075,0.872,0.054
24,UPDATE 2-Elon Musk files appeal to end SEC decree over Twitter posts,0.97,0.092,0.862,0.046
25,"Tesla, Honda among those to report advanced driving systems vehicle crashes-U.S",-0.948,0.036,0.875,0.089
26,"Tesla, Honda among those to report advanced driving systems vehicle crashes-U.S.",-0.948,0.036,0.876,0.088
27,Elon Musk appeals decision concerning SEC settlement over Twitter posts,0.823,0.102,0.898,0.0
28,Dow Jones Futures Rise Ahead Of Fed Rate Hike Decision As 10-Year Treasury Yield Slides,0.494,0.174,0.826,0.0
29,Is Now the Time to Buy Electric Vehicle Stocks?,0.637,0.16,0.802,0.038
30,Recession talk rampant among some of Wall Street's biggest names,-0.982,0.048,0.867,0.084
31,Cathie Wood: 'We are not overly concerned' about inflation and rates hammering ARK,0.941,0.096,0.836,0.068
32,Will Warren Buffett Beat Elon Musk in Developing a Novel Lithium Mining Technique?,-0.21,0.081,0.807,0.113
33,7 Companies That Should Announce Stock Splits After Amazon,1.0,0.142,0.848,0.01
34,Tesla Can Add Bitcoin to Its List of Problems,-0.318,0.0,0.867,0.133
35,7 Undervalued Stocks That the Smart Money Is Piling Into,0.999,0.099,0.878,0.023
36,The Rebound In Nio Stock Is Just Getting Started,0.996,0.115,0.865,0.021
37,7 Tempting Tech Stocks to Pull the Trigger on Now,0.999,0.112,0.865,0.023
38,Bitcoin Skeptic Bill Gates Has Harsh Words for Crypto,-0.708,0.0,0.875,0.125
39,Tesla Has a Bitcoin Problem. Investors Should Be Aware.,-0.318,0.0,0.867,0.133
40,Goldman Backs Biotech Firm in Volatile Year for China Deals,0.989,0.093,0.878,0.029
