﻿,Titles,Polarity,Positive,Neutral,Negative
0,Tesla Isn’t the Only Self-Driving Car Company. The Stocks to Buy—and Ones to Avoid.,0.637,0.206,0.794,0.0
1,"Why Moderna, Illumina, or China’s Meituan Could Be the Next Tesla",0.25,0.111,0.889,0.0
2,Is Ford Stock A Buy Now? Shares Pulling Back After EV-Fueled Surge,0.902,0.187,0.813,0.0
3,Arrival’s June 16 Rally May Not Have Been Triggered by Retail Investors,0.992,0.072,0.919,0.009
4,Self-Driving Cars Are Closer Than You Think. The Stocks to Buy—and Ones to Avoid.,0.637,0.206,0.794,0.0
5,XPeng Is Finally Justifying Its Premium Valuation,1.0,0.177,0.792,0.03
6,"Dow Jones Dives 500 Points, Tech Stocks Cut Losses; Tesla Reverses, While Adobe Jumps On Earnings",-0.625,0.0,0.854,0.146
7,Lucid’s True Potential May Fall Short of Expectations With Churchill Capital IV Stock,0.997,0.111,0.861,0.028
8,Morning Brief: The past is outperforming the future,0.727,0.169,0.798,0.033
9,Why Nikola Stock Has Nearly Doubled in Recent Weeks,0.993,0.094,0.874,0.032
10,Here's Why General Motors (GM) Could be the Best Stock to Play EV Revolution,1.0,0.16,0.832,0.008
11,"3 Stocks That Turned $5,000 Into $35,000 (or More)",0.128,0.097,0.815,0.088
12,3 Electric Vehicle Stocks Poised to Gain Over the Long Term,0.998,0.117,0.879,0.004
13,Old car makers are the hot new trade: Morning Brief,0.992,0.094,0.871,0.035
14,Tesla Is Said to Be Subject of 30 Regulatory Inquiries Regarding Crashes,0.25,0.087,0.913,0.0
15,Danske Bank maintains cautious position on Bitcoin and other cryptos,0.508,0.054,0.887,0.059
16,VW takes leaf out of Musk’s Twitter playbook,-0.477,0.046,0.88,0.074
