﻿,Titles,Polarity,Positive,Neutral,Negative
0,"How Did They Do? Option Trades On Tesla Stock, Roku And QQQ",0.44,0.116,0.884,0.0
1,Bitcoin Is Moving More Mainstream. PayPal Users Will Be Able to Use Cryptocurrencies for Purchases.,-0.103,0.0,0.949,0.051
2,Tesla’s first-quarter sales likely hampered by chip and parts shortages,-0.477,0.0,0.907,0.093
3,11 Most Valuable Car Companies in the World,0.999,0.118,0.867,0.015
4,Canoo Stock Dives As Automaker Partner May Be Kicked To The Curb,-0.402,0.0,0.863,0.137
5,Tesla Looking to Make 5 Semi Trucks Per Week in Nevada,0.026,0.02,0.98,0.0
6,Stock Market Today With Jim Cramer: Don't Try to Trade Apple,0.71,0.141,0.82,0.038
7,Tesla's Semi Truck Faces New Delay While Small SUV May Be In The Works,0.0,0.0,1.0,0.0
8,Canoo Stock Dives While Operating Losses May Narrow In Q1,-0.402,0.0,0.917,0.083
9,"Dow, Tech Stocks Sell Off As Treasury Yields Hit New Highs; Apple, Tesla Slide",0.202,0.07,0.93,0.0
10,"Chipotle to Give Away $200,000 in Burritos and Bitcoin",0.34,0.124,0.876,0.0
11,"Tesla customers in distress, VW leaks rebranded name in U.S.",0.0,0.0,1.0,0.0
12,"Dow Futures, Tech Futures Fall As Treasury Yields Hit New Highs; Apple, Tesla Set To Slide",0.202,0.067,0.933,0.0
13,Why Do Baby Boomers Hate Square?,0.71,0.086,0.914,0.0
14,Tesla (TSLA) Clinches New Contract for Electric Semi-Truck,0.996,0.111,0.883,0.006
15,"Dow Futures Fall, Tech Futures Slide As Treasury Yields Rise; DraftKings, Tesla, Zoom Slide",0.202,0.073,0.927,0.0
16,Tesla Ramps Up Hiring at New Texas Factory,-0.159,0.046,0.899,0.055
17,Musk says battery cell constraints impact production of Tesla Semi,-0.7,0.021,0.916,0.063
18,UPDATE 3-Musk says battery cell constraints impact production of Tesla Semi,-0.7,0.02,0.918,0.061
19,"Dow Futures Rise, Tech Futures Fall As Treasury Yields Rise; DraftKings, Tesla, Zoom Slide",0.202,0.073,0.927,0.0
20,"LIVE: Jim Cramer on Archegos, Apple, Tesla, McCormick, Stocks Today",0.0,0.0,1.0,0.0
21,"Jim Cramer on Archegos, Apple, Tesla, McCormick, Stocks Today",0.867,0.164,0.821,0.015
22,UPDATE 1-BMW has got its timing right for beefing up electric cars - CEO,0.976,0.086,0.88,0.034
23,"Premarket Movers Tuesday - GameStop, Tesla, PayPal",0.0,0.0,1.0,0.0
24,"Lucid, Rivian Sued In Illinois Over Direct Sales Model",-0.926,0.032,0.909,0.059
25,Xiaomi Plans $15 Billion Foray into Electric Cars,0.905,0.055,0.921,0.024
26,Elon Musk Cautions Battery Cell Shortage May Hit Tesla Semi Production,-0.25,0.0,0.909,0.091
27,BMW has got its timing right for beefing up electric cars - CEO,0.989,0.118,0.853,0.029
28,U.S. safety agency says it will gather information on Tesla-truck crash in New Jersey,-0.013,0.043,0.903,0.053
29,"Volkswagen Is Really Serious About EV Foray. To Make That Clear, It's Renaming US Entity To...Voltswagen",0.929,0.064,0.914,0.022
30,UPDATE 1-U.S. safety agency says it will gather information on Tesla-truck crash in New Jersey,-0.226,0.042,0.898,0.06
