﻿,Titles,Polarity,Positive,Neutral,Negative
0,Tesla (TSLA) Stock Sinks As Market Gains: What You Should Know,0.99,0.097,0.884,0.018
1,"Dow Jones Futures: Fed Minutes Lift Market Rally, Microsoft Makes Key Move; Tesla Rivals Are In Buy Zones",0.226,0.076,0.924,0.0
2,Some Americans are spending more on car payments than rent,0.572,0.153,0.847,0.0
3,Kanye car coming? ‘Donda Foam Vehicle’ shown in release,0.963,0.074,0.909,0.017
4,GameStop Announces Four-For-One Stock Split; Shares Rise,0.169,0.079,0.844,0.077
5,"Stocks and U.S. dollar accelerate gains into the close, energy stocks slump",0.226,0.164,0.744,0.092
6,These 10 Dividend Aristocrat stocks have made investors a lot of money — which might soar from here?,0.671,0.234,0.766,0.0
7,"Inspira stock soars, Peloton offers workers cash bonuses, Rivian deliveries more than triple in Q2",0.402,0.094,0.906,0.0
8,Dow Jones Rallies As Fed Minutes Reveal This; EV Stock Explodes On Guidance; Apple Stock Pops,0.34,0.098,0.902,0.0
9,Why the Priciest Stocks Are Now Worth Another Look,0.169,0.151,0.72,0.129
10,Tesla and Ford Surprise on Sales; What to Expect Next,0.98,0.089,0.885,0.025
11,Charging Up Europe: Join CEO of Allego in Fireside Tuesday at 11 ET,0.992,0.123,0.877,0.0
12,Why Tesla and Nikola Dropped While Lucid Stock Jumped Today,0.668,0.089,0.891,0.02
13,"Tesla halts production in Berlin, Shanghai factories",0.0,0.0,1.0,0.0
14,"Bear market has ‘longer to go’ amid inflation, strategist says",0.998,0.12,0.837,0.043
15,7 Best Fintech Stocks to Buy in July,0.996,0.132,0.759,0.109
16,This Is My Favorite EV Stock Right Now,0.202,0.06,0.896,0.044
17,"Rivian: Q2 output jumps, on track to build 25,000 EVs this year",0.827,0.047,0.939,0.014
18,Rivian Stock Rallies As Q2 Production Ramps Up; Is RIVN Stock A Buy?,-0.402,0.074,0.736,0.19
19,Analysts are Bearish on These 10 Consumer Stocks as Recession Begins,0.994,0.08,0.866,0.053
20,Implied Volatility Surging for Tesla (TSLA) Stock Options,0.984,0.099,0.876,0.026
21,"Market check: Stocks open mixed, bond yields fall, Tesla stock dips",0.0,0.0,1.0,0.0
22,Dow Jones Turns Lower Ahead Of Fed Minutes,0.0,0.0,1.0,0.0
23,Dow Jones Climbs Ahead Of Fed Minutes,0.0,0.0,1.0,0.0
24,"Rivian stock rallies after reporting 'in line' delivery, production data",0.318,0.042,0.958,0.0
25,"EV Roundup: TSLA's Q2 Deliveries, VWAGY's ID. Aero Concept &amp; More",0.997,0.094,0.897,0.009
26,China’s Auto Sales Are Booming. Can the Rebound Last?,0.273,0.072,0.928,0.0
27,Dow Jones Futures Fall Ahead Fed Minutes,-0.296,0.0,0.896,0.104
28,Can Renewable Energy Save Bitcoin's Reputation?,-0.848,0.025,0.839,0.135
29,"Stock Market Today - 7/6: Stocks Slip Lower Ahead of Fed Minutes, Yield Curve Inversion Flash Recession Warning",-0.494,0.053,0.799,0.148
30,"Recession could be 'less shallow' in these 3 major economies, Goldman Sachs says",-0.946,0.049,0.858,0.092
31,Here’s the best way to play the S&amp;P Dividend Aristocrat stocks,0.572,0.156,0.844,0.0
32,"Tesla Sells Record 78,000 China-Made Cars In June Amid Production Rebound",-0.25,0.04,0.909,0.051
33,"UPDATE 1-Tesla sold 78,000 China-made vehicles in June, up 142% vs May -CPCA estimates",-0.743,0.028,0.917,0.055
34,5 lessons from the bear market,-0.599,0.127,0.7,0.173
35,"Texas’s Business Allure Defies Abortion Politics, for Now",-0.944,0.084,0.817,0.098
36,‘I certainly think a recession is inevitable at this point': Andrew Yang,0.599,0.205,0.795,0.0
37,"Tesla sold 78,000 China-made vehicles in June, up 142% vs May -CPCA estimates",-0.743,0.029,0.914,0.057
38,Warren Buffett-backed BYD surpasses Tesla in global EV sales a decade after Elon Musk doubted the Chinese company’s technology,0.859,0.044,0.928,0.028
39,"Laid-off Tesla workers file emergency plea, allege small severance pay",-0.16,0.08,0.837,0.084
