﻿,Titles,Polarity,Positive,Neutral,Negative
0,Dow Jones Futures: Treasury Yields Jump; 7 Top Stocks To Buy And Watch Now,0.202,0.091,0.909,0.0
1,Tesla Has a Rival for Disrupting Las Vegas Strip Travel,0.625,0.231,0.769,0.0
2,"Tesla: Musk’s Economy Warning Demands Attention, Says Morgan Stanley",-0.969,0.044,0.872,0.085
3,8 Cheap Stocks That You Can’t Ignore,1.0,0.113,0.864,0.023
4,Tesla (TSLA) Outpaces Stock Market Gains: What You Should Know,0.994,0.107,0.881,0.012
5,"NIO Stock Is Jumping as Chinese EV Demand Returns. It’s Good News for Tesla, Too.",-0.128,0.0,0.951,0.049
6,Dow Jones Futures: Stock Market Rises As Treasury Yields Jump; 7 Top Stocks To Buy And Watch Now,0.202,0.091,0.909,0.0
7,"Musk, Aniston Pick Sides in LA Mayor Race Likely to Get Rerun",0.993,0.103,0.87,0.027
8,Tech layoffs have surged over the last month,0.0,0.0,1.0,0.0
9,Recession fears ‘are way overblown’: Market strategist,0.34,0.118,0.818,0.064
10,Auto analyst: ‘We just can’t seem to get the production going’ on cars,-0.128,0.0,0.964,0.036
11,Elon Musk should ‘make Twitter a streaming service alternative’: Gary Vaynerchuk,0.993,0.084,0.893,0.023
12,"Top Millennial, Gen Z Stocks Shift To Energy Plays; Popular Pick Apple Stock Gains With Buy Now, Pay Later Launch",0.287,0.097,0.903,0.0
13,TBJ Plus: Durham women earn major dollars; Triangle Restaurant Week begins; Musk threatens Twitter deal,0.846,0.13,0.842,0.028
14,UPDATE 5-Musk threatens to drop Twitter deal if fake-account data not provided,-0.945,0.028,0.912,0.06
15,"Elon Musk Threatens To Walk From $44 Billion Twitter Deal, Wants Proof on Fake Account Data; Stock Tumbles",0.128,0.097,0.821,0.082
16,Why Twitter Stock Is Falling Today,0.09,0.102,0.8,0.098
17,"Consumer Credit, Smucker Earnings, Yellen Speaks: 3 Things to Watch",0.991,0.1,0.892,0.008
18,Elon Musk Says Twitter’s Lack of Info on Bots Breaches Merger Deal,0.996,0.104,0.846,0.05
19,Twitter Stock: The 1 Huge Challenge Elon Musk Faces,0.323,0.139,0.754,0.107
20,Stocks Fade From Early Gains; JetBlue Ups Buyout Offer For Spirit; Treasury Yields Rise,0.511,0.212,0.788,0.0
21,"Why Tesla, Nio, and Li Auto Stocks All Just Popped",0.45,0.11,0.802,0.088
22,Elon Musk Says Twitter’s Lack of Info on Bots Breaches Merger Deal,0.994,0.097,0.848,0.054
23,Amazon stock pops first day of trading on 20-for-1 split basis,0.947,0.096,0.888,0.016
24,6 Consumer Brands that Make Good Buy and Hold Stocks Through a Recession,0.992,0.077,0.887,0.035
25,Stocks Gain As Investors Anticipate Lower Inflation; Apple Takes Stage; JetBlue Ups Buyout Offer For Spirit,0.511,0.212,0.788,0.0
26,"That Was Then, This Is Now: How to Trade Tesla",0.785,0.136,0.825,0.039
27,Amazon's Big Split,0.0,0.0,1.0,0.0
28,"Google, Tesla, Amazon lead early market rally",-0.226,0.0,0.936,0.064
29,Why the Electric Vehicle Revolution Is Still Alive and Well,0.996,0.088,0.868,0.043
30,"Musk, clarifying job cut memo, says overall Tesla headcount will grow",-0.052,0.138,0.718,0.144
31,Elon Musk alleges Twitter is breaching merger pact by not disclosing spam info,-0.202,0.054,0.872,0.074
32,Dow Jones Rallies As Apple Jumps Ahead Of WWDC 2022; Twitter Dives On Elon Musk Filing,0.0,0.0,1.0,0.0
33,"Company News for June 6, 2022",0.981,0.203,0.741,0.056
34,Amazon’s Stock Split Delivers More Than Bargained For,0.995,0.113,0.839,0.048
35,Elon Musk says Twitter is in 'material breach' of merger agreement,0.882,0.068,0.885,0.047
36,10 Best ETFs to Invest In For Long Term,1.0,0.168,0.807,0.025
37,Elon Musk Wants More Data on Fake Accounts to Close Twitter Deal; Stock Tumbles,0.128,0.097,0.821,0.082
38,Is Now the Time to Buy These 3 Top EV Stocks?,0.572,0.085,0.915,0.0
39,"US STOCKS-Wall Street set to rebound as China ADRs, growth stocks rally",0.982,0.105,0.847,0.048
40,"Midday Movers: DiDi Global, Twitter, Spirit and More",0.778,0.109,0.811,0.08
41,Dow Jones Futures Rally As Apple Stock Jumps Ahead Of WWDC 2022 Event,0.0,0.0,1.0,0.0
42,Elon Musk's 'super bad feeling' about the economy doesn't mean mass layoffs are ahead,0.943,0.069,0.88,0.052
43,US STOCKS-Futures rebound as China ADRs rally; growth stocks rise,0.987,0.109,0.852,0.039
44,Better Buy Now: Rivian vs. Ford,0.318,0.119,0.881,0.0
45,Dow Jones Futures Signal Solid Market Rebound; Apple WWDC Kicking Off,-0.128,0.096,0.748,0.156
46,Musk’s Mixed Tesla Jobs Messages Send Everyone on Wild Ride,-0.116,0.051,0.897,0.052
47,Amazon’s Stock Split Delivers More Than Bargained For,0.992,0.108,0.84,0.051
48,"Stocks Move Higher, Inflation In Focus, Tesla, Apple And Boris Johnson - Five Things You Must Know",0.494,0.202,0.636,0.162
