﻿,Titles,Polarity,Positive,Neutral,Negative
0,Tesla Abandons a Golden Opportunity,-0.477,0.096,0.683,0.221
1,The Market Is Losing Confidence Elon Musk Will Buy Twitter at $54.20,0.0,0.0,1.0,0.0
2,Rivian Sues Supplier As Ford Unloads Another 7 Million RIVN Shares; Is RIVN Stock A Buy Or Sell?,-0.402,0.074,0.736,0.19
3,Musk Sees US as ‘Probably’ in Recession Lasting Up to 18 Months,0.943,0.066,0.88,0.055
4,BlackRock’s Latest Report on China and 10 Stocks to Watch,0.999,0.105,0.855,0.04
5,Dow Jones Futures: Stock Market Rally Attempt Continues; Musk-Twitter Deal Still Happening?,-0.296,0.0,0.905,0.095
6,Musk Says Twitter Deal at Lower Price Is ‘Not Out of the Question’,0.82,0.062,0.878,0.06
7,Tesla Is King of EVs. Here Are the Top 10 Contenders for the Crown.,0.077,0.061,0.939,0.0
8,Dow Jones Rises; Donald Trump SPAC Surges; Twitter Sees Elon Musk Gains Vanish Amid This,-0.422,0.0,0.891,0.109
9,Dow Jones Rises; Twitter Stock Sees Elon Musk Gains Vanish Amid This; Donald Trump SPAC Surges,-0.422,0.0,0.887,0.113
10,3 Top S&amp;P 500 Gainers Today: Warren Buffett Stock Jumps; Elon Musk Comments Slam Twitter,0.226,0.114,0.806,0.081
11,Twitter CEO fires back at Elon Musk,-0.361,0.0,0.946,0.054
12,"US STOCKS-S&amp;P 500 ends lower as Tesla falls, while energy rallies",0.952,0.099,0.827,0.074
13,Elon Musk and Jack Dorsey's Mutual Admiration Hits a Bump in the Road,0.906,0.162,0.822,0.016
14,Why These 10 Stocks Are in the Spotlight on Monday,0.997,0.107,0.868,0.025
15,"Nasdaq dips more than 1% into the close, Tesla drives down consumer discretionary stocks",0.273,0.1,0.9,0.0
16,"US STOCKS-Wall Street ends lower as Tesla falls, while energy rallies",0.889,0.105,0.806,0.088
17,Market check: Stocks mixed after China economic data disappoints,0.34,0.082,0.918,0.0
18,Dow Futures Little Changed After Mixed Session,0.116,0.057,0.884,0.059
19,US STOCKS-Wall Street mixed as energy rallies and Tesla tumbles,0.977,0.115,0.813,0.072
20,Elon Musk and Tesla Clamp the Brakes on a Golden Opportunity,-0.477,0.096,0.683,0.221
21,Tesla May Have The Location of Its Next Factory,0.361,0.122,0.878,0.0
22,"Stock Market Today: Dow Ekes Out Gain as Energy Shines, but Tech Stutters",-0.672,0.064,0.86,0.076
23,Best Automotive Stocks To Buy In May,0.362,0.105,0.795,0.1
24,Electric vehicles: Why one charging company is focusing on auto dealerships first,0.382,0.102,0.898,0.0
25,"Working at Twitter right now is 'like living in a washing machine,' analyst says",0.661,0.054,0.906,0.039
26,Why Tesla Stock Got Dented Today,0.226,0.072,0.883,0.045
27,Elon Musk will be sued ‘left and right’ if he walks away from Twitter deal: Former SEC chair,0.077,0.037,0.963,0.0
28,HOG vs. TSLA: Which Stock Is the Better Value Option?,0.998,0.218,0.778,0.004
29,A smart way to play Tesla’s big stock-market swings using options,0.62,0.115,0.885,0.0
30,"Market check: Travel stocks mixed, Netflix stock rebounds, startup stocks struggle",0.0,0.0,1.0,0.0
31,Now Is a Pretty Good Time to Buy Tesla Stock,0.776,0.27,0.73,0.0
32,Elon Musk ‘trying to renegotiate a lower price’ for Twitter: Analyst,0.988,0.075,0.869,0.056
33,"Tech stocks lead Nasdaq lower, JPMorgan upgrades some China stocks",0.0,0.0,1.0,0.0
34,Cathie Wood’s 2022 Portfolio: 10 Small-Cap Stock Picks,0.999,0.102,0.88,0.018
35,Twitter's stock falls toward a 7th-straight loss,-0.832,0.025,0.841,0.135
36,Tesla’s Shanghai Plant Isn’t at Full Production. Here’s When Things Get Back to Normal.,0.0,0.0,1.0,0.0
37,5 Cathie Wood Stocks to Buy Now,0.999,0.118,0.844,0.037
38,The Nasdaq Is Down More Than 25% This Year. Time to Buy These 5 Top Stocks,0.706,0.162,0.795,0.043
39,"Twitter Stock Extends Slide As Elon Musk Reveals Spat With Legal Team, Adding to Takeover Doubts",-0.66,0.082,0.598,0.321
40,There’s No Greater Divide Than the Tesla Stock Gap,0.994,0.099,0.861,0.039
41,"Zacks Investment Ideas feature highlights: Tesla, Twitter, Meta Platforms, Snapchat, and PayPal",0.999,0.155,0.799,0.046
42,"Stocks Edge Lower, Week Ahead, Tesla, Twitter, Spirit &amp; JetBlue In Focus - Five Things You Must Know",0.477,0.186,0.703,0.111
43,When your neighbor asks: 'Has the stock market bottomed yet?',0.997,0.09,0.876,0.034
44,Tesla loses some footing among luxury car shoppers,0.0,0.0,1.0,0.0
45,Lithium Sector Needs $42 Billion as Pivot From China Adds Costs,0.673,0.057,0.897,0.047
46,"Switzerland’s Central Bank Scooped Up Apple, AMC, Tesla, and Rivian Stock",0.0,0.0,1.0,0.0
47,UPDATE 2-Tesla delays plan to restore Shanghai output to pre-lockdown levels -memo,0.572,0.052,0.922,0.027
