﻿,Titles,Polarity,Positive,Neutral,Negative
0,Will CARZ ETF Gain Despite Mixed Auto Earnings?,0.996,0.112,0.84,0.047
1,Tesla (TSLA) Up 9.9% Since Last Earnings Report: Can It Continue?,0.997,0.132,0.847,0.021
2,Waymo Expands Self-Driving Operations. What It Means for Tesla.,0.44,0.153,0.847,0.0
3,Is Li Auto Stock A Buy Before Earnings? Shares Near Critical Level,-0.077,0.08,0.83,0.09
4,Tesla Keeps on Growing as the Model Y Hits Europe Earlier Than Expected,0.25,0.099,0.84,0.061
5,XPeng (XPEV) Intensifies Competition on Export of P7 Sedan to Norway,0.996,0.102,0.891,0.007
6,"Auto Stock Roundup: TSLA's AI Day, GPI &amp; WGO's Payout Hike &amp; More",0.999,0.128,0.864,0.009
7,"If You Invested $1000 in Tesla a Decade Ago, This is How Much It'd Be Worth Now",0.999,0.17,0.808,0.022
8,Electric Vehicle Checkpoint: Cramer Calls Tesla Cybertruck an 'Eyesore',0.202,0.076,0.924,0.0
