﻿,Titles,Polarity,Positive,Neutral,Negative
0,7 Safe Stocks to Buy and Hold Onto Forever,0.999,0.134,0.8,0.065
1,Dow Jones Futures: Snap Crash Highlights Big Market Fear; Northrop Goes On Offense,0.0,0.0,1.0,0.0
2,"Climate change: Ukraine shouldn’t ‘become an excuse’ to pollute, John Kerry says",0.557,0.164,0.782,0.055
3,Stocks: Dow turns positive as Nasdaq remains under pressure,0.361,0.091,0.909,0.0
4,"Twitter’s stock falls below where Elon Musk bought it, turning a $1.1 billion profit into a $40 million loss",0.856,0.311,0.689,0.0
5,"Tesla, Facebook among mega-cap stocks leading Nasdaq lower",0.0,0.0,1.0,0.0
6,Is Tesla Stock a Buy Amid Second Analyst Price Target Cut?,0.991,0.1,0.834,0.066
7,"Tech stock sell-off ‘feels different’ than dot-com bubble, strategist says",0.99,0.071,0.878,0.05
8,Mobile EV charging can eliminate 'charging deserts': SparkCharge CEO,0.9,0.032,0.965,0.003
9,Tesla Resumes Plunge as Fears of Slow Production Weigh on Stock,-0.557,0.079,0.836,0.084
10,Why Tesla Stock Turned South Today,0.66,0.069,0.931,0.0
11,"Mobile EV charging can eliminate 'charging deserts,' SparkCharge CEO says",0.999,0.101,0.888,0.011
12,Tesla Stock Falls to an 11-Month Low. Why a Second-Tier Social Media Company Is to Blame.,0.612,0.25,0.75,0.0
13,UPDATE 2-Tesla loses bid to move sexual harassment lawsuit to arbitration,-0.961,0.058,0.821,0.12
14,"UPDATE 1-INSIGHT-In a faceoff with Elon Musk, the SEC blinked",-0.971,0.063,0.867,0.07
15,Elon Musk Says ESG Is a ‘Scam.’ Why He May Have a Point.,-0.273,0.0,0.916,0.084
16,Tesla stock falls from top spot in Cathie Wood’s flagship ARK ETF,0.982,0.108,0.855,0.037
17,Tesla Stock Split: Why It Matters,0.926,0.248,0.752,0.0
18,Tesla loses bid to move sexual harassment lawsuit to arbitration,-0.961,0.059,0.818,0.123
19,Elon Musk Lawyers Up With Tesla Autopilot Among Washington’s Targets,0.927,0.077,0.855,0.067
20,Dow Jones Falls As Snap Plunges 36% On Profit Warning,0.128,0.115,0.791,0.095
21,Elon Musk Promises a Big Surprise for the Midterm Elections,-0.296,0.0,0.967,0.033
22,Lithium Miner Albemarle Boosts Guidance for Second Time in 20 Days,0.422,0.104,0.896,0.0
23,Tesla Stock Falls Again. It Isn’t Shanghai or Wall Street. It’s Snap.,0.171,0.132,0.777,0.091
24,"Tesla stock falls after Daiwa Capital cuts price target and EPS, delivery estimates",-0.392,0.052,0.864,0.083
25,Dow Jones Futures Fall As Snap Plunges 30% On Profit Warning,0.128,0.13,0.762,0.108
26,1 Green Growth Stock to Buy After Tesla's ESG-Index Exile,-0.103,0.022,0.95,0.028
27,2 Stock Split Growth Stocks to Buy Now,-0.077,0.049,0.897,0.054
28,Missed Out on Tesla? Cathie Wood Has a New Top Growth Stock,0.925,0.203,0.781,0.017
29,Who Can Beat Tesla On EV Sales? This Company CEO Believes So,0.974,0.138,0.836,0.027
30,"In a faceoff with Elon Musk, the SEC blinked",-0.971,0.063,0.866,0.071
31,"INSIGHT-In a faceoff with Elon Musk, the SEC blinked",-0.973,0.063,0.867,0.071
32,"Snap, Abercrombie &amp; Fitch Plunge in Premarket; Zoom Rises",0.803,0.08,0.851,0.068
33,Elon Musk Has a Point About ESG,-0.273,0.0,0.916,0.084
34,"Dow Jones Futures Fall, Tech Futures Sell Off As Snap Crashes 30% On Q2 Warning",-0.296,0.0,0.901,0.099
