﻿,Titles,Polarity,Positive,Neutral,Negative
0,Tesla Strikes Deal With Top Miner BHP Over Nickel Supplies,0.863,0.069,0.894,0.037
1,"Asian Stocks Up, Regain Momentum Thanks to Positive U.S. Company Earnings",0.99,0.108,0.878,0.014
2,Tesla (TSLA) Stock Sinks As Market Gains: What You Should Know,0.993,0.105,0.879,0.016
3,"Dow Jones Futures: Stock Market Rally Still Lacks This; Bitcoin Rebounds, Square, Tesla-Rival Li Auto Flash Buy Signs",0.0,0.0,1.0,0.0
4,Elon Musk Reveals Which Cryptocurrencies He And His Companies Own,0.0,0.0,1.0,0.0
5,Why Cryptocurrencies Are Rocketing Higher Today,0.361,0.074,0.926,0.0
6,"Elon Musk on Bitcoin, Dogecoin at the ’The B Word’ conference",0.0,0.0,1.0,0.0
7,"‘I Might Pump, But I Don’t Dump,’ Tesla’s Musk Says. Why He Still Loves Bitcoin.",0.402,0.137,0.863,0.0
8,"Bitcoin rises as Elon Musk says, ‘I might pump, but I don’t dump’",0.0,0.0,1.0,0.0
9,"UPDATE 2-Tesla will 'most likely' restart accepting bitcoin as payments, says Musk",0.961,0.088,0.903,0.009
10,"Dogecoin, SpaceX, Death of FAANG? 3 Things to Watch Into Happy Hour",0.0,0.0,1.0,0.0
11,"Bitcoin Price Falls Below $30k, Then Rises",0.077,0.076,0.861,0.064
12,"When self-driving cars are coming, for real",0.984,0.075,0.885,0.04
13,"Tesla Says It'll Open Superchargers To Other EVs, While Li Auto, Nio, Xpeng Charge Ahead",0.0,0.0,1.0,0.0
14,SEC’s Gensler Issues Warning as Fake Stocks Bloom on Blockchains,0.966,0.112,0.862,0.026
15,Dow Jones Rallies As Netflix Slides On Earnings; Chipotle Surges On Earnings Beat,-0.44,0.0,0.868,0.132
16,"Sunnova, Sunrun Chosen as Top Picks at J.P. Morgan",0.0,0.0,1.0,0.0
17,Tesla Will Let Other EVs Use Its Charging Network. Why That’s a Great Idea.,0.402,0.114,0.886,0.0
18,Tesla Earnings Preview: Here’s What to Watch For,0.941,0.068,0.882,0.05
19,Here's Why Lucid Motors Isn't Investing In Its Own Fast-Charging Network,-0.103,0.117,0.748,0.136
20,"Elon Musk, Jack Dorsey, and Cathie Wood Attempt to Ride to Bitcoin’s Rescue",0.202,0.08,0.862,0.057
21,"Elon Musk, Jack Dorsey and Cathie Wood Attempt to Ride to Bitcoin’s Rescue",0.202,0.08,0.862,0.057
22,Will Pfizer Be Worth More Than Tesla by 2025?,0.0,0.0,1.0,0.0
23,Electric Vehicle Checkpoint: Jim Cramer Eyes  Tesla as a Solar Stock,0.202,0.073,0.927,0.0
24,"Tesla, Netflix, J&amp;J, Milwaukee Bucks - 5 Things You Must Know Wednesday",-0.026,0.076,0.845,0.079
25,"Netflix, Tesla, J&amp;J, Milwaukee Bucks - 5 Things You Must Know Wednesday",-0.026,0.076,0.845,0.079
26,"FOCUS-In push to supply Tesla, Piedmont Lithium irks North Carolina neighbors",0.903,0.055,0.899,0.046
