﻿,Titles,Polarity,Positive,Neutral,Negative
0,"'Tesla needs to wake up,' says ex-contract worker awarded $137M in racial harassment case",-0.823,0.071,0.658,0.271
1,"General Motors Sees Revenue Doubling In EV, Self-Driving Push To Catch Tesla",0.296,0.128,0.872,0.0
2,UPDATE 1-GM aims to double revenues by 2030 as it drives to pass Tesla,0.994,0.077,0.91,0.013
3,Tesla Earnings: What Investors Need to Watch,-0.66,0.0,0.909,0.091
4,"EVs Can Turn GM Into a Growth Company, Just Like Tesla",0.0,0.0,1.0,0.0
5,Tesla got hit with a $137 million jury verdict: Why the case was 'so important',0.652,0.082,0.848,0.071
6,Why These 10 Stocks Are Trending on Wednesday,0.976,0.07,0.903,0.027
7,General Motors Sees Annual Revenue Doubling In New Push To Catch Tesla,0.44,0.121,0.879,0.0
8,"Why Bitcoin, Bitcoin Cash, and Shiba Inu Are All Skyrocketing Today",0.844,0.111,0.889,0.0
9,Board and Culture in Focus at Tesla (TSLA) Annual Meeting,0.34,0.152,0.848,0.0
10,Auto sector in the early stages of a ‘green tidal wave’: Analyst,0.052,0.084,0.84,0.076
11,Retail traders follow Nancy Pelosi's husband's stock moves to find winners,0.904,0.052,0.917,0.031
12,GM's ambitious agenda to show investors it can out-Tesla Tesla,0.975,0.081,0.904,0.015
13,GM aims to double revenues by 2030 as it drives to pass Tesla,0.996,0.09,0.892,0.017
14,The Prius-Hacking Silicon Valley Star Shaping Toyota’s Future,0.997,0.092,0.876,0.031
15,Tesla Hikes Prices Again Amid Persistent Chip Shortage,0.128,0.106,0.809,0.085
16,"Tesla Owners Complain Of Autopilot Chimes Being Too Loud, Annoying",-0.841,0.043,0.887,0.07
17,Here's My Top Stock to Buy in October,0.893,0.153,0.806,0.042
18,Dow Jones Dives 450 Points As Stock Market Weakness Returns; These 3 Tech Titans Slide,-0.422,0.0,0.872,0.128
19,"Move over, Tesla: Meet the Dayton startup looking to disrupt the energy storage industry",0.0,0.0,1.0,0.0
20,3 Best Hot Stocks to Watch in October,0.026,0.03,0.942,0.028
21,Tesla Ordered to Pay $137M in Racism Trial — Report,-0.973,0.06,0.821,0.119
22,Tesla’s Approach to Self-Driving Cars Could Cause Problems Down the Road,0.0,0.0,1.0,0.0
23,Is Rivian Stock A Buy? Rivian IPO Looms As EV Pickup Deliveries Begin,0.0,0.0,1.0,0.0
24,Tesla faces investor test after big jury award over racism,0.976,0.14,0.778,0.081
25,"4 Supercharged Growth Stocks With 105% to 192% Upside, According to Wall Street",0.0,0.0,1.0,0.0
26,Tesla faces investor test after big jury award over racism,0.976,0.14,0.779,0.081
27,11 Best Stocks for Long Term Growth,1.0,0.132,0.838,0.031
28,Tesla Insurance is expanding to more states — should you hop on board?,0.994,0.087,0.878,0.035
