﻿,Titles,Polarity,Positive,Neutral,Negative
0,"Hamilton Capital, LLC Buys Vanguard S&amp;P 500 Value ETF, iShares Core S&amp;P Mid-Cap ETF, ...",0.997,0.074,0.921,0.006
1,"Crew Capital Management, Ltd. Buys Wells Fargo, Vanguard Dividend Appreciation FTF, ...",0.997,0.112,0.876,0.012
2,"Blackrock CEO: The Energy Transition Will Create 1,000 Unicorns",0.999,0.103,0.868,0.029
3,Dow Jones Futures In Focus; 4 Top Stocks To Buy And Watch In Volatile Stock Market Rally,0.0,0.0,1.0,0.0
4,"4 Top Stock Trades for Tuesday: AAPL, TSLA, Dogecoin, TSN",0.955,0.068,0.903,0.029
5,"QuantumScape Stock Could Go in Any Direction, So Tread Carefully",0.984,0.103,0.841,0.056
6,"KPMG Crypto News: What to Know as KPMG Canada Bets on Bitcoin, Ethereum",0.897,0.052,0.93,0.018
7,Tesla expecting racism complaint by California civil rights watchdog,0.608,0.073,0.854,0.073
8,"Sculati Wealth Management, LLC Buys Invesco BulletShares 2023 Corporate Bond ETF, Invesco ...",0.999,0.131,0.862,0.007
9,"Sax Wealth Advisors, Llc Buys Apple Inc, Dimensional International Value ETF, Dimensional World ...",1.0,0.141,0.854,0.005
10,"Financial Strategies Group, Inc. Buys SPDR Bloomberg Emerging Markets Local Bond ETF, Vanguard ...",0.994,0.058,0.934,0.008
11,"DT Investment Partners, LLC Buys BTC iShares Intermediate Government/Credit Bond ET, Amgen Inc, ...",0.995,0.066,0.923,0.011
12,"Tesla, Nvidia, Microsoft Regroup As Uptrend Looks To Firm Up",0.572,0.227,0.773,0.0
13,"Secretary Buttigieg talks road safety, self-driving cars, EVs, and unruly airline passengers",0.422,0.101,0.899,0.0
14,Chinese EV Nio Is Everything Lucid Could Be,0.935,0.052,0.91,0.038
15,Why Tesla Stock Is Moving Today,0.681,0.078,0.922,0.0
16,"Apple ‘cannot let Amazon get hold of Peloton,’ analyst says",0.66,0.162,0.838,0.0
17,"Tesla CEO Elon Musk Says Not to Expect a $25,000 Tesla EV",0.382,0.148,0.852,0.0
18,See which global business leader most closely shares your views on crypto and Big Tech,-0.549,0.052,0.756,0.193
19,EV Stocks Are on the Cusp of a Huge Breakout in 2022,0.988,0.065,0.923,0.012
20,Department of Justice Is Probing Short Sellers,0.691,0.241,0.759,0.0
21,"Kesler, Norman &amp; Wride, LLC Buys iShares iBonds Dec 2026 Term Corporate ETF, Tesla Inc, ...",0.989,0.06,0.926,0.014
22,"Delta Investment Management, LLC Buys PowerShares QQQ Trust Ser 1, JPMorgan Equity Premium ...",0.997,0.064,0.932,0.003
23,Tesla Made Money Trading Bitcoin Last Year,0.226,0.066,0.934,0.0
24,Dow Jones Rises; Peloton Spikes On Takeover Reports,0.0,0.0,1.0,0.0
25,Tesla Receives Another SEC Subpoena for Musk’s ‘Funding Secured’ Tweet,0.0,0.0,1.0,0.0
26,"Tesla discloses SEC subpoena, to see if it is complying with settlement of previous investigation",0.599,0.056,0.944,0.0
27,Tesla's bitcoin holding valued at nearly $2 billion at end of 2021,0.813,0.127,0.853,0.019
28,Dow Jones Futures Rise; Peloton Spikes On Takeover Reports,0.0,0.0,1.0,0.0
29,Dow Jones Futures Rise With Market Rally At Key Point; Peloton Soars On Buyout Buzz,0.649,0.185,0.815,0.0
30,"Tesla hired more than 28,500 full-time employees in 2021",0.402,0.114,0.886,0.0
31,Tesla Subpoenaed by SEC About Take-Private Settlement Compliance,-0.107,0.066,0.869,0.065
32,"Adient (ADNT) Incurs Q1 Loss, Surpasses Sales Estimates",0.981,0.073,0.894,0.033
33,Tesla and Musk Receive Bad News From the SEC,0.103,0.069,0.931,0.0
34,UPDATE 2-Tesla receives subpoena from SEC over 2018 settlement,0.963,0.112,0.849,0.04
35,7 Tech Stocks to Add to Your Buy List After Their A+ Earnings,0.998,0.103,0.842,0.055
36,"Why you won’t see the Cybertruck, Roadster, or any kind of budget EV this year from Tesla",0.0,0.0,1.0,0.0
37,Big Oil Isn’t Losing Any Sleep Over The EV Revolution,0.975,0.07,0.898,0.032
