﻿,Titles,Polarity,Positive,Neutral,Negative
0,Tesla Stock Falls After Harassment Allegations Against CEO,-0.202,0.115,0.729,0.156
1,"Dow Jones Futures: Market Extends Losing Streak, Tesla Breaks Down; What You Must Do Now",-0.321,0.068,0.755,0.177
2,3 Stocks to Buy the Dip Now,0.999,0.128,0.82,0.052
3,Megacap tech stocks suffered the most under this week's sell-off,0.609,0.059,0.897,0.044
4,New documentary highlights Elon Musk’s promises on self-driving,-0.402,0.0,0.928,0.072
5,Elon Musk Wants to Go Beyond Democrats and Republicans,0.44,0.162,0.838,0.0
6,US STOCKS-Wall Street ends mixed after punishing week,-0.96,0.058,0.849,0.093
7,"4 Top Stock Trades for Monday: The Dow, TSLA, ROST, FL",0.976,0.093,0.851,0.056
8,Dow Jones Up As S&amp;P 500 Fights Off Bear Market; Tesla Plunges Amid Elon Musk Reports; 2 Stocks Look Bullish,-0.296,0.0,0.913,0.087
9,Dow Jones Flat As S&amp;P 500 Fights Off Bear Market; Tesla Plunges Amid Elon Musk Reports; 2 Stocks Look Bullish,-0.296,0.0,0.913,0.087
10,Elon Musk denies sexual misconduct allegations,-0.586,0.0,0.872,0.128
11,"US STOCKS-Wall Street ends mixed, Tesla falls",-0.898,0.065,0.849,0.086
12,"Roku surpasses Tesla in ARKK ETF, Boeing launches Starliner Spacecraft to ISS, Decker beats earnings",0.0,0.0,1.0,0.0
13,"Analysis-Tesla brand threatened by Musk harassment claim, criticism of Democrats",-0.971,0.084,0.809,0.107
14,Dow Jones Dives As S&amp;P 500 Enters Bear Market; Tesla Plunges Amid Elon Musk Reports; 2 Stocks Look Bullish,0.0,0.0,1.0,0.0
15,"Market sell-off continues, Dow faces worst week since 2020",-0.402,0.0,0.915,0.085
16,Topsy-Turvy Twitter Acquisition Ready For Shareholder Voting,0.511,0.193,0.807,0.0
17,This week in Bidenomics: Losing Musk and Bezos,-0.739,0.089,0.82,0.091
18,Why Is Tesla (TSLA) Down 29.7% Since Last Earnings Report?,0.991,0.102,0.861,0.038
19,Company insiders rip Tesla's stance on safety in hard-hitting Elon Musk doc,-0.987,0.084,0.809,0.107
20,Tesla stock’s very bad week gets worse after the allegations against Musk,0.0,0.112,0.775,0.112
21,Cathie Wood Watch: Roku Supplants Tesla as ARKK's No. 1 Holding,0.743,0.163,0.8,0.037
22,"Tesla Drags Down S&amp;P 500 as Twitter Waffling, China Hit Stock",-0.949,0.07,0.829,0.101
23,Tesla relegated to the backseat in Cathie Wood’s ARK fund as woes mount for Elon Musk,0.879,0.109,0.812,0.079
24,Weekend reads: Retail troubles and how to handle this scary stock market,0.649,0.082,0.918,0.0
25,Twitter: The Musk Credibility Gap is Back,0.913,0.087,0.843,0.07
26,Should I Buy Stocks Now? (May 2022),0.0,0.092,0.815,0.092
27,"Tesla Stock Hits 2022 Low As Lurid Headlines, Distractions Dog Elon Musk",-0.382,0.139,0.652,0.209
28,Tesla Forecast – Stock Price Vulnerable to Collapse Over Twitter Uncertainty,-0.949,0.092,0.774,0.134
29,Tesla Loses Top Spot in Cathie Wood’s Flagship Fund. This Stock Is the New No. 1.,0.527,0.159,0.841,0.0
30,Deal or No Deal Twitter Stock Is a Buy Now,0.983,0.114,0.804,0.082
31,Tesla CEO Elon Musk denies sexual harassment allegations,-0.256,0.065,0.872,0.064
32,Dow Jones Rallies As China Cuts Key Interest Rate; Ross Stores Plummets 22% On Earnings,-0.25,0.111,0.704,0.185
33,Musk Has an Idea to Circumvent Democrats and Republicans,0.44,0.162,0.838,0.0
34,Looking for the Next Tesla? There Won't Be One,0.889,0.212,0.788,0.0
35,Watch why Luminar thinks you'd have to be a dummy to cross in front of a moving Tesla,-0.572,0.0,0.761,0.239
36,"Texas is a ‘very friendly place’ for business, Canyon Partners co-founder says",0.989,0.095,0.873,0.032
37,It's Down Almost 40% Year to Date -- Should Investors Buy Tesla Stock?,0.422,0.118,0.882,0.0
38,"Tesla Investors Can Relax, Elon Musk Says. Twitter Takes Less Than 5% of His Time.",0.0,0.0,1.0,0.0
39,Tesla Got Dumped From an ESG Index. One Critic Calls the Move ‘A True Indictment’ of Sustainability Ratings.,-0.735,0.0,0.763,0.237
40,Dow Jones Futures Jump On China Stimulus; Market Rally Isn't Over; BYD Takes On Tesla Directly,0.0,0.0,1.0,0.0
41,Musk’s Questions About Twitter Bot Problem Spur Race for Answer,0.037,0.077,0.848,0.075
42,Elon Musk is not happy with a meme mocking his new-found attention to Twitter,0.991,0.106,0.859,0.035
43,5 Oversold Blue-Chip Stocks to Buy Right Now,1.0,0.161,0.829,0.011
44,"Stocks Firmly Higher, Tesla, Applied Materials, Ross Stores And Monkeypox - Five Things You Must Know",0.691,0.191,0.711,0.099
45,America’s Political Right Has a New Enemy No. 1: ESG Investors,-0.968,0.064,0.865,0.071
46,Wall Street Opens Higher Despite Mixed Retail Earnings; Dow Up 240 Pts,-0.671,0.079,0.828,0.093
47,Tesla Loses Top Spot in Cathie Wood’s Flagship Fund,0.972,0.124,0.82,0.056
48,Analysis-Musk's ESG attack spotlights $35 trillion industry confusion,-0.888,0.035,0.914,0.051
