﻿,Titles,Polarity,Positive,Neutral,Negative
0,Dow Jones Futures: Watch For This Market Rally Signal As Apple Nears Milestone; Trump SPAC Stock DWAC Soars,0.606,0.184,0.816,0.0
1,Apple’s Car Project Loses Three More Key Engineers to Startups,0.859,0.066,0.889,0.045
2,Tesla (TSLA) Outpaces Stock Market Gains: What You Should Know,0.992,0.098,0.893,0.008
3,"Dow Jones Futures: Apple Leads Market Rally, Now Watch For This Signal; Trump SPAC Stock DWAC Soars",0.606,0.184,0.816,0.0
4,"Tesla CEO Elon Musk teases Cybertruck, Ford boasts 200,000 preorders for electric F-150 Lightning",0.979,0.054,0.93,0.015
5,QuantumScape Will Drive You Crazy if You Allow It To,0.975,0.099,0.834,0.066
6,3 Slammed Nasdaq Stocks to Buy,0.994,0.106,0.856,0.038
7,FOCUS-Robotaxi race opens up as top contender Waymo in low gear in Arizona,0.966,0.073,0.876,0.051
8,Top Car Stocks for Q1 2022,0.103,0.018,0.982,0.0
9,MEME ETF: The Top 10 Holdings of the New Roundhill Fund for Meme Stock Investors,0.98,0.086,0.889,0.026
10,This Robot Trader Sold Moderna Stock. What It Bought Instead.,0.296,0.104,0.896,0.0
11,Can Microsoft (MSFT) Become a $3 Trillion Company?,0.382,0.115,0.885,0.0
12,Kellogg Strike Update: 9 Things for K Stock Investors to Know as the Union Feud Escalates,0.738,0.055,0.895,0.05
13,4 EV Stocks That May Take a Surprising Lead in 2022,0.999,0.106,0.883,0.011
14,Tesla Keeps Losing Market Share in China. This Might Be the Problem.,0.606,0.226,0.774,0.0
15,GameStop Plunges as Liquidity Squeeze Crushes Meme Assets,0.997,0.128,0.827,0.046
16,Rivian is ‘the one’ that can challenge Tesla: Morgan Stanley,0.937,0.085,0.858,0.058
17,"Tesla 'knew about the problem well before 2017,' whistleblower says of alleged solar panel risk",-0.997,0.044,0.824,0.132
18,"BofA Explains Neutral Rating for Tesla, Buy for Rivian, Lucid",0.612,0.313,0.583,0.104
19,Regulators Scold Tesla For Allowing Video Games While Driving,0.34,0.112,0.888,0.0
20,UPDATE 1-U.S. auto safety agency presses Tesla on video game feature,0.869,0.094,0.847,0.059
21,Law firm signs big lease at Mizner Park Office Tower,-0.202,0.0,0.955,0.045
22,Tesla Scrutinized for Allowing Video Games to Be Played While Its Cars Are Moving,0.967,0.11,0.828,0.062
23,Tesla Could Be Worth $1.6 Trillion. Catalysts Are Coming.,0.0,0.0,1.0,0.0
24,"Lowe's, Ollie's Bargain Outlet, Toyota Motor, Tesla and Goodyear Tire highlighted as Zacks Bull and Bear of the Day",1.0,0.117,0.857,0.026
25,AMC Is Tall on Hope and Short on Substance,0.905,0.089,0.832,0.079
26,"Dow Jones Rallies On Pfizer Vaccine News; Apple Hits New High, Tesla Falls Despite Strong China Sales",0.511,0.13,0.87,0.0
27,Tesla Keeps Losing China Market Share. Why Europe Might Be the Problem.,0.606,0.226,0.774,0.0
28,Moderna Stock Is Sold by This Robot Trader. It Bought Tesla and Merck Instead.,0.296,0.104,0.896,0.0
29,Tesla Inc (TSLA) CFO Zachary Kirkhorn Sold $2.6 million of Shares,0.316,0.086,0.857,0.058
30,These 3 Stocks Are the Top EV Gainers of 2021,0.912,0.195,0.805,0.0
31,"How are tech giants like Tesla, Apple, Oracle affecting housing prices in Austin?",0.0,0.0,1.0,0.0
32,1 Green Flag and 1 Red Flag for Lucid's EV Dreams,0.564,0.085,0.915,0.0
33,Dow Jones Futures Rally On Pfizer Vaccine News; Tesla Stock Rises After China Sales,0.511,0.142,0.858,0.0
34,FOCUS-Waymo's slow-going in Arizona opens up U.S. robotaxi race,0.966,0.074,0.875,0.051
35,"Tesla 'knew about the problem well before 2017,’ whistleblower says on alleged solar panel fire risk",-0.681,0.046,0.792,0.163
36,Tesla stock wards off bear market with boost from UBS,-0.382,0.0,0.923,0.077
37,Thor (THO) Secures Elkboard Supply Via the Elkhart Buyout,0.997,0.122,0.85,0.027
38,Asbury (ABG) Enhances Foothold in Denver on Stevinson Buyout,0.998,0.141,0.846,0.012
39,Is Tesla Stock a Buy Right Now?,0.805,0.122,0.878,0.0
40,"Dow Jones Futures Rise On Omicron Vaccine News; Google, Microsoft In Buy Range, Tesla China Sales Strong",0.0,0.0,1.0,0.0
41,"A Year After First Covid-19 Vaccine, It’s Crunchtime for Moderna and Pfizer",0.0,0.0,1.0,0.0
42,Can Lucid Be a Multi-Bagger For Patient Investors?,0.25,0.027,0.973,0.0
43,Tesla Stock: China Sales Strong As Rivals Ramp Up Deliveries,0.273,0.14,0.766,0.094
44,QuantumScape Stock Looks a Lot More Intriguing After This Latest Drop,-0.472,0.093,0.819,0.088
45,"Up 1,305% Since Its March 2020 Low, Is Tesla Still a Buy?",0.296,0.109,0.891,0.0
46,"The Zacks Analyst Blog Highlights: Tesla, Devon Energy, Williams-Sonoma, Phillips 66 and Pool Corp",0.999,0.139,0.831,0.03
47,UPDATE 1-Renault Zoe goes from hero to zero in European safety agency rating,0.75,0.066,0.885,0.049
48,Renault Zoe goes from hero to zero in European safety agency rating,0.511,0.072,0.871,0.057
