﻿,Titles,Polarity,Positive,Neutral,Negative
0,Dow Jones Futures: Why The Market Rally Is Stronger Than It Looks; Tesla Leads 5 Stocks In Buy Areas,0.527,0.139,0.861,0.0
1,Polestar Gets Sell Rating. Its Shares Rise.,0.0,0.0,1.0,0.0
2,Dow Jones Jumps As Losing Streak Ends; Tesla Surges As Elon Musk Eyes This Move; Warren Buffett Stock Pops,0.836,0.319,0.681,0.0
3,Why Tesla Stock Climbed Today,0.296,0.038,0.962,0.0
4,Markets and sectors hold onto gains ahead of the closing bell,0.34,0.088,0.912,0.0
5,"Tesla Eyes Building Texas Lithium Refinery, As China Controls Global Capacity",0.296,0.037,0.963,0.0
6,"Tesla considers opening lithium refinery in Texas, users vote on supercharger locations",0.99,0.085,0.912,0.003
7,Dow Jones Jumps As Rally Strengthens; Tesla Surges As Elon Musk Eyes This Move; Warren Buffett Stock Pops,0.836,0.319,0.681,0.0
8,Tap Into the Supercharged EV Industry With These 3 Stocks,0.998,0.123,0.869,0.008
9,Tesla Looking Into Building Lithium Refinery,0.0,0.0,1.0,0.0
10,Here’s why Tesla is considering refining its own lithium,0.0,0.0,1.0,0.0
11,"Elon Musk plans Tesla lithium factory, Neuralink campus in Texas, filings indicate",0.0,0.0,1.0,0.0
12,Tesla CEO Elon Musk Is Having a Bad Year by This Metric,-0.34,0.09,0.761,0.149
13,"Tesla watch: New leadership at Gigafactory, lithium refinery proposed",0.974,0.047,0.947,0.006
14,Ford will challenge dealers to match Tesla's lower selling costs,0.941,0.051,0.935,0.013
15,"Robinhood Reveals Its Users Love Tesla, Big Tech and Meme Stocks. Go Figure.",0.382,0.063,0.938,0.0
16,Wall Street Analysts are Recommending These 10 Stocks in September,0.998,0.107,0.877,0.016
17,"Stocks open higher, oil rises, U.S. dollar weakens",0.0,0.0,1.0,0.0
18,Stellantis' (STLA) Jeep to Offer 4 All-Electric SUVs by 2025,0.998,0.105,0.889,0.005
19,"Dow Jones Rallies As Oil Prices Rebound; DocuSign, Zscaler Soar On Earnings",0.0,0.0,1.0,0.0
20,Rivian Gets a $3 Billion Boost From Making Mercedes a Frenemy,0.997,0.104,0.857,0.039
21,10 Best Autonomous Vehicle ETFs and Stocks to Invest In,0.999,0.094,0.887,0.02
22,China's SVOLT picks same German state as Tesla for second battery cell plant,0.351,0.028,0.96,0.012
23,Tesla Is Planning a New Business,0.572,0.17,0.83,0.0
24,General Motors Just Reentered the Race to Beat Tesla,0.34,0.055,0.921,0.024
25,GM Targets Budget Friendly Buyers With Latest EV Offering,0.964,0.1,0.858,0.042
26,Dow Jones Futures: S&amp;P 500 Set To Retake Key Resistance; 5 Stocks Flash Buy Signals,0.0,0.0,1.0,0.0
27,Investors Pile Into 9 Stocks Every Single Time The Market Rallies,0.459,0.138,0.862,0.0
28,Will Rivian Automotive Be Worth More Than Tesla by 2030?,-0.318,0.109,0.727,0.164
29,Is Now the Time to Buy Electric Vehicle Stocks?,-0.382,0.0,0.885,0.115
30,BMW Unveils Plans to Use Cylindrical Batteries in New EVs From 2025,0.974,0.103,0.889,0.007
31,"Stocks Higher, Britain Mourns, Apple, Tesla, Kroger And DocuSign In Focus - Five Things To Know",-0.422,0.036,0.886,0.077
32,"UPDATE 2-Tesla considering lithium refinery in Texas, seeks tax relief",0.987,0.088,0.895,0.016
33,"Tesla considering lithium refinery in Texas, seeks tax relief",0.987,0.089,0.894,0.017
34,Tesla considering lithium refinery in Texas,0.856,0.062,0.923,0.015
35,Dow Jones Futures Rise: Market Rally Runs To Key Resistance; 5 Stocks Flash Buy Signals,0.0,0.0,1.0,0.0
