﻿,Titles,Polarity,Positive,Neutral,Negative
0,"Dow Jones Rallies; Pfizer Gains, BioNTech Stock Jumps On Vaccine Approval; Tesla Surges On This",0.477,0.147,0.853,0.0
1,"Stock Market Today: S 500, Nasdaq Hit Record Highs on Pfizer Vaccine Approval",0.998,0.123,0.856,0.021
2,"Bitcoin Briefly Crosses $50,000 Milestone",0.0,0.0,1.0,0.0
3,What's Going On With Tesla And Nio Shares Today?,0.95,0.083,0.895,0.022
4,"Chip shortage to worsen, Trillium pops 180% after Pfizer buyout, Coinbase reassures on stablecoins",0.0,0.0,1.0,0.0
5,Carson Block on Tesla changing the game for electric vehicles,-0.44,0.0,0.888,0.112
6,Cathie Wood is Doubling Down on These 10 Stocks,1.0,0.127,0.861,0.012
7,Why Wedbush Calls Tesla Bot ‘A Distraction’,0.986,0.103,0.86,0.037
8,Why Tesla Stock Jumped on Monday,0.724,0.288,0.712,0.0
9,Dow Jones Rallies As Pfizer Covid-19 Vaccine Gets Full FDA Approval; Tesla Races Higher,0.0,0.0,1.0,0.0
10,"Semiconductors ‘under appreciated’, good long-term investment: expert",0.0,0.0,1.0,0.0
11,2 Big Revelations From Tesla's AI Day Event,0.92,0.259,0.741,0.0
12,"Tesla Stock Surges as Deutsche Bank, New Street Praise AI Efforts",0.477,0.124,0.876,0.0
13,"ONGOING INVESTIGATION REMINDER: The Schall Law Firm Announces it is Investigating Claims Against Tesla, Inc. and Encourages Investors with Losses to Contact the Firm",-0.908,0.056,0.845,0.099
14,Stock Market Today With Jim Cramer: Pfizer and Tesla's Cybertruck,0.586,0.119,0.839,0.042
15,Key Takeaways From Much-Awaited Tesla (TSLA) AI Day Event,0.995,0.09,0.885,0.025
16,"Pfizer, Alibaba, Nvidia, Moderna, Palantir — Stocks Buzzing On WallStreetBets Heading Into New Week",0.989,0.118,0.863,0.019
17,"Bitcoin, Pfizer COVID-19 Vaccine, Dogecoin, NFT And Disney: 5 Headlines From Weekend You May Have Missed",0.982,0.082,0.908,0.011
18,"Elon Musk, Lex Fridman See Language Evolving With Help Of Artificial Intelligence",0.914,0.043,0.957,0.0
19,"Why GM, Tesla Supplier LG Chem's Stock Got Hammered In Seoul Today",-0.718,0.051,0.869,0.08
20,LG Chem Shares Slide as GM Expands Electric Vehicles Recall,-0.35,0.064,0.867,0.068
