﻿,Titles,Polarity,Positive,Neutral,Negative
0,Pelosi's Taiwan Trip Spurs China Battery Giant to Pause Plant Debut,-0.382,0.021,0.928,0.051
1,"5 Questions About Pelosi’s Taiwan Visit, Answered",0.0,0.0,1.0,0.0
2,Automakers Blitz Congress to Fix an EV Tax Credit They Can’t Use,0.996,0.099,0.866,0.036
3,Pelosi’s Taiwan Trip Spurs Chinese Battery Giant to Pause Plant Debut,0.612,0.06,0.893,0.047
4,"Dow Jones Futures: Market Rally Retreats On Taiwan, Hawkish Fed: AMD Leads 7 Earnings Movers Late",0.55,0.191,0.809,0.0
5,Tesla: The Biggest Winner From Joe Manchin’s Inflation Reduction Act,0.994,0.106,0.875,0.018
6,10 Cryptocurrencies Redditors Will Never Buy Again,0.975,0.075,0.871,0.053
7,Tesla's Charts Appear to Be Plotting a Course Higher,0.548,0.082,0.894,0.024
8,US STOCKS-Wall Street drops on rising U.S.-China tensions over Taiwan,-0.311,0.08,0.838,0.082
9,7 Electric Vehicle Stocks Trading at a Discount Right Now,0.999,0.117,0.868,0.015
10,Elon Musk Shares a Summer Reading Idea,0.246,0.1,0.816,0.083
11,Tesla Rival Recalls a Popular Model Due to Fire Concerns,-0.74,0.016,0.892,0.092
12,Tesla Stock Is Rising After a Blowout July. A Shareholder Vote on Stock Split Looms.,0.026,0.061,0.939,0.0
13,"Stock Market Today: Dow Falls on Caterpillar Slump, Rising Geopolitical Tensions",0.563,0.081,0.845,0.073
14,"CVS Health, Moderna, Services Activity: 3 Things to Watch",0.836,0.045,0.941,0.014
15,5 Best Stocks That Led the Rally in Nasdaq ETF,0.998,0.134,0.838,0.029
16,Alibaba and Tesla Rival XPeng Are Teaming Up. Why the Stocks Are Falling.,0.0,0.0,1.0,0.0
17,"Inflation Reduction Act would lead to $1,800 in savings for average household, analysis finds",0.993,0.084,0.894,0.022
18,Tesla stock edges lower despite analyst upgrading profit estimates,0.44,0.162,0.838,0.0
19,"S&amp;P 500 in Wild Swings as Yields Jump on Hawkish Fed Speak, Geopolitical Tensions",0.847,0.074,0.871,0.055
20,"Stocks lower at open, Caterpillar stock falls, gold hits 4-week high",0.0,0.0,1.0,0.0
21,Dow Jones Sells Off As Pelosi Heads To Taiwan; Uber Surges On Strong Sales,-0.402,0.0,0.87,0.13
22,Morris Mark’s Mark Asset Management Latest Portfolio: Top 10 Stock Picks,0.999,0.125,0.854,0.022
23,"Leading the Lithium Battery Revolution: Join CEOs of Dragonfly Energy, Chardan in Fireside Monday Aug. 8",0.995,0.077,0.915,0.008
24,Manchin Sets High Bar for Tesla and GM Electric-Car Tax Credits,0.986,0.104,0.84,0.056
25,Dow Jones Futures Drop As Pelosi Heads To Taiwan; Uber Surges On Strong Sales,-0.402,0.0,0.87,0.13
26,5 S&amp;P 500 Behemoths to Buy for Stellar Returns in August,0.999,0.173,0.811,0.016
27,Climate Bill Would Put US Back in Global Race for EV Leadership,0.988,0.097,0.873,0.03
28,Tesla Stock Is Falling After a Blowout July. A Shareholder Vote on Stock Split Looms.,0.026,0.061,0.939,0.0
29,Oracle Joins The Club For Downsizing Employees: Report,0.991,0.172,0.768,0.06
30,Tesla's Path to a $2 Trillion Market Value by 2025,0.775,0.135,0.837,0.028
31,Tesla's Chinese Rivals Have Some Bad News,0.0,0.0,1.0,0.0
