﻿,Titles,Polarity,Positive,Neutral,Negative
0,"Dow Jones Futures: Stocks Dive On Call For Biggest Fed Rate Hike In 40 Years; Apple, Tesla Tumble",0.0,0.0,1.0,0.0
1,Tesla executive lays out five-year plan to reduce EV costs,-0.128,0.0,0.951,0.049
2,Tesla Talks About a Lower-Priced Car. When It’s Coming.,0.0,0.095,0.811,0.095
3,Tesla Talks About a Lower Priced Car. When It’s Coming.,0.0,0.095,0.811,0.095
4,Twitter whistleblower testifies before Congress amid buyout litigation with Elon Musk,0.836,0.066,0.883,0.051
5,Twitter Whistle-Blower Testimony Spurs Calls for Tech Regulator,0.997,0.123,0.81,0.067
6,UPDATE 6-Twitter whistleblower reveals employees concerned China agent could collect user data,-0.941,0.057,0.869,0.075
7,Dow Jones Plunges Amid Hot Inflation; Twitter Up After Elon Musk Vote; Coinbase Tumbles As Bitcoin Dives,0.0,0.0,1.0,0.0
8,Twitter shareholders approve Musk's bid to buy company,-0.226,0.026,0.936,0.037
9,Why Tesla Stock Dropped Today,0.44,0.112,0.842,0.046
10,Why a Tesla exec is predicting a bright future for the EV maker,0.994,0.081,0.913,0.006
11,Tesla Closes the Door on a Low-Cost EV,0.128,0.062,0.888,0.05
12,Cruise Moving into Waymo's Delivery Territory,0.44,0.146,0.854,0.0
13,Apple's Most-Shorted Status Is a Tell,-0.153,0.03,0.931,0.039
14,Trevor Milton founded buzzy EV company Nikola and positioned himself as the next Elon Musk—then his $34 billion house of cards came crashing down,0.613,0.068,0.879,0.053
15,"General Motors (GM) Cruise to Offer Robotaxis in Arizona, Texas",0.997,0.1,0.89,0.01
16,Stellantis (STLA) Strikes Deal to Address UAW Members' Concerns,0.991,0.084,0.879,0.037
17,10 Best Nuclear Stocks to Buy Now,0.999,0.119,0.865,0.016
18,"Scale up the climate-change response now or expect drought and heat to get worse, meteorological group warns",0.026,0.098,0.809,0.094
19,Elon Musk Predicts the Near Death of These Cars,0.527,0.195,0.805,0.0
20,China EV maker BYD could be top global auto brand: Analyst,0.995,0.118,0.879,0.003
21,"Dow Jones Dives 700 Points On Hot Inflation Report; Apple, Tesla Drop",0.0,0.0,1.0,0.0
22,UPDATE 1-Auto parts supplier Aptiv to acquire 85% of Intercable unit in EV tech push,0.963,0.085,0.915,0.0
23,10 Best Auto Stocks to Invest In,0.999,0.097,0.881,0.022
24,Billionaires Love These 10 EV Stocks,1.0,0.109,0.876,0.015
25,10 Cheap Lithium Stocks to Buy Today,0.999,0.098,0.877,0.025
26,"Dow Jones Dives 600 Points On Hot Inflation Report; Apple, Tesla Drop",0.0,0.0,1.0,0.0
27,Dow Jones Futures Rally Ahead Of Key Inflation Data,0.0,0.0,1.0,0.0
28,Robinhood Investors Refuse To Give Up On 10 Losing Stocks,0.171,0.174,0.712,0.114
29,Honda's Latest Production Cuts Could Be a Warning to Automakers,-0.326,0.036,0.876,0.088
30,7 Battery Stocks to Beat the September Market Slump,0.998,0.091,0.884,0.026
31,Prediction: 3 Growth Stocks That Could Be Worth $1 Trillion by 2030,0.785,0.113,0.887,0.0
32,Prediction: 3 Stocks That Could Be Worth More Than Tesla by 2035,0.0,0.0,1.0,0.0
33,Billionaire Climate Activist May Target More Major Polluters With Green Campaigns,0.942,0.085,0.855,0.061
