﻿,Titles,Polarity,Positive,Neutral,Negative
0,Elon Musk and Cathie Wood Target an Annoying Enemy,0.374,0.119,0.881,0.0
1,Dow Jones Futures: Stocks Plunge As Treasury Yields Soar In Delayed Fed Reaction,-0.026,0.096,0.802,0.102
2,Blink Charging CEO: Investors shouldn’t expect EV plays to be profitable — yet,0.977,0.069,0.916,0.015
3,"Tesla, Amazon, Alibaba among biggest market laggards of the day",0.494,0.059,0.941,0.0
4,‘It’s possible Twitter could be worse’: Bill Gates says the social media platform could suffer under Elon Musk leadership,0.961,0.077,0.888,0.035
5,"Elon Musk gets $7 billion in financing from 19 investors for Twitter deal, Meta freezes hiring",0.44,0.129,0.871,0.0
6,Tesla Chief Likely To Take Over As Temp Twitter CEO: CNBC,0.961,0.12,0.846,0.034
7,"Dow Jones Plunges; Tesla Dives On This Elon Musk Twitter Move; Apple, Microsoft Fall As Tech Tumbles",-0.296,0.0,0.916,0.084
8,There’s Nothing to Like About Lordstown Stock These Days,0.929,0.059,0.904,0.037
9,Musk's $44 billion buyout of Twitter faces U.S. antitrust review -report,0.498,0.079,0.847,0.075
10,UPDATE 2-Musk's $44 bln buyout of Twitter faces U.S. antitrust review -report,0.498,0.077,0.85,0.073
11,Why Twitter Shares Rose 27% (but not 40%) Last Month,0.0,0.0,1.0,0.0
12,NIO Stock: China’s Tesla Starts Sample Production on Model 3 Rival,-0.949,0.03,0.911,0.058
13,"Bill Gates hits back at Elon Musk, says shorting Tesla doesn’t mean betting against the environment or electric cars",-0.904,0.042,0.889,0.069
14,The Timing of Tesla's Stock Split Could Be in Jeopardy,0.0,0.0,1.0,0.0
15,Stock Market Plunges As Investors Digest Fed News; Techs Lead Decline,0.0,0.0,1.0,0.0
16,Tesla stock heads to worst in two weeks,0.296,0.141,0.762,0.097
17,Why Tesla Stock Crashed Today,0.202,0.04,0.918,0.042
18,Shares of Tesla’s battery maker plunge after net profit slides,-0.511,0.109,0.77,0.121
19,"Stocks fall as investors digest Fed decision, oil rises as OPEC+ agrees to increase output",0.0,0.0,1.0,0.0
20,EV Battery Technology: Racing For The Next Big Thing,0.45,0.129,0.871,0.0
21,GM CEO Mary Barra’s plan for overtaking Tesla,0.985,0.082,0.913,0.005
22,"CNH Industrial (CNHI) Q1 Earnings Top Estimates, Down Y/Y",0.998,0.114,0.872,0.015
23,"Mary Barra: We plan to 'be selling more EVs in this country than anyone else, including Tesla'",0.422,0.153,0.847,0.0
24,Brookfield’s Venture Arm Cuts Biggest Check Yet for Musk’s Twitter Buyout,0.963,0.085,0.906,0.009
25,"Elon Musk Turns to Billionaire Backers, Skeptics for Twitter Bid",0.998,0.107,0.88,0.013
26,Rivian Stock Is Starting to Look Attractive,0.7,0.088,0.882,0.03
27,"Elon Musk to serve as temporary Twitter CEO, CNBC reports",0.0,0.0,1.0,0.0
28,Dow Jones Sells Off After Big Stock Market Rally; Elon Musk Receives New Financing For Twitter,0.34,0.112,0.888,0.0
29,Should Tesla Shareholders Be Worried About Elon Musk's Twitter Purchase?,0.781,0.163,0.812,0.024
30,Dow Jones Drops After Big Stock Market Rally; Elon Musk Receives New Financing For Twitter,0.34,0.112,0.888,0.0
31,"Elon Musk reportedly plans to take on Twitter CEO job for 'a few months,' Tesla stock drops",0.637,0.092,0.908,0.0
32,Gates on Musk’s Tesla: ‘There’s a difference between electric cars being adopted and companies becoming infinitely valuable’,-0.422,0.0,0.865,0.135
33,Dow Jones Futures Drop After Big Stock Market Rally; Elon Musk Receives New Financing For Twitter Deal,0.34,0.112,0.888,0.0
34,Elon Musk Secures $7.1 Billion in New Financing for Twitter,0.996,0.144,0.829,0.027
35,"World’s Biggest Crypto Exchange, Binance, Backs Elon Musk’s Twitter Buyout",0.818,0.309,0.691,0.0
36,Elon Musk’s ‘Friends’ Are Helping to Fund the Twitter Buyout. Twitter Stock Is Jumping.,0.0,0.0,1.0,0.0
37,EV Battery Technology: Hunting For The Next Big Thing,-0.103,0.048,0.897,0.054
38,"Dow Jones Futures Fall After Fed's Powell Fuels Big Market Rally; Apple, Exxon Flash Buy Signals",-0.296,0.0,0.913,0.087
39,Elon Musk Secures $7.1 Billion in New Financing for Twitter,0.992,0.138,0.839,0.024
40,Block Is Wall Street’s Top Fintech Despite Its Price Tag,0.981,0.106,0.827,0.067
41,Influencers with Andy Serwer: Mary Barra,0.202,0.095,0.854,0.05
42,Twitter Stock Leaps As Elon Musk Gets $7.1 Billion In New Takeover Financing,0.572,0.121,0.879,0.0
43,How to Buy Tesla for the Cost of a Penny Stock,0.948,0.252,0.748,0.0
44,PRESS DIGEST- New York Times business news - May 5,-0.361,0.06,0.878,0.062
45,Elon Musk and Cathie Wood Say Passive Investing Has Gone Too Far,0.984,0.151,0.796,0.053
46,APE Joins DOGE to Take Cues From Crypto Influencer Elon Musk,0.7,0.059,0.895,0.046
