﻿,Titles,Polarity,Positive,Neutral,Negative
0,"Why Rivian, Tesla, and Lucid Stocks Crashed in June",0.862,0.144,0.843,0.013
1,Did Chinese Stocks Earn Their Rally This Week?,0.999,0.107,0.859,0.034
2,Dow Jones Futures: Don't Feed The Bear Market; BYD Vs. Tesla Deliveries,0.202,0.091,0.909,0.0
3,"China EV Sales Boom: Xpeng Outsells Nio And Li Auto, Nearly Doubling Q2 Sales",0.7,0.153,0.847,0.0
4,Tesla Stock Snaps 4-Day Losing Streak With Q2 Deliveries Expected To 'Be Ugly' After Shanghai Production Woes,-0.44,0.099,0.673,0.229
5,‘EV market is on fire’ amid high gas prices: CoPilot CEO,-0.128,0.0,0.962,0.038
6,"This is the most important skill for day traders, says trading instructor",0.438,0.098,0.826,0.076
7,UPDATE 1-Tesla hit by new lawsuit alleging racial abuse against Black workers,-0.99,0.039,0.83,0.13
8,"Toyota Runs Out of US Tax Credits for EVs, Joining Tesla and GM",0.958,0.095,0.86,0.046
9,Why Tesla Shares Moved Higher Friday,-0.226,0.047,0.867,0.087
10,"Will the Twitter-Musk deal close? 'Yes,' says the social media giant's chairman",0.914,0.074,0.894,0.031
11,"Amazon, Disney, AT&amp;T donated to abortion opponents, Tesla faces racial discrimination lawsuit",-0.177,0.05,0.85,0.1
12,3 Stocks Reporting Earnings the Week of July 4,0.989,0.075,0.888,0.037
13,"Bond markets move to the downside, mega cap tech stocks hold on to gains",0.0,0.0,1.0,0.0
14,"China EV Sales Boom In Q2: Xpeng Outsells Nio, Li Auto As Emerging Tesla Rivals See Huge June Jump",0.0,0.0,1.0,0.0
15,Twitter chairman says company is ‘committed to closing the transaction’ with Elon Musk,0.527,0.227,0.773,0.0
16,Elon Musk Hasn’t Tweeted in Days. No One Knows Why.,0.119,0.1,0.818,0.082
17,"GM earnings: ‘It’s a boy that cried wolf,’ analyst says",-0.527,0.064,0.764,0.172
18,"Chinese automakers Nio, Xpeng, and Li Auto record major year-over-year delivery surges",0.0,0.0,1.0,0.0
19,Dow Jones Climbs After Worst First Half Since 1962; Chinese EV Makers Report Strong Sales,-0.202,0.116,0.739,0.144
20,Column: The GOP is now complaining about environmentally conscious investing,0.913,0.073,0.866,0.061
21,Dow Jones Futures Fall After Worst First Half Since 1962; Chinese EV Makers Report Strong Sales,-0.625,0.0,0.814,0.186
22,Tesla's stock bounces into positive territory after China-based rivals report upbeat June deliveries,0.9,0.215,0.751,0.035
23,"The Zacks Analyst Blog Highlights Ford Motor, Tesla",0.989,0.078,0.895,0.028
24,"Dow Jones Futures Fall On Grim Micron Warning; Tesla Rivals Li, Nio Sales Boom",-0.494,0.128,0.62,0.252
25,"NIO, XPeng and Li Auto Deliveries Set a Record. That Can Help Tesla Too.",0.637,0.154,0.846,0.0
26,"Tesla Q2 Deliveries In Focus Following Record Quarterly Stock Slump, China Shutdowns",0.296,0.091,0.909,0.0
27,"China EV Sales Boom: Nio Deliveries Hit Record; Tesla Rival BYD, Li Auto Near Buy Points",0.0,0.0,1.0,0.0
28,"Dow Jones Futures Fall: Micron Skids On Warning; Tesla Rivals Li, Nio Sales Boom",-0.494,0.128,0.62,0.252
29,Why Goldman is still very cautious on the stock market,-0.984,0.051,0.82,0.129
30,GM in driver's seat as Toyota stumbles on chip shortages,-0.802,0.054,0.864,0.082
31,Tesla hit by new lawsuit alleging racial abuse against Black workers,-0.99,0.033,0.801,0.166
32,Dow Jones Futures: Why This Micron Warning May Be 'Good' News; Tesla Rivals On Tap,-0.754,0.0,0.747,0.253
