﻿,Titles,Polarity,Positive,Neutral,Negative
0,Dow Jones Futures: Rally Strengthens As Tesla Tops Early Buy Point; 5 Top Stocks To Buy And Watch,0.0,0.0,1.0,0.0
1,Three Ways To Play The 2022 EV Boom,0.993,0.073,0.897,0.03
2,"Market check: Tesla stock extends rally, Moderna shares decline",0.0,0.0,1.0,0.0
3,Tesla Stock Is Having One of Its Best Years Ever. It Wasn’t Easy.,0.654,0.189,0.71,0.101
4,Tesla’s stock bounce surpasses key Fibonacci retracement level,0.758,0.306,0.694,0.0
5,Nikola is a ‘more squeezable stock’ that is getting ‘meme-ish’: S3 Partners managing director,0.0,0.0,1.0,0.0
6,Tesla Stock Flashes Buy Signal As Strong Q4 Deliveries Seen,0.382,0.146,0.854,0.0
7,Why Tesla Stock Popped After Christmas,-0.477,0.056,0.843,0.101
8,NIO Stock Alert: What Is Going on With Nio Today?,0.99,0.08,0.92,0.0
9,"Rivian's First Earnings Report Looks Like Tesla's Early Days, But Here's What's Different",0.0,0.0,1.0,0.0
10,Dow Jones Rallies As Tesla Approaches New Buy Point,0.477,0.157,0.843,0.0
11,Market check: Stocks kick off potential Santa Claus rally in final trading week of 2021,0.0,0.0,1.0,0.0
12,"Company News for Dec 27, 2021",0.988,0.182,0.81,0.008
13,"If You Had Invested $10,000 in Lucid and Tesla at the Start of the Year, Here's How Much You'd Have Now",0.318,0.163,0.837,0.0
14,"EV Roundup: NKLA's SEC Settlement, GM's 'Everybody In' Strategy &amp; More",0.996,0.105,0.873,0.022
15,Tesla (TSLA) CEO Shares Sales Update &amp; Hyundai Glovis Deal,0.997,0.105,0.866,0.029
16,"Nio, Xpeng, Li Auto To Report December Sales As This Dark Horse Emerges In China's EV Race",0.202,0.087,0.913,0.0
17,5 Auto Stocks Poised to Continue Their Winning Streaks in 2022,0.999,0.143,0.836,0.021
18,S&amp;P 500 Sets a New All-Time High as Tech and Energy Drive Markets Higher,0.973,0.076,0.88,0.044
19,2 Top ETFs Revving Up in the Fast-Paced EV Market,0.897,0.172,0.785,0.043
20,Dow Jones Futures Rise As Tesla Approaches New Buy Point,0.671,0.208,0.792,0.0
21,Silicon Valley’s Push Into Cars Is Testing Aptiv's Tech Makeover,0.998,0.083,0.887,0.03
22,"Dow Jones Futures Rise, Tesla Climbs As Santa Claus Rally Begins; These 5 Stocks Flash Buy Signals",0.0,0.0,1.0,0.0
23,2 No-Brainer Stocks to Buy Right Now for Less Than $100,0.572,0.058,0.942,0.0
24,7 of the Best EV Stocks to Buy Now for 2022 Gains,1.0,0.143,0.851,0.006
25,Chinese citizens slam Musk online after space station near-misses,-0.983,0.033,0.845,0.122
26,"The Zacks Analyst Blog Highlights: Tesla, Adobe, Merck, Edwards Lifesciences and Norfolk Southern Corp",0.997,0.142,0.821,0.037
27,"Tesla: What’s on the Menu for Q4 Deliveries, According to RBC",0.983,0.077,0.919,0.004
28,Elon Musk’s Banner Year: Milestones on Earth and in Space,0.103,0.036,0.964,0.0
29,"Pre-Market Movers: Godaddy Pops, Didi, Airlines, and BridgeBio Pharma Sell Off",0.929,0.096,0.838,0.065
