﻿,Titles,Polarity,Positive,Neutral,Negative
0,6 Penny Stocks to Part With Before They Crash and Burn,0.994,0.096,0.836,0.068
1,"After Musk's Denial, What's Really Cooking Between Tesla And Hertz?",0.977,0.07,0.918,0.012
2,"Big Tech, Tesla &amp; An ETF to Invest in Disruption",0.998,0.2,0.786,0.014
3,"Tesla Stock Is Overvalued by $1 Trillion, Analyst Says. We Looked at the Math.",0.0,0.0,1.0,0.0
4,Why Tesla Stock Continues to Run,-0.057,0.088,0.768,0.143
5,7 European Stocks to Buy to Diversify Your Portfolio,0.998,0.125,0.785,0.09
6,Uber earnings preview: Here's what to expect,0.964,0.079,0.883,0.038
7,7 Stocks to Buy to Hone in on Ray Dalio’s Reliable Favorites,0.999,0.103,0.877,0.02
8,ContextLogic Offers a Solid Play for Cautious Investors,0.997,0.13,0.833,0.036
9,Market check: S&amp;P 500 up during intraday trading,0.0,0.0,1.0,0.0
10,Tesla’s Breakneck Rally Opens Biggest-Ever Chasm With Analysts,0.828,0.074,0.883,0.043
11,Tesla Bears Should Just Give Up,0.971,0.08,0.874,0.046
12,Nio Stock Has Big Upside Potential,0.995,0.093,0.895,0.011
13,"Dow Jones Falls As Tesla Races To Record Highs; Moderna, Roku Dive On Earnings",0.0,0.0,1.0,0.0
14,EV Buyers Now Have to Battle With Avis and Hertz for Cars,0.0,0.0,1.0,0.0
15,VW CEO Makes EV Pledge as Labor Leaders Criticize Pace of Transition,0.226,0.133,0.794,0.073
16,Is Lucid Group Stock a Buy?,0.813,0.102,0.898,0.0
17,Why Tesla Shares Soared 44% in October,0.468,0.129,0.828,0.043
18,"Hertz Will Have to Wait for Teslas, Just Like Other Buyers",-0.153,0.0,0.938,0.063
19,Why Tesla's Profits Could Soar Next Year,0.285,0.094,0.853,0.053
20,Prediction: These Will Be the 10 Largest Stocks by 2035,0.758,0.183,0.817,0.0
21,"Tesla, Hertz Reportedly in Talks on Timeline for EV Deliveries",0.0,0.0,1.0,0.0
22,UPDATE 2-Volkswagen CEO faces German workers as Tesla tensions flare again,-0.901,0.049,0.868,0.083
23,Influencers with Andy Serwer: Tom Steyer,0.361,0.108,0.892,0.0
24,Bitcoin is a huge user of electricity: Tom Steyer,0.951,0.119,0.822,0.06
25,"Tesla rejects reports on Qingdao as site of its second China EV plant, pledges to boost investment in booming market",0.581,0.025,0.957,0.018
26,Electric Vehicle Checkpoint: Ford Stock Surges Higher After Positive October Sales,0.202,0.087,0.913,0.0
27,Active Managers Had a Terrible Month. They Missed Tesla Stock’s Big Run.,0.382,0.157,0.843,0.0
