﻿,Titles,Polarity,Positive,Neutral,Negative
0,The Market Was Mixed Today. Here's Why.,0.985,0.108,0.858,0.034
1,"How Is Tesla Stock Worth $3,000? By Becoming Bigger Than Apple.",-0.44,0.0,0.881,0.119
2,"How Is Tesla Worth $3,000? By Becoming Bigger Than Apple.",-0.44,0.0,0.881,0.119
3,"You Can Now Buy a Tesla With Bitcoin, According to a 3am Tweet From Elon Musk",0.987,0.084,0.904,0.013
4,"Why Tesla Accepting Bitcoin Is 'Seminal Moment' For EV Stock, Crypto World",0.937,0.064,0.917,0.02
5,COLUMN- Volkswagen powers up for the electric vehicle revolution: Andy Home,0.996,0.075,0.904,0.021
6,You Can Now Buy a Tesla With Bitcoin,0.743,0.074,0.926,0.0
7,UPDATE 1-Tesla urges court to reinstate hike in emissions penalties,0.187,0.078,0.853,0.069
8,"Dow Rallies, Tech Stocks Rebound As Yields Bounce; GME Stock Dives On Earnings, While Tesla Reverses Amid Bitcoin News",0.0,0.0,1.0,0.0
9,"Tesla-shopping with bitcoin 'major step' for crypto, analyst says",0.926,0.077,0.916,0.007
10,"Elon Musk Marks 'Seminal Moment' For Tesla, Bitcoin",0.0,0.0,1.0,0.0
11,Tesla urges court to reinstate hike in emissions penalties,0.187,0.08,0.85,0.07
12,Tesla's New Touchscreen-Based Gear Selector Shown On Video,0.96,0.075,0.907,0.019
13,Stock Market Today With Jim Cramer: Tesla and Bitcoin,0.382,0.098,0.902,0.0
14,"Dow Rallies, Tech Stocks Fall As Yields Bounce; GME Stock Dives On Earnings, While Tesla Reverses Amid Bitcoin News",0.0,0.0,1.0,0.0
15,Elon Musk: You can now buy a Tesla with Bitcoin,0.382,0.126,0.874,0.0
16,Dalio sees 'good probability' bitcoin gets outlawed,0.68,0.073,0.868,0.059
17,"Cathie Wood's $3,000 Call on Tesla Isn't as Outlandish as It Might Seem. Here's Why.",0.71,0.247,0.753,0.0
18,"Tesla Stock Could Hit $3,000, Cathie Wood Says. How That Compares With Wall Street.",0.0,0.0,1.0,0.0
19,US STOCKS-Wall St set for higher open ahead of March business surveys; Intel shines,0.989,0.097,0.89,0.014
20,"US Citizens Can Buy Tesla Cars with Bitcoin, Musk Says",0.98,0.088,0.888,0.024
21,Why Charging Solutions Are The Future Of The EV Industry,0.997,0.129,0.854,0.017
22,Elon Musk Says You Can Buy a Tesla With Bitcoin Now. What That Means for Investors.,0.459,0.132,0.809,0.059
23,Bitcoin Needs Tesla More Than Tesla Needs Bitcoin,0.382,0.098,0.902,0.0
24,Why is Electric Vehicle Performance So Important?,0.202,0.091,0.909,0.0
25,"You can now buy a Tesla with bitcoin—at a staggering cost, critics warn",0.956,0.076,0.874,0.05
26,Futures rise ahead of March business surveys; Intel shines,0.988,0.118,0.865,0.017
27,4 Insane Assumptions Embedded in Cathie Wood's New Tesla Target,0.0,0.0,1.0,0.0
28,Volkswagen as the Next Tesla Is Firing Up Stock Investors,0.993,0.111,0.869,0.02
29,Bitcoin climbs as Elon Musk says Americans can now use it to buy a Tesla,0.402,0.105,0.895,0.0
30,"Elon Musk, Praising China's Climate Efforts, Says Country Will Be Tesla's Biggest Market In Long Run",0.829,0.056,0.922,0.022
31,Why Tesla Semi Is Unlikely To Make Inroads To Australia,0.829,0.059,0.906,0.036
32,"Premarket Movers Wednesday - Intel, GameStop, General Mills, Tesla",0.0,0.0,1.0,0.0
33,Tesla Hikes Model Y Prices In China,0.696,0.042,0.935,0.022
34,Tesla Begins Accepting Bitcoin Payments,0.883,0.062,0.919,0.019
35,UPDATE 2-Elon Musk says Tesla vehicles can now be bought using bitcoin,0.895,0.087,0.873,0.04
36,Bitcoin Rallies as Tesla Will Accept the Cryptocurrency as Payment,0.382,0.098,0.902,0.0
37,"Tesla and Bitcoin, GameStop, Intel - 5 Things You Must Know Wednesday",0.382,0.077,0.923,0.0
38,"If Tesla Knowns When A Driver Isn't Paying Attention, Why Doesn't It Warn In The Moment?",0.908,0.071,0.892,0.037
39,China's biggest car brand launches rival to Tesla,0.665,0.049,0.913,0.038
40,"Bitcoin Irresistible To Institutional Buyers Even At $54,000: What You Need To Know",0.751,0.04,0.943,0.018
