﻿,Titles,Polarity,Positive,Neutral,Negative
0,Trump Slammed EVs After Attacking Elon Musk. This Isn’t Great for Tesla Stock.,-0.537,0.0,0.869,0.131
1,Musk's Promise to Sell 20 Million Teslas Hinges on This One Thing,0.751,0.079,0.921,0.0
2,Why Rivian Stock Suddenly Jumped Tuesday Afternoon,0.691,0.34,0.66,0.0
3,Tesla stock receives upgrade to Outperform from Wolfe Research,0.984,0.12,0.865,0.015
4,Top 10 Stocks to Watch Today,0.996,0.12,0.838,0.041
5,"Tesla stock is big buy, Goldman Sachs says",0.989,0.08,0.91,0.01
6,Why Ford Skidded Today While Rival Stocks Rallied,0.0,0.0,1.0,0.0
7,Here's Where Ford Stock May Find Strong Support,0.026,0.118,0.742,0.139
8,Why Tesla Shares Moved Higher Today,0.94,0.19,0.784,0.026
9,‘Tolkien is turning in his grave’: Elon Musk stokes Bezos rivalry by bashing Amazon’s beta males in ‘Rings of Power’,-0.927,0.088,0.807,0.105
10,Volkswagen and Porsche Take a Huge Risk With a Big Bet,0.319,0.133,0.788,0.079
11,3 Robinhood Stocks to Buy Right Now,0.968,0.299,0.68,0.021
12,Dow Jones Reverses After Economic Data; Oil Prices Climb On Surprise Production Cut,-0.296,0.086,0.738,0.176
13,Pioneering venture capitalist and early Tesla investor named ‘Financial Woman of the Year’,-0.361,0.0,0.872,0.128
14,Dow Jones Futures Rise Ahead Of Economic Data; Oil Prices Erase Surprise Production Cut Gains,-0.345,0.0,0.84,0.16
15,"Tesla Stock Could Climb 30% Because of New Tax Credits, Analyst Says",0.141,0.111,0.84,0.049
16,"Tesla Stock a Buy With New Tax Credits Coming, Says Analyst",0.141,0.111,0.84,0.049
17,How China Is Driving Demand for EVs,0.718,0.25,0.75,0.0
18,Elon Musk Hailed App Signal Ropes In Another Big Tech Critic,0.985,0.132,0.827,0.04
19,"Zacks.com featured highlights include Tesla, PAM Systems, Unum Group, LPL Financial Holdings and CSX",1.0,0.171,0.807,0.022
20,Best-Performing ETFs of Last Week,0.991,0.103,0.851,0.046
21,"Bed Bath, Digital World, FedEx, Tesla and More Stock Market Movers Tuesday",-0.402,0.053,0.838,0.108
22,"Survey: As EV network expands, some frustrations arise, but Tesla owners are happier than others",-0.612,0.0,0.818,0.182
23,"CVS Health, Illumina Rise Premarket; Bed Bath &amp; Beyond,  Brigham Minerals Fall",0.382,0.083,0.849,0.068
24,Inside Tesla's drive to keep Musk's battery promise,0.994,0.072,0.89,0.037
25,INSIGHT-Inside Tesla's drive to keep Musk's battery promise,0.994,0.071,0.891,0.038
