﻿,Titles,Polarity,Positive,Neutral,Negative
0,Elon Musk May Have a Solution Against Heat Waves and Allergies,0.527,0.167,0.833,0.0
1,Dow Jones Futures: Stock Market Rally Breaks Key Resistance; Netflix Jumps On Subscriber Data,-0.771,0.053,0.653,0.295
2,Drivers have decided Teslas are worth the higher sticker price — but are they ready to get burned on insurance?,0.996,0.111,0.846,0.043
3,Jury finds Tesla 1% negligent in fatal Model S crash,-0.987,0.056,0.808,0.136
4,CORRECTED-Jury finds Tesla 1% negligent in fatal Model S crash,-0.987,0.056,0.808,0.136
5,Tesla set to report second-quarter earnings on Wednesday,0.0,0.0,1.0,0.0
6,Elon Musk Probably Downloaded His Brain into a Robot,0.768,0.117,0.883,0.0
7,Tesla Faces Verdict in Fatal Florida Crash,-0.939,0.036,0.737,0.228
8,Judge allows Twitter to expedite its lawsuit against Elon Musk,0.153,0.102,0.898,0.0
9,"Dow Jones Surges; Twitter Stock Pops After This Elon Musk Setback; Netflix Earnings Beat, Subscribers Surprise",-0.612,0.0,0.783,0.217
10,Dow Jones Rallies; Twitter Stock Gains Amid This Elon Musk Loss; Netflix Charges Ahead Of Earnings,-0.382,0.064,0.763,0.174
11,"Dow Futures Rise Amid Robust Earnings, Netflix Pops 7.4%",0.986,0.107,0.877,0.017
12,10 Most Anticipated Earnings to Watch on Wednesday,0.998,0.116,0.866,0.017
13,Tesla Q2 earnings preview: Why 2022 production target is key,0.941,0.054,0.936,0.01
14,Factbox-Spotlight shines on battling lawyers in Twitter-Elon Musk dispute,0.494,0.041,0.92,0.038
15,"Nio Stock A Buy? Volkswagen Outpaces Nio, Tesla Of China, As Electric SUV Rivalries Grow",0.0,0.0,1.0,0.0
16,Tesla’s Model Y is the hottest used car in the U.S. right now,0.202,0.079,0.921,0.0
17,"Tesla braces for earnings hit, but EV delivery outlook is key",0.987,0.113,0.842,0.045
18,Twitter has won the first leg of its legal battle with Elon Musk,0.527,0.128,0.784,0.088
19,"Twitter Can Fast-Track Musk Lawsuit, Delaware Court Says",-0.542,0.0,0.836,0.164
20,"Chevy Blazer EV SUV coming ‘at the right time,’ GM exec says",0.733,0.018,0.974,0.008
21,Stock Market Today: Dow Rallies as Corporate Earnings Roll in,-0.599,0.06,0.868,0.071
22,"Existing Home Sales, Tesla, Abbott Labs: 3 Things to Watch",0.573,0.04,0.942,0.018
23,Twitter-Musk hearing to decide whether to fast-track trial,-0.226,0.0,0.863,0.137
24,Tesla Earnings: What to Look For From TSLA,0.71,0.211,0.789,0.0
25,Twitter 'can't lose' its bid to expedite Musk trial if it wants to win the case,-0.944,0.096,0.799,0.105
26,Strong U.S. dollar could weigh on tech earnings,0.0,0.0,1.0,0.0
27,Tesla’s potentially ugly Q2 earnings holds promise of light at the end of the tunnel—but investors will still have one question top of mind,0.987,0.08,0.88,0.04
28,GM Unveils New Weapon Against Tesla and Ford,0.0,0.0,1.0,0.0
29,10 Best Cyclical Stocks for Inflation,0.999,0.109,0.863,0.028
30,Why the Best Investors Don't Fear Recessions,0.999,0.179,0.744,0.077
31,All Eyes On Cost Controls With Chip Supply Improving Ahead Of Tesla's Q2 Earnings,0.273,0.08,0.92,0.0
32,Earnings season to offer ‘a huge unveiling’ of companies’ recession plans: Strategist,0.361,0.094,0.906,0.0
33,Dow Jones Rallies But IBM Dives On Earnings; Netflix Earnings Due,0.0,0.0,1.0,0.0
34,"Twitter, Tesla CEO Elon Musk go to court for first time",0.0,0.0,1.0,0.0
35,10 Most Shorted Stocks to Watch in July,0.997,0.078,0.904,0.018
36,GM Will Finally Have Rival to Tesla’s Model Y With Blazer EV,0.749,0.063,0.895,0.042
37,Dow Jones Futures Climb But IBM Dives On Earnings; Netflix Earnings Due,0.0,0.0,1.0,0.0
38,"Tesla Investors Should Vote Against 2 Directors, Proxy Advisory Firm ISS Recommends",0.964,0.099,0.886,0.014
39,"Tesla In Yet Another Legal Soup After German Suit Over Carbon Emission, Data Privacy",-0.529,0.106,0.784,0.11
40,Stock market news live updates: Stock futures rise as investors await more earnings,0.5,0.044,0.922,0.034
41,Tesla Layoffs Acquires Momentum: Read To Know,0.944,0.085,0.885,0.03
42,"Tesla forced to pay for owner’s $115,000 car over its ‘dangerous’ Autopilot—but don’t expect it will do this for everyone",0.833,0.091,0.828,0.082
43,GM cut to hold as Deutsche Bank says traditional automakers will struggle to regain interest,0.103,0.097,0.81,0.093
44,"The Zacks Analyst Blog Highlights Tesla, Driven Brand Holdings and American Axle &amp; Manufacturing",0.997,0.093,0.874,0.034
45,Tesla Stock: Bull vs. Bear,0.477,0.105,0.852,0.043
46,"Tesla Hit by German Suit Over Car Surveillance, Carbon Footprint",-0.965,0.049,0.827,0.123
47,"UPDATE 1-Tesla investors must vote against re-election of 2 board members, recommends ISS",0.963,0.111,0.866,0.023
48,Tesla’s Denholm Says Australia Is Key to Avoid EV Battery Crunch,0.942,0.08,0.872,0.048
