﻿,Titles,Polarity,Positive,Neutral,Negative
0,Tesla (TSLA) Halts Taking Model S/X Orders Outside North America,0.998,0.131,0.847,0.023
1,3 Top Stock Trades for the Week of Dec. 13,0.958,0.105,0.817,0.078
2,Dow Jones Futures: Stock Market Sells Off Ahead Of Fed Meeting; Tesla Breaks Key Support,0.178,0.171,0.722,0.106
3,This Buzzed-About Meme Stock Is a No-Brainer Buy at $10,0.996,0.078,0.899,0.023
4,Tesla slides into bear market as valuation falls below $1 trillion,-0.785,0.021,0.895,0.085
5,"Dow Jones Slips; Elon Musk Says This, Bitcoin Plunges; AMC Stock, GameStop Crater",0.0,0.0,1.0,0.0
6,Polestar Is an Intriguing Pick Out of the Electric Vehicle Crowd,0.996,0.095,0.898,0.007
7,Elon Musk’s 5 Best Investments,0.687,0.212,0.788,0.0
8,"Why Ford, General Motors, Nikola, and Other Auto Stocks Are Down Today",0.637,0.096,0.904,0.0
9,Lucid Group stock rallies after Nasdaq Tech 100 inclusion,0.902,0.326,0.674,0.0
10,Nio Stock Is Well-Positioned for a Big Rally in 2022,0.999,0.144,0.843,0.013
11,Elon Musk named Time’s ‘Person of the Year’ — is this a blessing or a curse?,0.751,0.225,0.775,0.0
12,7 Tech Stocks Worth Snatching Up After Their Tumble,1.0,0.167,0.803,0.031
13,"VP Harris wants 500,000 charging sites as Biden administration keeps to aggressive plan for EVs to replace 50% of auto sales",0.402,0.101,0.899,0.0
14,"Kamala Harris targets 500,000 charging sites as Biden administration sticks to aggressive plan for EVs to replace 50% of auto sales",0.402,0.101,0.899,0.0
15,"Stock market: Tesla dips, Facebook up amid red day across the board",-0.572,0.0,0.829,0.171
16,"Tesla stock dips below $1,000 per share, lowest since October",0.863,0.065,0.897,0.038
17,GameStop unseats Tesla as the most searched-for stock of the year,0.963,0.109,0.875,0.016
18,Elon Musk Is Named Person of the Year. Why Time Chose the EV and Space Pioneer.,0.382,0.167,0.833,0.0
19,Elon Musk is Time magazine’s person of the year,-0.318,0.0,0.892,0.108
20,Elon Musk on electric vehicle competition: ‘I’m confident in the future of Tesla’,0.988,0.116,0.874,0.01
21,Why Tesla Stock Fell Sharply on Monday,0.25,0.212,0.664,0.124
22,Tesla and SpaceX CEO Elon Musk named Time’s ‘Person of the Year’,0.991,0.131,0.848,0.02
23,"Market check: Tesla shares fall, travel stocks under pressure",-0.296,0.0,0.934,0.066
24,If you’re not Elon Musk: Communication and compliance for fintech CEOs,0.862,0.081,0.846,0.074
25,Better Buy: Nio or a 50/50 Split of Lucid and Tesla,0.735,0.098,0.902,0.0
26,10 Best Japanese Stocks To Buy Right Now,1.0,0.121,0.861,0.018
27,5 giant stocks are driving the S&amp;P 500 to records: Goldman Sachs,-0.636,0.041,0.903,0.056
28,"Dow Jones Falls As Apple Hits New Highs; Tesla Skids, Rivian Called 'Most Remarkable' Truck Of The Year",0.0,0.0,1.0,0.0
29,Intel Stock Looks Undervalued And Poised For A Rally,0.997,0.111,0.875,0.014
30,5 Top Stock Decliners for Monday Amid Meme-Stock Slump,0.0,0.0,1.0,0.0
31,"Rivian nabs a coveted MotorTrend award for its debut EV pickup, putting pressure on Tesla",0.992,0.105,0.869,0.026
32,UPDATE 1-Elon Musk named Time's 2021 'Person of the Year',0.971,0.092,0.877,0.031
33,Dow Jones Futures Rise As Apple Eyes New Highs; Rivian's 'Most Remarkable' Truck Of The Year,0.34,0.094,0.906,0.0
34,Elon Musk named Time's 2021 'Person of the Year',0.971,0.093,0.876,0.031
35,Time Names Elon Musk Person of the Year,0.691,0.095,0.871,0.034
36,Could Tesla Be the World's Most Valuable Company in 10 to 15 Years?,0.85,0.101,0.899,0.0
37,Wall Street Rallies Ignoring Mounting Inflation: 5 Top Picks,0.999,0.132,0.86,0.008
38,2 Robinhood Stocks With Market-Beating Potential,0.296,0.064,0.936,0.0
39,Where is the Cybertruck?,0.0,0.0,1.0,0.0
40,Tesla Stock Could Be Primed for a Big Drop. Here’s the Tell.,0.821,0.222,0.778,0.0
41,"Dow Jones Futures Rise With Fed Set To Speed Up Inflation Fight; Apple, Tesla, Rivian In Focus",0.0,0.0,1.0,0.0
