﻿,Titles,Polarity,Positive,Neutral,Negative
0,Used Teslas Are Selling at Discounts in This City,0.505,0.239,0.668,0.093
1,Tesla Could Reopen Its Shanghai Factory Next Week: Report,0.0,0.0,1.0,0.0
2,"Tesla earnings: Wall Street worries about China shutdowns, Musk’s Twitter distraction",-0.34,0.0,0.942,0.058
3,Should Tesla Shareholders Worry About Musk's Involvement With Twitter?,-0.503,0.0,0.883,0.117
4,Traditional Metrics Don’t Capture Twitter’s Value. Musk Is Tapping Into The Disconnect.,0.494,0.224,0.776,0.0
5,Tesla and Other Auto Makers Move to Restart Plants in Shanghai,-0.402,0.044,0.843,0.112
6,Twitter founder Jack Dorsey finally tweets about Elon Musk’s takeover bid,-0.143,0.0,0.969,0.031
7,Twitter Adopts Shareholder Rights Plan,-0.586,0.0,0.714,0.286
8,Buyout firm Thoma Bravo approaches Twitter with acquisition interest,0.629,0.065,0.913,0.022
9,Elon Musk embodies the quality people hate most in a boss,0.0,0.0,1.0,0.0
10,"Elon Musk's $43 billion bid for Twitter lacks 'legal clout,' experts say",0.994,0.098,0.868,0.035
11,Twitter Adopts ‘Poison Pill’ to Ward Off Musk Takeover,0.987,0.119,0.814,0.067
12,2 Reasons Dogecoin Was Up 11% Over the Past 3 Days. Should You Buy?,0.0,0.0,1.0,0.0
13,"Cathie Wood Just Took Her Tesla Price Target to $4,600. Robotaxis Are What Did It.",0.0,0.0,1.0,0.0
14,Elon Musk Has a Huge Problem to Overcome If He's Going to Buy Twitter,0.756,0.098,0.852,0.05
15,"Tesla Recalls Another 594,717 Vehicles. It’s the Eighth Time This Year.",0.0,0.0,1.0,0.0
16,Jim Cramer Says You Should Sell These 10 Stocks,0.998,0.1,0.848,0.052
17,10 Favorite Stocks of Billionaire Izzy Englander,1.0,0.131,0.859,0.01
18,Is Now the Time to Buy Electric Vehicle Stocks?,0.625,0.13,0.87,0.0
19,Elon Musk’s bid for Twitter spells trouble for Tesla investors — here’s why,0.077,0.049,0.951,0.0
20,Why Is Everyone Talking About Electric Vehicle Stocks?,0.827,0.135,0.823,0.041
21,UPDATE 1-Tesla looks to resume production at Shanghai plant on April 18 -sources,-0.921,0.016,0.924,0.06
22,Tesla looks to resume production at Shanghai plant on April 18 -sources,-0.921,0.016,0.923,0.061
23,The CDC has ‘gotten out of the business’ of controlling disease: Michael Lewis,0.844,0.324,0.676,0.0
24,Here’s What Elon Musk Can Do if Twitter Rejects His $43 Billion Bid,0.026,0.091,0.823,0.087
25,UPDATE 1-Xpeng CEO warns China automakers face production suspensions in May,-0.886,0.048,0.874,0.078
26,How Elon Musk could fund his $43bn Twitter takeover,0.202,0.112,0.816,0.071
27,"Dow Jones Futures: Market Rally Keeps Sliding, 5 Stocks Near Buy Points, Tesla Earnings Loom",0.103,0.131,0.754,0.115
28,Elon Musk Has an Unusual Strategy to Shush Saudi Arabia,0.052,0.131,0.748,0.121
29,"Musk's Twitter play sparks concerns about distraction, stock sales at Tesla",0.979,0.088,0.874,0.038
