﻿,Titles,Polarity,Positive,Neutral,Negative
0,Cybertruck outfitter to open R&amp;D office in Austin,0.0,0.0,1.0,0.0
1,"Tesla stock extends $100+ bounce after Daiwa analyst says buy, for these reasons",0.671,0.146,0.854,0.0
2,"After Its Fresh Correction, Lucid Group Is a Buy",0.998,0.113,0.851,0.036
3,3 Most-Shorted Stocks Near 52-Week Lows to Trade,0.994,0.091,0.872,0.037
4,10 Cryptocurrencies to Watch Amid Russia’s Attack on Ukraine,0.999,0.121,0.848,0.032
5,Lucid Stock Is a Buy as the Q4 Earnings Report Date Nears,0.998,0.099,0.893,0.008
6,Tesla (TSLA) Moves to Strong Buy: Rationale Behind the Upgrade,0.997,0.125,0.868,0.007
7,"Despite the Decline of Its Shares, Lucid Still Has a Good Chance to Succeed",0.999,0.157,0.807,0.036
8,Elon Musk Rumored to Buy Bored Ape NFT Worth 569 Ethereum,0.835,0.053,0.913,0.034
9,Tesla (TSLA) Down 3.4% Since Last Earnings Report: Can It Rebound?,0.992,0.104,0.855,0.041
10,Russian Troops Advance on Kyiv; Talks Are on the Table,0.422,0.113,0.887,0.0
11,Is Rivian Stock A Buy As CEO Eyes 10% EV Market Share By 2030?,0.612,0.158,0.804,0.039
12,Best Momentum Stocks to Buy for February 25th,0.987,0.097,0.903,0.0
13,Will Lucid's (LCID) Q4 Earnings Upset Investors Once Again?,0.99,0.08,0.904,0.016
14,"Weekend Wheels: With Tesla as the one to beat, our reviewer takes Arizona-made Lucid Air for a spin",-0.077,0.0,0.957,0.043
15,"Dow Jones Rallies As Russia Enters Kyiv; Etsy, Square Soar On Earnings",0.0,0.0,1.0,0.0
16,NIO Stock Will Break Out on the Back of New Models This Year,0.997,0.102,0.84,0.058
17,"Solid Power Is Up, but It’s Still Not a Worthwhile Battery Bet",0.991,0.107,0.848,0.046
18,Lucid Recalls 203 Air Sedans: Time to Sell?,0.758,0.152,0.786,0.062
19,"Standard Motors (SMP) Beats on Q4 Earnings, Hikes Dividend",0.995,0.1,0.877,0.023
20,"Dow Jones Futures Reverse As Russia Enters Kyiv; Etsy, Square Soar On Earnings",0.0,0.0,1.0,0.0
21,Analysts Called The Crashes In Apple And Tesla; Here's What They Say Now,0.382,0.11,0.89,0.0
22,Tesla Upgraded by Daiwa on Enhanced Competitive Advantage,0.976,0.159,0.81,0.031
23,"Russia Steps Up Attacks, Sanctions Pile Up, Musk and the SEC, Bitcoin - Five Things You Must Know",-0.671,0.0,0.853,0.147
24,This Tesla Competitor Targets 10% EV Market Share By 2030,0.796,0.108,0.844,0.049
25,Stocks Staged a Huge Turnaround. Markets Now Have a Problem.,0.0,0.0,1.0,0.0
26,7 Electric Vehicle Stocks That You Can Trust for the Long-Haul,0.999,0.106,0.851,0.043
27,5 Autonomous Vehicles Stocks to Buy as Nvidia-Jaguar Deal Revs Up,1.0,0.134,0.853,0.014
28,"Beyond Meat, VMware Fell Premarket; Pearson, Etsy, Yandex Rise",0.153,0.061,0.883,0.056
