﻿,Titles,Polarity,Positive,Neutral,Negative
0,Tesla Joins Elite IBD 50 Growth List Ahead Of Stock Split,0.758,0.116,0.884,0.0
1,Musk Says Twitter Is Hounding Him Over Every Chat About Buyout,0.459,0.06,0.887,0.052
2,UPDATE 1-U.S. seeks information from Tesla on in-car camera in Autopilot probe,0.361,0.054,0.9,0.046
3,Single-stock ETFs: ‘We’re going to see this entire ETF category absolutely explode’,0.0,0.0,1.0,0.0
4,U.S. seeks information from Tesla on in-car camera in Autopilot probe,0.501,0.056,0.9,0.044
5,Tesla May Be Opening Up Its Charging Network. Why That Risky Move Makes Sense.,0.026,0.132,0.775,0.093
6,Tesla Has News That Will Delight Customers,-0.522,0.049,0.803,0.147
7,U.S. seeks information from Tesla on cabin camera in Autopilot probe,0.7,0.084,0.872,0.044
8,Tesla seeks hearing on California regulator Autopilot allegations,0.052,0.071,0.88,0.049
9,Tesla Has Another Supply-Chain Problem: Drought,0.296,0.121,0.879,0.0
10,LVS Advisory: “We’re Watching Musk’s Deal to Acquire Twitter (TWTR)”,0.987,0.104,0.863,0.033
11,EVs: Average auction bids for Ford and Rivian’s electric pickup trucks double overall market,0.296,0.061,0.939,0.0
12,Why Rivian still may not be a worthy competitor to Ford or Tesla,0.0,0.0,1.0,0.0
13,Dow Jones Falls After Key Economic Data; BBBY Stock Plunges 28%,0.296,0.095,0.905,0.0
14,Cathie Wood Sold Some Tesla Stock. Just Not In the Way You Would Expect.,0.459,0.167,0.833,0.0
15,Elon Musk’s GOP ties deepen as he appears at a Trump-aligned donor event,0.995,0.092,0.882,0.025
16,Tesla (TSLA) to Bring Supercharger Network to US Non-Tesla Owners,0.995,0.085,0.902,0.014
17,Dow Jones Futures Rise After Key Economic Data; BBBY Stock Dives 18%,0.296,0.104,0.896,0.0
18,3 Long-Term EV Plays to Reap Benefits From the Climate Bill,0.999,0.123,0.852,0.025
19,Tesla asks Shanghai government for help securing power that is being threatened by drought: Bloomberg,0.273,0.203,0.677,0.12
20,5 Companies Most at Risk of Biden’s Stock Buyback Tax,0.99,0.091,0.864,0.045
21,Tesla Asks Chinese Government to Help Secure Power to Suppliers,-0.975,0.032,0.897,0.071
22,7 Speculative Stocks to Buy If You Believe the Rumors,0.997,0.102,0.854,0.044
23,Tesla Stock Split: 5 Things to Know About the Upcoming Split,0.0,0.0,1.0,0.0
24,UPDATE 1-Tesla cuts delivery waiting time for Model Y in China to a minimum of 4 weeks,-0.599,0.032,0.92,0.049
25,Tesla shortens delivery waiting time for Model Y in China to 4-8 weeks -website,0.0,0.0,1.0,0.0
