﻿,Titles,Polarity,Positive,Neutral,Negative
0,"Stocks close lower, consumer staples and discretionaries lead sector gains",0.0,0.0,1.0,0.0
1,Stephen King testifies; Musk strikes back; Boeing 787 gets OK: 3 legal stories to watch,-0.859,0.065,0.862,0.074
2,"Morgan Stanley, Bank of America subpoenaed by Twitter in legal battle with Elon Musk",-0.273,0.065,0.823,0.113
3,Americans want EV tax incentives. But are they ready to lose gas cars forever?,0.361,0.137,0.863,0.0
4,"Tesla investors urged to vote against board members, for shareholder proposals by influential advisory services",0.7,0.163,0.837,0.0
5,US STOCKS-Wall St struggles to gain as earnings-driven rally peters out,-0.781,0.057,0.869,0.074
6,Billionaire Vice Chairman of China Battery Giant CATL Resigns,0.09,0.097,0.807,0.096
7,"Why Tesla, Nio, and Li Auto Stocks All Jumped Monday",0.382,0.14,0.86,0.0
8,F vs. TSLA: Which Stock Should Value Investors Buy Now?,0.996,0.186,0.811,0.003
9,"Tesla Extends Rally, With Gain Approaching 50% From Low in May",0.993,0.154,0.811,0.035
10,"US STOCKS-Dow, S&amp;P 500 edge lower in choppy trading; Tesla lifts Nasdaq",0.96,0.08,0.869,0.051
11,China EV Sales: Li Auto Stock Pops On This EV Milestone But Xpeng Takes July Sales Crown,0.477,0.129,0.871,0.0
12,Dow Jones Falls As Boeing Surges; Chinese EV Stocks Rise On Deliveries,0.0,0.0,1.0,0.0
13,"Stocks open lower, Tesla stock gains, wheat prices fall",0.0,0.0,1.0,0.0
14,Uber Misses Out on Reopening Trade as Investors Crave Profitability,0.999,0.148,0.795,0.057
15,The Less Bad News About Netflix,0.856,0.282,0.657,0.061
16,Dow Jones Futures Dip As Boeing Surges; Chinese EV Stocks Rise On Deliveries,0.0,0.0,1.0,0.0
17,China's CATL reshuffles management as billionaire executive exits,0.927,0.086,0.9,0.014
18,Google Shares Plans To Boost Productivity Amid Uncertainty; Does Not Rule Out Layoffs,0.99,0.166,0.795,0.039
19,3 Stocks to Avoid This Week,0.557,0.119,0.812,0.069
20,"NIO, XPeng, and Li Auto Deliveries Cool Off in July. The Stocks Jump Anyway.",0.0,0.0,1.0,0.0
21,"China EV Sales: Nio Stock, Xpeng, Li Auto Rise On July Deliveries Despite Slide Vs. June",0.422,0.104,0.896,0.0
22,"Giant Pension Bought Apple Stock. It Sold Tesla, Microsoft and AT&amp;T.",0.097,0.12,0.778,0.102
23,Tesla Inks Battery Materials Deals With Two China Suppliers,0.832,0.087,0.851,0.062
24,Tesla Inks Battery Materials Deals With Two Chinese Suppliers,0.494,0.079,0.852,0.069
