﻿,Titles,Polarity,Positive,Neutral,Negative
0,Carparts.com sees 300% increase in site traffic in 2020,0.999,0.091,0.894,0.014
1,Tron Ticker Confusion: Would-Be TRX Crypto Investors Mistakenly Buy Tanzanian Gold (TRX) Stock,0.375,0.086,0.837,0.077
2,"You Can Buy Hyliion Holdings Stock on Dips, but It Is Priced Right for Now",0.999,0.151,0.815,0.033
3,"Luminar, Volvo Open Long Range Curated Lidar Dataset For Industry Developers, Researchers",0.983,0.144,0.856,0.0
4,"The Zacks Analyst Blog Highlights: Tesla, Hyliion Holdings, Arcimoto, Ford and General Motors",1.0,0.157,0.829,0.015
