﻿,Titles,Polarity,Positive,Neutral,Negative
0,The Twitter Deal Doesn’t Hinge on Financing. Elon Musk Can Still Afford It.,-0.178,0.0,0.909,0.091
1,The Playbook: CEO takes on remote work and an often-unspoken turnover threat,-0.735,0.0,0.813,0.187
2,Dow Jones Futures: Bullish Market Reaction To Bearish Target News; 7 Stocks Near Buy Points,-0.34,0.0,0.882,0.118
3,New book explores the legacy of business titan Jack Welch,-0.077,0.064,0.865,0.071
4,Judge gives former Tesla worker a deadline to accept $15 million payout over racism,-0.979,0.085,0.738,0.177
5,Judge gives former Tesla worker a deadline to accept $15 mln payout over racism,-0.979,0.085,0.739,0.176
6,Elon Musk’s Twitter Deal Draws Investor Suit Over Spam Account Claims,-0.939,0.055,0.863,0.082
7,Tesla's Cybertruck Is On The Move,0.511,0.202,0.798,0.0
8,Exclusive - Musk's Twitter deal threats put new financing on ice - sources,-0.955,0.066,0.843,0.091
9,Musk's Lawyers Claim Twitter Breached Merger Contract,0.077,0.264,0.52,0.216
10,Inside Elon Musk’s new legal strategy for ditching his Twitter deal,0.665,0.131,0.84,0.029
11,UPDATE 3-Tesla challenges powers of California agency behind race bias lawsuit,-0.986,0.048,0.823,0.129
12,Tesla challenges powers of California agency behind race bias lawsuit,-0.986,0.049,0.819,0.132
13,10 ETFs to Invest In For Beginners,1.0,0.143,0.839,0.018
14,Polestar 3 SUV to boost Swedish EV-maker's 'growth trajectory',0.656,0.02,0.974,0.005
15,Rivian Touts Cash Reserves At First Shareholder Meeting; Is RIVN Stock A Buy?,-0.402,0.074,0.736,0.19
16,Apple Overhauls CarPlay With Major New Features,0.0,0.0,1.0,0.0
17,Cathie Wood Goes Bargain Hunting: 3 Stocks She Just Bought,-0.273,0.0,0.966,0.034
18,Tesla’s China Numbers Are Coming. Here’s What to Expect.,0.459,0.261,0.609,0.13
19,Top 10 Stock Picks of Frank Fu’s CaaS Capital,0.997,0.081,0.905,0.014
20,"Market check: Stocks fall, energy sector up, Japanese yen rises",0.849,0.042,0.938,0.02
21,Dow Jones Slides As Target Dives On Profit Warning; Tesla Skids,-0.153,0.119,0.697,0.184
22,This summer will decide remote work’s fate. A White House–predicted COVID wave this fall could render it moot,-0.422,0.054,0.893,0.053
23,Dow Jones Futures Sell Off As Target Dives On Profit Warning,-0.077,0.131,0.679,0.19
24,Dow Jones Futures Drop As Treasury Yields Ease; Target Dives On Profit Warning,-0.077,0.131,0.679,0.19
25,Something New Hits the Las Vegas Strip (Look Out Tesla),0.077,0.04,0.934,0.026
26,Can Dogecoin Reach $1?,0.832,0.405,0.511,0.084
27,Tesla Has News That European Customers Will Like,0.202,0.087,0.913,0.0
28,"Twitter Stock Extends Slide As Musk Gets Cold Feet, Texas AG Seeks 'Fake Account' Probe",-0.128,0.094,0.794,0.112
29,China’s Strategic EV Incentive Is Another Reason to Buy Nio Stock,0.993,0.102,0.871,0.027
30,What Elon Musk's Latest Threat to Twitter Means for Investors,-0.052,0.0,0.934,0.066
31,7 Electric Vehicle Stocks With ‘Buy’ Analyst Ratings,0.998,0.119,0.802,0.079
32,Dow Futures Down 130 Pts; Activity Limited Ahead of Key CPI Release,-0.987,0.036,0.859,0.104
33,Tesla and Elon Musk Have a Big Union Problem,0.0,0.0,1.0,0.0
