﻿,Titles,Polarity,Positive,Neutral,Negative
0,What’s Up With EV Stocks Finishing Down?,0.44,0.095,0.905,0.0
1,Why Tesla Stock Fell Sharply on Friday,0.7,0.221,0.69,0.089
2,Tesla Rival Nio Halts Factory Amidst Chip Shortage,-0.875,0.078,0.813,0.109
3,"Stock Market Today: Dow, S&amp;P 500 Surge Late, Set New Highs",0.999,0.182,0.8,0.019
4,The S&amp;P 500 Soared Today. Here's Why.,0.965,0.089,0.867,0.044
5,Nio the latest automaker hit by chip shortage,0.248,0.041,0.923,0.037
6,Column: Feds rule that Musk and Tesla are no friend to workers,-0.983,0.063,0.847,0.091
7,How the pandemic has led to a boom in used car purchases,-0.128,0.0,0.936,0.064
8,"Tesla Stock to $3,000? How Cathie Wood’s ARKK Highlights a Growing Problem",0.997,0.106,0.854,0.04
9,7 Sector Index Funds To Keep On Your Radar,0.999,0.09,0.905,0.005
10,"Tesla's Touchscreen-Based Gear Selection Doesn't Violate Rules, NHTSA Says",0.955,0.109,0.843,0.048
11,Elon Musk Did Something Somewhat Unusual: Delete a Tweet,0.947,0.086,0.88,0.034
12,March Madness on Wall Street: stocks to watch,0.077,0.091,0.826,0.083
13,Tesla In The Garage,0.922,0.254,0.678,0.068
14,"Dow Rallies, Tech Stocks Reverse Lower As Treasury Yields Jump; Boeing At New Buy Point, While Tesla Slides",0.202,0.07,0.93,0.0
15,7 Ways to Define a Blue-Chip,1.0,0.129,0.84,0.031
16,US Indexes Close Higher Thursday,0.99,0.106,0.844,0.05
17,"Plug Is Not a Slouch, So Selling it Now Is a Mistake",0.984,0.097,0.839,0.065
18,"Dow, Tech Stocks Rally As Treasury Yields Jump; Boeing At New Buy Point, While Tesla Slashes Losses",0.202,0.07,0.93,0.0
19,Tesla's Musk Deletes a Tweet About Firm's Growth,0.226,0.087,0.913,0.0
20,Tesla Deliveries Are Coming. They Matter More Than Ever. Here’s What to Expect.,0.0,0.0,1.0,0.0
21,NIO Electric Vehicle Production Hit by Semiconductor Shortage,-0.459,0.0,0.941,0.059
22,PepsiCo Indicates It Will Take Delivery of 15 Tesla Semis Later This Year,0.382,0.046,0.954,0.0
23,"If You Invested $1,000 In Tesla Stock One Year Ago, Here's How Much You'd Have Now",0.959,0.071,0.9,0.029
24,Cathie Wood Cautions Investors Against Transacting With Bitcoin Until Tax Code Is Changed,0.987,0.12,0.856,0.024
25,"The Zacks Analyst Blog Highlights: Tesla, General Motors, Toyota Motor, Albemarle Corp and Xcel Energy",1.0,0.165,0.817,0.017
26,Investing in 2021? These 3 Stocks Are Riding Unstoppable Trends,0.818,0.194,0.764,0.043
27,US Auto Sales Expected To See Substantial Rise In March Despite Chip Shortage,0.845,0.08,0.858,0.062
28,Elon Musk Stresses Self-Reliance From A Young Age As He Dismisses Alleged Emerald Mine Connection Of Family,0.854,0.063,0.893,0.043
29,Tesla Co-Founder's Battery Recycling Company Ties Up With E-Waste Firm ERI,-0.785,0.027,0.921,0.051
30,Xiaomi Shares Surge As Report Says Company To Make Electric Vehicles Aimed At Mass Market In China,0.986,0.091,0.896,0.013
31,"GameStop, Elon Musk, Microsoft and Discord, Ford - 5 Things You Must Know",0.66,0.204,0.729,0.068
32,Tesla Brings Its Tequila Bottles To Europe And China — Without The Tequila,-0.34,0.045,0.902,0.053
33,"Bitcoin Has Dropped To Below $51,000 And Analyst Says Further Downside On The Horizon",-0.748,0.065,0.855,0.079
34,Chip Shortage Leads Ford To Idle F-150 Plant Through Sunday,-0.936,0.045,0.856,0.099
35,"Elon Musk Violated Labor Laws With 2018 Tweet, Tesla Ordered To Reinstate Union Activist",-0.798,0.056,0.867,0.077
36,"Tesla must rehire fired worker and Elon Musk must delete anti-union tweet, NLRB rules",-0.557,0.0,0.893,0.107
