﻿,Titles,Polarity,Positive,Neutral,Negative
0,"Tesla, Ford, and GM’s Plan to Unlock EV Battery Capacity",0.44,0.14,0.86,0.0
1,"Dow Jones Futures: Market Rally Bends But Doesn't Break; Big Week For Tesla, EV Rival",-0.55,0.0,0.861,0.139
2,Jaguar Formula-E team to take the track at the all-electric NYC E-Prix,0.0,0.0,1.0,0.0
3,Earnings and economic data to expect out next week,0.0,0.0,1.0,0.0
4,Single-stock focused ETF launches in the U.S.,0.361,0.082,0.918,0.0
5,What Elon Musk may have in common with American innovators Thomas Edison and Ted Turner,0.422,0.135,0.865,0.0
6,Tesla Facing Growing Competition From a Big Player,0.0,0.0,1.0,0.0
7,"Is Rivian Stock As Management Holds Meeting To Clarify Potential Layoffs, Cost Cuts?",-0.402,0.074,0.736,0.19
8,Manchin called out by climate change’s powerful voice: ‘A modern-day villain who drives a Maserati and lives on a yacht courtesy of the coal industry’,0.0,0.0,1.0,0.0
9,Elon Musk doesn’t have ‘a leg to stand on’: veteran tech analyst,0.527,0.056,0.898,0.045
10,3 Butchered Tech Stocks to Buy and Hold,0.999,0.177,0.776,0.047
11,The many political allegiances of Elon Musk,0.937,0.041,0.94,0.019
12,NEWSMAKER-Judge in Twitter v. Musk once made rare ruling: ordering a deal to close,-0.889,0.074,0.845,0.081
13,Elon Musk ‘doesn’t have a leg to stand on’ in Twitter lawsuit: Analyst,0.998,0.124,0.827,0.049
14,Porsche’s Luxury IPO Pitch Meets Investor Concern Over Valuation,0.988,0.091,0.853,0.055
15,"Fed chair cleared of controversy, SEC eyes Musk tweet amid deal fallout, Shein aims for 2024 IPO",0.103,0.034,0.966,0.0
16,Munich court orders Tesla to reimburse customer for Autopilot problems,-0.779,0.031,0.899,0.069
17,Dow Jones Rallies After Strong Retail Sales; 4 Key Earnings Reports To Watch,0.649,0.218,0.782,0.0
18,UPDATE 1-Musk says Tesla could lower car prices if inflation slows,-0.881,0.065,0.813,0.123
19,Musk says Tesla could lower car prices if inflation slows,-0.881,0.068,0.804,0.128
20,Column: Who's really on the hot seat in the Musk/Twitter fight? This little-known Delaware court,0.998,0.131,0.802,0.067
21,"Investors Heavily Search Tesla, Inc. (TSLA): Here is What You Need to Know",0.999,0.13,0.864,0.006
22,Dow Jones Futures Rise After Strong Retail Sales; 4 Key Earnings Reports To Watch,0.649,0.218,0.782,0.0
23,Dow Jones Futures Rise Ahead Of Retail Sales; 4 Key Earnings Reports To Watch,0.25,0.087,0.913,0.0
24,"With a run of 2022 layoffs, how bad is the tech job market?",-0.273,0.12,0.667,0.213
25,Think Tesla's Going Down More? New ETF Rises When Tesla Falls,0.67,0.2,0.8,0.0
26,"Analyst sees 45% rally, recommends buying Twitter ahead of Musk legal battle",0.896,0.08,0.858,0.062
27,"The Zacks Analyst Blog Highlights Tesla, Driven Brand Holdings and Allison Transmission",0.994,0.085,0.877,0.038
28,Some Major Stocks Are Splitting: Here's When You're Most Likely to Benefit,0.836,0.111,0.889,0.0
29,VinFast Opens First EV Showrooms on Tesla’s California Doorstep,0.83,0.045,0.926,0.029
30,"GM, Tesla Strike New Partnerships to Expand EV Infrastructure",0.202,0.239,0.581,0.181
