﻿,Titles,Polarity,Positive,Neutral,Negative
0,"Dow Jones Futures: No End To Stock Market Woes; Infrastructure Bill In Doubt, Tesla, Nio Deliveries Loom",-0.586,0.0,0.691,0.309
1,"Dow Jones Futures: Stock Market Woes Continue; Infrastructure Bill In Doubt, Tesla, Nio Deliveries Loom",-0.586,0.0,0.691,0.309
2,"Bed Bath &amp; Beyond shares sink, Lordstown Motors nears deal to sell Ohio plant",0.0,0.0,1.0,0.0
3,Tesla Stock In Buy Range Ahead Of Q3 Deliveries Data,-0.153,0.0,0.922,0.078
4,Cathie Wood is Dumping These 15 Stocks,0.998,0.08,0.89,0.03
5,Chinese EV Companies To Report Q3 Sales; Nio Rises On First Foray Outside China,0.0,0.071,0.857,0.071
6,"With Its Vehicle Deliveries Report Coming Soon, Is Tesla Stock A Buy?",0.511,0.148,0.852,0.0
7,Tesla Delivery Numbers Could Arrive Friday. Wall Street Expects a Record.,0.0,0.0,1.0,0.0
8,Charging an EV Is Getting Faster. Why Speed Matters.,0.128,0.061,0.939,0.0
9,Chamath Palihapitiya says he sold Tesla stock,0.0,0.0,1.0,0.0
10,GM CEO Mary Barra Is Head of the Business Roundtable. Why Tesla Should Care.,0.0,0.0,1.0,0.0
11,Notable Tesla Insider Trades $830K In Company Stock,0.984,0.102,0.89,0.007
12,Retail investing is ‘here to stay’: Suzanne Shank,0.273,0.077,0.923,0.0
13,Tesla Loses China Fraud Case in Latest Setback in Key Market,-0.959,0.091,0.802,0.107
14,My Best Stocks to Buy and Hold Right Now,0.802,0.115,0.885,0.0
15,Looking for a Growth Stock? Why It is Time to Focus on Tesla (TSLA),0.995,0.203,0.793,0.004
16,"Treasury official: Crypto 'needs adults in the room,' should embrace regulation before crisis hits",0.876,0.104,0.804,0.092
17,Dow Jones Futures Signal Market Rally; Congress Set To Vote On Government Shutdown,-0.55,0.0,0.822,0.178
18,Chamath Palihapitiya Dumped His Tesla Stock. He’s the Latest Booster to Sell.,0.0,0.0,1.0,0.0
19,The Top 50 Robinhood Stocks in October,0.612,0.07,0.93,0.0
20,Tesla Stake Shed by Investor Palhapitiya to Fund Other Ideas,0.317,0.094,0.906,0.0
21,UPDATE 2-ABB launches world's fastest charger to plug into surging e-car market,0.956,0.076,0.902,0.022
22,"Tesla Steady Premarket on Likely Nod For German Factory, Shrugs off ARK Sales",0.875,0.071,0.901,0.028
23,"ROSEN, SKILLED INVESTOR COUNSEL, Encourages Tesla, Inc. Investors With Losses Over $100K to Inquire About Class Action Investigation - TSLA",0.985,0.11,0.853,0.037
24,Chamath Palihapitiya says he sold his Tesla stake to fund other investments,0.649,0.209,0.791,0.0
