﻿,Titles,Polarity,Positive,Neutral,Negative
0,Churchill Capital IV Stock Price Might Soon Stabilize,0.998,0.134,0.851,0.015
1,"Strong Tesla sales are a ‘drop the mic’ moment, analyst says",-0.153,0.0,0.922,0.078
2,Tesla Stock Will Be In Spotlight On Monday After Q1 2021 Production &amp; Deliveries Report,0.995,0.145,0.832,0.023
3,Tesla Q1 Deliveries Beat Forecasts Despite Gains From Rivals,0.275,0.144,0.719,0.137
4,Tesla Deliveries Smashed Expectations. The Stock Should Rise Monday.,-0.412,0.0,0.828,0.172
5,All of Tesla’s Short Sellers Have Vanished,0.305,0.214,0.718,0.069
6,The Jobs Report Was Way Better Than Expected. Investors Shouldn’t Overreact.,0.527,0.206,0.794,0.0
7,"UPDATE 2-Tesla posts record deliveries in first quarter, beats estimates",0.929,0.084,0.89,0.026
8,"Tesla posts record deliveries in first quarter, beats estimates",0.929,0.086,0.887,0.026
9,Tesla first-quarter deliveries beat estimates,0.755,0.07,0.896,0.034
10,"Tesla delivered 184,800 vehicles in Q1, blowing past estimates",0.919,0.093,0.897,0.01
11,Tesla first-quarter deliveries beat estimates,0.153,0.064,0.881,0.055
12,"Dow Jones Futures Rise On Blowout Jobs Report; Google, Microsoft Flash Buy Signals As Nasdaq Joins Market Rally",0.34,0.136,0.785,0.079
13,Tesla Q1 2021 Vehicle Production &amp; Deliveries,0.732,0.047,0.929,0.024
14,"This Top Mutual Fund Likes Google, Is Cautious On Tesla",0.0,0.0,1.0,0.0
15,The Battle Over Tesla Stock Is Over—For Now,0.305,0.214,0.718,0.069
16,"Tesla Beats Wall Street Forecasts With 184,800 First-Quarter Deliveries",0.66,0.322,0.607,0.07
