﻿,Titles,Polarity,Positive,Neutral,Negative
0,"Dow Jones Futures Fall After Facebook-Led Market Rally; Apple Earnings Top, Amazon Tumbles",0.494,0.189,0.811,0.0
1,"Musk’s Twitter Pitch Featured Job Cuts, Other Ways to Make Money",0.687,0.072,0.868,0.06
2,Elon Musk Tries to Deflate The Musk Craze,0.863,0.162,0.808,0.03
3,Will Elon Musk Read Your Twitter DMs?,-0.077,0.044,0.909,0.047
4,Lucid CEO Got Half of $566 Million Award Before Shares Fell 67%,0.727,0.081,0.873,0.046
5,Is Elon Musk's Dogecoin On Its Way to $1?,0.771,0.087,0.913,0.0
6,"Elon Musk wants to make Twitter ‘maximum fun’. Here’s what Cathie Wood, Anthony Scaramucci and Sam Bankman-Fried are saying",0.414,0.181,0.819,0.0
7,Ford Stock Volatile After Earnings Despite Bullish Outlook As Wall Street Flags This Concern,0.128,0.171,0.732,0.098
8,"IBD Live QA Summary, Stock Lists For Thursday, April 28, 2022",0.878,0.193,0.771,0.035
9,Elon Musk Has Very Bad News for Muskmania,0.863,0.162,0.808,0.03
10,Twitter-Musk Deal Spread Widens as Traders Fret Over a Collapse,-0.267,0.078,0.842,0.08
11,"Red ink, inflated user count, and a shelved outlook: Did Elon Musk bite off more than he can chew with Twitter?",0.97,0.097,0.83,0.073
12,UPDATE 2-Elon Musk's early Twitter stock buy under FTC scrutiny -The Information,0.318,0.066,0.89,0.043
13,"Tesla stock looking at 15% weekly loss, Twitter stock stays below Musk’s offer",-0.518,0.0,0.885,0.115
14,Elon Musk's early Twitter stock buy under FTC scrutiny -The Information,0.671,0.069,0.9,0.031
15,Tesla Stock Is Falling Today: Is It Time to Buy?,0.052,0.1,0.82,0.08
16,10 Best Lithium Stocks To Buy Now,1.0,0.105,0.881,0.014
17,Tesla Snatches a Coveted Relic from GM and Ford,0.572,0.163,0.837,0.0
18,Don't Fall Into a Twitter Stock Trap,0.677,0.308,0.692,0.0
19,Tesla stock on pace for worst week in 2 years amid Musk’s Twitter bid,0.0,0.0,1.0,0.0
20,Tesla Stock Is Dropping Like a Stone. There’s No New Reason Why.,0.164,0.117,0.8,0.083
21,Ford Stock Tumbles After Earnings Despite Bullish Outlook As Wall Street Flags This Concern,0.128,0.149,0.766,0.085
22,Why Tesla Stock Is Sinking Today,-0.103,0.06,0.87,0.071
23,"Stocks today: Tesla lags, Meta jumps, Boeing declines, Pinterest pops",0.0,0.0,1.0,0.0
24,"Dear Elon, Please, Oh Please, Walk Away From Twitter",-0.273,0.0,0.92,0.08
25,"Twitter posts revenue miss, earnings beat amid Musk buyout deal",0.991,0.102,0.868,0.03
26,Dow Jones Rallies As Facebook Soars 18% On Earnings; Apple Earnings Due,0.0,0.0,1.0,0.0
27,This New Type of Battery Could Change the World,0.999,0.118,0.852,0.03
28,Tesla Did It Again: Another Record Quarter,0.625,0.164,0.748,0.088
29,Tesla Is The Most Overvalued Car Company Ever,0.494,0.103,0.847,0.049
30,Dow Jones Futures Jump As Facebook Soars On Earnings; Apple Earnings Due,0.0,0.0,1.0,0.0
31,Twitter tops user-growth expectations in first report following Elon Musk deal agreement,0.883,0.148,0.852,0.0
32,Elon Musk is joking about buying Coke to ‘put the cocaine back in’ as investors worry whether his Twitter buy will go through,-0.992,0.044,0.855,0.101
33,"Twitter misses Q1 revenue estimates, posts better than expected user growth",0.907,0.099,0.827,0.074
34,3 Companies Leading Tesla in Autonomous Driving,-0.077,0.054,0.902,0.044
35,Ford throws shade at 'eight or nine top hats' worn by electric vehicle rival,0.799,0.032,0.957,0.011
36,3 Top EV Stocks Ready for a Bull Run,0.283,0.065,0.935,0.0
37,Dow Jones Futures Signal Strong Market Bounce As Facebook Surges On Earnings; ARK Stock Teladoc Crashes,0.477,0.147,0.853,0.0
38,Why User Numbers Are Key for Tech This Earnings Season,-0.361,0.0,0.921,0.079
39,Will Tesla Live Up to Its Trillion Dollar Valuation?,0.696,0.133,0.818,0.048
40,Tesla Could See 50% Revenue Growth in Next Few Years,0.351,0.067,0.9,0.033
41,"The Zacks Analyst Blog Highlights Tesla, Medtronic, IBM, Lowe's Companies and Intuitive Surgical",0.997,0.123,0.841,0.035
42,Is Elon Musk's Twitter Buyout a Done Deal?,0.382,0.126,0.874,0.0
43,India stands by social-media demands as Musk moves on Twitter,-0.816,0.064,0.848,0.087
44,3 Stocks That Could Be Worth More Than Tesla by 2030,0.794,0.144,0.856,0.0
45,Elon Musk Is a Crypto Fan. What the Twitter Deal Means for Bitcoin and Dogecoin.,0.527,0.196,0.804,0.0
46,PRESS DIGEST- Wall Street Journal - April 28,-0.785,0.033,0.904,0.063
47,Musk’s Twitter financing tests Wall Street’s mettle: ‘What could go wrong?’,-0.273,0.0,0.884,0.116
