﻿,Titles,Polarity,Positive,Neutral,Negative
0,"Biden pushes for Build Back Better in meeting with utility CEOs, notes Tesla EV leadership",-0.402,0.0,0.87,0.13
1,It’s Okay to Be Cautious About Nio and Still Hit the Buy Button,0.992,0.084,0.891,0.024
2,"California Threatens to Sue Tesla Over Racial Discrimination, Harassment Allegations",-0.993,0.033,0.811,0.156
3,Biggest Single-Day Market Cap Drops in U.S. Stocks,0.86,0.127,0.846,0.026
4,Why Tesla holding $2 billion in Bitcoin is 'a distraction and sideshow': Analyst,0.96,0.063,0.918,0.019
5,Biden Just Gave TSLA Stock the Fuel It Needs to Overcome Threats in 2022,0.988,0.1,0.868,0.032
6,Electric Vehicle Checkpoint: Will we See Elon Musk in the White House?,0.202,0.083,0.917,0.0
7,Why Rivian Stock Ripped Higher Today,0.919,0.16,0.84,0.0
8,"California to sue Tesla for discrimination, harassment, auto maker says",0.0,0.0,1.0,0.0
9,Video Highlights – Gravity-Based Energy Storage: Join Energy Vault Co-Founder &amp; CEO in Fireside Chat,0.994,0.161,0.832,0.007
10,"Tesla Stock Rises Despite Lawsuits, FSD Hazards",0.527,0.161,0.783,0.057
11,The Extreme Volatility in Snap Inc Stock Is Only Temporary,0.997,0.138,0.802,0.059
12,Better Buy: Tesla vs. Ford,0.625,0.082,0.918,0.0
13,Why Tesla Stock Popped Again Wednesday,0.542,0.067,0.914,0.019
14,Lyft president: Ride-sharing industry 'has quite a bit of pricing power',0.178,0.066,0.888,0.046
15,Considering These 5 Ultra-Popular Stocks? Proceed With Caution,0.876,0.2,0.769,0.031
16,"Lear's (LEA) Q4 Earnings &amp; Sales Top Estimates, Down Y/Y",0.996,0.096,0.893,0.011
17,"CEO’s of TSLA, RQHTF, SOFI and XTMIF Driving Explosive Revenue Growth with Innovation and New Market Expansion in HealthTech, Electric Vehicles, and Fintech",1.0,0.189,0.8,0.01
18,"Market check: Stocks rise in early trading, Treasury yields retreat",0.0,0.0,1.0,0.0
19,"Dow Jones Rallies As Treasury Yields Retreat; Chipotle, CVS, Lyft Are Key Earnings Movers",0.625,0.231,0.769,0.0
20,Tesla fans take victory lap after Biden finally admits Elon Musk created the world’s largest EV manufacturer,0.934,0.087,0.857,0.057
21,3 Potential Suitors for Peloton That Nobody Is Talking About,0.751,0.28,0.72,0.0
22,"CNH Industrial (CNHI) Q4 Earnings Top Estimates, Down Y/Y",0.998,0.098,0.873,0.028
23,Tesla Is Recalling More Cars. What Investors Should Watch.,-0.66,0.0,0.803,0.197
24,"Dow Jones Futures Rally As Treasury Yields Retreat; Chipotle, CVS, Lyft Are Key Earnings Movers",0.511,0.171,0.829,0.0
25,"Want 140% to 225% Gains? 2 Growth Stocks to Buy, According to Wall Street",0.612,0.135,0.865,0.0
26,Is Tesla Stock a Buy?,0.0,0.0,1.0,0.0
27,Facebook Parent Meta Falls Behind Nvidia,-0.577,0.064,0.863,0.074
28,Tesla Braces for Discrimination Lawsuit. Investors Had a Heads-Up.,0.103,0.082,0.851,0.067
29,"Silicon Valley's tech monopoly is over. Is the future in Austin, Texas?",0.998,0.074,0.898,0.027
30,"Big Tech’s Elevated Premium to Fade, Deutsche Bank Strategists Say",0.978,0.114,0.849,0.037
31,"UPDATE 2-Tesla recalls 26,681 U.S. vehicles over windshield defrosting software",-0.815,0.071,0.841,0.089
32,"Tesla's latest over-the-air recall affects 26,681 vehicles with a software error affecting the heat pump",-0.026,0.091,0.806,0.103
33,Have You Ever Heard of This Electric Bus Company?,-0.542,0.071,0.813,0.116
34,"Tesla recalls 26,681 U.S. vehicles over windshield defrosting software",-0.815,0.072,0.838,0.09
35,"3 Ultra-Popular Stocks That Can Crash in 2022, According to Wall Street",0.152,0.028,0.951,0.021
36,Car makers are blaming dealers for inflating prices,0.103,0.047,0.91,0.043
37,10 Best Cryptocurrencies To Invest Your $1000,1.0,0.133,0.85,0.017
38,"Chipotle, Omnicom and Enphase Energy Rise Premarket; Lyft Falls",0.955,0.087,0.873,0.04
39,"Tesla says California plans to sue over alleged discrimination, harassment",-0.834,0.074,0.806,0.12
40,"UPDATE 2-Tesla says California plans to sue over alleged discrimination, harassment",-0.834,0.073,0.809,0.118
41,Xpeng Jumps as China Trading Link Inclusion to Widen Investor Base,0.987,0.15,0.839,0.011
