﻿,Titles,Polarity,Positive,Neutral,Negative
0,Dogecoin in spotlight as cryptocurrency backer Musk makes 'SNL' appearance,0.986,0.097,0.872,0.031
1,2 Former Tesla Executives Launch A SPAC Targeting EVs: What Investors Should Know,0.971,0.053,0.947,0.0
2,"Reassessing the Competition, Tread Carefully With Churchill Capital IV Stock",0.997,0.104,0.878,0.017
3,Elon Musk asked Twitter for ‘SNL’ sketch ideas. Guess how that went?,0.178,0.106,0.806,0.088
4,Tesla increases prices on its Model 3 and Model Y vehicles,0.318,0.173,0.827,0.0
5,5 Times Elon Musk Has Sent Dogecoin Prices Soaring,0.382,0.117,0.773,0.109
6,Elon Musk Could Be in Hot Water if He Hypes Dogecoin on SNL,0.717,0.189,0.811,0.0
7,'SNL' host Elon Musk takes a Saturday off from Tesla's troubles,0.875,0.086,0.851,0.063
8,"Don’t Look Now, but Bionano Genomics May Be a Buy",0.982,0.083,0.884,0.033
9,PayPal Stock Is A Buy On Any Dip For Your Long-Term Portfolio,0.998,0.149,0.787,0.063
10,Weaning U.S. Off Chinese Rare Earths Involves Supply-Chain Perks,0.959,0.077,0.889,0.033
11,10 Transportation as a Service Stocks to Buy,0.999,0.098,0.877,0.025
12,"Dow, Tech Stocks Rally As Yields Dive On Weak Jobs Report; Tesla Races Higher, While Square Surges On Earnings",-0.273,0.073,0.81,0.117
13,Nio Stock Still Has a Great Story and Valuation Issues,0.991,0.108,0.854,0.038
14,Here’s Elon Musk’s ‘SNL’ opening monologue (as redacted by the SEC),0.0,0.0,1.0,0.0
15,10 Construction Stocks Under $10,1.0,0.132,0.851,0.018
16,"Copper looks to set fresh record Friday as economic recovery, electric-cars drive rise in metal’s price",0.0,0.0,1.0,0.0
17,Elon Musk Hosts Saturday Night Live This Weekend. What It Means for Tesla Stock — and Dogecoin.,0.542,0.17,0.83,0.0
18,These EV Stocks Could Electrify Your Portfolio,0.999,0.107,0.854,0.038
19,Tesla Raises Prices on Cheapest Model 3 Sedan and Others,0.0,0.0,1.0,0.0
20,Tesla's Musk: Cryptocurrency 'Promising' but Exercise 'Caution!',0.4,0.105,0.895,0.0
21,"Jobs Report, Peloton, Square, DraftKings, Tesla: 5 Things You Must Know",0.273,0.124,0.876,0.0
