﻿,Titles,Polarity,Positive,Neutral,Negative
0,Uranium Stocks Are Glowing Hot As Global Nuclear Ambitions Grow,0.997,0.117,0.847,0.036
1,Tesla (TSLA) Gains But Lags Market: What You Should Know,0.987,0.086,0.904,0.01
2,"Lynch &amp; Associates Buys NVIDIA Corp, Ford Motor Co, PROSHARES TRUST, Sells Taiwan ...",0.993,0.087,0.903,0.011
3,"Electric vehicles: Audi's ‘entire portfolio will be fully electric’ by 2025, executive says",0.0,0.0,1.0,0.0
4,"Dow Jones Futures: Market Rallies On This Powell Comment As Inflation Data Looms; Apple, AMD, Nvidia, Tesla, ZIM In Focus",-0.109,0.059,0.86,0.081
5,Dow Jones Gains As Powell Makes This Pledge; Tesla Offers New Buy Point; GE Stock Rallies,0.0,0.0,1.0,0.0
6,"Market check: Nasdaq stocks stage comeback, Dow and S&amp;P 500 close near all-time highs",0.0,0.0,1.0,0.0
7,Cathie Wood is expecting a ‘bloodbath’ in this segment of the market: ‘autos are one example of…many disturbances out there in the world order’,0.0,0.072,0.856,0.072
8,"Rivian (RIVN) COO Resigns Amid Production Challenges, Stock Falls (revised)",0.989,0.08,0.903,0.017
9,"Rivian (RIVN) CEO Resigns Amid Production Challenges, Stock Falls (revised)",0.989,0.08,0.903,0.017
10,Tesla’s Austin factory is the ‘golden jewel’ in its supply ecosystem: Analyst,0.993,0.088,0.876,0.036
11,Tesla Delivered a Record Number EVs From Its China Plant Last Month. What It Means for the Stock.,0.511,0.084,0.916,0.0
12,"First American Trust, Fsb Buys Nike Inc, Tesla Inc, Teradyne Inc, Sells Starbucks Corp, Newmont ...",1.0,0.123,0.875,0.003
13,Why Is Lucid Group's Stock Higher Today?,0.308,0.137,0.798,0.065
14,"Tesla, GM Hype Autonomous Cars, But Offer Automated Features (For Now)",0.273,0.1,0.9,0.0
15,Nickel Prices: 9 Things to Know as Demand for the Silvery-White Metal Surges,0.967,0.061,0.926,0.013
16,Tesla Stock Rises After Analysts Boost Price Targets,0.511,0.17,0.83,0.0
17,Apple's Tim Cook made $98M in 2021 — how that compares to other tech CEOs,0.999,0.095,0.893,0.013
18,Rolls-Royce CEO on making EVs: 'We'd never compromise',0.986,0.079,0.909,0.013
19,Tesla Gets Nod to Test Cars From Behind-Schedule German Factory,0.922,0.097,0.851,0.052
20,TLOFF Stock: The $1.5B Tesla Deal That Has Nickel Supplier Talon Metals Taking Off Today,0.977,0.075,0.894,0.031
21,Ford Poised for More Gains as it Gears Up for Tesla Challenge,0.422,0.159,0.769,0.072
22,19 Giant Stock Winners Now Cost You $1 Trillion On The Way Down,0.44,0.112,0.888,0.0
23,Dow Jones Slides Ahead Of Powell Testimony; Tesla China Sales Strong; Rivian Misses Production Target,-0.171,0.0,0.926,0.074
24,Rivian stock falls following COO departure,0.0,0.0,1.0,0.0
25,10 Most Successful Tech IPOs of 2021,0.998,0.086,0.901,0.012
26,Prediction: These Will Be 3 of the Biggest Stocks by 2032,0.606,0.248,0.752,0.0
27,"Rivian (RIVN) CEO Resigns Amid Production Challenges, Stock Falls",0.99,0.081,0.909,0.01
28,"Rivian (RIVN) CEO Resigns Amid Production Challenges, Stock Falls (revised)",0.989,0.081,0.903,0.017
29,Tesla (TSLA) Inks Nickel Supply Deal With Talon for Battery Cells,0.996,0.111,0.863,0.026
30,"Tesla Stock: China Sales Topped 70,000 In December",-0.382,0.0,0.795,0.205
31,Dow Jones Futures Turn Lower Ahead Of Powell Testimony; Tesla China Sales Strong; Rivian Misses Production Target,0.273,0.147,0.756,0.098
32,Dow Jones Futures Rise Ahead Of Powell Testimony; Tesla China Sales Strong; Rivian Misses Production Target,-0.171,0.0,0.926,0.074
33,Tesla will buy nickel from planned Talon Metals Minnesota mine,0.796,0.102,0.898,0.0
34,19 Mega-Winning Stocks Now Cost You $1 Trillion On The Way Down,0.44,0.112,0.888,0.0
35,SES Holdings President on Next Generation Lithium-Metal Batteries for Electric Vehicles,0.997,0.087,0.9,0.013
36,7 Stocks Best Positioned to Win the EV Race in 2022,1.0,0.123,0.846,0.03
37,"UPDATE 3-Tesla sold a record 70,847 China-made vehicles in Dec -CPCA",0.649,0.029,0.959,0.012
38,Wall Street Opens Lower as Fed Officials Keep Mood Cautious; Dow Down 240 Pts,0.968,0.077,0.887,0.036
39,Tesla Loses Top-Ranking Black Executive,-0.751,0.0,0.714,0.286
40,"Tesla sold a record 70,847 China-made vehicles in Dec -CPCA",0.649,0.029,0.958,0.012
41,"Tesla, Vir Biotechnology, Illumina Rise Premarket; Rivian Falls",0.948,0.075,0.91,0.015
42,Nasdaq Futures Up 75 Pts; Powell Testimony in Focus,0.637,0.064,0.883,0.053
43,"Tesla Stock Gains On Record China Sales, Morgan Stanley Price Target Boost",0.718,0.292,0.708,0.0
44,Dow Jones Futures Rise: Stock Market Rally Finds Support Ahead Of Powell Hearing; Tesla Reverses Higher,0.402,0.119,0.881,0.0
45,"Tesla Is Miles Ahead of Others in the EV Race, This Analyst Says. The Stock Is Rallying.",0.511,0.202,0.798,0.0
