﻿,Titles,Polarity,Positive,Neutral,Negative
0,"Dow Jones Futures: Nvidia Leads Six Key Earnings Late After Ford Jumps, Tesla Lags; Meme Stocks AMC, GME Soar",0.0,0.0,1.0,0.0
1,"Dow Jones Futures: Nvidia, Williams-Sonoma, Snowflake Earnings Late After Ford Jumps, Tesla Lags; Meme Stocks AMC, GME Soar",0.0,0.0,1.0,0.0
2,Stock Markets Stay Strong; Can Ford and Tesla Both Win?,0.798,0.155,0.784,0.061
3,10 Popular Stocks Reddit’s WallStreetBets is Talking About Today,0.999,0.106,0.872,0.022
4,"Meme stocks soaring, Ford's EV play, new Amazon CEO, Peloton bulls like recall survey",0.0,0.0,1.0,0.0
5,Electric Vehicle Checkpoint: Ford Stocks Soar Amid Increased EV Investment Plan,0.202,0.076,0.924,0.0
6,The #1 Insider Signal Every Trader Should Know,1.0,0.156,0.819,0.025
7,Tesla Had Big News on Autonomous Driving. It’s Being Overshadowed by Ford.,0.0,0.0,1.0,0.0
8,’We’ve innovated to the point where’ the climate impact can be lessened in crypto: Charles Hoskinson,0.273,0.044,0.956,0.0
9,Tesla Dumps Radar in Lower-Cost Models,-0.542,0.0,0.949,0.051
10,Why Is Tesla (TSLA) Down 14.2% Since Last Earnings Report?,0.996,0.132,0.835,0.032
11,"U.S firms GM, Lockheed aim for the moon with lunar rover venture",0.958,0.065,0.931,0.004
12,10 Best Cheap Tech Stocks to Buy According to Cathie Wood,0.999,0.116,0.862,0.022
13,"Facebook faces antitrust probe from EU, Tesla changing autopilot features, Uber CEO is ‘not happy’ over rising prices",-0.764,0.0,0.851,0.149
14,Winning With SPACs Is a Long Shot,0.991,0.091,0.888,0.021
15,Top 10 Stock Picks of Barry Ritholtz and Josh Brown,0.999,0.104,0.858,0.039
16,‘Not a chance’ Tesla will dominate car industry in 20 years: legendary investor Bruce Greenwald,-0.873,0.038,0.914,0.048
17,Ford Gains As It  Boosts EV Investments,0.979,0.103,0.878,0.019
18,Nio vs. Tesla: Investors on the Fence,0.998,0.13,0.842,0.028
19,Another Top Bitcoin Miner Follows China’s Lead With Ban,0.549,0.127,0.772,0.101
20,‘Not a chance’ Tesla will dominate car industry in 20 years: Bruce Greenwald,0.572,0.171,0.829,0.0
21,Ford says it will spend $30 billion to fuel its electric vehicle future,0.98,0.1,0.875,0.025
22,"Ford Shares Hit 5-Year High on EV Spending Boost, Electrified Fleet Plans",0.836,0.331,0.669,0.0
23,"Ford Shares Test 5-Year Highs on EV Spending Boost, Electrified Fleet Plans",0.836,0.331,0.669,0.0
24,Disrupters Are Driving the Car Market,0.997,0.091,0.881,0.028
25,Xiaomi’s Profit Beats as Smartphone Growth Outpaces Rivals,0.979,0.081,0.883,0.036
26,2 Smart Stocks to Pick During a Market Correction,0.818,0.362,0.638,0.0
27,"Dow Jones Futures Rise, Bitcoin Reclaims $40,000 After Market Rally Holds Key Levels; Tesla Goes Off The Radar",0.296,0.068,0.932,0.0
28,Tesla Drops Radar for Cameras From Some Cars Sold in North America,0.0,0.0,1.0,0.0
29,NIO Extends Joint Manufacturing Agreement With JAC by 3 Years,0.999,0.149,0.845,0.006
30,"Ford Boosts EV Spending to $30 Billion, Sees 40% of Fleet Electric by 2030",0.836,0.331,0.669,0.0
31,Tesla Sets up Data Center to Store EV Data in China – Report,0.969,0.097,0.864,0.038
32,"Bitcoin Heads Toward $40,000 as Cryptos Bounce Back From Selloff",0.598,0.074,0.866,0.06
33,Nissan in advanced talks to build battery gigafactory in UK,0.844,0.093,0.907,0.0
