﻿,Titles,Polarity,Positive,Neutral,Negative
0,"Dow Jones Futures: Apple, Applied Materials Test Buy Points In Market Rally As Tesla, Nio Loom; Micron Earnings Jump",0.382,0.21,0.701,0.089
1,10 Best Cryptocurrencies to Buy for Early Retirement,1.0,0.164,0.822,0.013
2,Regulators Increase Focus on Crashes of Self-Driving Cars. That’s Big for Tesla.,-0.402,0.0,0.856,0.144
3,These Are The Best EV Stocks To Buy And Watch Now,0.0,0.0,1.0,0.0
4,The New Mercedes ‘Tesla Fighter’ Lives Up to Its Name,0.422,0.07,0.901,0.029
5,"Tesla is expected to deliver more than 200,000 vehicles in the second quarter",0.0,0.0,1.0,0.0
6,This self-charging electric-vehicle maker is giving Tesla a run for its money – it could IPO soon,0.422,0.128,0.872,0.0
7,Is Nio Stock A Buy? 2 Catalysts Loom For The Tesla Of China,0.153,0.085,0.85,0.065
8,UPDATE 1-Volvo Cars aiming for an IPO by the end of 2021,0.977,0.063,0.933,0.004
9,Tesla Stock Above Early Buy Point With Q2 Deliveries On Tap,0.0,0.0,1.0,0.0
10,The New Mercedes ‘Tesla Fighter’ Lives Up to Its Name. Here Are the Test Results.,0.422,0.07,0.901,0.029
11,Nio Stock Rides Meme Rally Ahead Of Q2 Sales Report,-0.178,0.022,0.945,0.033
12,Here's What Bill Gates Has to Say About Bitcoin,0.931,0.195,0.784,0.02
13,Tesla Stall Shows Analyst Rift on Stratospheric Valuation,0.988,0.1,0.858,0.042
14,How Big Could Tesla Get by 2030?,0.361,0.052,0.948,0.0
15,Do Crypto Investors Care About Musk's Tweets? Here's What You Need to Know,0.997,0.132,0.835,0.033
16,Lucid Motors CEO: The EV battle will be a ‘two horse race',0.997,0.113,0.864,0.023
17,Tesla rival Xpeng prices global offering of 85 million shares at HK$165 a share to raise HK$14.025 billion,0.727,0.123,0.843,0.034
18,"This new ‘Tesla fighter’ from Mercedes beats out the Model S on two key measures, UBS says",-0.361,0.0,0.889,0.111
19,Tesla’s Delivery Report Is Coming. There’s Lots to Watch This Time.,-0.361,0.0,0.868,0.132
20,Betterment considering how to 'offer crypto’: Sarah Levy,0.996,0.124,0.852,0.024
21,Betterment considering ‘how to offer crypto’: Sarah Levy,0.996,0.124,0.852,0.024
22,UPDATE 4-Renault revives models of the past for an electric future,0.853,0.055,0.908,0.037
23,How Elon Musk Is Taking Tesla Global,0.0,0.0,1.0,0.0
24,"Bitcoin fails to hold $36,000, continues to trade in range",0.0,0.073,0.853,0.073
25,China to Extend Battery-Metal Lead as Electric Cars Fuel Demand,0.983,0.107,0.867,0.026
26,Price wars and Tesla woes roil Asia’s electric vehicle market,-0.599,0.0,0.933,0.067
