﻿,Titles,Polarity,Positive,Neutral,Negative
0,Dow Jones Surges From Key Level As Microsoft Fizzes Higher On This; Tesla AI Day Gains Fade,0.34,0.094,0.906,0.0
1,Nio Stock Is Still Too Pricey and Too Risky,0.997,0.122,0.82,0.058
2,Ignore Elon Musk’s dancing distraction and face the dangers ahead for Tesla,-0.202,0.054,0.865,0.08
3,Dow Jones Rallies As Microsoft Surges On Subscription Hike; Tesla's AI Day Gains Fade,0.0,0.0,1.0,0.0
4,The biggest takeaways from Tesla’s AI event,0.0,0.0,1.0,0.0
5,The Oil Price Collapse Continues,-0.867,0.059,0.871,0.07
6,Is Nio Stock A Buy As China's Tesla Plans 3 New EVs In 2022?,0.273,0.1,0.9,0.0
7,Tesla making robot prototype for 'boring' work: Musk,0.0,0.0,1.0,0.0
8,Tesla’s humanoid robot gets muted welcome from Wall Street,0.691,0.183,0.817,0.0
9,Is Nio Stock A Buy After July Sales More Than Double?,0.273,0.1,0.9,0.0
10,7 Upcoming IPOs That Are Getting Everyone Very Excited,0.997,0.081,0.882,0.038
11,Weekend reads: What to do if a company you trust has failed to protect your personal data,-0.308,0.123,0.764,0.113
12,"Lordstown, SPAC EVs Are Tanking. Follow the Cash for a Stock Bottom.",-0.273,0.0,0.9,0.1
13,DE Stock: 8 Things That Deere Investors Should Be Smiling About Today,0.984,0.085,0.913,0.002
14,Naked Brand Merger: Why NAKD Stock Investors Are Pushing Shares Higher Today,0.983,0.076,0.916,0.009
15,Nickel Is Becoming a Battleground for Bets on Battery Future,0.974,0.065,0.914,0.021
16,Why Tesla Stock Is Up After AI Day,0.572,0.061,0.939,0.0
17,"Market Rally Finds Support Amid Fed Taper Talk; Nvidia, Cisco, Target Earnings In Focus, Tesla AI Day Touts 'Tesla Bot': Weekly Review",0.71,0.27,0.632,0.098
18,Are You a Growth Investor? This 1 Stock Could Be the Perfect Pick,1.0,0.205,0.787,0.008
19,Key Takeaways from Tesla’s AI Day,0.0,0.0,1.0,0.0
20,Origin Materials: Buried Treasure in the SPAC-Wreck?,0.998,0.114,0.854,0.032
21,15 Most Valuable Lithium Companies in the World,0.998,0.08,0.903,0.017
22,"ONGOING INVESTIGATION ALERT: The Schall Law Firm Announces it is Investigating Claims Against Tesla, Inc. and Encourages Investors with Losses to Contact the Firm",-0.908,0.056,0.845,0.099
23,"Dow Jones Rallies As Tesla Races Higher After AI Day; Mercado Libre, Nvidia Near Buy Points",0.0,0.0,1.0,0.0
24,Coinbase to Add $500 Million in Digital Assets on Its Balance Sheet,0.71,0.117,0.883,0.0
25,"Tesla AI Day Was Very, Very Weird. The Stock Is Rising Anyway.",0.273,0.039,0.961,0.0
26,I Have a Fun Trade Idea for Tesla,0.231,0.107,0.801,0.092
27,Elon Musk Reveals Tesla Plans for Humanoid Robot During AI Day,0.586,0.105,0.895,0.0
28,Dow Jones Futures Signal Further Market Rally Losses; Elon Musk Teases Humanoid Tesla Bot,-0.422,0.0,0.865,0.135
29,"China Tumbles, Gazprom Signals Gas Relief, Tesla Robot -  What's Moving Markets",-0.962,0.062,0.847,0.091
30,Tesla AI Day: More Artificial Than Intelligent,0.827,0.134,0.84,0.027
31,Elon Musk claims Tesla will debut a humanoid robot next year,0.978,0.108,0.823,0.069
32,"Tesla and Robots, Applied Materials, J&amp;J, COVID-19: 5 Things You Must Know",0.382,0.069,0.931,0.0
33,UPDATE 1-Musk says Tesla will launch prototype of humanoid robot next year,-0.599,0.017,0.932,0.051
34,"Dow Jones Futures: Tesla AI Day Touts Self-Driving, 'Tesla Bot'; Nvidia, Microsoft, Adobe Lead But Market Rally Narrows",-0.077,0.0,0.936,0.064
35,Musk Says Tesla Will Have a Humanoid Robot Next Year,0.477,0.086,0.914,0.0
36,Elon Musk unveils plans for humanoid robot that uses Tesla’s artificial intelligence,-0.44,0.0,0.896,0.104
37,Musk says Tesla will launch prototype of humanoid robot next year,-0.599,0.018,0.929,0.053
38,"Tesla AI Event Touts Self-Driving Efforts, Dojo Supercomputer As Lawmakers Blast 'Persistently Misrepresented' Claims",-0.052,0.0,0.921,0.079
