﻿,Titles,Polarity,Positive,Neutral,Negative
0,General Motors Looks To Add More Juice To Electric Vehicle Transformation,0.0,0.0,1.0,0.0
1,Tesla Drives Nasdaq Lower Again; Okta Falls Despite Strong Business Growth,-0.202,0.086,0.819,0.095
2,"Dow Jones Dives 700 Points As Powell Speech Slams Stock Market, Bond Yields Spike",0.361,0.102,0.898,0.0
3,"Dow Dives, Tech Stocks Sell Off On Powell Speech As Yields Spike; Tesla Crumbles 7%",-0.103,0.072,0.84,0.088
4,Nasdaq Turns Negative for Year on Tech Tantrum as Powell Fuels Rate Spike,0.645,0.109,0.785,0.106
5,Dow Off Lows Amid Tech Wreck as Powell Shrugs Off Inflation Fears,0.906,0.115,0.791,0.095
6,"Dow Jones Futures Fall: Last Stand For Market Rally? Boeing Leads As Amazon, Zoom Break Long-Term Support",0.756,0.319,0.619,0.062
7,PREMIUM: Trading profitably and prudently as the world reopens,1.0,0.111,0.839,0.049
8,ByteDance Said to Invest in Chinese Self-Driving Startup QCraft,0.989,0.105,0.879,0.017
9,Suze Orman: Americans should save their stimulus money,0.997,0.124,0.821,0.056
10,The Metal That Worries Tesla Most Is Getting Much Cheaper,0.671,0.06,0.889,0.051
11,ARK’s Red-Hot ETF Fell 20% in 12 Days. The Pain for Tech Stocks Might Just Be Beginning.,0.84,0.192,0.808,0.0
12,The $1 Trillion Electric Vehicle Boom Is Just Getting Started,1.0,0.138,0.836,0.025
13,Could This Be One Of The Top Electric Vehicle Stocks For 2021?,1.0,0.138,0.836,0.025
