﻿,Titles,Polarity,Positive,Neutral,Negative
0,"Hard to Believe, but Tesla's (NASDAQ:TSLA) High Growth may be Just Beginning",0.998,0.143,0.838,0.018
1,Dow Jones Futures Rally As Stock Market Sell-Off Worsens; These 5 Tech Giants Tumble,-0.44,0.0,0.854,0.146
2,Tesla (TSLA) Gains As Market Dips: What You Should Know,0.992,0.103,0.891,0.006
3,"Dow Jones Futures: Stock Market Sell-Off Worsens, As These 5 Tech Giants Tumble",-0.44,0.0,0.861,0.139
4,Stock Market Today: Nasdaq Spirals as Big Tech Sells Off,0.993,0.12,0.825,0.055
5,US STOCKS-Nasdaq ends sharply lower; rising Treasury yields sink Big Tech,0.895,0.078,0.863,0.06
6,"Psyched: Elon Musk Discusses Psychedelics, Delix Raises $70M, MindCure To Study MDMA In Female Sexual Dysfunction",0.984,0.095,0.841,0.064
7,10 Penny Stocks With Long-Term Growth Catalysts,0.999,0.109,0.881,0.01
8,Tesla (TSLA) Shares Pop on Record Delivery Numbers,0.296,0.115,0.885,0.0
9,Tesla’s ‘impressive’ Q3 sales boost stock and Wall Street analysts hike estimates,0.0,0.0,1.0,0.0
10,10 Reddit’s WallStreetBets Stocks Under $5,0.998,0.089,0.898,0.013
11,Why These 10 Stocks Are Surging on Monday,0.993,0.108,0.856,0.036
12,S&amp;P 500 Starts Week With Selloff as Investors Ditch Tech,0.836,0.081,0.855,0.064
13,Why Tesla (TSLA) Could Beat Earnings Estimates Again,0.998,0.196,0.771,0.033
14,Tesla (TSLA) Is Up 0.11% in One Week: What You Should Know,0.999,0.171,0.814,0.015
15,Investors argue Musk should repay $9.4 bln to Tesla for SolarCity deal,0.977,0.108,0.872,0.02
16,Why Nio Stock Dropped on Monday,-0.026,0.058,0.882,0.06
17,"Tesla's High Stock Price 'Justified,' Analyst Says After Q3 Deliveries Beat",0.987,0.091,0.889,0.02
18,ETFs to Buy on Tesla Record Q3 Delivery Numbers,0.998,0.142,0.831,0.027
19,Markets Wait for Major Economic and Earnings Data,0.997,0.152,0.796,0.052
20,How EV makers are trying to appeal to the 'average consumer',0.0,0.0,1.0,0.0
21,Why Tesla Stock Jumped on Monday,-0.494,0.066,0.758,0.177
22,S&amp;P 500 Slides as Tech Bloodbath Continues,0.95,0.087,0.866,0.047
23,Topsy-Turvy Stock Markets to Start a New Week,0.997,0.151,0.801,0.048
24,Tesla and Merck Give Investors Some Hope,0.995,0.106,0.826,0.068
25,"Tesla Stock Pops As Deliveries Race Past Q3 Estimates To Record 241,300",-0.153,0.0,0.922,0.078
26,How to Trade GM as It Joins the Rally in Ford and Tesla,0.0,0.0,1.0,0.0
27,A Glimpse of This Week's Earnings Calendar,0.986,0.077,0.9,0.023
28,"Thinking About Buying Stock Or Options In Tesla, Lordstown Motors Or ContextLogic?",0.586,0.044,0.935,0.021
29,"Dow Jones Rises, Tech Stocks Sell Off As Tesla Jumps On Strong Deliveries",0.25,0.081,0.862,0.057
30,UPDATE 1-U.S. government rejects 2019 petition to investigate Tesla vehicle fires,-0.848,0.034,0.889,0.077
31,"Tesla hits new quarterly record, delivers 241,300 vehicles in Q3",0.0,0.0,1.0,0.0
32,GM stock rallies after Engine No. 1 announces investment on CNBC,0.599,0.089,0.864,0.047
33,Tesla Avoided the Chip Problems That Hit GM and Other Car Makers. Here’s How.,-0.318,0.064,0.824,0.112
34,"Tesla Sets Delivery Records, but This Nasdaq Stock Was the Big Premarket Winner Monday",0.45,0.073,0.891,0.036
35,US STOCKS-Futures pressured by uptick in yields; Tesla up on record deliveries,0.796,0.091,0.835,0.074
36,Tesla Stock Is Rising on Strong Deliveries. Earnings Estimates Are Going Higher Too.,0.34,0.091,0.909,0.0
37,A Look into Share CFDs and the Top 5 to Watch... Come Rise or Fall,0.999,0.125,0.847,0.029
38,Here's Why Lucid Group Stock Soared 27% in September,0.0,0.0,1.0,0.0
39,Dow Jones Futures Fall 100 Points; Tesla Jumps On Strong Deliveries,0.511,0.142,0.858,0.0
40,"The Zacks Analyst Blog Highlights: Range Resources Corp, Continental Resources, Tesla, Nutrien and Alcoa Corp",0.999,0.133,0.833,0.034
41,"US Stocks Slump As Growth, Inflation Concerns Pound Big Tech; Oil Surges On OPEC Output Plans",0.318,0.167,0.747,0.085
42,Dow Jones Futures Fall With Market Rally Attempt Underway; Tesla Rises On Deliveries,0.0,0.0,1.0,0.0
43,A Peek Into The Markets: US Stock Futures Edge Lower Following Friday's Rally,0.84,0.055,0.914,0.031
44,Tesla Inflicts More Pain on Short Sellers,-0.947,0.077,0.796,0.127
45,5 Must-Buy Stocks for Q4 With Strong Growth Potential,1.0,0.153,0.83,0.017
46,Tesla’s China Plant Keeps Coming Through as Elon Musk Hurdles Crises,-0.947,0.038,0.879,0.084
