﻿,Titles,Polarity,Positive,Neutral,Negative
0,10 Cheap Space Stocks Popular On Reddit,0.999,0.102,0.894,0.005
1,'Alter Ego' Reality Singing Show: Roblox And The Metaverse Meets 'The Voice' In Fox's Singing Competition,0.993,0.121,0.836,0.043
2,Dow Jones Rises As Nasdaq Rallies; Tesla Gains Despite Losing This Race; BioNTech Gets Vaccine Boost,0.703,0.287,0.713,0.0
3,"There’s a $25,000 EV Coming, But It Isn’t From Tesla",-0.273,0.0,0.896,0.104
4,Rivian aims to raise as much as $8 bln in IPO -sources,-0.262,0.023,0.963,0.014
5,US needs to do these 3 things to ensure majority of new cars are electric by 2030: Michigan Congresswoman,0.968,0.065,0.931,0.004
6,"Rivian Beats Tesla, GM With First Electric Pickup; Nikola Set To Begin Semi Production",-0.459,0.0,0.875,0.125
7,10 Penny Stocks with Upcoming Growth Catalysts,1.0,0.16,0.809,0.031
8,"Rivian produces electric pickup truck beating Tesla, Ford",0.991,0.082,0.907,0.012
9,Dow Jones Advances As Apple Falls To Key Level; Microsoft Jumps On Buyback Plan,0.402,0.114,0.886,0.0
10,Xpeng launches P5 Sedan with starting price around $24.5K,0.0,0.0,1.0,0.0
11,Cathie Wood Is Selling These 10 Stocks,0.992,0.067,0.902,0.031
12,This is the ’single largest danger’ of A.I. according to expert Kai-Fu Lee,-0.997,0.058,0.777,0.164
13,"Cathie Wood Sells $66 Million of Tesla Shares, Adds Robinhood",0.956,0.096,0.874,0.03
14,Influencers with Andy Serwer: Kai-Fu Lee,0.477,0.086,0.914,0.0
15,UPDATE 1-Amazon-backed startup Rivian starts production of electric pickup truck,0.477,0.025,0.964,0.01
