﻿,Titles,Polarity,Positive,Neutral,Negative
0,"Tesla Plans 3-for-1 Stock Split, Joining Other Big Tech Companies",0.296,0.087,0.913,0.0
1,Dow Jones Futures: Stock Market Flashes Bearish Signals As Inflation Spikes; What To Do Now,-0.273,0.0,0.909,0.091
2,UPDATE 1-Tesla to seek investor approval for 3-for-1 stock split,0.96,0.102,0.881,0.017
3,"Tesla announces 3-for-1 stock split, Ellison to leave company's board",0.975,0.084,0.916,0.0
4,Elon Musk Needs This to Happen Before Tesla Can Split its Stock 3-for-1,0.0,0.0,1.0,0.0
5,"Tesla files for 3-for-1 stock split, Larry Ellison to step down from company board",0.751,0.075,0.893,0.032
6,Tesla to seek investor approval for 3-for-1 stock split,0.96,0.108,0.874,0.018
7,Tesla Unveils Plan for 3-for-1 Stock Split,0.981,0.318,0.682,0.0
8,Tesla Files to Split Shares 3-For-1 as Investors Bail on Stock,-0.941,0.047,0.85,0.103
9,Tesla files for 3-for-1 stock split,0.511,0.042,0.958,0.0
10,Can Elon Musk and Jamie Dimon Predict the Future?,-0.153,0.109,0.774,0.117
11,7 Stocks Reporting Earnings The Week Of June 13,0.998,0.072,0.9,0.028
12,Elon Musk’s regulatory woes mount as U.S. moves closer to recalling Tesla’s self-driving software,-0.943,0.03,0.905,0.064
13,Tesla Files for 3-for-1 Stock Split,0.477,0.048,0.952,0.0
14,Why Tesla Stock Dropped Again Today,-0.226,0.046,0.89,0.064
15,"Stock Market Rally Under Pressure As Indexes Tumble, Breakouts Fail: Weekly Review",-0.818,0.0,0.678,0.322
16,Tech Master Musk Defends an Industry Under Threat From Technology,0.34,0.178,0.724,0.099
17,"Tesla production, autopilot scrutiny weighing on the stock",0.0,0.0,1.0,0.0
18,Fake Accounts Are Poised To Make Or Break Musk's Bid For Twitter,-0.44,0.111,0.658,0.23
19,15 Best Penny Stocks To Invest In,0.999,0.109,0.865,0.027
20,Only half of workers asked back to the office full-time are actually going,0.0,0.0,1.0,0.0
21,"Market check: Dow falls 500+ points, Nasdaq in the red",0.0,0.0,1.0,0.0
22,Dow Jones Dives On Hot Inflation Report; DocuSign Plunges 23% On Earnings,0.0,0.0,1.0,0.0
23,The Era of Descending Capital Costs Planted Seeds for Tomorrow,0.994,0.088,0.861,0.051
24,"Is Most-Watched Stock Tesla, Inc. (TSLA) Worth Betting on Now?",0.998,0.12,0.869,0.011
25,"NIO's Q1 Loss Narrows Year Over Year, Sales Increase 24%",0.987,0.094,0.863,0.043
26,Tesla (TSLA) Faces Tough Probe for Autopilot Hitch in Vehicles,0.995,0.099,0.878,0.024
27,Tesla: The Bull and Bear Cases Right Now,0.899,0.235,0.692,0.073
28,Tesla Has a China Problem. The Question Is How Big.,-0.807,0.04,0.858,0.102
29,Investors Pay The Price When Bloated Companies Lay Off Workers,-0.751,0.0,0.73,0.27
30,Roku Stock Shouldn’t Entice Despite Its Current Price,0.98,0.103,0.841,0.056
31,Tesla cancels three June online hiring events for China,-0.577,0.03,0.919,0.051
32,One of Elon Musk's Favorite Tesla Features Draws More Scrutiny,0.382,0.051,0.949,0.0
