﻿,Titles,Polarity,Positive,Neutral,Negative
0,This Electric Truck Maker May Go Public As Delivery Market Heats Up,0.0,0.0,1.0,0.0
1,"Dow Jones, Nasdaq Hit New High As Stocks Gain; Biden Stimulus Talks In Focus",0.0,0.0,1.0,0.0
2,Aurora Partners With Toyota in Bid to Bring Autonomy to Masses,0.995,0.113,0.878,0.01
3,Apple (AAPL) Car Venture Hits Bump in Road,-0.494,0.0,0.84,0.16
4,"Dow Jones Today Threatens To Snap 6-Day Rally; Microsoft, Disney in Buy Ranges; Chegg Poised For Breakout",-0.459,0.0,0.889,0.111
