﻿,Titles,Polarity,Positive,Neutral,Negative
0,Musk Refiles Twitter Disclosure to Show He’s an Active Investor,0.973,0.075,0.879,0.047
1,Dow Jones Futures: 'Rapid' Fed Shift Hits Market Rally; Elon Musk Steals Donald Trump's Thunder,0.226,0.156,0.76,0.084
2,"Tech sector among biggest market laggards, stocks end day in the red",-0.214,0.043,0.914,0.043
3,Column: Elon Musk's stake in Twitter is not good news for Twitter — or its users,0.973,0.12,0.781,0.099
4,GM and Honda Target Untapped EV Opportunity,0.0,0.0,1.0,0.0
5,What Will Elon Musk Do at Twitter? He’s Already Doing It.,0.572,0.207,0.793,0.0
6,"Elon Musk, Jeff Bezos top Forbes World’s Billionaires List for 2022",-0.202,0.036,0.93,0.034
7,Analyst on Elon Musk’s Twitter stake: ‘It’s important media stays independent of ownership’,0.0,0.0,1.0,0.0
8,Stocks fall as investors brace for more EU sanctions on Russia,0.44,0.046,0.926,0.027
9,U.S. Stock Futures Flat Ahead of FOMC Minutes,-0.459,0.063,0.869,0.068
10,Cathie Wood's ARKK is worst-performing US equity fund in Q1 2022: Morningstar,-0.953,0.083,0.804,0.113
11,"Elon Musk Has Tesla, SpaceX, and Now Twitter. How He’ll Manage It All.",0.431,0.308,0.565,0.127
12,"As Elon Musk Joins Twitter Board, Will He Bring Solutions Or Problems?",0.296,0.104,0.896,0.0
13,"Cheaper EVs Ahead? Breaking Down the General Motors, Honda Partnership",0.949,0.053,0.937,0.01
14,Why Tesla Stock Braked Hard Today,0.153,0.089,0.828,0.083
15,Twitter put Elon Musk on the board so he wouldn’t pull another Tesla,-0.361,0.0,0.863,0.137
16,Is Following Elon Musk A Viable Investment Strategy?,0.999,0.166,0.82,0.014
17,"Tesla's CEO, Elon Musk, Appointed to Twitter's Board of Directors",0.0,0.0,1.0,0.0
18,GM and Honda are setting their sights on making cheaper EVs,0.296,0.099,0.901,0.0
19,Snap Stock Doesn’t Need an Elon Musk Boost to Rally,0.991,0.102,0.88,0.017
20,Cathie Wood: Musk on the Twitter Board May Drive Shakeup,-0.103,0.0,0.924,0.076
21,General Motors (GM) to Roll Out 1st Canadian EV Plant in Ontario,0.993,0.086,0.903,0.011
22,Stock Market Today: Dow Slips on Tech Wreck as Fed Officials Talk Up Tightening,0.776,0.065,0.878,0.058
23,Stock Market Lower As Benchmark Yield Jumps; This IBD 50 Stock Triggers Sell Signal,-0.318,0.044,0.856,0.1
24,Breaking: Elon Musk Joins Twitter Board After Becoming Its Largest Shareholder,0.807,0.242,0.758,0.0
25,Was Elon Musk Denied Entry to an Exclusive European Nightclub?,0.765,0.121,0.879,0.0
26,"Boeing Air Force One planes face production issues, GM and Honda plan EV expansion",0.0,0.0,1.0,0.0
27,Twitter stock jumps after Tesla CEO Elon Musk invited to board,0.0,0.0,1.0,0.0
28,"GM and Honda Team Up to Take on Tesla With a Smaller, More Affordable EV",-0.25,0.028,0.913,0.059
29,Tesla has 'two major levers' to pull going forward: Analyst,0.746,0.042,0.928,0.031
30,"The Zacks Analyst Blog Highlights Tesla, NIO, XPeng, Li Auto and General Motors",0.998,0.086,0.901,0.013
31,"For Twitter’s newest board member, an edit button is no joke",0.0,0.0,1.0,0.0
32,Twitter stock rallies again after Tesla chief Elon Musk is named to its board,0.494,0.16,0.84,0.0
33,Musk's Advance on Twitter (TWTR) Continues,0.994,0.129,0.826,0.044
34,GM and Honda Are Taking on Tesla With a Small EV,-0.25,0.027,0.915,0.058
35,Cathie Wood’s ARKK ETF hemorrhaged 29.9% in Q1,0.382,0.14,0.86,0.0
36,"Market check: Stocks mixed in early trading, Chinese ADRs retreat, cruise lines in the green",0.0,0.0,1.0,0.0
37,Elon Musk Vs. Warren Buffett: Who Is The Best Bet For Your Money?,0.504,0.134,0.866,0.0
38,10 ETFs Popular on Robinhood,1.0,0.153,0.835,0.012
39,Stock Market Lower As Twitter Extends Gains On Elon Musk News,-0.026,0.054,0.889,0.057
40,Elon Musk Named to Twitter’s Board. He Can’t Own More Than 14.9% of the Stock.,0.226,0.028,0.952,0.019
41,Twitter stock surged more than 20% for just the 4th time in company history on Monday,0.0,0.0,1.0,0.0
42,Tesla CEO Elon Musk ‘a huge addition’ to Twitter’s board: Analyst,0.0,0.0,1.0,0.0
43,"Tesla CEO Elon Musk could cause potential Twitter shakeup, Cathie Wood says",0.0,0.0,1.0,0.0
44,Elon Musk joins Twitter's board of directors after acquiring 9% stake,0.856,0.09,0.883,0.027
45,"Musk to Join Twitter’s Board, Keeping Stake Below 15%",0.976,0.087,0.87,0.043
46,Twitter to appoint Tesla CEO Elon Musk to board of directors,0.0,0.0,1.0,0.0
47,Dow Jones Falls After Stock Market Rally; Elon Musk To Join Twitter Board,0.296,0.109,0.891,0.0
