﻿,Titles,Polarity,Positive,Neutral,Negative
0,These 3 Funds Invest Like ARK But Didn’t Fall as Far,0.927,0.375,0.625,0.0
1,Watch Lucid’s Q4 Earnings for EV Production Progress Before Buying,0.99,0.062,0.93,0.008
2,Tesla Stock Is Starting To Stall Out Even After Beating Earnings,0.951,0.076,0.868,0.056
3,Would You Shop at Tesla Using Dogecoin?,0.382,0.133,0.867,0.0
4,Why a California agency is suing Tesla,-0.856,0.0,0.58,0.42
5,Investing in the Future of General Motor’s EV Is Not Ideal,0.726,0.051,0.906,0.043
6,Tesla Stock News: 6 Biggest Headlines That TSLA Investors Need to Know This Week,0.904,0.103,0.804,0.093
7,Why the Superbowl Is the Next Front in the EV War,0.71,0.301,0.699,0.0
8,Nio to Launch Sub-Brand Model: 7 Things to Know About NIO Stock,0.989,0.08,0.917,0.003
9,HOG or TSLA: Which Is the Better Value Stock Right Now?,0.998,0.211,0.784,0.005
10,Don’t Ignore the Risk While Investing in Shiba Inu,0.992,0.125,0.808,0.067
11,This Legacy Company Is Leveling Up in the Electric Truck Race,-0.178,0.069,0.832,0.099
12,"Group 1 (GPI) Earnings Top Estimates in Q4, Sales Rise Y/Y",0.997,0.112,0.841,0.046
13,"Penske's (PAG) Earnings Beat Estimates in Q4, Sales Rise Y/Y",0.993,0.107,0.848,0.044
14,Dogecoin Is Set to Rebound After Major Merchants Accept It As Payment,0.997,0.102,0.882,0.016
15,Horrific allegations of racism prompt California lawsuit against Tesla,-0.999,0.05,0.81,0.14
16,Elon Musk Details SpaceX Plans to Go to Mars. Here’s How That Benefits Tesla.,0.0,0.0,1.0,0.0
17,GM Has a New Weapon Against Tesla,0.077,0.025,0.975,0.0
18,7 Best Robinhood Stocks for Beginning Investors in 2022,1.0,0.15,0.812,0.037
19,Electric Vehicle Ads Take Over the Super Bowl. Dr. EV-il Returns.,0.71,0.301,0.699,0.0
20,"Fed Rate Hikes, Zillow, Ford, Elon Musk And Stock Markets - Five Things You Must Know",0.715,0.155,0.808,0.037
21,"Tesla plans to locate China design centre in Beijing, city govt says",-0.043,0.007,0.985,0.008
22,California's labor agency charges that Black workers at Tesla were subjected to 'rampant racism',0.077,0.146,0.687,0.167
