﻿,Titles,Polarity,Positive,Neutral,Negative
0,My Top 5 Surprises This Week,0.998,0.119,0.832,0.049
1,"Heritage Investors Management Corp Buys PayPal Holdings Inc, RingCentral Inc, ServiceNow Inc, ...",0.993,0.054,0.937,0.008
2,"Tesla sees booming 2022 sales, but Wall Street warns of 'degrees of complication'",0.667,0.034,0.939,0.027
3,Elon Musk’s Decision to Slow New Tesla Models Risks Holding Up Growth,0.0,0.0,1.0,0.0
4,"SES Holdings Founder &amp; CEO on Next-Generation EV Batteries, Going Public",0.997,0.069,0.915,0.016
5,"Electric-vehicles: A 3-wheeled, one-seater EV now in production",0.0,0.0,1.0,0.0
6,Analyst Opinion Is Divided After Tesla's Earnings Call,0.238,0.115,0.885,0.0
7,Why DraftKings Is Out of Favor Despite Its Strong Prospects,0.997,0.125,0.825,0.05
8,Nio Is Ready to Recharge After a Prolonged Pullback,0.978,0.078,0.883,0.038
9,Tesla and other major public companies sunk billions into crypto and now they’re taking a big hit,0.971,0.075,0.878,0.047
10,"Prentiss Smith &amp; Co Inc Buys The Honest Co Inc, Expeditors International of Washington Inc, ...",0.992,0.062,0.932,0.005
11,"Wedgewood Investors Inc  Buys NextEra Energy Inc, Tesla Inc, Southern Co, Sells PayPal Holdings ...",0.968,0.064,0.913,0.023
12,"Bar Harbor Trust Services Buys TJX Inc, Lennar Corp, iShares TIPS Bond ETF, Sells Fidelity ...",0.999,0.13,0.866,0.004
13,"Charter Trust Co Buys iShares TIPS Bond ETF, iShares 1-3 Year Credit Bond ETF, Bank of America ...",0.999,0.121,0.874,0.005
14,Tesla Stock Sinks and Cathie Wood’s ARK Gets Back to Buying,0.527,0.227,0.773,0.0
15,Why Lucid Stock Is Plummeting This Week,0.0,0.0,1.0,0.0
16,"With Fourth-Quarter Earnings Beating Estimates, Is Tesla Stock A Buy?",0.0,0.0,1.0,0.0
17,Why Tesla Stock Raced Ahead Today,0.71,0.086,0.914,0.0
18,"Market check: Stocks mixed, Apple shares rise, yield curve contracts",0.0,0.0,1.0,0.0
19,"Stock Market Whipsaws Lower On Hawkish Fed, Tesla; Apple, Microsoft Earnings Strong: Weekly Review",0.273,0.147,0.756,0.098
20,Why Rivian Stock Stalled Today,0.0,0.076,0.833,0.091
21,Why Lucid Stock Dropped 10% This Morning,0.796,0.151,0.767,0.082
22,Cathie Wood Goes Bargain Hunting: 3 Stocks She Just Bought,0.105,0.023,0.977,0.0
23,Rivian has huge potential upside despite the stock's recent plunge: Analyst,0.976,0.088,0.875,0.038
24,The White House Is Ignoring Tesla. Elon Musk Pushes Back on Twitter With a Spelling Lesson.,0.0,0.0,1.0,0.0
25,Dow Jones Sells Off As Selling Continues; Apple Jumps On Earnings,0.511,0.142,0.858,0.0
26,Tesla Slump Heaps Pain on Cathie Wood’s Struggling ARKK Fund,-0.616,0.06,0.867,0.073
27,"Stevens Capital Management Lp Buys VanEck Gold Miners ETF, Boeing Co, Financial Select Sector ...",0.997,0.049,0.947,0.004
28,"Oshkosh (OSK) Q1 Earnings Fall Short of Estimates, Sales Beat",0.993,0.098,0.862,0.041
29,Nio’s Underperformance Makes It One of the Best Chinese EV Stocks for 2022,0.998,0.098,0.859,0.043
30,Dow Jones Futures Fall On Fed Fears Despite Apple Gains; Tesla Plunge Signals End For These Stocks,-0.296,0.0,0.901,0.099
31,Dow Jones Futures Sell Off Ahead Of Key Inflation Data; Apple Jumps On Earnings,0.511,0.155,0.845,0.0
32,The biggest corporate holder of bitcoin is not Square or Tesla,0.0,0.0,1.0,0.0
33,​​The biggest corporate holder of bitcoin is not Square or Tesla,0.0,0.0,1.0,0.0
34,Daimler AG to rebrand as Mercedes-Benz on Feb. 1,0.916,0.087,0.878,0.035
35,Dow Jones Futures Fall Even As Apple Pops; Tesla Plunge Signals End For These Stocks,-0.296,0.0,0.901,0.099
36,3 Top-Ranked Efficient Stocks to Boost Your Portfolio,0.999,0.164,0.823,0.013
37,CORRECTED-Daimler AG to rebrand as Mercedes-Benz on Feb. 1,0.981,0.11,0.883,0.007
38,"Tesla rival Rivian's stock could skyrocket at least 160%, says top analyst",0.964,0.088,0.862,0.049
39,New Evidence Quantifies How Undervalued JinkoSolar Stock Is,0.994,0.093,0.876,0.031
40,"Apple makes easy escape from supply crisis, but others may have to wait",0.984,0.12,0.819,0.061
41,Tesla Shares Sink and Cathie Wood’s ARK Gets Back to Buying the Stock,0.527,0.227,0.773,0.0
42,"Apple, Visa Rise Premarket; Robinhood, Caterpillar and Chevron Fall",0.955,0.095,0.846,0.059
43,"Apple Record Sales, PCE and Wages Data, Eurozone GDP - What's Moving Markets",-0.041,0.078,0.841,0.081
