﻿,Titles,Polarity,Positive,Neutral,Negative
0,Rivian Stock Slumps On Mixed Q2; EV Startup's Production Outlook Key,-0.44,0.0,0.873,0.127
1,Is Li Auto Stock A Buy Ahead Of Q2 Earnings?,0.0,0.0,1.0,0.0
2,"Rivian Shares Climb, Despite Mixed Q2; EV Startup's Production Outlook Key",-0.44,0.0,0.873,0.127
3,"Dow Jones rises above markets losses, tech stocks lag in Thursday's session",0.0,0.0,1.0,0.0
4,7 Reddit Stocks to Buy on the Dip,1.0,0.163,0.806,0.032
5,Ralph Nader Demands Recall of Tesla Self-Driving Tech,0.202,0.157,0.843,0.0
6,Rivian earnings preview: Why one metric will be key,0.329,0.034,0.938,0.028
7,"UPDATE 2-Two lawmakers ask U.S. regulator about Tesla crashes, safety probes",0.92,0.109,0.82,0.07
8,"Two lawmakers ask U.S. regulator about Tesla crashes, safety probes",0.929,0.113,0.818,0.069
9,EV sales rise 63% in the first half of 2022 amid gas inflation,0.0,0.0,1.0,0.0
10,‘One of the most dangerous and irresponsible actions by a car company in decades’: Activist Ralph Nader urges regulators to recall Tesla’s self-driving technology,0.383,0.069,0.869,0.062
11,The 7 Best Emerging Markets Stocks to Buy Now,0.999,0.122,0.859,0.019
12,Musk Sells More Tesla (TSLA) Stock Amid Twitter Showdown,0.586,0.194,0.806,0.0
13,"Goodyear (GT) Q2 Earnings &amp; Revenues Beat Estimates, Up Y/Y",0.996,0.091,0.893,0.016
14,Surprise: Tesla Has a New Vehicle for the Holidays,0.0,0.0,1.0,0.0
15,Tesla's Stock Split Was Approved. What Does That Mean for Investors?,0.402,0.162,0.838,0.0
16,Dow Jones Futures Rise: Stock Market Rally Enters Power Trend; These 4 EV Plays Flash Buy Signals,0.0,0.0,1.0,0.0
17,Single-Stock Funds Are Taking Off. What You Need to Know.,-0.459,0.0,0.879,0.121
18,Elon Musk Loves it When Tesla Competitors do This,-0.077,0.047,0.901,0.052
19,Options Traders Turn to Their Favorite Bet: Tesla,0.896,0.139,0.861,0.0
