﻿,Titles,Polarity,Positive,Neutral,Negative
0,"Tesla, Alphabet, and Amazon Are Planning Stock Splits. Will That Help Them Join the Dow?",0.557,0.213,0.787,0.0
1,Tesla (TSLA) Helps Nasdaq Move Higher; FDX Gets New CEO,0.997,0.134,0.845,0.022
2,Tesla to Request Shareholder Approval for Stock Split,0.296,0.109,0.891,0.0
3,"Dow Jones Futures: Russia-Ukraine Cease-Fire Talks On Deck; Apple, Tesla Eye New Buy Points",0.0,0.0,1.0,0.0
4,"Tesla shares end the day up 8% amid news of stock split, Elon Musk social media platform",0.915,0.117,0.857,0.026
5,Tesla Stock Jumped. It’s Planning Another Split.,0.649,0.218,0.782,0.0
6,"Dow Jones Erases Early Losses To Close Higher; Nasdaq Rallies While Apple, Tesla Move Toward Buy Points",-0.402,0.0,0.943,0.057
7,"Which Stock Belongs in the Dow? Tesla, Alphabet,  Amazon?",0.557,0.213,0.787,0.0
8,3 Top S&amp;P 500 Stock Market Gainers Today: Tesla Soars,0.459,0.23,0.647,0.122
9,US STOCKS-S&amp;P 500 climbs for third straight day as Tesla leads,0.99,0.092,0.866,0.041
10,Tesla’s second stock split in two years is ‘a high-class problem of a four-digit stock’: analyst,0.992,0.069,0.9,0.03
11,"Stocks end the day in the green, led by mega cap stocks",0.0,0.0,1.0,0.0
12,"Stock Market Today: Tesla, Tech Lift Stocks After Rocky Open",0.996,0.127,0.823,0.05
13,US STOCKS-S&amp;P 500 climbs for third straight day as Tesla leads,0.99,0.099,0.861,0.04
14,Why These 10 Stocks Are Trending on Monday,0.984,0.076,0.893,0.031
15,Tesla Stock Spikes As It Plans Stock Split; China Plant Shuts Down Due To Covid,0.447,0.128,0.872,0.0
16,Tesla snaps necks on Wall Street,0.7,0.102,0.898,0.0
17,Tesla Suffers Major Blow as Musk Attempts Something New,0.026,0.014,0.986,0.0
18,Tesla adds to wave of megacap stock splits,0.992,0.124,0.867,0.009
19,Dow Jones Falls As Biden Touts This Tax Hike; Tesla Soars Despite Covid Shutdown; AMC Stock Explodes,0.0,0.0,1.0,0.0
20,GRAPHIC-Tesla adds to wave of megacap stock splits,0.992,0.131,0.86,0.01
21,Short Sellers Are Targeting These 10 Stocks,0.998,0.09,0.88,0.03
22,Tesla stock pops after plans to enable stock split were disclosed,0.296,0.084,0.916,0.0
23,"US STOCKS-S&amp;P 500 little changed as banks, energy offset Tesla gain",0.99,0.098,0.863,0.04
24,Stock split may further fuel Tesla stock bubble: strategist,0.972,0.075,0.901,0.024
25,Is Rivian Stock A Buy Now As Analyst Touts Positive Outlook?,0.178,0.078,0.922,0.0
26,Tesla Stock Split? Here's How the Chart Looks Now,0.915,0.212,0.788,0.0
27,Why Tesla Stock Went Parabolic on Monday,0.906,0.17,0.816,0.014
28,"Stock Market Trades Lower As Biden Announces Defense, Budget Plan",0.34,0.246,0.658,0.096
29,Tesla Seeks Shareholders' Approval for Stock Dividend,0.0,0.0,1.0,0.0
30,"6 Meme Stocks in the Green Today: AMC, GME, HYMC, MULN, BBBY and NIO",0.988,0.089,0.887,0.024
31,Tesla: Berlin Factory Could Be a Game Changer,0.995,0.114,0.874,0.012
32,Tesla CEO Elon Musk considers building a social media platform,0.459,0.15,0.85,0.0
33,Musk Said Covid Would Be Gone in April 2020. Now He Has It (Again).,0.0,0.0,1.0,0.0
34,Tesla proposes 2nd stock split in less than 2 years,0.0,0.0,1.0,0.0
35,General Motors (GM) Halts Production at Indiana Over Chip Crisis,0.943,0.089,0.84,0.071
36,"Tesla is one of only 11 stocks in the S&amp;P 500, excluding energy, that enjoys this critical support",0.688,0.171,0.783,0.046
37,Tesla Poised for $85 Billion Gain in Value on Stock-Split Signal,0.993,0.117,0.851,0.032
38,Target Prices for Ford and GM Are Slipping. Tesla Is Holding Up Better.,-0.273,0.0,0.923,0.077
39,"Rivian Is Down 55%, but It's Still No Buy",0.0,0.0,1.0,0.0
40,"Tesla stock split overpowers China shutdown, stock pops",0.995,0.108,0.876,0.016
41,"US STOCKS-S&amp;P 500 flat as Tesla offsets losses in banks, energy stocks",0.956,0.096,0.847,0.057
42,Elon Musk says he ‘supposedly’ has COVID again,0.691,0.251,0.749,0.0
43,Stock Split or Not: 3 Reasons To Buy Tesla,0.881,0.131,0.869,0.0
44,Nasdaq Leads Stock Market As Tesla Plans New Stock Split; These Stocks Top Buy Points,-0.751,0.0,0.853,0.147
45,"Market check: Tech stocks gain, AMC stock rises, oil retreats",0.0,0.0,1.0,0.0
46,3 of My Top Stock Picks From Asia for 2022,0.296,0.078,0.878,0.044
47,"Tesla among Big Tech giants Amazon, Alphabet, and Apple planning a stock split",0.994,0.115,0.88,0.005
48,"Tesla requests approval for another stock split, shares jump",0.0,0.0,1.0,0.0
