﻿,Titles,Polarity,Positive,Neutral,Negative
0,Dogecoin Up Almost 40% on Elon Musk's Tesla Merch Announcement,0.625,0.063,0.937,0.0
1,Dow Jones Falls; Tesla Stock Slips On Elon Musk Move; Senate Approves Debt Ceiling Hike After Schumer Push,-0.361,0.0,0.902,0.098
2,Dow Jones Falls; Senate Approves Debt Ceiling Hike; Tesla Slips On Elon Musk Move,-0.361,0.0,0.902,0.098
3,"Dow Jones Futures: Stock Market At Turning Point As Fed Decision Looms; Microsoft, Google, Tesla, Nvidia At Key Levels",0.0,0.0,1.0,0.0
4,"Catalyst Pivotal Growth Fund Buys DocuSign Inc, NVIDIA Corp, Bill. ...",0.998,0.117,0.876,0.008
5,Dow Jones Falls As Microsoft Dives; Tesla Slips On Elon Musk Move; Schumer Makes Debt Ceiling Push,-0.361,0.0,0.902,0.098
6,"DraftKings Stock Has Game to Recover, Right?",0.994,0.119,0.818,0.064
7,"Tesla Has a Considerable Lead Over the Competition, Says Deutsche Bank",0.989,0.093,0.898,0.009
8,"Replay: From Ocean Floor to EVs: Join CEO, CFO of The Metals Company in Fireside Chat",0.917,0.041,0.947,0.012
9,3 Stocks That Can Make You Rich in Just a Few Years,0.999,0.124,0.836,0.041
10,Don’t Run! Be Ready to Buy Into Twilio Stock.,0.999,0.157,0.801,0.041
11,10 Micro-Cap Stocks to Buy According to Cathie Wood,0.994,0.071,0.898,0.031
12,Things Are Looking Up for Cloudflare as Value Collides With Growth,0.996,0.128,0.811,0.061
13,Harley-Davidson CEO: We will shine in electric motorcycles,0.981,0.071,0.923,0.006
14,QuantumScape Has Done Nothing Wrong,0.994,0.115,0.847,0.038
15,"Ford and GM Are Dropping Because Next Year Looks Doubtful. Tesla Stock Is Down, Too.",0.0,0.0,1.0,0.0
16,How To Trade A Calendar Spread On Tesla Stock,0.511,0.232,0.675,0.093
17,"Stock in Ford and GM Is Dropping Because 2022 Is Looking Doubtful. Tesla Is Down, Too.",0.0,0.0,1.0,0.0
18,Dogecoin Surges as Crypto Market Remains on Edge,-0.31,0.045,0.897,0.059
19,"Tesla Stock, IBD Stock Of The Day, Breaks Key Support Levels Amid Market Sell-Off, Elon Musk Sales",-0.202,0.0,0.904,0.096
20,Stocks in defensive setup ahead of Fed announcement,0.0,0.0,1.0,0.0
21,"Elon Musk says Tesla will accept Dogecoin as payment for merchandise, touts its value for transactions",0.382,0.067,0.933,0.0
22,The World’s Top Automakers Are Doubling Down On Electric Vehicles,0.982,0.063,0.911,0.027
23,Why Rivian Stock Dropped Today,0.637,0.093,0.849,0.058
24,BYND Stock: McDonald’s McPlant News Continues to Heat Up Shares of Beyond Meat,0.99,0.1,0.896,0.003
25,UPDATE 2-Paris taxi firm suspends use of Tesla Model 3 cars after accident,-0.95,0.017,0.914,0.069
26,"Dow Falls As Apple, Microsoft Weigh; Nasdaq Loses Support As Growth Stocks Sell Off",0.103,0.113,0.792,0.096
27,10 Best Jim Cramer Stocks to Watch in December,0.999,0.114,0.868,0.018
28,"Tesla to accept dogecoin for some merch sales, Elon Musk sells more company stock",0.983,0.104,0.859,0.037
29,Elon Musk saying Tesla will accept dogecoin ‘is the most 2021 crypto story ever’: CoinDesk Editor,0.361,0.065,0.935,0.0
30,"Tesla to accept dogecoin for some merch sales, Elon Musk sells more company stock",0.382,0.071,0.929,0.0
31,The world's largest corporate holder of Bitcoin continues to back up the truck — here are 3 simple ways to pounce on crypto's recent slide,0.996,0.101,0.885,0.015
32,Where is Tesla’s Cybertruck?,0.0,0.0,1.0,0.0
33,SpaceX Wants To Turn CO2 Into Rocket Fuel,0.973,0.097,0.857,0.045
34,"XPeng president details electric vehicle innovation, autonomous driving, and the EV market in China",0.0,0.0,1.0,0.0
35,Tesla to Accept Dogecoin for Some Merch Purchases,0.0,0.0,1.0,0.0
36,Dogecoin Jumps More Than 20% in Minutes on Renewed Elon Musk Backing,0.557,0.083,0.878,0.039
37,Toyota Is Pushing Ahead With EVs. It’s a Risk for Tesla.,0.0,0.0,1.0,0.0
38,10 Cheap Lithium and Battery Stocks to Invest In,0.999,0.094,0.893,0.014
39,Dow Jones Reverses On Hot Inflation Report; Fed Meeting Looms; Tesla Skids As Musk Sells More Shares,0.357,0.094,0.906,0.0
40,Tesla Inc (TSLA) CEO Elon Musk Sold $738.7 million of Shares,0.316,0.086,0.857,0.058
41,"EV Roundup: TM's $1.3B Outlay, CHPT's Quarterly Results &amp; More",0.993,0.06,0.93,0.01
42,Dow Jones Futures Fall On Hot Inflation Report As Fed Meeting Looms; Tesla Drops As Musk Sells More Shares,0.357,0.097,0.903,0.0
43,5 Top Stock Decliners for Tuesday Amid Market Selloff,0.0,0.0,1.0,0.0
44,Dogecoin Soars as Musk Says Tesla to Make Merchandise Buyable With the Currency,0.0,0.0,1.0,0.0
45,"Dow Jones Futures Dip Ahead Of Fed Meeting, Inflation Data; Tesla Drops As Musk Sells More Shares",0.072,0.1,0.81,0.089
46,Musk Sells More Tesla Stock as Valuation Dips Below $1 Trillion,0.962,0.104,0.846,0.05
47,3 of the Best Efficient Stocks to Enrich Your Portfolio,0.999,0.165,0.825,0.011
48,"UPDATE 3-Tesla to accept dogecoin as payment for merchandise, says Musk",0.982,0.093,0.897,0.01
