﻿,Titles,Polarity,Positive,Neutral,Negative
0,Dow Jones Futures: Stock Market Rebounds As Biden Rules Out New Lockdowns; 4 EV Stocks Race Higher,0.0,0.0,1.0,0.0
1,2 stunning Tesla charts make the stock’s bull case look like a long shot,0.962,0.087,0.881,0.032
2,US STOCKS-Wall Street rebounds after virus-related sell-off,0.94,0.093,0.837,0.07
3,Wait For a Better Entry Point in Red-Hot Lucid Stock,0.992,0.105,0.856,0.039
4,Nissan to invest $18 billion in electric vehicle push,0.0,0.0,1.0,0.0
5,Dow Jones Rallies As Apple Pops; Tesla Surges As Elon Musk Does This; Twitter Dips As Jack Dorsey Quits,0.0,0.0,1.0,0.0
6,Electric-Car Fans Are Driving These 2 Unlikely Stocks Higher,0.625,0.098,0.902,0.0
7,US STOCKS-Wall Street regains some ground after virus pullback,0.979,0.095,0.845,0.061
8,"Merck stock drops and Tesla pops on news, Avis rises on bullish call",0.0,0.0,1.0,0.0
9,"Tesla’s Top Price Targets Now Almost $1,500. No One Seemed to Notice — Twice.",0.527,0.121,0.879,0.0
10,Dow Jones Jumps 300 Points As Stock Market Rebounds From Friday Rout,0.34,0.107,0.893,0.0
11,Why Tesla Stock Jumped on Monday,0.802,0.118,0.882,0.0
12,US STOCKS-Tech rally lifts Wall Street from Omicron-driven rout,0.865,0.077,0.861,0.063
13,Tesla Stock Jumps As Berlin Plant Appears Set To Open Soon,0.0,0.0,1.0,0.0
14,The 7 Best Robinhood Stocks to Buy for December,1.0,0.139,0.807,0.055
15,S&amp;P 500 Rebounds From Friday's Rout as Tech Reigns Supreme,0.079,0.063,0.875,0.062
16,"Dow Jones Up As Apple, Microsoft Lead; EV Stocks Rally As Market Rebounds From Covid Sell-Off",-0.422,0.0,0.887,0.113
17,S&amp;P 500 Jumps as Investors Swoop Into Tech Following Friday's Rout,0.84,0.07,0.877,0.053
18,US STOCKS-Tech rally lifts Wall Street from Omicron-driven slump,0.542,0.069,0.872,0.059
19,3 Stocks to Avoid While Markets Are Near Highs,0.997,0.136,0.772,0.092
20,"Dow Jones Rallies After Stock Market Rout; Vaccine Maker Moderna, Tesla Rival Surge",0.0,0.0,1.0,0.0
21,"EV Stocks: Why LI, XPEV, TSLA, RIVN, and NIO Are Revving Up Today",0.984,0.09,0.898,0.012
22,Omicron May Make Megacap Tech Even More Expensive,0.921,0.101,0.824,0.075
23,Tesla’s ‘Giga Press’ Is Almost Operational. The Stock Is Jumping.,0.0,0.0,1.0,0.0
24,"Dow Jones Futures Rally After Stock Market Rout; Vaccine Maker Moderna, Tesla Rival Surge",0.0,0.0,1.0,0.0
25,Tesla’s Giga Press Is Almost Operational. The Stock Is Energized.,0.0,0.0,1.0,0.0
26,Tech rally lifts Wall Street from Omicron-driven slump,0.19,0.065,0.876,0.059
27,"Musk Urges Tesla Staff to Watch Costs, Keep Cool on Deliveries",0.0,0.0,1.0,0.0
28,NIO &amp; Shell Strike Deal to Enhance EV Driver Experience,0.996,0.128,0.859,0.013
29,"American Airlines, Halliburton, Moderna Rise Premarket; Merck Falls",-0.572,0.033,0.927,0.04
