﻿,Titles,Polarity,Positive,Neutral,Negative
0,"A new Big Three? Rivian and Lucid’s valuations are accelerating past Ford, GM",0.34,0.057,0.943,0.0
1,Electric-Car Startup Lucid Overtakes Ford in Market Value,0.7,0.188,0.812,0.0
2,"Dow Jones Futures: Market Rally Eyes Record Highs As Tesla, Rivian Run; Target, Xpeng, Li Auto In Buy Zones",0.0,0.0,1.0,0.0
3,Dow Jones Gains As Consumers Step Up; Roger Federer Shoe Stock Explodes; Tesla Gains As EV Stocks Rally,0.382,0.12,0.88,0.0
4,Lucid’s Market Cap Is Now Bigger Than Ford and GM,0.968,0.126,0.836,0.038
5,"Despite Jamie Dimon blasting Bitcoin as 'worthless,' JPMorgan just set a new price target for the crypto of $146,000 — here's how to jump in",0.996,0.104,0.875,0.021
6,US STOCKS-Retail boost helps lift S&amp;P 500,0.995,0.112,0.846,0.043
7,Warren Buffett and Elon Musk Aren’t Buying Stocks… So Why Are You?,1.0,0.178,0.805,0.017
8,US STOCKS-Retail boost helps lift S&amp;P 500,0.995,0.126,0.833,0.041
9,Will CARZ ETF Gain Despite Mixed Auto Earnings?,0.998,0.117,0.863,0.019
10,US STOCKS-Stocks move higher on retail boost,0.995,0.132,0.821,0.048
11,UPDATE 1-U.S. NTSB closes probe into fatal Tesla 2020 California crash,-0.897,0.063,0.83,0.107
12,Tesla’s Elon Musk Keeps Selling Stock. It’s Rising Anyway.,0.296,0.115,0.885,0.0
13,"Dow Jones Extends Gains As Major Retailers Report; Lucid, Rivian Lead EV Stocks",0.202,0.096,0.904,0.0
14,Tesla bounces back as electric car stocks rally,0.99,0.111,0.885,0.004
15,Why Tesla Stock Is Higher on Tuesday,0.718,0.132,0.868,0.0
16,Time for Electric Vehicle ETFs Instead of Rivian &amp; Tesla?,0.996,0.123,0.821,0.056
17,Dow Jones Up 200 Points As Home Depot Rallies; Lucid Leads EV Stocks Higher,0.202,0.096,0.904,0.0
18,Day Traders Are Piling Into EV Stocks Even as Tesla Sells Off,0.996,0.146,0.814,0.041
19,US STOCKS-Wall Street surges on retail optimism around holiday season,0.989,0.098,0.853,0.049
20,10 EV Stocks Popular on Reddit,1.0,0.141,0.845,0.014
21,"Retail sales: ‘Underlying real demand is still quite strong,’ strategist says",0.691,0.149,0.815,0.036
22,Rivian stock price is still going haywire,0.978,0.08,0.908,0.012
23,"JPMorgan sues Tesla for $162 million over Elon Musk tweets, warrants",-0.226,0.0,0.934,0.066
24,"S&amp;P 500 Closes Just Shy of Record High as Tech, Retailers Shine",0.967,0.088,0.863,0.049
25,Tesla Stock Gets a Lift as ‘Big Short’ Investor Michael Burry Exits Bet,0.077,0.115,0.783,0.101
26,Elon Musk Keeps Selling Tesla Stock. It’s Rising Anyway.,0.296,0.115,0.885,0.0
27,S&amp;P 500 Sets Sights on Record High as Retailers Rally,0.979,0.098,0.854,0.047
28,US STOCKS-Wall Street rises on retail optimism around holiday season,0.982,0.079,0.894,0.027
29,JPMorgan Chase Is Suing Tesla in a Dispute Over Warrants—and Elon Musk’s Tweets,-0.128,0.088,0.803,0.108
30,"EV Stocks Pass Traditional Car Makers in Market Cap, No Thanks to Tesla",0.0,0.0,1.0,0.0
31,Rivian Leaps Past Volkswagen’s Valuation as EV Mania Rages,0.922,0.095,0.864,0.041
32,"Tesla shares offloaded by Elon Musk, Rivian stock surges, Lucid unveils 2022 production target",0.296,0.059,0.941,0.0
33,"Dow Jones Rallies As Home Depot, Walmart Report; Lucid, Rivian Surge; Elon Musk Sells More Tesla Stock",0.357,0.101,0.899,0.0
34,"Dow Rises as Retail Sales Climb, Bond Yields Hold Higher —and What Else Is Happening in the Stock Market Today",0.604,0.19,0.81,0.0
35,JPMorgan Is Suing Tesla In a Dispute Over Warrants—and Elon Musk’s Tweets,-0.128,0.088,0.803,0.108
36,US STOCKS-Wall Street set to inch higher on retail optimism,0.994,0.128,0.84,0.032
37,Why Tesla's Still Underperforming Lucid and Ford,0.542,0.116,0.846,0.038
38,ChargePoint Stock Has a Very Good Chance of Adding Another 50% From Here,0.999,0.162,0.798,0.04
39,4 Stocks Insiders Are Selling,0.98,0.088,0.896,0.016
40,"Dow Jones Futures Rise As Home Depot, Walmart Report Earnings; Lucid, Rivian Set To Surge; Elon Musk Sells More Tesla Stock",0.357,0.106,0.894,0.0
41,Where Will Tesla Be in 10 Years?,0.0,0.0,1.0,0.0
42,Tesla’s Musk Keeps Exercising Options and Selling Stock. The Overhang Remains.,0.296,0.115,0.885,0.0
43,"Dow Rises, Bond Yields Hold Higher, Tesla Falls—and What Else Is Happening in the Stock Market Today",0.604,0.19,0.81,0.0
44,The Forever Battery That Promises to Change the EV Industry,0.995,0.105,0.855,0.04
45,Lucid Stock Is Nothing Like TSLA Stock as the Long-Term Case Is Spotty,0.997,0.111,0.859,0.03
46,Tired of Shibu Inu and Dogecoin? 3 Investors Pick Their Ideal Crypto Mascots Instead,0.094,0.071,0.863,0.066
