﻿,Titles,Polarity,Positive,Neutral,Negative
0,"Dow Jones Futures: Market Rally Hits Highs As Apple, Tesla Lead 6 Stocks Near Buy Points; What To Do Now",-0.502,0.0,0.817,0.183
1,10 Reddit WallStreetBets Stocks That are Rising,0.997,0.071,0.91,0.02
2,Don’t Wait for the Oracle of Omaha to Tell You NVDA Stock Is a Buy,0.998,0.135,0.82,0.045
3,Why Tesla Stock Slipped Today,0.681,0.186,0.773,0.041
4,"Online car buying is booming, according to this auto dealer",0.925,0.063,0.927,0.01
5,"Dow Jones Rallies, Tech Stocks Slide As U.S. Economy Adds 943,000 Jobs; Robinhood Surges, Tesla Slides",0.0,0.0,1.0,0.0
6,10 Stocks to Buy From Cathie Wood’s Fleet of ETFs,1.0,0.12,0.856,0.024
7,15 Best Electric Car Stocks to Buy Now,1.0,0.104,0.886,0.01
8,August 10 at 2 PM EDT: Join Bloom Energy CFO and CMO in Fireside Chat,0.982,0.152,0.839,0.008
9,"Tesla Stock Is the Best EV Buy Around, and There’s No Close Second",0.991,0.092,0.849,0.059
10,QuantumScape Stock Is a Bet on a Future That Is Getting Nearer,0.878,0.068,0.885,0.047
