﻿,Titles,Polarity,Positive,Neutral,Negative
0,7 Auto Stocks to Buy and Hold Forever,0.999,0.121,0.803,0.076
1,Dow Jones Futures: New Rally Seeks Direction; 5 Stocks Near Buy Points,0.307,0.148,0.764,0.088
2,Tesla Just Had Its Stock Price Target By Morgan Stanley. It’s a ‘WACC’ Problem.,0.026,0.075,0.853,0.072
3,"EV Sales are Surging, so Why Are Automakers Planning Layoffs?",0.665,0.178,0.724,0.098
4,Dow Jones Futures: Market Rally Seeks Direction; Watch These 5 Stocks From Hot Sector,0.307,0.148,0.764,0.088
5,Morgan Stanley Cut Its Tesla Price Target. It’s a WACC Problem.,0.026,0.075,0.853,0.072
6,Chevy auctions off Corvette NFT,0.586,0.153,0.847,0.0
7,"Tesla, Honda top 2022 list of most American-made cars",-0.586,0.056,0.772,0.173
8,"Toyota cuts July global production plan by 50,000 vehicles",-0.296,0.0,0.864,0.136
9,Ron Baron: A Fund Legend Shares Stock-Picking Secrets,0.999,0.138,0.83,0.033
10,Elon Musk Says New Tesla Plants Are ‘Money Furnaces’ Losing Billions,-0.98,0.027,0.892,0.081
11,Elon Musk Says SpaceX Will Accept Dogecoin,0.778,0.328,0.672,0.0
12,Elon Musk is Building Tunnels Again,0.077,0.029,0.946,0.025
13,"Why Tesla Shares Jumped Initially, Then Retreated Today",0.318,0.068,0.898,0.034
14,"Sell Hyliion Stock, Analyst Says. Competition Is Coming.",0.0,0.0,1.0,0.0
15,VW warns of energy disruption at plants while ramping up Porsche IPO plans,0.613,0.05,0.904,0.046
16,These are the 10 used-car models whose prices rose the most in May,0.0,0.0,1.0,0.0
17,Tesla Shanghai to Halt for a Couple Weeks. It Isn’t Covid.,-0.44,0.0,0.782,0.218
18,"Tesla Is a Once-in-a-Lifetime Opportunity, This Analyst Says. Why He’s Still a Bull.",0.178,0.091,0.909,0.0
19,Dutch Lawmakers Propose to Make Work From Home a Legal Right,0.976,0.122,0.838,0.04
20,TBJ Plus: Big Raleigh retailer makes West Coast move; Charlotte food concept coming to Durham,0.422,0.088,0.912,0.0
21,"Tesla (TSLA) to Cut 10% Salaried Jobs, Raise Hourly Staffing",0.977,0.067,0.916,0.017
22,Exclusive-Tesla plans 2-week suspension for most Shanghai production for upgrade - memo,0.077,0.023,0.958,0.019
23,Chinese Analyst Provokes Country To Attack Elon Musk's Popular Starlink Satellite Service,-0.343,0.089,0.83,0.082
24,"Dow Jones Rises, Techs Lead As Fed Chief Powell Minimizes Recession Risks",-0.823,0.0,0.664,0.336
25,"Market check: Tech stocks mixed, 10-year Treasury yield retreats",0.0,0.0,1.0,0.0
26,"Market check: Stocks open lower, energy under pressure",0.0,0.0,1.0,0.0
27,Who Is Elon Musk? What Are His Businesses?,0.44,0.041,0.959,0.0
28,Dow Jones Falls; Fed Chief Powell Minimizes Recession Risks In Inflation Fight,-0.823,0.0,0.688,0.312
29,Crypto Crash: 10 Biggest Losers,0.98,0.089,0.838,0.074
30,Better Buy: Dividend Stocks or Growth Stocks?,0.382,0.14,0.86,0.0
31,Dow Jones Futures Fall; Fed Chief Powell Testifies As Recession Fears Grow,-0.823,0.068,0.56,0.372
32,7 Long-Term Stocks to Buy for a Secure Retirement,0.999,0.119,0.868,0.013
33,"Citigroup sees 50% chance of recession amid inflation, Fed hikes, and consumer spending slowdown",-0.988,0.045,0.855,0.1
34,Is Now a Good Time to Buy Tesla Stock?,0.937,0.211,0.789,0.0
35,"Tesla stock selloff created 'generational' investment opportunity, analyst says",0.236,0.139,0.758,0.103
36,Cathie Wood Is Buying These Top Growth Stocks -- And Both Could Make You Rich Over Time,0.0,0.0,1.0,0.0
37,"How a U.S. Container Ship Crew Lived, Worked Through China’s Lockdown",-0.402,0.028,0.902,0.07
38,Volkswagen CEO Diess Warns Car Plants Are at Risk From Energy Supply Halt,0.963,0.077,0.873,0.049
39,"Tesla, Altria, Dow and Toyota Fall Premarket",0.501,0.081,0.86,0.059
40,Dow Jones Futures Fall After Market Rallies; Here Comes Fed Chief Powell,0.202,0.083,0.917,0.0
41,Musk Teases Republicans on His Pick for President,0.735,0.123,0.844,0.033
42,Elon Musk Reassures DOGE of Support to Deliver DOGE and SHIB Gains,0.993,0.11,0.856,0.035
