﻿,Titles,Polarity,Positive,Neutral,Negative
0,6 Growth Stocks That Are Bargains After Taking a Tumble,0.999,0.099,0.882,0.018
1,Dow Jones Futures: What To Do Ahead Of Fed Decision; Walmart Dives On Profit Guidance Cut,0.226,0.127,0.786,0.087
2,Is Tesla Stock A Buy With The June Earnings Report In Rear-View Mirror?,0.599,0.189,0.811,0.0
3,"S&amp;P rallies into the green, energy stocks surge into the close",0.0,0.0,1.0,0.0
4,We're Charged Up About These Moves,0.962,0.179,0.821,0.0
5,"Tesla seeks to expand EV charging network, boosts annual spending up to $8 billion",0.402,0.097,0.903,0.0
6,"Uber data case, Voyager bankruptcy, and Musk's tweets: 3 legal stories to watch",0.986,0.097,0.856,0.047
7,Cathie Wood is Not Letting Go of These 10 Stocks Despite Losses,0.999,0.107,0.838,0.055
8,Musk Says One Thing Is Central to the Future of the Car,-0.318,0.0,0.909,0.091
9,"Tesla Beat on Earnings, But There's More to the Story",0.998,0.174,0.765,0.061
10,NGOs ask Musk to not invest in Indonesia's nickel industry over environmental worries,-0.572,0.061,0.858,0.081
11,"Amazon, Google, Facebook, and Microsoft earnings: A crucial week for Big Tech",0.962,0.072,0.884,0.044
12,"These 20 stocks still have at least 48% upside, analysts say, despite the S&amp;P 500’s 8% gain from its lows",0.422,0.149,0.851,0.0
13,"Why Lucid, ChargePoint, and Blink Charging Stocks All Dropped Monday",0.648,0.12,0.845,0.035
14,China leads world in public EV charging connectors,0.0,0.0,1.0,0.0
15,"Market check: Nasdaq trades lower, bitcoin dips below $22,000",0.0,0.0,1.0,0.0
16,What does the departure of Volkswagen’s highly respected CEO mean for Tesla? The pros and cons,0.993,0.11,0.82,0.07
17,Volkswagen ousts CEO Herbert Diess amid push to EVs,0.0,0.0,1.0,0.0
18,Hedged Tesla Fund Promises Buffer From Wild Swings in Carmaker,0.928,0.084,0.859,0.056
19,"Apple offers discounts in China, ‘Nope’ records $44 million debut, Musk-Brin friendship allegedly over",0.511,0.091,0.909,0.0
20,Elon Musk Denies Wrecking a Marriage,0.0,0.0,1.0,0.0
21,Cathie Wood’s 10 Favorite Stock Picks for the Rest of 2022,0.998,0.109,0.847,0.044
22,"Midday Movers: World Wrestling Entertainment, Weber, Tesla and More",0.542,0.088,0.835,0.077
23,China's Latest Covid Lockdown Could Spell Trouble For Apple,0.957,0.117,0.831,0.052
24,"GM Wins, Tesla Loses in Latest J.D. Power Report",0.531,0.081,0.919,0.0
25,Tesla says it received June subpoena regarding its governance in wake of Musk's take-private tweet,0.625,0.078,0.922,0.0
26,Tesla Wasn’t a ‘Money Furnace’ After All. What It Means for the Stock — and Its Bonds.,0.735,0.279,0.721,0.0
27,Tesla Records $170 Million Impairment Charge on Bitcoin,0.691,0.199,0.801,0.0
28,"Tesla Boosts Capital Spending Plans, Reveals New SEC Subpoena",0.793,0.073,0.875,0.052
29,3 Stocks to Avoid This Week,0.422,0.113,0.833,0.053
30,Everyone (Except Boomers) Thinks This Is The Best Stock To Own,0.772,0.251,0.749,0.0
31,Pain Ahead for Bitcoin &amp; Related ETFs?,0.598,0.042,0.924,0.034
32,The 7 Best Funds For Retirees,1.0,0.148,0.822,0.03
33,"Challenges For Volkswagen's New CEO, Tesla's biggest EV Competitor",-0.932,0.09,0.785,0.124
34,UPDATE 2-Tesla gets second SEC subpoena over Musk's 2018 go-private tweet,0.98,0.108,0.874,0.018
35,"Tesla Reveals $170 Million Bitcoin Loss, New Subpoena Linked to Musk 'Take Private' Tweets",0.202,0.131,0.796,0.073
36,Elon Musk denies alleged affair with Google co-founder Sergey Brin's wife as 'total bs',0.757,0.128,0.818,0.055
37,Tesla gets second SEC subpoena over Musk's 2018 go-private tweet,0.98,0.111,0.871,0.018
38,Tesla gets subpoena over Musk's 2018 go-private tweets - filing,0.296,0.03,0.97,0.0
39,The 7 Best Transportation Stocks to Buy Now,1.0,0.14,0.838,0.022
40,U.S. Stocks Wobble Ahead of Big Week of Economic Data and Earnings,-0.955,0.056,0.828,0.116
41,"China Seals Off IPhone Maker, CNOOC in Shenzhen to Battle Covid",-0.992,0.018,0.892,0.09
42,"Barclays, Tesla, Intel Rise Premarket; Philips Falls",0.382,0.054,0.901,0.045
43,Musk denies 'romantic' affair with Google co-founder Brin's wife,0.938,0.065,0.925,0.01
44,Elon Musk’s Friendship With Sergey Brin Ruptured by Alleged Affair,0.026,0.058,0.942,0.0
45,"Porsche IPO, Tesla Chase, Software Fix: What Awaits VW’s New CEO",-0.896,0.083,0.822,0.094
46,Elon Musk Denies Report He Had Affair With Sergey Brin’s Wife,-0.871,0.055,0.873,0.072
