﻿,Titles,Polarity,Positive,Neutral,Negative
0,MicroStrategy Announces $1B Stock Offering With Plans To Buy More Bitcoin With Proceeds,0.772,0.043,0.943,0.014
1,Buy Tesla Stock Following Model S Plaid Launch? Analyst Weighs In,0.989,0.099,0.887,0.014
2,"Dow Jones Futures Await Fed Meeting News With Stock Market Rally At Highs: Microsoft, Tesla Near Key Levels; Oracle, Roblox Are Key Movers Late",0.0,0.0,1.0,0.0
3,Mercedes USA CEO: We're moving fast in the direction of EVs,0.873,0.153,0.808,0.039
4,"Video: Tesla Model S Plaid Owner Enjoys Yoke Steering, Adapts Quickly",0.989,0.146,0.822,0.032
5,Tesla Bulls Look for Stock Catalysts. They Found Three.,0.296,0.087,0.913,0.0
6,UPDATE 1-Volkswagen seeks partners for battery materials race,0.936,0.058,0.921,0.021
7,Jim Collins: But Have You Looked At Brazil Lately?,0.273,0.116,0.884,0.0
8,‘Deeply Disturbing’ Toshiba Report Points to Powerful Figures,0.967,0.07,0.877,0.052
9,"Dow Jones Slides, Nasdaq Near Record High; Apple Stock Eyes New Buy Point",0.0,0.0,1.0,0.0
10,"Tesla Model Y Demand Shoots Up, Long Range Variant Nearly Sold Out for Q3",0.979,0.078,0.909,0.013
11,10 Best Growth Stocks to Buy and Hold for Several Years,1.0,0.17,0.814,0.016
12,"Stock Market News for Jun 15, 2021",0.998,0.166,0.832,0.002
13,Hedge Funds Are Dumping Tesla Inc. (TSLA),0.996,0.089,0.888,0.023
14,Why Tesla's Restaurant Plan Is an Unprofitable Detour,0.0,0.0,1.0,0.0
15,"Trade Agreements, Bitcoin,  Economic Data and Higher Crude - What's Moving Markets",0.995,0.094,0.848,0.057
16,Dow Jones Futures Rise: Nasdaq On Cusp Of Record Highs As Bitcoin Surges On Elon Musk Tweet; Apple Leads 5 Stocks Near Buy Points,0.0,0.0,1.0,0.0
