﻿,Titles,Polarity,Positive,Neutral,Negative
0,Tesla Model 3 Is The Bestselling Car in Austria in March,-0.778,0.039,0.899,0.062
1,"Tesla stock ends at best in nearly 8 weeks, jumps more than 8%",0.681,0.076,0.924,0.0
2,Why Tesla Stock Soared Higher on Tuesday,0.296,0.145,0.855,0.0
3,Crypto Exchanges Usher in Era of Round-the-Clock Stock Trading,0.999,0.149,0.83,0.021
4,Forget Tesla’s Cars. The Real Money May Lie in Tesla’s Battery Business,0.996,0.127,0.835,0.038
5,10 Best Robotics Stocks For 2021,1.0,0.133,0.851,0.016
6,Tesla Stock Is Breaking Out Ahead of Earnings,0.557,0.18,0.82,0.0
7,Tesla stock: market isn't pricing in it's energy storage business,0.0,0.0,1.0,0.0
8,"Dow Jones Slides, Tech Stocks Rally As FDA Calls For Pause On J&amp;J Covid Vaccine; Bitcoin Surges To Record Highs",0.0,0.0,1.0,0.0
9,Will Tesla Be the Next Apple? Here’s How Investors Can Play It.,0.895,0.362,0.638,0.0
10,Singapore’s Grab to List in U.S. in $40 Billion SPAC Deal,0.997,0.1,0.884,0.015
11,Three Wheels to the Future,0.999,0.146,0.841,0.014
12,Tesla offered Herbert Diess CEO job in 2015 - Business Insider,0.727,0.063,0.915,0.022
13,Dow Jones Futures Reverse Lower As U.S. Calls For Pause On J&amp;J Covid Vaccine; 4 Tech Giants Near Buy Points,-0.296,0.0,0.909,0.091
14,3 Legacy Automakers to Watch As the Shift to EVs Speeds Up,0.997,0.101,0.896,0.003
15,"Dow Jones Futures Signal Gains; 4 Tech Giants Near Buy Points, While Tesla Retakes Key Level",0.0,0.0,1.0,0.0
16,UPDATE 1-Bitcoin hits record high before landmark Coinbase IPO,0.891,0.078,0.912,0.01
17,"Watch out Tesla. This new Mercedes-Benz ‘could be a game changer,’ says Deutsche Bank.",0.0,0.0,1.0,0.0
18,"This New Mercedes ‘Tesla Fighter’ Could Be Game Changing, Says Deutsche Bank",0.285,0.032,0.968,0.0
