﻿,Titles,Polarity,Positive,Neutral,Negative
0,Tesla Expanding Insurance On Its Cars To Illinois,0.957,0.073,0.903,0.024
1,Short Seller Adds Another EV Stock To Its Hit List,0.0,0.0,1.0,0.0
2,Nasdaq Slips As Biden Stimulus Raises These Fears; Dow Rallies; Warren Buffett Stock Crumbles,0.202,0.083,0.917,0.0
3,Today’s Most-Shorted Stocks Worth Buying,0.996,0.096,0.871,0.034
4,Nio Seems Awfully Risky When Considering the Bigger Picture,0.761,0.073,0.863,0.064
5,Hyliion’s Got a Long Way to Go to Get to $50,0.996,0.105,0.867,0.027
6,"Swiss Police Raid Apartment of Verkada Hacker, Seize Devices",0.985,0.104,0.86,0.036
7,Stocks mixed after record-setting rally,0.994,0.085,0.873,0.043
8,"Tech, Growth Stocks Under Pressure As Treasury Yields Rise",0.998,0.11,0.849,0.041
9,It's Not Too Late to Buy the Bounce: These 3 Unstoppable Stocks Are Still 20% Off Their Highs,0.823,0.266,0.734,0.0
10,"Top-Notch Mutual Fund Loves Facebook, Other FAANG Stocks, Taiwan Semiconductor",0.878,0.347,0.653,0.0
11,"XPeng stock falls even as losses narrow and revenue rises, amid broader weakness in EV stocks",-0.848,0.089,0.78,0.132
12,2 Stocks Cathie Wood Loves That Should Be Bigger Winners Than Tesla,0.953,0.245,0.755,0.0
