﻿,Titles,Polarity,Positive,Neutral,Negative
0,Top Stocks That GuruFocus Users Are Looking At,0.999,0.137,0.823,0.04
1,"Hot Putnam Mutual Fund Likes Alphabet, Tesla, Disney",0.93,0.402,0.598,0.0
2,Momentum and Meme Stocks: How to Find the Next Top Reddit Stock of 2021,0.997,0.088,0.884,0.028
3,Tesla Announces Date for First Quarter 2021 Financial Results and Webcast,0.318,0.016,0.984,0.0
4,Solid Delivery Numbers Aren’t Enough to Send Nio Shares Surging Again,0.963,0.089,0.841,0.07
5,"Is There A Less-Expensive Tesla Model 3 With A 93-Mile Range? Yes, And It's In Canada",0.867,0.055,0.916,0.029
6,QuantumScape’s Long-term Battery Prospects Will Hold Charge,0.997,0.13,0.832,0.038
7,Plug Power Is an Excellent Short-Term Trade After Sharp Pullback,0.999,0.169,0.791,0.04
8,Bitcoin Was Supposed to Be a Way Around Corporate Gatekeepers. Now Big Companies Are Hopping On Board.,0.34,0.098,0.902,0.0
9,Churchill Capital IV Stock May Continue to Recover in the Near-Term,0.997,0.096,0.885,0.019
10,Why a Cratered Virgin Galactic Stock May Have More Downside Risk,0.973,0.08,0.886,0.034
11,7 Stocks That Could Suffer From Biden’s Big Union Plans,0.999,0.115,0.845,0.04
12,"Tesla Has Best China Sales Ever As Model 3, Model Y Soar",0.67,0.207,0.793,0.0
13,"‘Bro Culture’ at Camera Maker Verkada Pushed Profits, Parties",0.998,0.091,0.856,0.053
14,"Dow Rallies, Tech Stocks Fall As Yields Rebound Amid Inflation Data; Tesla Stock Slides",0.202,0.076,0.924,0.0
15,Can These 3 Robinhood Favorites Really Be Winning Stocks?,0.865,0.177,0.752,0.071
16,Tesla's China Deliveries In March Increase 207% Compared to Last Year,0.851,0.058,0.932,0.01
17,Why Shares of These Electric-Vehicle Start-Ups Got Crushed in March,-0.34,0.0,0.96,0.04
18,Even Tesla Can Be a Penny Stock With Fractional Shares,0.735,0.133,0.867,0.0
19,"Tesla China Deliveries Set EV Maker for Strong '21, Wedbush Says",0.511,0.163,0.837,0.0
