﻿,Titles,Polarity,Positive,Neutral,Negative
0,Dow Jones Up On Walmart Earnings; Elon Musk Scores This Twitter Win; Coinbase Slumps As Bitcoin Falls,-0.052,0.132,0.694,0.174
1,Want a Deal on Tesla Stock? Become an Employee.,0.296,0.128,0.872,0.0
2,Musk Among Guests as McCarthy Raises Money on Cheney’s Home Turf,0.739,0.114,0.788,0.098
3,New Tesla store at Newbury Market goes up for sale before it opens in South Fayette,0.0,0.0,1.0,0.0
4,Tesla Whipsaws After Stock Rallies 50% From Its May Bottom,0.922,0.105,0.84,0.055
5,Is Tesla Falling Behind in Autonomous Driving?,0.0,0.0,1.0,0.0
6,"Arcimoto (FUV) Q2 Loss Wider Than Expected, Revenues Up Y/Y",0.973,0.071,0.893,0.036
7,"Green Power (GP) Q1 Loss Wider Than Expected, Revenues Rise",0.995,0.098,0.874,0.028
8,Tesla Workers Will Be Winners in the Stock Split. They Get a Break on the Price.,-0.511,0.0,0.898,0.102
9,German court lets Tesla ads continue referring to autonomous driving,-0.878,0.042,0.85,0.108
10,Better EV Stock Right Now: Rivian or Lucid Group?,0.318,0.171,0.829,0.0
11,Inflation Reduction Act is a ‘rising tide for the entire electric vehicle industry’: Analyst,0.998,0.176,0.824,0.0
12,Dow Jones Reverses As Walmart Jumps On Earnings; Home Depot Rallies,0.0,0.0,1.0,0.0
13,"Company News for Aug 16, 2022",0.984,0.199,0.783,0.017
14,New lithium supply threat looms as heat wave forces China to cut electricity to factories,-0.58,0.049,0.896,0.056
15,10 Best EV Materials Stocks to Buy Now,0.998,0.092,0.88,0.028
16,Dow Jones Futures Fall As Walmart Jumps On Earnings; Home Depot Drops,0.0,0.0,1.0,0.0
17,"Dow Jones Futures: Home Depot, Walmart Post Earnings Beats; Fed Minutes Next",-0.296,0.0,0.938,0.063
18,"Buy, Sell or Hold: The 7 Biggest Analyst Calls of Last Week",0.999,0.126,0.839,0.036
19,Netflix Burns Shorts as ‘Extreme’ Bearishness Ebbs,0.99,0.103,0.846,0.051
20,"Better Stock-Split Stock to Buy Right Now: Amazon, Shopify, or Tesla?",0.178,0.086,0.914,0.0
21,Is Tesla (TSLA) a Smart Long-Term Buy?,0.992,0.1,0.885,0.015
22,Apple Lays Off Recruiters as Part of Its Slowdown in Hiring,0.663,0.073,0.868,0.059
