﻿,Titles,Polarity,Positive,Neutral,Negative
0,Tesla Is Reviving Old School Battery Technology,0.993,0.085,0.877,0.038
1,Dow Jones Futures: Stock Market Breaks To New Lows With Russia 'Ready To Go'; Time To Sell Tesla?,0.178,0.095,0.837,0.068
2,Top Millennial And Gen Z Stock Picks From Tesla To Apple: Should You Buy Them Too?,0.287,0.097,0.903,0.0
3,3 Stocks to Buy in This Bear Market,0.993,0.093,0.855,0.051
4,Tesla Model Y Wins EV Award but Don’t Forget Ford’s Mustang Mach E,0.382,0.141,0.859,0.0
5,Is Elon Musk Building a Case Against One of Tesla's Top Regulators?,0.527,0.129,0.871,0.0
6,ARK Innovation: Feast or Famine?,0.117,0.124,0.746,0.13
7,"Inflation Tops List of Investors' Concerns, Survey Says",0.25,0.21,0.67,0.121
8,"After years of pollution violations, Tesla is fined $275,000 by the EPA",-0.997,0.029,0.819,0.152
9,"Water, Legal Challenge Could Derail Tesla's Growth",0.0,0.0,1.0,0.0
10,Electric Vehicle Checkpoint: Americans finally plug in to EVs,0.202,0.083,0.917,0.0
11,"Elon Musk accuses WH of ignoring Tesla, Amazon sues two companies, Facebook expands Reels globally",0.992,0.096,0.85,0.054
12,Cathie Wood is Doubling Down on These 10 Stocks Despite Losses,0.999,0.13,0.846,0.024
13,Lucid Stock Falls on First Recall. This One Isn’t Going to Be Fixed With Software.,0.71,0.106,0.894,0.0
14,"GDP, Alibaba Earnings, Bud Outlook: 3 Things to Watch",0.34,0.053,0.905,0.042
15,10 Auto Companies that Sold the Most EVs in 2021,0.998,0.088,0.884,0.028
16,Market check: Stocks recover at open after Tuesday's sell-off,0.0,0.0,1.0,0.0
17,"Dow Jones Climbs After Stock Market Sell-Off; Apple, Tesla Rebound",0.0,0.0,1.0,0.0
18,EU Unveils Rules to Force Firms to Share Product Usage Data,0.953,0.097,0.84,0.063
19,Cummins (CMI) to Takeover Meritor (MTOR) in $3.7 Billion Deal,0.995,0.117,0.871,0.012
20,"Dow Jones Futures Climb After Stock Market Sell-Off; Apple, Tesla Set To Rebound",0.0,0.0,1.0,0.0
21,Tesla faces day of reckoning on water supply for planned German plant,0.921,0.07,0.887,0.043
22,Tesla's Europe Expansion Is Critical to Its Future. It Could Dry Up.,0.0,0.0,1.0,0.0
23,"2 Unstoppable Electric Vehicle Stocks With 84% to 156% Upside, Says Wall Street",0.758,0.289,0.711,0.0
24,Dow Jones Futures Rise With Market Rally Nears Lows; Biden Targets Russia For Ukraine Invasion,-0.273,0.0,0.829,0.171
25,"3 Ultra-Popular Stocks That Can Plummet Up to 65%, According to Wall Street",-0.402,0.0,0.965,0.035
26,Elon Musk is still upset that Biden is ignoring Tesla—but promises he won’t embarrass the president if they meet,-0.967,0.052,0.863,0.085
27,Tesla to expand parts production in Shanghai to meet export demand -document,0.751,0.059,0.932,0.009
28,Elon Musk and his legal team escalate war of words with SEC,-0.34,0.058,0.794,0.148
29,Will CARZ ETF Gain Despite Mixed Auto Earnings?,0.998,0.121,0.85,0.03
