﻿,Titles,Polarity,Positive,Neutral,Negative
0,GameStop Soars on Plans to Extend Rebound With Stock Split,0.986,0.118,0.847,0.035
1,"Dow Jones Futures: Market Rally Slumps, Oil Prices Dive; GameStop Spikes Late As Tesla Deliveries Loom",-0.329,0.0,0.903,0.097
2,Volkswagen and Tesla Hit a Major Speed Bump,0.521,0.075,0.925,0.0
3,"Markets end the day in the red, financials and communications among the biggest losers",0.0,0.0,1.0,0.0
4,National Mining Association CEO: ‘What is made in America should also be mined in America’,0.681,0.14,0.826,0.034
5,U.S. Stock Futures Rise Ahead of Nonfarm Payrolls,-0.965,0.045,0.857,0.098
6,"China EV Startups Eye Big March Sales Rebound, But Delisting Fears Hit Nio Stock",-0.422,0.0,0.865,0.135
7,"The Horizon Darkens for Faraday Future, Dubbed 'Next Tesla'",0.44,0.135,0.817,0.049
8,Rivian more than tripled its workforce in 2021,0.06,0.08,0.85,0.069
9,Biden Uses Executive Authority to Boost the EV Industry. Tesla Stock Got a Lift.,0.537,0.199,0.801,0.0
10,Volkswagen and Tesla Encounter Unexpected Difficulties,0.521,0.075,0.925,0.0
11,UPDATE 1-FOCUS-Build or buy? Automakers chasing Tesla rethink dependence on suppliers,0.961,0.041,0.938,0.021
12,Electric vehicles: Biden weighs using the Defense Production Act to produce EV materials,0.996,0.129,0.839,0.032
13,"Volkswagen, Tesla Hit by Shanghai Covid Lockdown",-0.318,0.0,0.892,0.108
14,3 Stocks to Buy on Earnings Dips,0.998,0.134,0.787,0.079
15,"Tesla Is Like Getting Three Companies for the Price of One, Says Bullish Analyst",0.273,0.116,0.884,0.0
16,"Electric vehicle adoption is ‘a major uplift’ for chipmakers, analyst says",0.511,0.223,0.777,0.0
17,"Tesla Stock Slips Ahead of Q1 Deliveries, Extended Shanghai Gigafactory Shutdown",0.382,0.12,0.88,0.0
18,Dow Jones Falls; Oil Prices Dive As U.S. Eyes Reserve Release,0.0,0.0,1.0,0.0
19,"Ford, Rivian Are More Influential Than Tesla. No, Really.",0.488,0.174,0.826,0.0
20,Magna (MGA) to Expand Ontario Operations for Battery Enclosures,0.997,0.145,0.855,0.0
21,Dow Jones Futures Fall; Oil Prices Dive As U.S. Eyes Reserve Release,0.0,0.0,1.0,0.0
22,Better Buy: Tesla or Every Nasdaq Stock?,0.869,0.119,0.881,0.0
23,"Tesla Stock Holds Gains Ahead of Q1 Deliveries, Extended Shanghai Gigafactory Shutdown",0.382,0.12,0.88,0.0
24,Tesla Extends Production Halt at Shanghai Plant. It Could Be a Blessing in Disguise.,0.178,0.082,0.918,0.0
25,10 EV Penny Stocks to Buy Now,0.999,0.08,0.911,0.009
26,"Dow Jones Futures Fall, Crude Oil Tumbles As Biden Mulls Huge Strategic Reserves Release",-0.743,0.0,0.741,0.259
27,Build or buy? Automakers chasing Tesla rethink dependence on suppliers,0.958,0.04,0.938,0.022
28,Dow Jones Futures: Crude Oil Tumbles As Biden Mulls Huge Strategic Reserves Release,-0.743,0.0,0.741,0.259
29,"Stocks Mixed, Oil Slumps, Tesla, AMD and UiPath - Five Things You Must Know",0.202,0.151,0.73,0.119
30,Here's Why Tesla's Stock Split Isn't a Big Deal,0.447,0.14,0.86,0.0
31,FOCUS-Build or buy? Automakers chasing Tesla rethink dependence on suppliers,0.958,0.04,0.938,0.022
32,UPDATE 1-Tesla extends Shanghai plant suspension amid lockdown -internal notice,-0.796,0.024,0.926,0.05
33,Tesla to Extend the Production Halt at Shanghai Plant for Another Day,0.178,0.082,0.918,0.0
34,Tesla extends Shanghai plant suspension amid lockdown -internal notice,0.422,0.042,0.935,0.023
35,Tesla Edges Higher While EV-Maker Delays China Factory Resumption,-0.859,0.032,0.887,0.081
36,Giga-casting and robots: How Volkswagen's Trinity aims to catch up with Tesla,0.6,0.062,0.887,0.051
37,FOCUS-Giga-casting and robots: How Volkswagen's Trinity aims to catch up with Tesla,0.352,0.06,0.888,0.052
38,"China’s March Manufacturing, Services Activity Contract",-0.875,0.036,0.901,0.063
39,"Dow Jones Futures Rise, Crude Oil Falls As Biden Mulls Huge Strategic Reserves Release",-0.743,0.0,0.741,0.259
