﻿,Titles,Polarity,Positive,Neutral,Negative
0,"GM Is a Tech Stock, and Its Valuation Could Soar. Here’s Why.",0.0,0.0,1.0,0.0
1,"Dow Jones Futures: Market Rally Closes Off Lows; Roku, AMD, Tesla Among 10 Stocks With Bullish Reversals",0.599,0.265,0.651,0.084
2,"A Tesla ‘death cross’ is coming, the first in more than 2 years",-0.84,0.0,0.763,0.237
3,What Autonomous Driving Can Teach Us About Risk,-0.966,0.095,0.793,0.111
4,Is Li Auto Stock A Buy Now? Shares Jump 45% In June As EV Stocks Roar Back,-0.077,0.08,0.83,0.09
5,Stellantis Quashes Hot Streak for Carmakers Plotting EV Splurges,0.944,0.044,0.931,0.025
6,"Tesla Stock Rebounds From Key Support Amid Strong China EV Sales, Cheaper Model Y",0.34,0.103,0.897,0.0
7,The Next Supply Crunch Could Be Even Worse For Car Stocks,-0.477,0.0,0.843,0.157
8,"Tesla's lead in China's red-hot electric vehicle market is shrinking, says rival XPeng",0.988,0.085,0.899,0.016
9,"Dow Jones Cuts Losses As Treasury Yields Tumble; Apple Sells Off, Tesla Stock Slashes Losses Amid Strong China Sales",0.033,0.077,0.852,0.071
10,Why Tesla Stock Stumbled on Thursday,0.71,0.095,0.863,0.043
11,"Dow Jones Dives 500 Points As Treasury Yields Tumble; Apple Sells Off, Tesla Stock Skids Despite Strong China Sales",0.033,0.077,0.852,0.071
12,XPeng President on Tesla: Chinese players are quickly catching up,0.0,0.0,1.0,0.0
13,"Dow Jones Dives As Treasury Yields Tumble; Apple Sells Off, Tesla Stock Skids Despite Strong China Sales",0.033,0.077,0.852,0.071
14,Tesla’s June China Delivery Numbers Were Good. Why Its Stock Is Dropping.,0.265,0.071,0.929,0.0
15,"Auto Giant Unveils $35.5 Billion EV Plan As Dodge, Ram, Jeep Go Electric",0.25,0.105,0.895,0.0
16,German region to fine Tesla for illegal construction,-0.71,0.045,0.875,0.08
17,"Tesla Stock Tests Key Support Despite Strong China EV Sales, Cheaper Model Y",0.34,0.098,0.902,0.0
18,Tesla releases a cheaper Model Y in its battleground China market,0.82,0.264,0.736,0.0
19,Tesla Stock Undercuts Key Support Despite Strong China EV Sales Strong,0.44,0.139,0.861,0.0
20,Dow Jones Futures Tumble As Treasury Yields Keep Falling; Tesla China Sales Strong; Newegg Is New Meme Stock Rocket,0.625,0.231,0.769,0.0
21,UPDATE 1-Panasonic boss says Tesla relationship unaffected by share sale,0.944,0.085,0.9,0.014
22,Electric Vehicle Checkpoint: Why Jim Cramer Says Tesla Is a Good Buy,0.202,0.073,0.927,0.0
23,Tesla Debuts Lower-Priced Model Y in China as Sales Slip,-0.382,0.088,0.756,0.155
24,"Tesla, Newegg, Google, Growth Concerns - 5 Things You Must Know Thursday",-0.34,0.082,0.759,0.158
25,Musk's Boring Company bids to build transit tunnel in Florida,-0.48,0.052,0.878,0.07
