﻿,Titles,Polarity,Positive,Neutral,Negative
0,4 Stocks to Boost Your Portfolio (In an Unintuitive Way),0.966,0.117,0.772,0.11
1,"Tesla to hold AI Day in ""about a month"" for hiring - Musk",0.927,0.08,0.906,0.014
2,Alset EHome Partners With Tesla For PV Solar Panels,0.904,0.071,0.929,0.0
3,Tesla's Elon Musk planning on 'AI day' to boost recruiting,0.66,0.066,0.934,0.0
4,Valuation Remains A Concern For Lucid Motors,0.998,0.118,0.872,0.011
5,Lordstown president dumped his stock to reportedly expand his turkey hunting farm,0.948,0.068,0.897,0.035
6,Why I Believe NIO Will Beat Out Tesla,0.999,0.14,0.821,0.039
7,Former Tesla Executive Sells $274 Million of Stock,0.0,0.0,1.0,0.0
8,"Ex-Tesla president sells shares, Olympics to allow fans, Vivendi sells 10% of UMG",0.986,0.084,0.91,0.005
9,Dow Jones Surges 500 Points As Bitcoin Plunges On China Crackdown; Tesla Skids,0.0,0.0,1.0,0.0
10,10 Best Alternative Energy Stocks to Buy Now,1.0,0.164,0.829,0.007
11,Dow Jones Jumps As Bitcoin Plunges On China Crackdown; Tesla Skids,0.0,0.0,1.0,0.0
12,"Volvo Car, Northvolt Partner For Europe's EV Battery Factory: Report",0.169,0.041,0.94,0.019
13,Here's Why Crypto Crash is No Big Deal for NVIDIA (NVDA),0.998,0.133,0.824,0.043
14,"Teledyne, Planet Fitness, General Motors, Ford and Tesla highlighted as Zacks Bull and Bear of the Day",1.0,0.138,0.834,0.028
15,"Robinhood Traders Keep Buying These Stocks, What do the Pros Say About Them?",0.995,0.106,0.87,0.023
16,Tesla Isn’t the Only Self-Driving Car Company. The Stocks to Buy—and Ones to Avoid.,0.637,0.206,0.794,0.0
17,"Tesla Is One Of 8 Fallen Stock Winners Set To Rally, Analysts Say",-0.691,0.0,0.82,0.18
18,"Merkel Bloc Pitches Stability, Growth to Check German Greens",0.996,0.15,0.81,0.04
19,The Merging Worlds of Auto Industry and Technology Firms,0.999,0.142,0.841,0.018
20,"Merkel Bloc Pitches Stability, Growth to Counter German Greens",0.996,0.15,0.81,0.04
21,"Amazon, Apple most valuable brands but China's rising - Kantar survey",0.996,0.165,0.832,0.003
22,Tesla's Profitability and the Surprising Thing That Could Threaten It,0.535,0.168,0.832,0.0
23,Over 40% of Investors Believe Tesla’s Market Cap Will Drop - Investing Survey,0.99,0.126,0.827,0.047
24,Tesla investor warns of ‘deep sickness’ in UK capital markets,0.806,0.167,0.745,0.089
