﻿,Titles,Polarity,Positive,Neutral,Negative
0,Tesla's Musk sees Cybertruck production delayed to 2023,0.422,0.036,0.936,0.029
1,"Bear Country: Tesla (TSLA), Intel (INTC) Beat but Sell Off",0.996,0.122,0.832,0.046
2,Tesla sees Cybertruck production delayed to 2023,0.537,0.041,0.929,0.031
3,Tesla posts record profits as its deliveries soared in 2021,0.781,0.049,0.931,0.019
4,Musk Sees Human Robot Becoming Bigger Than Tesla’s Car Business,-0.783,0.033,0.91,0.057
5,Tesla's Record Q4 in 5 Must-See Takeaways,0.0,0.0,1.0,0.0
6,"Landmark Financial Advisors, LLC Buys Vanguard FTSE Developed Markets ETF, Vanguard FTSE ...",0.997,0.084,0.912,0.004
7,"Resonant Capital Advisors, LLC Buys Marqeta Inc, Vanguard Tax-Exempt Bond ETF, iShares National ...",0.993,0.047,0.948,0.005
8,"NewSquare Capital LLC Buys FIRST TR ETF VI, First Trust TCW Opportunistic Fixed Income ETF, ...",0.998,0.073,0.92,0.007
9,"Johnson Midwest Financial, LLC Buys SPDR Dow Jones Industrial Average ETF, FS KKR Capital Corp, ...",0.996,0.062,0.931,0.008
10,"Franklin Street Advisors Inc  Buys Lowe's Inc, Genuine Parts Co, Dollar General Corp, Sells ...",0.967,0.048,0.929,0.023
11,Tesla (TSLA) Q4 Earnings and Revenues Surpass Estimates,0.996,0.099,0.893,0.008
12,Dow Jones Futures: Hawkish Fed Chief Powell Wipes Out Market Rally; Tesla Headlines Earnings Wave,0.34,0.118,0.882,0.0
13,Tesla Earnings: What Happened with TSLA,0.34,0.138,0.862,0.0
14,Bentley CEO details $3.4 billion 'transformation' for electric vehicle era,0.999,0.122,0.87,0.008
15,Tesla Stock Falls Despite Earnings Beat; Supply-Chain Woes Hamper Production,-0.392,0.0,0.883,0.117
16,"Replay – EV Batteries for Honda, GM: Join SES Holdings Founder &amp; CEO in Fireside Chat",0.973,0.048,0.952,0.0
17,"Tesla tops earnings estimates, stock falls after hours",0.077,0.067,0.933,0.0
18,"US STOCKS-Wall Street gains evaporate, S&amp;P 500 ends lower on Fed tightening timeline",0.827,0.063,0.887,0.051
19,"UPDATE 4-Tesla sees supply chain issues throughout 2022, posts record revenue",0.993,0.102,0.88,0.019
20,"Tesla sees supply chain issues throughout 2022, posts record revenue",0.993,0.103,0.878,0.019
21,Tesla Releases Fourth Quarter and Full Year 2021 Financial Results,0.318,0.019,0.981,0.0
22,"Squeezes, Margin and Naked Shorts: Join Hedge Fund Veteran Charles Gradante in Fireside Chat Monday at 12PM ET",-0.856,0.033,0.905,0.062
23,NIO Stock Alert: Why Did Nio Just Hit a New 52-Week Low?,0.938,0.104,0.813,0.083
24,Why Tesla Stock Is Up Today,0.0,0.0,1.0,0.0
25,"US STOCKS-U.S. stocks retreat from initial Fed bump, then pare during Powell Q&amp;A",0.993,0.121,0.827,0.051
26,Is This Tiny EV Stock the Next Tesla?,0.804,0.141,0.823,0.036
27,"Brightworth Buys BTC iShares Core MSCI EAFE ETF, iShares Core S&amp;P Mid-Cap ETF, JPMorgan ...",0.995,0.069,0.924,0.007
28,"Avitas Wealth Management LLC Buys Vanguard Short-Term Inflation-Protected Securities, Amazon. ...",0.999,0.108,0.889,0.003
29,"Stocks Climb as Microsoft, Tesla Gain Ahead of Rate Announcement",0.459,0.125,0.875,0.0
30,Stocks Climb Ahead of Rate Announcement,0.103,0.057,0.943,0.0
31,Ford CEO admires two electric vehicle makers,0.995,0.13,0.85,0.02
32,"Semiconductor shortage has reached 'crisis' levels, Commerce Secretary says",-0.962,0.036,0.884,0.08
33,ONDS Stock Alert: The Chevron Drone Order That Has Ondas Holdings Flying Today,0.988,0.093,0.885,0.022
34,Retail stocks trading slower but still above pre-pandemic levels: Study,0.994,0.107,0.868,0.025
35,5 Stocks to Own for Decades,1.0,0.161,0.803,0.037
36,JKS Stock Alert: 6 Things to Know About the Shanghai JinkoSolar IPO That Has Shares Shining,0.993,0.108,0.883,0.01
37,S&amp;P 500 Erases Gains to Close Lower as Powell Relights Fed Hike Jitters,0.963,0.092,0.869,0.039
38,"Bentley to invest $3.4B in EVs, IMF urges El Salvador to ditch bitcoin, Marc Jacobs glitch giveaway",0.402,0.091,0.87,0.04
39,"Apple, Visa, Comcast Earnings: 3 Things to Watch",0.944,0.096,0.855,0.049
40,"Stocks rise in early trading, EV startups get clobbered year-to-date",0.796,0.056,0.933,0.011
41,"Better EV Stock in 2022: Nio, Rivian, or Lucid?",0.815,0.347,0.653,0.0
42,"Stocks Gain as Tech Rallies, Investors Await Fed",0.0,0.0,1.0,0.0
43,5 Tips for Increasing Your Wealth,0.751,0.113,0.887,0.0
44,"Stock Market Today-1/26: Dow, Tech Stocks Pare Gains As Fed Hints At Balance Sheet Reduction",-0.296,0.0,0.909,0.091
45,Tesla Needs a Big Beat to Get Back to $1 Trillion Value,0.897,0.081,0.859,0.06
46,Build Back Better 'is mission critical' for electric vehicle industry: Ford CEO,0.992,0.113,0.867,0.02
47,"Narwhal Capital Management Buys Cisco Systems Inc, HCA Healthcare Inc, Blackrock Municipal 2030 ...",0.997,0.071,0.924,0.005
