﻿,Titles,Polarity,Positive,Neutral,Negative
0,Tesla Deliveries Due After Shanghai Production Woes; Tesla Stock Hits Resistance,-0.44,0.091,0.7,0.21
1,Tesla plans super-sized project in small Oregon town,0.0,0.0,1.0,0.0
2,Sony's Next Big Thing in Tech Is Helping Honda Take On Tesla,0.989,0.063,0.913,0.025
3,Dow Jones Futures: What To Do In New Stock Market Rally; Nike Earnings Beat; Tesla Sales Up Next,0.0,0.0,1.0,0.0
4,Buffett-Backed Tesla Rival BYD Breaks Out With China EV Sales Due,-0.511,0.0,0.842,0.158
5,Tesla stock dip is ‘a generational-type opportunity’ for investors: Analyst,0.758,0.117,0.883,0.0
6,UPDATE 1-Judge orders new trial in Tesla worker's race bias lawsuit,-0.967,0.077,0.788,0.135
7,"Market check: S&amp;P 500 on track to close with losses, energy makes intraday gains",-0.153,0.059,0.866,0.075
8,Judge orders new trial in Tesla worker's race bias lawsuit,-0.984,0.063,0.777,0.16
9,10 Best Tech Stocks to Buy According to Billionaire Ken Griffin,1.0,0.136,0.836,0.028
10,"Why Tesla Shares Rose Today, but Nio and Lucid Dropped",0.0,0.0,1.0,0.0
11,Tesla (TSLA) to Upgrade Giga Shanghai to Bolster Capacity,0.984,0.072,0.909,0.019
12,"Gas prices are making decarbonization ‘more urgent,’ BrightDrop CEO says",0.0,0.0,1.0,0.0
13,"Midterm elections, employer abortion benefits: What to watch in D.C. this week",0.0,0.0,1.0,0.0
14,GM Wants to Strike a Huge Blow Against Its Rivals,0.0,0.0,1.0,0.0
15,"EV makers raise prices, Toyota recalls electric SUVs, Johnny Depp could return to ‘Pirates’ franchise",0.0,0.0,1.0,0.0
16,"Nasdaq edges lower, Apple and Tesla stocks rise, crypto declines",0.811,0.075,0.879,0.046
17,The Companies In Line to Profit From the EV Revolution,0.996,0.095,0.872,0.033
18,"Market check: Stocks waver at open, U.S. dollar flags",0.0,0.0,1.0,0.0
19,Tesla Competitor Polestar's Stock Jumps 16% on First Day of Trading,0.318,0.068,0.932,0.0
20,Better Stock-Split Buy: Alphabet or Tesla?,0.813,0.13,0.87,0.0
21,Companies announce abortion benefits as trigger bans take effect in some states,0.494,0.132,0.868,0.0
22,Dow Jones Reverses Lower As Stock Market Rally Continues; 6 Top Stocks To Buy And Watch,-0.103,0.075,0.833,0.092
23,Dow Jones Rises As Stock Market Rally Continues; 6 Top Stocks To Buy And Watch,0.202,0.083,0.917,0.0
24,"Tesla's Up as Stock-Split Investors Wait, But This Tiny Nasdaq Stock Is Riding High Monday",0.811,0.119,0.881,0.0
25,Dow Jones Futures Rise As Stock Market Rally Continues; 6 Top Stocks To Buy And Watch,0.202,0.079,0.921,0.0
26,"Tesla, Rivian and Nio stock price targets cut on supply chain troubles, Shanghai shutdowns",-0.772,0.0,0.909,0.091
27,2 Highly Profitable Cathie Wood Stocks Poised to Bounce Back in the Long Run,0.889,0.159,0.841,0.0
28,"Tesla, Rivan and Nio stock price targets cut on supply chain troubles, Shanghai shutdowns",-0.772,0.0,0.909,0.091
29,"Tesla, Robinhood, Spirit, and More Stocks on the Move Monday Morning",0.477,0.099,0.851,0.05
30,7 Top Lithium Stocks for the Second Half of 2022,0.998,0.085,0.898,0.017
31,Still Think Tesla Is Expensive? This Stat Will Change Your Mind,0.859,0.188,0.812,0.0
32,Why some analysts are talking about a short-term bottom in stocks: Morning Brief,-0.553,0.033,0.933,0.034
33,Better Buy: Tesla vs. Rivian,0.502,0.153,0.847,0.0
34,Elon Musk Has a Grudge Against this Auto Giant,-0.259,0.068,0.808,0.124
35,Tesla Has a New Rival on the Rise,-0.681,0.0,0.796,0.204
36,Dow Jones Futures Rise After Market Rally Gains Steam; 9 Stocks To Watch,0.0,0.0,1.0,0.0
37,Elon Musk Goes Twitter Silent,0.141,0.044,0.934,0.022
38,Lucid Group Stock Looks More Vulnerable Than Tesla and Its Other Peers,-0.706,0.0,0.837,0.163
