﻿,Titles,Polarity,Positive,Neutral,Negative
0,"Market Rally Extends Rebound As Nasdaq Tops Key Level; Tesla, Google Lead 7 Stocks To Watch",0.0,0.0,1.0,0.0
1,"US STOCKS-Wall St mints strong gains on rosy economic data, encouraging Omicron update",0.994,0.125,0.826,0.049
2,Tesla returns to the $1 trillion club after Musk says stock sales are done,0.477,0.194,0.806,0.0
3,"US STOCKS-Wall St rises on rosy economic data, encouraging Omicron update",0.991,0.13,0.83,0.041
4,"Dow Jones Rallies; Elon Musk Does This, Tesla Stock Surges; Moderna Dives Amid Covid News",0.7,0.225,0.775,0.0
5,"Dow Jones Gains; Elon Musk Says This, Tesla Stock Rockets; Moderna Dives As Covid Pill Clears Hurdle",0.7,0.244,0.756,0.0
6,Rivian vs. Ford: Which Is the Better Buy?,0.997,0.099,0.874,0.026
7,Why Lucid Stock Jumped Today,0.44,0.06,0.908,0.033
8,Why Nio Shares Dropped Again Today,0.422,0.088,0.875,0.038
9,"Video Highlights: From Ocean Floor to EVs – Join CEO, CFO of The Metals Company in Fireside Chat",0.936,0.044,0.945,0.011
10,"US STOCKS-Wall St gains on upbeat economic data, encouraging Omicron update",0.991,0.125,0.827,0.048
11,"Stocks Pop for Second Straight Day, Boosted by Consumer Confidence",0.09,0.07,0.93,0.0
12,Behind the Wall: A Holiday Investing Special! How Tech Execs Are Spreading the Yuletide Cheer,0.999,0.127,0.857,0.016
13,BAD ETF: The Top “Sin Stock” Holdings in the New Anti-ESG Fund That Debuts Today,-0.9,0.11,0.795,0.095
14,"Stocks in focus: Tesla, Caterpillar, Pfizer, Moderna",0.0,0.0,1.0,0.0
15,Tesla’s Touch-Screen Gaming Probed by U.S. Auto-Safety Regulator,0.153,0.187,0.667,0.147
16,EPA Boosts Standard to 55 Miles Per Gallon by 2026,-0.128,0.062,0.856,0.082
17,EPA Boosts Vehicle Standards to 55 Miles Per Gallon,-0.128,0.062,0.856,0.082
18,"US STOCKS-Wall St climbs on positive economic data, Omicron update",0.983,0.098,0.857,0.045
19,"Musk’s 10% Stake Sale Removes Overhang, Fueling Tesla Rally",0.6,0.093,0.83,0.077
20,"The Dow Is Rising, Tesla Soars—and What Else Is Happening in the Stock Market Today",0.09,0.07,0.93,0.0
21,Tesla stock jumps after Elon Musk says he sold 10% stake,0.0,0.0,1.0,0.0
22,"S&amp;P 500 Rallies as Bulls Up Bets on Tesla, Tech",0.991,0.114,0.866,0.02
23,"Why Tesla Stock Is Back To The $1,000 Level Today",0.9,0.139,0.754,0.107
24,"Dow Jones Extends Gains As This Key Stock Leads; Tesla, Paychex Rally On Nasdaq",0.178,0.078,0.922,0.0
25,Why Tesla Stock Perked Up Today,0.527,0.073,0.927,0.0
26,"CarMax (KMX) Q3 Earnings and Sales Top Estimates, Up Y/Y",0.993,0.098,0.877,0.025
27,Buying Rivian Could Be Your Biggest Regret in 2022,0.778,0.119,0.86,0.021
28,Tesla -- The World's Top High-Growth AI Stock,0.781,0.282,0.718,0.0
29,"S&amp;P 500 Continues Rebound From Omicron Selloff as Tesla, Tech Lead Gains",0.993,0.123,0.865,0.012
30,"Elon Musk say California is the land of too much taxes, regulation, litigation",0.226,0.073,0.927,0.0
31,"Market check: Stocks open mixed, bond volatility settles",0.0,0.0,1.0,0.0
32,Ray Dalio says your cash savings are not safe and will be ‘taxed by inflation’ — build a hedge with 3 alternative places to stash your money,0.995,0.095,0.888,0.018
33,US STOCKS-Wall Street subdued as Omicron concerns linger,0.975,0.077,0.887,0.036
34,"Dow Jones Falls; Apple Price Target Hiked, Tesla Jumps On Elon Musk Comments",-0.296,0.0,0.905,0.095
35,Tesla’s In-Dash Video Games Being Probed by Safety Agency,-0.088,0.059,0.87,0.071
36,"UPDATE 1-Tesla, authorities submit documents for German plant approval",0.757,0.054,0.918,0.028
37,Is Standard Motor Products (SMP) Stock Outpacing Its Auto-Tires-Trucks Peers This Year?,0.992,0.113,0.878,0.009
38,"Why the Log4j vulnerability is such a big deal, according to a former NSA hacker",-0.999,0.067,0.772,0.161
39,Top 10 Stock Picks of Billionaire Nicholas Pritzker,0.997,0.076,0.917,0.007
40,"Tesla's Rising, but This Nasdaq Biotech Stock Got Absolutely Crushed Wednesday",0.318,0.067,0.9,0.033
41,US STOCKS-Wall Street set to drop as Omicron worries linger,0.979,0.074,0.902,0.024
42,"Lucid vs. Rivian – Which EV Stock Should You Buy, If Either?",0.25,0.049,0.923,0.029
43,"Dow Jones Futures Turn Lower; Apple Price Target Hiked, Tesla Jumps On Elon Musk Comments",-0.296,0.0,0.905,0.095
44,"Dow Futures Little Changed,  Tesla Gains—and What Else Is Happening in the Stock Market Today",0.09,0.07,0.93,0.0
45,"Tesla, authorities submit documents for German plant approval",0.726,0.095,0.888,0.017
46,Tesla Inc (TSLA) CEO Elon Musk Sold $528 million of Shares,0.316,0.086,0.857,0.058
47,"Fisker (FSR), Bridgestone Team Up for EV After-Sales Services",0.998,0.121,0.87,0.009
