﻿,Titles,Polarity,Positive,Neutral,Negative
0,Cathie Wood 'keeping open mind' on investing in GM as carmaker scales EV plans,0.811,0.038,0.944,0.018
1,"Dow Jones Futures: Market Rally Rebounds, But Don't Get Excited; 7 Stocks Near Buy Points",0.593,0.216,0.784,0.0
2,10 Hottest Stocks to Watch on Wednesday,0.994,0.087,0.893,0.02
3,California plan aims to triple sales of electric vehicles by 2026,-0.153,0.0,0.965,0.035
4,"Tesla, Amazon, Nvidia lead markets toward session highs",0.34,0.068,0.932,0.0
5,"Elon Musk 'profited $150 million against the backs of common shareholders,' lawyer says",0.989,0.124,0.822,0.054
6,"Ford Has Bad News For Tesla, Rivian and GM",0.625,0.069,0.931,0.0
7,Tesla (TSLA) Reports Next Week: Wall Street Expects Earnings Growth,0.998,0.151,0.802,0.047
8,Dow Futures Little Changed as Q1 Earnings Kick Off,0.92,0.089,0.869,0.043
9,David Einhorn’s Greenlight Capital Portfolio: Top 10 Stock Picks,1.0,0.107,0.87,0.023
10,Fake Tesla Release Sends Lithium Miner's Stock on a Wild Ride,0.414,0.065,0.882,0.053
11,"Nvidia Stock Is a Buy, but the Question Is When?",0.917,0.074,0.877,0.049
12,2 Big Reasons Nio Stock Is Flying High Today,0.637,0.11,0.852,0.038
13,Twitter shareholder sues Tesla CEO Elon Musk over delayed filing,-0.743,0.0,0.781,0.219
14,Auto File: U.S. used car market loses its fizz and automakers dig deep,0.993,0.08,0.877,0.043
15,Own Shopify Stock for the Long Term with Confidence,0.994,0.123,0.814,0.063
16,Allison's (ALSN) Defense Network Expansion to Reduce Costs,0.997,0.123,0.864,0.013
17,California Lawyer Quits Over Allegation Newsom Meddled in Activision Case,-0.73,0.087,0.804,0.109
18,GM and Ford Join Tesla in Race to Secure EV Battery Material Supplies,0.026,0.122,0.761,0.117
19,Should You Buy Alphabet Before the Stock Split?,0.361,0.122,0.878,0.0
20,Lucid Draws 2 Powerful Weapons in Battle Against Tesla,0.0,0.0,1.0,0.0
21,"Lucid takes on Tesla with luxury sedan, CNN+ viewers lag, Disney family member denounces Florida law",0.0,0.0,1.0,0.0
22,General Motors (GM) Partners Glencore for Cobalt Supply for EVs,0.995,0.095,0.902,0.003
23,Nio Stock Looks To Recover As Covid Delivers Fresh Sting In China,0.0,0.0,1.0,0.0
24,"Electric vehicles: VinFast exec details U.S. factory plans, battery recycling, and new models",0.0,0.0,1.0,0.0
25,Warehouses keep getting bigger. Here's where the largest US industrial projects are set to deliver in 2022.,0.0,0.0,1.0,0.0
26,Dow Jones Climbs As Earnings Season Kicks Off; JPMorgan Slides On Earnings Miss,-0.296,0.0,0.891,0.109
27,Dow Jones Falls As Earnings Season Kicks Off; JPMorgan Slides On Earnings Miss,-0.296,0.0,0.891,0.109
28,"Tesla ‘will change the game’ much like Apple, Cathie Wood says",0.153,0.079,0.865,0.056
29,Better Stock-Split Buy: Tesla vs. GameStop,-0.382,0.0,0.852,0.148
30,Dow Jones Futures Reverse Lower As Earnings Season Kicks Off; JPMorgan Falls On Earnings Miss,-0.296,0.0,0.879,0.121
31,"Dow Jones Futures Turn Lower After Hawkish Fed Sinks Latest Market Rally; JPMorgan, Delta Report",0.0,0.0,1.0,0.0
32,"Dow Jones Futures Slash Gains After Hawkish Fed Sinks Latest Market Rally; JPMorgan, Delta Report",-0.296,0.0,0.891,0.109
33,Can I Buy Shares of Tesla in My Roth IRA?,0.026,0.144,0.745,0.11
34,Lawsuit accuses Elon Musk of harming fellow Twitter shareholders by waiting too long to disclose his 9.2% stake,0.317,0.062,0.874,0.064
35,Is It Better to Buy Before or After a Stock Split? Consider These 3 Charts.,0.859,0.165,0.804,0.031
36,"Nvidia Wins BYD And Lucid, Key Tesla Rivals, As Its Auto Pipeline Swells",0.422,0.135,0.865,0.0
37,Yahoo Finance Presents: Cathie Wood,0.25,0.065,0.935,0.0
38,"Twitter Stock Watch: Elon Musk Sued By Former Investor, Cathie Wood Trims Stake",-0.296,0.067,0.798,0.135
39,The Question Banks Have to Answer Is Just How Bad Things Will Get,0.542,0.111,0.889,0.0
40,Elon Musk Sued by Investor for Delay in Disclosing His Twitter Stake,-0.233,0.088,0.754,0.158
41,GM’s Profits Could Rise Faster Than Apple’s. Its EV Plans Are the Key.,0.0,0.0,1.0,0.0
42,Dow Jones Futures Rise After Market Rally Fizzles On Hawkish Fed Signal; What To Do Now,0.052,0.093,0.825,0.082
43,"‘Private markets get it,’ but disruptive tech is beaten-up in the stock market, says ARK’s Cathie Wood",0.813,0.268,0.675,0.058
44,"Tesla, Nio and Volkswagen Face a Puzzling Headache",0.0,0.0,1.0,0.0
