﻿,Titles,Polarity,Positive,Neutral,Negative
0,Tesla (TSLA) Gains As Market Dips: What You Should Know,0.988,0.094,0.89,0.017
1,Amazon-backed startup Rivian starts production of electric pick-up,-0.296,0.0,0.986,0.014
2,The 7 Top EV Stocks and Battery Companies,0.995,0.078,0.889,0.033
3,Here are 5 ways to profit from the crypto crash without buying volatile coins,0.998,0.124,0.851,0.025
4,"UPDATE 1-Redwood, led by Tesla co-founder, to build battery materials in U.S.",0.813,0.038,0.955,0.008
5,"Analyzing Tesla, Inc. (TSLA): Future Growth Catalysts, Hedge Fund Sentiment and Analyst Ratings",0.999,0.103,0.869,0.028
6,"Dow Jones Slides As Inflation Cools, But Still High; Apple Climbs Ahead Of IPhone 13 Debut",-0.153,0.0,0.935,0.065
7,"Dow Jones Reverses As Inflation Cools, But Still High; Apple Climbs Ahead Of iPhone 13 Debut",-0.153,0.0,0.935,0.065
8,Honda's EV Challenge,0.993,0.083,0.897,0.02
9,UPDATE 1-China develops machines that can track data sent abroad by cars,0.856,0.046,0.939,0.015
10,Morning Brief: U.S. and China relations take center stage,-0.402,0.0,0.942,0.058
11,"Hurricane Ida, chip shortage hurting car dealers",0.997,0.1,0.846,0.054
12,China develops machines to track data sent abroad by cars,0.823,0.043,0.948,0.009
13,A Tesla Co-Founder Aims To Build an Entire U.S. Battery Industry,0.998,0.075,0.892,0.033
14,Ark Drops Out of Top 10 ETF Issuers as ‘Shiny Object’ Lure Fades,0.993,0.157,0.797,0.046
15,General Motors (GM) Boosts AV Capabilities on Oculii Investment,0.992,0.094,0.863,0.043
16,Dow Jones Futures Reverse Lower As Apple iPhone 13 Set To Debut,-0.296,0.0,0.905,0.095
17,Why Is Everyone Talking About Lucid Group Stock?,0.84,0.188,0.748,0.064
18,Teenager starts non-profit to teach kids how to invest,0.999,0.095,0.889,0.016
