﻿,Titles,Polarity,Positive,Neutral,Negative
0,Why EV Stocks Lucid and Rivian Jumped Today,0.735,0.149,0.851,0.0
1,"Dow Jones Futures: President Biden Set To Pick Fed Chief As Market Rally Diverges With Apple, Tesla, Amazon, Nvidia Soaring; Time To Buy Rivian?",0.0,0.0,1.0,0.0
2,7 Solid Stocks to Buy for Multifold Returns in 2022,0.999,0.12,0.848,0.032
3,Why Tesla Shares Jumped Friday,0.0,0.0,1.0,0.0
4,Tesla Is Sued Over Workplace Issues Again. This Is What to Watch.,-0.681,0.0,0.741,0.259
5,"4 Top Stock Trades for Monday: LCID, HOOD, MU, FL",0.995,0.122,0.825,0.053
6,Why This Investor Bought Coinbase Stock Following Pullback,0.644,0.053,0.908,0.039
7,The Biggest Lie About Stocks That You Probably Believe,1.0,0.208,0.752,0.04
8,Tesla stock surges again after Wedbush boosts price target to match the Street high,0.836,0.231,0.769,0.0
9,Why Elon Musk’s Tesla Stock Sales Are a Non-Event,0.997,0.105,0.867,0.028
10,"Elon Musk in Texas, Zuck in California: Here is the richest person in each U.S. state",0.996,0.132,0.843,0.025
11,Stock Options Are the New Day-Trading Craze. What It Means for the Market.,-0.459,0.056,0.766,0.177
12,Tesla stock keeps climbing after Wedbush boosts price target to match the Street high,0.836,0.231,0.769,0.0
13,Snapchat Stock Offers Opportunities While It Finds Footing,0.996,0.119,0.826,0.054
14,Why former Dunkin' Donuts CEO is now in the car wash business,0.979,0.084,0.911,0.005
15,Look for ChargePoint Holdings to Close 2021 in Style,0.996,0.105,0.861,0.033
16,UPDATE 1-Detroit's Big Three automakers lag industry on fuel economy,0.99,0.102,0.87,0.027
17,Cathie Wood is Buying These 10 Stocks,0.999,0.099,0.89,0.011
18,"Electric vehicles: 'Range anxiety' is the biggest hurdle for consumers at this point, Blink CEO explains",0.979,0.083,0.892,0.024
19,Tesla subjects women to 'nightmarish' sexual harassment at factory - lawsuit,-0.97,0.031,0.868,0.101
20,Tesla (TSLA) Up 22.6% Since Last Earnings Report: Can It Continue?,0.993,0.098,0.871,0.031
21,Did Elon Musk Think Tesla Would Succeed At The Time Of Its Inception?,0.984,0.117,0.818,0.065
22,"Nasdaq Closes at New High as Earnings,  Chip Rally Spur Tech Bulls",0.995,0.113,0.852,0.035
23,"Apple building a car ‘is a matter of when, not if’: Wedbush’s Dan Ives",0.422,0.105,0.857,0.038
24,"Dow Jones Slides 200 Points; These 3 Tech Titans In New Buy Zones; Lucid, Rivian Bounce",0.178,0.086,0.914,0.0
25,Tesla stock rises again after Wedbush boosts price target to match the Street high,0.836,0.231,0.769,0.0
26,"Nasdaq Eases From Record, But Growth Jitters Lift Tech",0.997,0.175,0.77,0.055
27,'It Sure As Hell Would Help': Market Reacts to Elon Musk/U.N. World Hunger Squabble,-0.68,0.153,0.597,0.25
28,10 Biggest Price Target Changes For Friday,0.981,0.128,0.86,0.012
29,Dow Jones Futures Slide 250 Points; These 3 Tech Titans In New Buy Zones,-0.202,0.129,0.75,0.121
30,Xpeng Debuts G9 EV SUV With International Markets in Mind,-0.382,0.0,0.89,0.11
31,"Dow Jones Futures, Crude Oil, Yields Fall: Beware The Megacap Rally; AMAT Stock Leads 5 Key Earnings",0.527,0.261,0.632,0.106
32,The Apple Car Is Coming and Tesla Had Better Watch Out,0.958,0.084,0.873,0.043
33,Tesla California Worker Reportedly Files Sexual-Harassment Suit,0.0,0.0,1.0,0.0
34,"Ford Stock Isn’t Quite at the End of Its Road, But It Won’t Run Forever",0.985,0.079,0.883,0.038
35,"Tesla Stock Target Boosted to $1,400 as EV Maker Seen Owning Big Chunk of ‘EV Revolution’",0.542,0.209,0.791,0.0
36,"Tesla Price Target Boosted to $1,400 as EV Maker Seen Owning Big Chunk of ‘EV Revolution’",0.542,0.209,0.791,0.0
37,"Tesla China Effort Touted, Price Target Lifted to $1,400 at Wedbush",0.758,0.09,0.91,0.0
38,11 Best Autonomous Vehicle Stocks To Buy Now,0.998,0.087,0.904,0.009
39,Dow Jones Futures Rise: Beware The Megacap Rally; AMAT Stock Leads 5 Key Earnings,0.743,0.278,0.722,0.0
40,Tesla Stock Price Target Hiked To Street High As House Eyes New EV Credits,0.361,0.106,0.894,0.0
41,Dow Jones Futures: Beware The Megacap Rally; AMAT Stock Leads 5 Key Earnings,0.743,0.278,0.722,0.0
42,Dow Jones Futures: Why The Apple-Led Megacap Rally Is A Mixed Bag; AMAT Stock Leads Earnings Movers,0.743,0.278,0.722,0.0
43,Is Lithium The Best Bet On A Overheated EV Market?,1.0,0.128,0.836,0.036
