﻿,Titles,Polarity,Positive,Neutral,Negative
0,The Dirty Reality of Cryptocurrencies With Tett &amp; Kraus,0.557,0.122,0.815,0.062
1,A bitcoin battle of the billionaires ensues as Jack Dorsey faces off with Musk on ‘green’ merits of world’s No. 1 crypto,0.47,0.13,0.816,0.054
2,7 Surprising Bitcoin Metrics You Should Watch Amid Latest Fall,0.868,0.047,0.929,0.024
3,"Dow Jones Futures: ASML, Google, Goldman Flash Buy Signals In Tough Market; Why Apple Is A False Leader",0.064,0.119,0.697,0.183
4,"Tesla in fatal California crash was operating on Autopilot, officials say",-0.718,0.049,0.697,0.254
5,"GLOBAL MARKETS-U.S. stocks surge in recovery; dollar, bond yields dip",-0.927,0.081,0.825,0.095
6,Tesla Shares Cap Awful Week With Tentative Rebound,0.612,0.121,0.784,0.095
7,"Top Analyst Reports for Amazon, Tesla &amp; NextEra",1.0,0.194,0.76,0.047
8,"Dogecoin will migrate from proof-of-work to proof-of-stake to make it viable, predicts head of crypto lending platform",0.0,0.0,1.0,0.0
9,Elon Musk: Crypto Leaders Need to Ensure the Bitcoin Boom Is Sustainable,0.999,0.136,0.821,0.043
10,Oil Prices Rebound As Global Oil Glut Drains,0.975,0.117,0.786,0.097
11,"Keep on Avoiding Nio Stock, as Signs Point to Even Lower Prices",0.993,0.113,0.84,0.047
12,3 ARKK Stocks to Throw Off Your Ship,0.98,0.097,0.842,0.061
13,Why Gamble on Dogecoin When you can use a Trading Strategy That Stands the Test of Time?,0.964,0.082,0.879,0.039
14,Musk's bitcoin turnaround pleases some Tesla investors,0.571,0.079,0.858,0.063
15,Why Bitcoin Stocks Skyrocketed Today,-0.572,0.0,0.837,0.163
16,"Dogecoin will ‘migrate to proof-of-work from proof-of-stake,’ to make it viable, predicts head of crypto lending platform",0.0,0.0,1.0,0.0
17,"GLOBAL MARKETS-U.S. stocks extend recovery; dollar, bond yields dip",-0.182,0.093,0.82,0.087
18,Tesla Stock Is Finally Rising as Wall Street Weighs In,-0.052,0.087,0.853,0.06
19,Coinbase to Add Dogecoin to Its Platform Within Weeks,0.318,0.038,0.962,0.0
20,Tesla’s Elon Musk Reveals Bitcoin’s Dirty Secret. Can Cleanspark Clean It Up?,0.996,0.132,0.838,0.031
21,Dow Jones Up 250 Points Despite Plunging Disney Stock; Nasdaq Leads Stock Market Rebound,0.09,0.066,0.934,0.0
22,Bitcoin is the ‘future of digital currencies’,1.0,0.157,0.812,0.032
23,"S&amp;P 500 Ends Week in Red Despite Signs Tech, Value Can Co-Exist",0.995,0.117,0.863,0.02
24,"Stock Market Rally Struggles With Inflation Spike; Tesla Sales Fall, Elon Musk Turns On Bitcoin As Coinbase Reports",-0.422,0.0,0.877,0.123
25,Bird CEO on micromobility industry: 'the future is electrified transportation',0.0,0.0,1.0,0.0
26,Elon Musk Tweet Sends Dogecoin Surging,0.402,0.066,0.934,0.0
27,GM or TSLA: Which Is the Better Value Stock Right Now?,0.998,0.203,0.792,0.005
28,The Year of the Influencers,0.44,0.152,0.762,0.085
29,Ethereum Drops 9%. Is This a Buying Opportunity?,-0.422,0.0,0.959,0.041
30,Why NIO Stock Is Up Today,0.296,0.058,0.942,0.0
31,US Indexes Rebound for Higher Close Thursday,0.997,0.133,0.832,0.035
32,4 Electric Vehicle Charging Stocks To Avoid for Now,0.999,0.126,0.85,0.023
33,What Is #DogeChat? 9 Things We Know as the Dogecoin Tweet Cast on TwitterSpaces Gains Traction,0.989,0.106,0.864,0.03
34,Churchill Capital IV Looks Poised for a Comeback,0.996,0.119,0.824,0.057
35,Tesla Gains After Morgan Stanley Sees Buying Opportunity,-0.089,0.054,0.905,0.041
36,S&amp;P 500 Racks Up Gains as Tech Turnaround Continues After Recent Rout,0.995,0.122,0.858,0.02
37,"Apple, Tesla, and Bitcoin Are in a Technical ‘Excess Phase Top”",0.995,0.103,0.828,0.069
38,"For Tesla, we’re in ‘wait and see mode’ but ichimoku clouds remain bullish: analyst",0.937,0.075,0.914,0.011
39,Dogecoin Jumps as Elon Musk Says He’s Working With Its Developers on Efficiency,0.422,0.149,0.851,0.0
40,Analysis: How murky legal rules allow Tesla's Musk to keep moving markets,-0.576,0.083,0.834,0.083
41,"Dow Jones Futures Set To Extend Market Rally Rebound, But What To Do Now? Disney, Coinbase Lead Earnings Movers",0.0,0.0,1.0,0.0
42,Could This EV Stock Become More Valuable Than Tesla?,0.82,0.335,0.665,0.0
43,MORNING BID-A saucerful of data,0.977,0.11,0.847,0.044
