﻿,Titles,Polarity,Positive,Neutral,Negative
0,Tesla Is Stalling for Time With Optimus Subprime as Supply Chain Issues Persist,0.996,0.101,0.859,0.04
1,"Dow Jones Futures Rise On Apple Stock After Market Sells Off Again, Tesla Plunge Signals End For These Stocks",-0.296,0.0,0.891,0.109
2,"Wright Investors Service Inc Buys Tesla Inc, Marriott International Inc, Caterpillar Inc, Sells ...",0.993,0.052,0.942,0.006
3,"Cumberland Advisors Inc Buys SPDR Metals &amp; Mining ETF, iShares MSCI Japan ETF, Vanguard ...",0.989,0.062,0.933,0.006
4,Tesla: Austin Production and Battery News Are Potential Game Changers,0.995,0.109,0.875,0.016
5,"Tesla, Inc. -- Moody's announces completion of a periodic review of ratings of Tesla, Inc.",0.996,0.092,0.855,0.052
6,Why Tesla is building a humanoid robot,0.985,0.078,0.893,0.029
7,"Video Highlights – EV Batteries for Honda, GM: Join SES Holdings Founder &amp; CEO in Fireside Chat",0.977,0.05,0.95,0.0
8,Tesla Stock Dives Despite Earnings Beat As Product Roadmap Lacks Products,-0.422,0.0,0.891,0.109
9,Stock Market Today: Small-Cap Russell 2000 Slumps Into Bear Market,0.997,0.124,0.81,0.066
10,Tesla’s Drop Wiped Out $100 Billion of Market Value in a Day,-0.953,0.057,0.849,0.094
11,Market check: Stocks lose steam into session close,-0.296,0.0,0.872,0.128
12,A custom 752-mile-range Tesla is just one battery breakthrough that scientists are developing,-0.087,0.074,0.848,0.078
13,Lucid stock falls after rival Tesla warns about supply chain,0.9,0.072,0.893,0.036
14,Whopper for Dogecoin? Burger King Might Accept Elon Musk's Favorite Memecoin,0.0,0.0,1.0,0.0
15,"TSLA, LCID, RIVN, FSR, NKLA: Why Are EV Stocks Down Today?",0.98,0.097,0.841,0.061
16,"US STOCKS-Wall St slips as chipmakers, Tesla weigh; Netflix jumps",0.599,0.046,0.909,0.045
17,Stocks Are Mixed; Tesla Decline Pushes Nasdaq Lower,0.34,0.091,0.909,0.0
18,"Tesla is disappointing investors because it doesn't have a $25,000 car: analyst",-0.467,0.06,0.881,0.06
19,The Zacks Analyst Blog Highlights: Tesla and Intel,0.998,0.115,0.843,0.042
20,"Vishria Bird Financial Group, LLC Buys Amplitude Inc, Delta Air Lines Inc, New Relic Inc, Sells ...",0.991,0.057,0.936,0.007
21,Key Takeaways From Tesla's Q4 2021 Earnings,0.19,0.17,0.685,0.145
22,LC Stock Alert: 10 Reasons Why LendingClub Is Plunging Today,0.974,0.079,0.898,0.023
23,Why Tesla Stock Tumbled 7.5% Today,0.052,0.052,0.877,0.071
24,"Zacks Industry Outlook Highlights: Tesla, Ford and General Motors",0.999,0.109,0.861,0.031
25,"Why Lucid Group, Nio, and Rivian Are All Down Again Today",-0.178,0.05,0.884,0.066
26,"Tesla Optimus robot probably won't be a big profit driver, Wall Street thinks",0.95,0.086,0.859,0.055
27,Tesla stock falls as EV maker throws ‘curveballs’ at bulls,-0.026,0.178,0.669,0.153
28,Dogecoin Price Predictions: Where Can Mr. Beast and Burgers Take the Doge Crypto?,0.974,0.092,0.875,0.034
29,3 Social Media Stocks to Buy Into the Fed’s Rate-Hike Jitters,0.954,0.095,0.815,0.09
30,"Tesla: Electric vehicle market ‘nowhere close to being saturated’ in China, analyst says",0.998,0.098,0.884,0.019
31,Economy Grew More Than Expected in 4Q; Stocks Jump,0.382,0.12,0.88,0.0
32,NIO Remains a Solid Bet on the Future of Electric Vehicles,0.988,0.085,0.88,0.035
33,US STOCKS-Wall Street firms 1% on boost from tech stocks,0.982,0.095,0.861,0.044
34,Here's Why JPMorgan Bumped Up Tesla's Price Target By 10.2% Post Q4 Results,0.933,0.104,0.866,0.03
35,"Market check: Stocks rise in early trading, Tesla shares fall, Robinhood declines",0.0,0.0,1.0,0.0
36,Tesla earnings: Analyst explains 3 things that were ‘a bit cautious’ in the report,0.997,0.085,0.886,0.029
37,Now It’s Apple’s Turn to Try and Boost Tech Stocks After Rout,0.603,0.075,0.851,0.074
38,"Dow Jones Surges Amid Stock Market Volatility; Tesla Skids On Earnings, Apple Earnings Due",0.0,0.0,1.0,0.0
39,Tesla Stock Is Down After Earnings. Watch These Other 10 Stocks.,0.0,0.0,1.0,0.0
40,Regentatlantic Capital Llc Buys iShares Core U.S. ...,0.998,0.056,0.942,0.003
41,Tesla beats Q4 estimates but expects supply chain challenges,0.992,0.097,0.88,0.023
42,US STOCKS-Tech stocks set to push Wall Street higher at open,0.983,0.086,0.886,0.027
43,"Tesla (TSLA) Q4 Earnings &amp; Sales Beat, FCF Jumps 49% Y/Y",0.998,0.136,0.837,0.028
44,Is NIO Stock a Buy? Here’s What 5 Analysts Think About Nio Price Predictions.,0.979,0.072,0.92,0.007
45,"Dow Jones Futures Rise Amid Stock Market Volatility; Tesla Falls On Earnings, Apple Earnings Due",-0.296,0.0,0.901,0.099
46,2 Undervalued EV Stocks You Can Buy and Hold for the Next Decade,0.788,0.249,0.751,0.0
