﻿,Titles,Polarity,Positive,Neutral,Negative
0,Elon Musk has sold more Tesla shares than he needs to pay current tax bill,0.268,0.056,0.912,0.032
1,"Dow Jones Futures: Apple Breaks Out, Tesla Pops As Rivian, Lucid Reverse; Nvidia, Cisco Lead Earnings Movers",0.0,0.0,1.0,0.0
2,"Amid electric car frenzy, Warren Buffett scores 3,000% gains with this overlooked EV maker",0.998,0.132,0.847,0.021
3,Is Nio Stock A Buy As A Catalyst Looms For The Tesla Of China?,0.0,0.0,1.0,0.0
4,Dow Jones Drops As Apple Breaks Out But Visa Sinks; Tesla Leads Growth Stocks,0.296,0.157,0.741,0.102
5,"The Dow Fell, Target Slid, Visa Dropped—and What Else Happened in the Stock Market Today",-0.273,0.065,0.819,0.117
6,Rivian Stock Slumps After Rocketing Post-IPO; Tesla Bucks EV Sell-Off,0.0,0.0,1.0,0.0
7,"Rivian, Lucid stock price surge 'a sign of an unhealthy stock market': strategist",0.82,0.056,0.91,0.035
8,Rivian Stock Tumbles After Rocketing Post-IPO; Tesla Bucks EV Sell-Off,0.0,0.0,1.0,0.0
9,"Bob Sloan's Take on Tesla, D.R. Horton Short Sales",0.105,0.046,0.954,0.0
10,Cathie Wood is Selling Tesla and 9 Other Stocks,0.999,0.097,0.863,0.04
11,Sharp swings in EV shares draws frenzied options trading,0.991,0.148,0.846,0.006
12,Are Stocks in a Bubble?,0.996,0.117,0.868,0.015
13,"Video Highlights – Join Blackstone in the “Roof to Socket” Revolution: CEOs of Altus Power, CBRE Acquisition Holdings in Fireside Chat",0.994,0.076,0.921,0.004
14,"Stocks: Travel and crypto dip, retail rallies, pharmaceuticals rise",-0.273,0.0,0.913,0.087
15,"The Top 10 Meme Stocks on Reddit: Should You Buy, Sell or Hold?",0.999,0.107,0.849,0.044
16,Porsche sets its sights on EV future,1.0,0.12,0.875,0.005
17,Volkswagen Aims To Beat Tesla In Power Infra For EVs: All You Need To Know,0.751,0.052,0.92,0.028
18,Why Tesla Stock Surged Higher on Wednesday,0.772,0.136,0.864,0.0
19,"An Earnings and IPO Roundup: DoorDash, Coinbase, Rivian Automotive",-0.202,0.074,0.811,0.115
20,Rivian stock falls by as much as 18% to mark its first stumble since the company’s IPO,0.0,0.0,1.0,0.0
21,Volkswagen to Compete with Tesla in the Electric Vehicle Space,0.927,0.059,0.925,0.016
22,GM and Ford Need to Spin Off Their EV Businesses If They Want to Catch Tesla. Here’s Why They Won’t.,0.395,0.096,0.904,0.0
23,"Qualcomm CEO talks Apple, cloud computing, car technology, handsets, metaverse, and more",0.0,0.0,1.0,0.0
24,"Are Tesla, GM Customers Making The Switch To Ford F-150 Lightning?",0.993,0.109,0.871,0.02
25,Lucid's value passes Ford as its stock hits an all-time high,0.34,0.079,0.921,0.0
26,"Dow Falls From Highs, Target Slides, Visa Drops—and What Else Is Happening in the Stock Market Today",0.382,0.11,0.89,0.0
27,"Lucid, Rivian shares take a breather after frenzied EV rally",0.99,0.13,0.855,0.015
28,"Stocks across sectors and bitcoin dip, gold futures up",0.0,0.0,1.0,0.0
29,Virgin Galactic Stock Could Bring Holiday Cheer to Buy-and-Hold Investors,0.996,0.09,0.891,0.019
30,"Dow Jones Falls As Lucid, Rivian Skid; Tesla Climbs; Nvidia Earnings Due",0.0,0.0,1.0,0.0
31,UPDATE 1-Retooling auto plants for EVs will cost billions. Biden wants to help,0.993,0.097,0.882,0.021
32,GM Stock A Buy? Biden May Drive General Motors' Hummer EV,0.0,0.0,1.0,0.0
33,Tesla is 'the king' of EV transition: Ross Gerber,0.965,0.088,0.886,0.027
34,"Dow Jones Futures Fall With Lucid, Tesla Set To Rally; Rivian Skids; Nvidia Earnings Due",0.226,0.079,0.921,0.0
35,"The Big Winner From Elon Musk’s Stock Options Pay Package? The Government, of Course.",0.71,0.131,0.844,0.025
36,Dow Jones Futures Fall As Tesla Rises But Rivian Turns Lower; 3 Stocks In Buy Zones,-0.153,0.0,0.929,0.071
37,Here Are The Winners of Metaverse Buzz,0.998,0.133,0.845,0.022
38,Why Todd Gordon Names Tesla As A 'Winner',0.66,0.069,0.89,0.041
39,Retooling auto plants for EVs will cost billions. Biden wants to help,0.993,0.095,0.879,0.026
40,7 Auto Stocks That Could Race to New Highs Going Into 2022,1.0,0.143,0.832,0.024
41,Retooling auto plants for EVs will cost billions. Biden wants to help,0.993,0.095,0.879,0.026
42,"Dow Hovers as Inflation Concerns Remain, Tesla Continues Rebound—and What Else Is Happening in the Stock Market Today",0.382,0.11,0.89,0.0
43,It Isn’t Just Tesla’s Stock That Needs to Slow Down,0.272,0.191,0.661,0.148
44,"Visa Weighs On Dow, Target Slumps, Lowe's Leaps - Stock Market Live",0.052,0.081,0.845,0.074
45,"Wall Street Opens Lower on Weak Housing Data, Inflation Fears; Dow Down 40 Pts",0.945,0.105,0.826,0.068
46,Lucid Shares Reverse as Market Value Circles That of Ford,0.296,0.087,0.913,0.0
47,Rivian Falls After Record Rally Made It 4th Most Valuable Carmaker,0.952,0.112,0.856,0.032
