﻿,Titles,Polarity,Positive,Neutral,Negative
0,Tesla's heavy trucking unit chief leaves company,-0.318,0.0,0.98,0.02
1,Longtime Tesla executive Jerome Guillen leaves company,0.0,0.0,1.0,0.0
2,Tesla's heavy trucking unit chief leaves company,-0.318,0.0,0.98,0.02
3,Tesla (TSLA) Gains As Market Dips: What You Should Know,0.989,0.087,0.907,0.006
4,"Dow Jones Futures: Market Rally Mixed, But Biogen Skyrockets On Alzheimer's Drug, 5 Stocks Enter Buy Zones; Marvell Signals Breakout",0.0,0.0,1.0,0.0
5,Tesla Plaid Is So Good Elon Musk Says the Plaid+ Is Cancelled,0.226,0.056,0.906,0.039
6,Tesla Stock Reverses Higher After CEO Elon Musk Scraps Plans For Model S Plaid Plus,-0.44,0.0,0.888,0.112
7,"SEC plans to go after market manipulation on social media, executive insider trading, Gensler says",0.691,0.151,0.812,0.037
8,Elon Musk cancels Tesla Model S Plaid+,0.0,0.0,1.0,0.0
9,10 Best-Performing Stocks in 2021,1.0,0.104,0.873,0.023
10,Tesla Stock Falls As CEO Elon Musk Scraps Plans For Model S Plaid Plus,-0.153,0.0,0.935,0.065
11,"Tesla cancels Model S Plaid+, Medline megadeal, Mayweather fight faces streaming issues, Bezos to space",-0.128,0.0,0.978,0.022
12,"Stock Market Nearly Flat But Small Caps, Leaders Climb; This IBD 50 Stock Breaks Out",0.0,0.0,1.0,0.0
13,10 Most Successful Short Sellers of All Time,0.999,0.1,0.871,0.03
14,DOGE Price Finds Green as Bitcoin Tide Lifts Crypto Boats,0.991,0.128,0.818,0.054
15,EV Investors Driven Toward Xpeng’s Growth Potential,0.999,0.151,0.812,0.037
16,Why Coinbase Fell 20.5% in May,0.802,0.172,0.788,0.04
17,Tesla Cancels Model S Plaid +.  Questions Remain.,0.0,0.0,1.0,0.0
18,Tesla stock slips after Plaid Plus model canceled,0.052,0.025,0.952,0.023
19,Better Buy: Tesla vs. Toyota Motor,0.691,0.107,0.893,0.0
20,Tesla Falls in Premarket as Musk Cans Long-Range Plaid+ Sedan,0.754,0.067,0.897,0.036
21,Cryptocurrency Price Check: El Salvador Looks to Make Bitcoin Legal Tender,0.128,0.103,0.897,0.0
22,"Premarket Movers Monday - Visa, Peloton, Biogen, Tesla",0.875,0.19,0.81,0.0
23,"Jobs Data Distortion, Fire Warning, Put/Call Intrigue, Fat Chance of Global Tax",0.0,0.0,1.0,0.0
24,"Tesla Falls Premarket; AMC Entertainment, GameStop Rise",0.968,0.075,0.908,0.017
25,"Tesla Lower as Elon Musk Pulls Plaid+ Plug; Wedbush Holds $1,000 Price Target",0.637,0.102,0.898,0.0
26,The Heat of the Moment: Bitcoin Slumps but Supporters Remain Fervent,0.957,0.079,0.873,0.049
27,Tesla Weaker Premarket After Musk Says Shelving Model S Plaid+,-0.844,0.018,0.923,0.059
28,China EV Maker Betting on Cult Status to Sell a Million Cars,0.999,0.095,0.9,0.005
