﻿,Titles,Polarity,Positive,Neutral,Negative
0,Dow Jones Futures: Fed Chief Powell On Tap As Market Starts To Doubt Rate Hikes Amid Russia's Ukraine Invasion,0.0,0.0,1.0,0.0
1,Tesla (TSLA) Stock Moves -0.75%: What You Should Know,0.989,0.094,0.888,0.019
2,"Dow Jones Futures: Stocks Fall, Oil Spikes Amid Russia's Ukraine Invasion; Fed Chief Powell On Tap",-0.572,0.0,0.837,0.163
3,Dow Jones Dives As Ukraine War Rages On; Tesla Stock Steady As Rivals Plunge; These Energy Plays Look Bullish,-0.671,0.0,0.792,0.208
4,Dow Jones Dives As Russians March On Kyiv; Tesla Stock Steady As Rivals Plunge; These Energy Plays Look Bullish,-0.671,0.0,0.792,0.208
5,"Dow Jones Dives As Oil Gushes Amid Ukraine War; Tesla Rivals Lucid, Rivian Plunge; 3 Energy Stocks Test Buy Points",-0.671,0.0,0.792,0.208
6,Apple pauses all product sales in Russia,0.0,0.0,1.0,0.0
7,"Top Research Reports for Tesla, Meta Platforms &amp; Johnson &amp; Johnson",0.999,0.159,0.796,0.045
8,"Auto Stocks Down on Oil,  Supply Chain, China Demand. Tesla Is Holding Up Better.",0.34,0.19,0.728,0.082
9,"Dow Jones Dives And Oil Gushes Amid Ukraine War; Tesla Rivals Lucid, Rivian Plunge; 3 Energy Stocks Test Buy Points",-0.671,0.0,0.792,0.208
10,"Why Tesla, Ford, and General Motors Stocks Crashed",-0.402,0.081,0.808,0.111
11,5 Stocks to Buy to Protect Against Rising Sea Levels,1.0,0.144,0.833,0.023
12,Does a New Bull Market Lie Ahead in NIO Stock?,0.999,0.142,0.838,0.021
13,A Long-Term Catalyst Will Push Nio Over $25,0.998,0.108,0.867,0.024
14,3 Disruptors I Love Right Now,-0.064,0.032,0.915,0.054
15,EV battery startup ONE raises $65 million to speed U.S. plant plans,0.927,0.08,0.911,0.009
16,Dow Jones Slides As Russia Hammers Ukraine; Oil Prices Surge Above $100 A Barrel,-0.296,0.0,0.896,0.104
17,Elon Musk Keeps His Big Promise to Ukraine,0.765,0.322,0.678,0.0
18,Nio to Make Secondary Listing on Hong Kong Exchange,0.0,0.0,1.0,0.0
19,Which Is a Better Buy -- Ford or Tesla?,0.797,0.136,0.834,0.03
20,Dow Jones Futures Slide As Russia Hammers Ukraine; Oil Prices Surge Above $100 A Barrel,-0.296,0.0,0.891,0.109
21,Top 5 Momentum Stocks for March Amid Severe Volatility,0.999,0.13,0.835,0.035
22,Clean Energy Is the Way to Independence – and Huge Gains,1.0,0.201,0.771,0.027
23,"Dow Jones Futures Slide; Lucid, Zoom Plunge On Earnings",-0.296,0.0,0.905,0.095
24,Lucid Tumbles After Cutting 2022 Production Outlook,0.679,0.059,0.888,0.053
25,Lucid Pulls Saudi Arabia Out of a Hat Against Tesla,0.494,0.066,0.934,0.0
