﻿,Titles,Polarity,Positive,Neutral,Negative
0,"Acas, Llc Buys Vanguard Extended Market Index ETF, Vanguard High Dividend Yield Indx ETF, ...",0.997,0.07,0.922,0.008
1,"Syverson Strege &amp; Co Buys BTC BlackRock Short Maturity Municipal Bond ETF, Dimensional ...",0.999,0.076,0.917,0.006
2,"M. Kraus &amp; Co Buys Stanley Black &amp; Decker Inc, Amgen Inc, Alphabet Inc, Sells Vanguard ...",0.99,0.075,0.919,0.007
3,The Forever Battery That Promises to Change the EV Industry,0.995,0.101,0.86,0.04
4,McLaren president details hybrid supercar that ‘revolves around this Formula 1 DNA’,0.0,0.0,1.0,0.0
5,7 Memorable Times Elon Musk Moved Stocks and Crypto in 2021,0.999,0.113,0.848,0.039
6,Nio Could Soon Be in Another Electric Tizzy,0.995,0.104,0.853,0.043
7,What's Going On With Dogecoin Today?,0.459,0.067,0.933,0.0
8,Tesla (TSLA) Reports Next Week: Wall Street Expects Earnings Growth,0.998,0.149,0.806,0.045
9,"An 'EV tipping point' is approaching, but that's not good news for Tesla: B. of A.",0.296,0.028,0.972,0.0
10,"Tesla dealership, service center coming to Miami Gardens",0.0,0.0,1.0,0.0
11,Toyota stock sinks as supply chain issues hit production,-0.226,0.025,0.914,0.061
12,Tesla earnings: News about the Cybertruck and new factories could set the tone for 2022,-0.34,0.0,0.938,0.063
13,Tesla CEO Elon Musk Could Face a Bill Even Bigger Than His Taxes,-0.165,0.089,0.801,0.11
14,"Meme stocks: 'A lot of people will lose a lot of money,' Interactive Brokers founder says",0.979,0.102,0.861,0.037
15,"Newbridge Financial Services Group, Inc. Buys Apple Inc, NVIDIA Corp, NXP Semiconductors NV, ...",0.996,0.043,0.945,0.012
16,Warren Buffett’s 5 Worst Performing Stock Picks From 2021,0.988,0.078,0.887,0.036
17,Why Tesla Stock Fell on Wednesday,0.586,0.242,0.758,0.0
18,Tesla’s CEO Could Face a Bill Even Bigger Than His Taxes. Investors Aren’t Worried.,-0.165,0.089,0.801,0.11
19,Why Lucid Stock Got a Lift Today,-0.153,0.0,0.958,0.042
20,Virgin Galactic Stock Needs Its Fans Back in Order to Climb High Again,0.429,0.062,0.872,0.065
21,"Tesla Earnings Estimates Are Rising, but the Stock Is Down. What’s Behind the Paradox.",0.422,0.118,0.882,0.0
22,General Motors (GM) to Boost Foothold in EV and E-Commerce Space,0.998,0.103,0.894,0.003
23,"Joel Isaacson &amp; Co., LLC Buys Farfetch, 1stdibs. ...",0.996,0.061,0.929,0.01
24,"Beech Hill Advisors, Inc. Buys Block Inc, The Walt Disney Co, Activision Blizzard Inc, Sells ...",0.989,0.054,0.934,0.012
25,"Cerro Pacific Wealth Advisors LLC Buys JPMorgan Short Duration Core Plus ETF, Simon Property ...",0.999,0.126,0.869,0.005
26,"TruWealth Advisors, LLC Buys Accenture PLC, iShares Core MSCI Total International Stock ETF, ...",0.998,0.077,0.917,0.006
27,"Signature Wealth Management Partners, LLC Buys Verizon Communications Inc, Lumen Technologies ...",0.999,0.124,0.869,0.007
28,"Mayfair Advisory Group, LLC Buys Vanguard Total Stock Market ETF, Global Payments Inc, Vanguard ...",0.996,0.065,0.93,0.006
29,"APCM Wealth Management for Individuals Buys Tesla Inc, Xtrackers S&amp;P 500 ESG ETF, iShares ...",0.999,0.12,0.876,0.004
30,Why Tesla Is the One Stock I'd Avoid in 2022,0.34,0.107,0.893,0.0
31,Electric Vehicle Checkpoint: Tesla Secures Plan B for EV Batteries in Africa,0.202,0.087,0.913,0.0
32,Tesla Rumor Mill Misfires in Ways That Exasperate Even Elon Musk,0.975,0.072,0.905,0.023
33,"Dow Jones Futures Rise After Stock Market Sell-Off; Bank Of America, Morgan Stanley Report",0.34,0.124,0.876,0.0
34,Microsoft-Backed Fund Raises $200 Million for Climate Startups,0.983,0.105,0.867,0.029
35,A Tesla on autopilot killed two people in Gardena. Is the driver guilty of manslaughter?,-0.993,0.086,0.798,0.116
36,Ford (F) &amp; ADT to Bolster Car Security With Canopy Venture,0.999,0.145,0.823,0.032
37,Leading Tesla shareholder wants automaker to issue  deliveries guidance above Wall Street estimates,-0.226,0.032,0.911,0.056
38,Why Shiba Inu's Robinhood Rumors Are a Bigger Deal Than Dogecoin's Tesla News,0.0,0.0,1.0,0.0
39,"WC Walker &amp; Associates, Inc. Buys iShares Russell 1000 ETF, iShares TIPS Bond ETF, Agilon ...",0.996,0.066,0.928,0.006
