﻿,Titles,Polarity,Positive,Neutral,Negative
0,Tesla Crashes Into Police Cruiser. Self-Driving Cars Have to Learn how to Drive.,-0.494,0.091,0.682,0.227
1,"Dow Jones Futures: Stock Market Rally, Apple Stock Hit New Highs; Zoom Dives 12% On Earnings",0.0,0.0,1.0,0.0
2,Tesla CEO Elon Musk Raises a Red Flag About Nvidia’s $40 Billion Acquisition of Arm. Here’s Why.,0.494,0.132,0.868,0.0
3,Join Ken Moelis &amp; Archer Aviation CEOs in Fireside Chat September 2 at 12PM EDT,0.935,0.041,0.959,0.0
4,‘Space revolution’ stocks are still the way to get exponential returns in the market,0.84,0.103,0.881,0.016
5,"Dow Jones Lags Nasdaq, But Apple Stock Hits All-Time High; PayPal, Lululemon, Tesla Lead Nasdaq 100",0.527,0.124,0.876,0.0
6,Why Tesla Put the Pedal to the Metal Today,0.772,0.095,0.905,0.0
7,"United Airlines jets stay grounded, Musk beefs with Rivian IPO, China’s gaming crackdown",0.963,0.086,0.882,0.032
8,15 Most Valuable Blockchain Companies in the World,0.999,0.087,0.902,0.011
9,10 Best Tech Growth Stocks to Buy Right Now,1.0,0.142,0.844,0.014
10,"Inspirational Quotes: Malala Yousafzai, Eliud Kipchoge, George Lucas And Others",0.691,0.289,0.711,0.0
11,Here’s why this billionaire investor predicts cryptocurrencies will ‘go to zero’,-0.026,0.167,0.631,0.202
12,Tesla Driver Says She Was Using Autopilot During Crash in Orlando,0.0,0.0,1.0,0.0
13,Amazon and Ford-Backed Electric Truck Maker Files to Go Public for $80 Billion,0.202,0.104,0.896,0.0
