﻿,Titles,Polarity,Positive,Neutral,Negative
0,UPDATE 1-Albemarle lifts annual outlook on robust lithium demand,0.971,0.121,0.866,0.013
1,Dow Jones Jumps As Powell Soothes These Fears; Bill Gates Says Elon Musk Could Make Twitter 'Worse',-0.637,0.0,0.785,0.215
2,Stock Of The Day: Piedmont Lithium Stock Eyes Early Entry As Livent Soars,0.402,0.097,0.903,0.0
3,"Bitcoin Pierces $40,000 After Fed Quells Talk of Jumbo Hikes",0.927,0.053,0.925,0.021
4,"Stocks hit session highs into the close, FAANG stocks jump",0.0,0.0,1.0,0.0
5,Cathie Wood Is Selling These 10 Stocks in 2022,0.982,0.063,0.904,0.033
6,"Tesla Investors, Watch Out. DeLorean Is Back.",0.0,0.0,1.0,0.0
7,UPDATE 3-U.S. House Republican says Musk/Twitter records must be preserved by FTC,0.858,0.062,0.908,0.03
8,"U.S. new-car sales seen slightly higher in April, but tight inventories and rising prices will keep a lid on any big jumps",0.077,0.081,0.847,0.072
9,DeLorean Teases a 'New Energy' Car for Its Revival,-0.402,0.019,0.941,0.04
10,Tesla and Musk Have Bad News For Their Customers,-0.052,0.118,0.708,0.175
11,"Bill Gates Questions Elon Musk’s Goals for Twitter, Approach to Misinformation",-0.09,0.052,0.885,0.063
12,Why Tesla Stock Dropped This Morning,0.802,0.141,0.859,0.0
13,US STOCKS-Tech stocks drag Wall Street lower ahead of Fed decision,0.932,0.068,0.898,0.034
14,Is Elon Musk's Twitter Takeover Good for Crypto?,0.823,0.179,0.779,0.042
15,Elon Musk plans eventual Twitter IPO after takeover,0.985,0.069,0.907,0.024
16,Why electric cars are getting pricier even as batteries get cheaper,0.0,0.0,1.0,0.0
17,Musk Embraces a Famous NFT Club (Dogecoin Won't Like It),0.0,0.0,1.0,0.0
18,"Meritor (MTOR) Q2 Earnings &amp; Sales Top Estimates, Increase Y/Y",0.99,0.072,0.914,0.014
19,"BorgWarner (BWA) Q1 Earnings Top Estimates, Decline Y/Y",0.996,0.082,0.904,0.015
20,Dow Jones Climbs Ahead Of Fed Rate Hike Decision; AMD Surges On Earnings,0.0,0.0,1.0,0.0
21,"Lear (LEA) Tops Q1 Earnings Estimates, Lowers '22 Guidance",0.993,0.078,0.906,0.017
22,"Tesla Needs Factories to Fuel Growth. The Next One Will Be in Shanghai, Report Says.",0.296,0.095,0.905,0.0
23,Elon Musk Floats the Idea of a ‘Slight Cost’ for Some Twitter Users,0.372,0.173,0.827,0.0
24,‘Seems kinda fungible’: Elon Musk changes Twitter profile picture to Bored Ape Yacht Club collage in perceived ‘troll’ to NFT community,0.979,0.136,0.778,0.086
25,GM has 4 new plants coming to 'have control over battery cell manufacture': Mary Barra,0.995,0.086,0.909,0.005
26,Michael Burry Is Selling These 5 Stocks,0.998,0.098,0.866,0.036
27,Dow Jones Futures Climb Ahead Of Fed Rate Hike Decision; AMD Surges On Earnings,0.0,0.0,1.0,0.0
28,3 Growth Stocks You Can Buy and Hold for the Next Decade,0.765,0.098,0.902,0.0
29,Twitter Plans Aggressive Pitch to Calm Advertisers Amid Musk Deal,-0.081,0.075,0.85,0.075
30,U.K. Lawmakers Request Elon Musk Give Evidence Over Twitter Deal,0.802,0.111,0.81,0.079
31,Is Elon Musk Moving the Goalposts for His Twitter Deal?,0.527,0.175,0.825,0.0
32,WRAPUP 2-Beijing restricts public transport as COVID spreads in China,0.242,0.063,0.874,0.063
33,Elon Musk Has a Fascinating Idea to Make Money on Twitter,0.363,0.101,0.859,0.04
34,"UPDATE 2-Musk says Twitter may charge slight fee for commercial, government users",0.946,0.121,0.836,0.043
