﻿,Titles,Polarity,Positive,Neutral,Negative
0,Tesla (TSLA) Gains But Lags Market: What You Should Know,0.989,0.091,0.903,0.006
1,"Investor Einhorn says Palihapitiya, Musk poured 'jet fuel' on GameStop",-0.848,0.056,0.871,0.074
2,Walmart bets on GM's Cruise self-driving unit,0.402,0.119,0.881,0.0
3,U.S. Exposes Hackers’ Helpers to Punish Russian Cyber-Attacks,0.982,0.101,0.824,0.075
4,Autotrader reveals 10 best electric cars of 2021,-0.178,0.077,0.815,0.107
5,"Geely Launches Premium EV Brand Zeekr, Intensifying War With Tesla, Nio: Report",0.823,0.041,0.946,0.012
6,"ARK Invest Stocks To Buy And Watch: 5 Stocks That Cathie Wood's ARK ETFs Own, Like Square and Tesla",0.572,0.158,0.842,0.0
7,PODCAST: Investing Green in a White-Hot Market,1.0,0.142,0.812,0.046
8,Elon Musk’s L.A. and Maryland Tunnel Projects Stall Before Digging Starts,-0.821,0.047,0.893,0.06
9,"With flagship electric car, Mercedes takes fight to Tesla",0.961,0.065,0.911,0.024
10,Electric vehicles may be 'the biggest change in the 100-year plus history' of the auto industry: Expert,0.969,0.06,0.931,0.009
11,"Dow Jones Rallies As Apple Snaps Back; Nvidia Regains Buy Point, While Coinbase IPO Jumps",0.0,0.0,1.0,0.0
12,Tesla self-driving truck rival TuSimple raises more than $1 billion in IPO valuing it at $8.5 billion,0.296,0.071,0.929,0.0
13,Could Tesla's Vehicle Deliveries Soar 85% This Year?,0.527,0.253,0.747,0.0
14,Dow Jones Futures Rise On Strong Earnings Amid Latest Market Rally Shift; Coinbase Jumps Again; 5 Stocks In Buy Zones,0.0,0.0,1.0,0.0
15,The Can't-Miss News for Tesla Investors,-0.459,0.046,0.858,0.096
16,"Dow Jones Futures Rise Amid Latest Market Rally Shift; Taiwan Semi Earnings Top, Coinbase Jumps Again; 5 Stocks In Buy Zones",0.0,0.0,1.0,0.0
17,3 Risky Investments That Could Cost You -- and Where to Invest Instead,0.869,0.202,0.695,0.103
18,Electric Vehicle Checkpoint: Tesla Is Still the EV King,0.202,0.079,0.921,0.0
19,"Ark Innovation's Cathie Wood Trims Tesla Stake, Adds Coinbase on Debut",0.422,0.097,0.903,0.0
