﻿,Titles,Polarity,Positive,Neutral,Negative
0,Asian Stocks Down as Powell Intensifies Fight Against Inflation,0.845,0.077,0.863,0.06
1,Dow Jones Futures: What To Do After Market Rally's Ugly Reversal; Tesla Slashes Sharp Gain,-0.178,0.102,0.723,0.174
2,Tesla Stock: Bull vs. Bear,-0.128,0.046,0.898,0.056
3,Tesla Stock Price Climbs After Record Earnings Report,0.557,0.204,0.796,0.0
4,US STOCKS-Wall St ends down as Powell plops 50 bps rate hike on table,0.98,0.088,0.86,0.052
5,Musk in talks with Thoma Bravo about partnering on Twitter bid - NY Post,-0.385,0.0,0.97,0.03
6,Tesla earnings blow away expectations with record profit and EV deliveries,0.542,0.154,0.8,0.046
7,Dow Jones Falls As Powell Targets Inflation; Elon Musk Eyes Twitter Tender; Tesla Earnings Gains Fade,0.34,0.103,0.897,0.0
8,"Dow, S&amp;P 500 book sharpest declines in nearly 2 weeks after Fed’s Powell signals half-point interest rate hike likely in May",0.202,0.088,0.848,0.064
9,This Is What Tesla CEO Elon Musk’s Other Company Is Worth,-0.107,0.07,0.831,0.099
10,"Tech Reversed Course as Bond Yields Hit New Highs, Tesla Surged—and What Else Happened in the Stock Market Today",0.459,0.097,0.903,0.0
11,"Stocks fall, Treasury yields rise as investors react to possible rate hike",-0.572,0.0,0.866,0.134
12,US STOCKS-Wall St drops as Powell rate views support aggressive hike path,0.987,0.102,0.849,0.049
13,Tesla’s Musk Forms a New Holding Company. Is It for Twitter or Something Bigger?,0.0,0.0,1.0,0.0
14,Dow futures Little Changed as Earnings Continue,0.84,0.069,0.883,0.048
15,Analyst on Tesla robotaxis: 'I will believe it when I see it',0.89,0.05,0.922,0.028
16,10 Companies Making Noise After Posting Their Earnings Reports,0.999,0.131,0.835,0.035
17,Elon Musk Wants More Lithium for EVs But Very Few Places Have It,-0.968,0.048,0.848,0.104
18,Here's Everything Elon Musk Said on Tesla's Q1 2022 Earnings Call,0.599,0.076,0.924,0.0
19,Why Lithium Americas Stock Plunged 12% Today,0.296,0.092,0.861,0.046
20,US STOCKS-Wall St slides after Powell backs aggressive rate hike views,0.961,0.081,0.883,0.036
21,Big data from cars is a ‘multibillion’ dollar opportunity: Narrative CEO,0.992,0.086,0.89,0.024
22,"Tesla, Dow Are Handling Inflation. Alcoa Shows It Isn’t Easy.",0.44,0.127,0.873,0.0
23,"Musk Forms ‘X Holdings’ After Hints at a Parent Company for Tesla, SpaceX",0.717,0.071,0.869,0.06
24,"Tech Reverses Course as Bond Yields Hit New Highs, Tesla Surges—and What Else Is Happening in the Stock Market Today",0.0,0.0,1.0,0.0
25,Why Nio's Stock Is Stalling Today,0.103,0.072,0.863,0.065
26,Ford Pulls Out All The Stops to Revive a Struggling Brand,0.382,0.113,0.824,0.063
27,Why Rivian Stock Is Plunging Today,0.382,0.14,0.86,0.0
28,Twitter: the singular assurance of Elon Musk’s self-funded M&amp;A blockbuster,0.612,0.116,0.884,0.0
29,"There’s only one way for Twitter to dodge Elon Musk’s Twitter takeover, analyst says",-0.857,0.063,0.869,0.068
30,"Dow joins S&amp;P 500, Nasdaq in negative territory as stocks lost grip on gains and bond yields rise",-0.226,0.179,0.609,0.211
31,Trading Tesla Stock After Impressive Earnings Beat,0.296,0.066,0.934,0.0
32,"Tesla earnings ‘strong,’ but Wall Street ‘not willing to bet on’ latest robotaxi vehicle",0.557,0.098,0.902,0.0
33,Hyperspeed EV recruitment efforts offer transformational gains for state economies,0.459,0.117,0.827,0.056
34,Will Tesla Be the Next Netflix? It Could Be Another Google.,0.179,0.078,0.922,0.0
35,US STOCKS-Wall Street loses steam ahead of Fed chair's speech,0.996,0.149,0.814,0.037
36,'Saturday Night Live' Jokes About Why Elon Musk Really Wants To Buy Twitter,-0.128,0.106,0.781,0.113
37,Stock Market Today: Dow Falls on Tech Tantrum as Powell Tees Up Larger May Hike,-0.348,0.074,0.844,0.082
38,Musk’s conveniently timed $46.5bn Twitter tilt,-0.477,0.061,0.832,0.107
39,3 Reasons Why Tesla’s Monster Earnings Will Help It Keep Crushing The Nasdaq in 2022,0.44,0.043,0.957,0.0
40,Elon Musk Vets Potential Equity Partners for Twitter Bid,0.979,0.119,0.831,0.05
41,Bitcoin rallies after dip earlier in the week,0.798,0.043,0.939,0.018
42,"Elon Musk Has a New and Interesting Job (and He's Offering You One, Too)",0.0,0.0,1.0,0.0
43,Lithium price skyrockets as electric vehicle demand takes off,-0.128,0.0,0.933,0.067
44,S&amp;P 500 Slides as Bearish Bets on Tech Resume  After Powell Tees Up 50BPS Hike,0.83,0.092,0.831,0.077
45,"BMW unveils top-of-the-line electric 7 Series sedan, the i7",0.927,0.049,0.935,0.016
46,"Amazon, SpaceX And Others Win $279M In NASA Contracts",0.969,0.13,0.831,0.039
47,"US STOCKS-Wall St rises on strong earnings from Tesla, airlines",0.963,0.076,0.889,0.035
