﻿,Titles,Polarity,Positive,Neutral,Negative
0,Electric Vehicle Checkpoint: Rivals Miss a Knockout Punch at Tesla,0.202,0.083,0.917,0.0
1,Amazon announced its first stock split in more than 20 years,0.927,0.198,0.802,0.0
2,Tesla and Ford Both Can Benefit From Tougher Economy Standards. Here’s How.,0.681,0.239,0.761,0.0
3,"Amazon Jumps on Plan to Split Stock, Buy Back Up to $10 Billion",0.967,0.107,0.849,0.044
4,Elon Musk's Tesla Has an Invite That Will Get Its Rivals Talking,0.785,0.137,0.81,0.053
5,Dow Jones Futures: 5 Stocks Set Up Amid Ideal Market Action; Crude Oil Dives As Inflation Report Looms,-0.459,0.112,0.659,0.229
6,"SEC, DOJ investigating Activision investment, Elon Musk scraps SEC deal",0.0,0.0,1.0,0.0
7,Biden’s EPA restores waiver for California and other states to set tougher vehicle tailpipe standards,0.511,0.17,0.83,0.0
8,GM Keeps a Big Promise,0.374,0.123,0.799,0.078
9,'Only real energy security comes from reducing' US reliance on oil: top Biden adviser,-0.955,0.055,0.857,0.089
10,Is Clover Stock a Buy Right Now? Its 160% Revenue Growth Says Yes.,0.999,0.157,0.804,0.039
11,BMW Hit by News That Could Slow Its Efforts Against Tesla,0.586,0.174,0.826,0.0
12,Why Tesla Stock Popped Today,0.382,0.127,0.801,0.073
13,"BMW Recalls 917,000 Vehicles. The Stock Pops.",-0.421,0.065,0.763,0.172
14,Volkswagen (VWAGY) to Invest $2.2B in Trinity Sedan Plant,0.997,0.089,0.903,0.008
15,"If You Own These 3 Growth Stocks, You Might Want to Rethink Your Position",0.382,0.049,0.951,0.0
16,"EV Roundup: Q4 Earnings Snapshots of RIDE, LCID, GOEV &amp; WKHS",0.98,0.059,0.907,0.033
17,"Market check: Stocks open higher, financials lead",0.0,0.0,1.0,0.0
18,"SEC, following Musk's criticism, ready to distribute funds from Tesla settlement",0.645,0.098,0.831,0.071
19,2 Monster Growth Stocks Shaping the Future of Technology,-0.625,0.07,0.801,0.129
20,"Trillion Dollar EV Boom: CEOs of ChargePoint, First Energy Metals, Tesla and Lucid Driving Innovation and Revenue Growth With Batteries, Charging Stations and Driving Technologies",0.999,0.132,0.859,0.009
21,"Tesla Bears, Watch Out. How the Stock Could Rise Like Apple’s Did.",0.494,0.208,0.792,0.0
22,The Simple Bull Case for Tesla Stock,0.128,0.103,0.815,0.082
23,"As Biden Blocks Russian Oil, the Next Step May Come From Consumers",0.34,0.072,0.928,0.0
24,Dow Jones Futures Jump After Stock Market Whipsaws Amid Russia Crude Oil Ban,-0.905,0.0,0.681,0.319
25,Rental Car Companies Mull Electrification: Reuters,0.96,0.099,0.892,0.009
26,"Supply-Chain Problems? Not for Tesla, Apple, and IKEA.",-0.34,0.0,0.888,0.112
27,Rental car giants embark on electric after pandemic bonanza,0.984,0.083,0.864,0.053
28,FOCUS-Rental car giants embark on electric after pandemic bonanza,0.984,0.083,0.864,0.053
29,Polestar EVs Are Too Niche for Long-Term GGPI Stock Growth,0.994,0.078,0.916,0.006
