﻿,Titles,Polarity,Positive,Neutral,Negative
0,US STOCKS-Nasdaq ends lower for second day as Big Tech loses ground,0.994,0.126,0.849,0.026
1,"Xpeng Stock In Buy Zone After Earnings Report, Guidance",0.494,0.148,0.802,0.049
2,US STOCKS-Nasdaq ends lower for second day as Big Tech loses ground,0.993,0.129,0.859,0.012
3,Is Rivian Stock A Buy As RV Rental Company Mulls Adding Pickup To Fleet?,0.0,0.0,1.0,0.0
4,2 Important Financial Lessons Our Experts Have Learned Along The Way,0.831,0.124,0.876,0.0
5,Here’s What You Need to Know About Rivian Stock Today,0.993,0.092,0.882,0.026
6,US STOCKS-Nasdaq tumbles for second day as Big Tech loses ground,0.99,0.11,0.861,0.028
7,Mazda USA CEO: We're hiring for a new car plant in Alabama but 'the turnout is not overwhelming',0.273,0.062,0.938,0.0
8,"Xpeng Stock Pares Back Early Gains After Earnings Report, Guidance",0.494,0.148,0.802,0.049
9,'Sounds Shady': Elon Musk Battles Binance Over Dogecoin Issues,0.026,0.06,0.882,0.058
10,7 Winning EV Stocks to Buy for the Long Haul as Electric Gets Hot Again,1.0,0.103,0.875,0.022
11,Signet and Tesla are Aggressive Growth Stocks,0.973,0.16,0.814,0.026
12,Investment Opportunity Breakdown: Electric Vehicle Battery Stocks,0.998,0.108,0.866,0.026
13,US STOCKS-Nasdaq leads losses as tech weakness dents Wall Street,0.988,0.098,0.87,0.033
14,7 Stocks to Buy Primed to Profit From a National EV Charging Network,0.999,0.113,0.85,0.037
15,Tesla employees in Germany plan works council,-0.44,0.045,0.896,0.059
16,Why Tesla Stock Popped -- Then Dropped -- Tuesday,0.705,0.226,0.774,0.0
17,China’s Xpeng Muscles Through Chip Crunch With Rising Deliveries,0.974,0.102,0.841,0.057
18,Binance founder fires back at Tesla CEO Elon Musk on Twitter,-0.526,0.051,0.894,0.055
19,"Macy’s launches Thanksgiving Day Parade NFTs, Tesla hires SEC lawyer, Samsung chooses chip factory location",0.0,0.0,1.0,0.0
20,"3 Reasons to Buy Tesla, and 1 Reason to Sell",0.382,0.159,0.841,0.0
21,"Crypto: Binance CEO talks bitcoin, Elon Musk, dogecoin, regulation, Warren Buffett, and more",0.0,0.0,1.0,0.0
22,3 ARK Stocks to Buy Going into 2022,1.0,0.168,0.78,0.053
23,Ford to Rivian: ‘We’re Breaking Up.’ What the Split Really Means for F Stock.,0.994,0.079,0.895,0.025
24,Tesla Hired a New Lawyer. He Comes From the SEC.,0.502,0.111,0.889,0.0
25,"Xpeng Stock Surges Past Buy Point On Earnings Report, Guidance",0.494,0.148,0.802,0.049
26,"Dow Jones Rises; Tesla Rival Jumps On Strong Sales; Best Buy, Zoom Dive On Earnings",0.511,0.125,0.875,0.0
27,"Company News for Nov 23, 2021",0.982,0.197,0.759,0.044
28,State filings detail construction work at Tesla's $1.1B factory east of Austin,0.557,0.089,0.911,0.0
29,"NVIDIA, StoneCo, Costco, Dillard's and Tesla highlighted as Zacks Bull and Bear of the Day",1.0,0.121,0.859,0.02
30,"Dow Jones Futures Rise; Tesla Rival Jumps On Strong Sales; Best Buy, Zoom Dive On Earnings",0.818,0.238,0.762,0.0
31,5 Biggest Takeaways From Lucid's Earnings Call,0.045,0.068,0.932,0.0
32,Musk chides Binance CEO on dogecoin glitch,-0.812,0.051,0.856,0.093
33,'Sounds Shady': Elon Musk Spars With Binance CEO Over Dogecoin Glitch,-0.226,0.0,0.905,0.095
34,"TSLA Investor Alert: Johnson Fistel Investigates Tesla, Inc.",-0.866,0.086,0.807,0.107
35,Lithium &amp; Battery Tech ETF (LIT) Hits New 52-Week High,0.976,0.121,0.858,0.021
36,Elon Musk has been in hot water with the SEC over his Tesla tweets. Now Tesla has hired a new lawyer—from the SEC,0.985,0.101,0.88,0.02
37,The Market Reaction to Powell’s Nomination Might Seem Strange. It Isn’t.,-0.226,0.072,0.804,0.123
38,7 Stocks to Sell If You Believe Morgan Stanley’s 20% Pullback Forecast,0.999,0.109,0.843,0.049
39,Rivian Still Has a Lot to Prove to Investors,0.997,0.095,0.889,0.016
40,"The Zacks Analyst Blog Highlights: Alphabet, Tesla, Costco, Applied Materials and NVIDIA",1.0,0.142,0.845,0.014
41,Roku Stock Has Been Falling and Cathie Wood’s ARK Funds Have Been Buying,-0.077,0.089,0.81,0.101
42,"Xiaomi’s Growth Sputters After Supply Shocks, Competition Weigh",0.965,0.085,0.862,0.052
43,This Anti-ARK ETF Has Gained 10% in Two Weeks,0.511,0.202,0.725,0.073
44,Dow Jones Futures Rise: Stock Market Rally Diverges As Tech Stocks Sell Off; Zoom Slides Despite Earnings Beat,0.0,0.0,1.0,0.0
45,Samsung Picks Texas Site for Advanced U.S. Chip Plant,0.967,0.086,0.853,0.061
46,Dow Jones Futures Fall: Stock Market Rally Diverges As Tech Stocks Sell Off; Zoom Slides Despite Earnings Beat,0.0,0.0,1.0,0.0
47,Why Tesla Stock Rallied Today,0.296,0.048,0.952,0.0
