﻿,Titles,Polarity,Positive,Neutral,Negative
0,"Fusion Family Wealth LLC Buys Invesco BulletShares 2023 Corporate Bond ETF, Tesla Inc, MSCI USA ...",0.998,0.159,0.834,0.007
1,"Reitz Capital Advisors LLC Buys PIMCO Enhanced Low Duration Active Exchange-Traded, Schwab U.S. ...",0.997,0.083,0.901,0.016
2,"Chapman Investment Management, LLC Buys Charles Schwab Corp, Tesla Inc, KLA Corp, Sells ...",0.989,0.055,0.94,0.005
3,Dow Jones Futures Fall As Netflix Dives On Subscriber Guidance; Ugly Market Reversals Teach Painful Lesson,0.0,0.0,1.0,0.0
4,A ‘Made in America’ EV tax credit — what car buyers need to know if Biden can advance a sliced-and-diced Build Back Better bill,0.765,0.257,0.743,0.0
5,"Nio Has Big Plans for 2022, But the Nio Stock Recovery Might Take Longer",0.996,0.088,0.897,0.015
6,Trusting Nikola Means Verifying That Orders Turn to Sales,0.978,0.107,0.813,0.08
7,7 Tech Stocks That Are Ticking Time Bombs You Need to Diffuse,1.0,0.134,0.833,0.033
8,UPDATE 1-Self-driving sensor maker Luminar shares rally on Mercedes-Benz tie-up,0.969,0.076,0.924,0.0
9,Self-Driving Pioneer Luminar Seals Deal With Mercedes. The Stock Is Jumping.,0.0,0.0,1.0,0.0
10,Why Tesla Stock Jumped on Thursday,-0.153,0.0,0.922,0.078
11,"Capital Insight Partners, Llc Buys Fresenius Medical Care AG. ...",0.992,0.064,0.916,0.019
12,US Stocks Rise as Tech Shares Rally,0.459,0.13,0.87,0.0
13,UPDATE 1-U.S. lawmakers call Tesla expansion in Xinjiang 'misguided',-0.969,0.026,0.888,0.086
14,Hollywood Producer Who Scammed BlackRock Fund Pleads Guilty,-0.718,0.074,0.848,0.078
15,Smartcar raises $24 million to build platform for ‘computers on wheels’,1.0,0.172,0.808,0.02
16,"Nio: Still Risky, But the Situation Has Definitely Improved",0.995,0.124,0.817,0.059
17,"Market check: Nasdaq rebounds, Dow jumps in early trading",0.99,0.1,0.86,0.04
18,Why We Expect Tesla (TSLA) to Deliver Q4 Earnings Beat,0.997,0.118,0.863,0.019
19,GM Wants to Be Like Tesla. We’re Not Talking About Cars.,0.318,0.095,0.905,0.0
20,Behind the Wall: Biden’s Infrastructure Bill Will Boost Electric Vehicle Fleets,1.0,0.084,0.899,0.017
21,BYND Stock: The McDonald’s News That Has Beyond Meat Shares Heating Up Today,0.971,0.064,0.921,0.014
22,Will Lower Aggregate Revenues Hurt Verizon's (VZ) Q4 Earnings?,0.994,0.087,0.907,0.005
23,"Docusign, Zoom, Moderna become the worst performing Nasdaq stocks",-0.625,0.0,0.823,0.177
24,General Motors (GM) Expands Fuel Cell Projects Beyond Vehicles,0.997,0.093,0.893,0.014
25,The Stock Market Is on a Bumpy Ride. Try These 2 Stocks for Stability.,0.0,0.0,1.0,0.0
26,2 Top Tech Stocks Ready for a Bull Run,0.796,0.194,0.732,0.073
27,Ford (F) Recalls 200K Vehicles Over Defective Brake Lights,0.985,0.079,0.89,0.031
28,Ford Stock Falls After Getting Downgraded. It Doesn’t Yet Deserve an EV-Like Valuation.,0.296,0.099,0.901,0.0
29,Alibaba Stock and JD.com Are Outperforming Apple and Tesla. Here’s Why.,0.34,0.118,0.882,0.0
30,"Zacks.com featured highlights include: Alkermes, Tesla, Nucor Corp. and GoPro",1.0,0.149,0.824,0.027
31,Nio Is Doing Well Compared to Tesla at a Similar Point,0.995,0.086,0.91,0.005
32,Tesla and NOV: 2 Secular-Bull Stocks to Ride Out a Volatile Market,0.0,0.0,1.0,0.0
33,"India, Tesla in 'weird stalemate' on tax cut demands with no investment pledge-sources",0.342,0.049,0.902,0.05
