﻿,Titles,Polarity,Positive,Neutral,Negative
0,These EV Stocks Have 'Most Compelling Strategies' In Crowded Field: Analyst,0.0,0.0,1.0,0.0
1,Hyliion’s New Battery Will Shake HYLN Stock From Its Bearish Slumber,0.999,0.117,0.857,0.027
2,Why Investors Should Avoid Northern Genesis Stock,0.997,0.115,0.833,0.053
3,The stock market seems to be a random number generator,-0.002,0.08,0.84,0.08
4,9 Meme Stocks That Social Media Won’t Shut Up About,1.0,0.137,0.825,0.038
5,Tesla is on this list of 20 S&amp;P 500 companies that have produced the biggest sales increases along with pricing power,0.178,0.112,0.785,0.104
6,Jack-of-All-Trends Ideanomics Is No Place to Invest Your Money,0.999,0.161,0.807,0.031
7,Biden administration’s role in global climate talks ‘most consequential change’ from Trump: Sara Menker,0.959,0.093,0.882,0.026
8,Biden’s Clean Energy Revolution Could Send These Stocks Soaring,1.0,0.146,0.824,0.029
