﻿,Titles,Polarity,Positive,Neutral,Negative
0,"Google to Slow Hiring for Rest of Year, Alphabet CEO Says",0.999,0.186,0.77,0.044
1,Twitter v. Musk: Can the billionaire be forced to buy Twitter?,0.847,0.046,0.918,0.035
2,Tesla (TSLA) Stock Moves -0.54%: What You Should Know,0.984,0.073,0.912,0.015
3,Twitter sues Elon Musk for trying to abandon $44 billion deal,0.973,0.111,0.817,0.071
4,Twitter Sues to Force Musk to Consummate $44 Billion Buyout,0.994,0.136,0.779,0.085
5,Twitter sues Elon Musk for violating $44B merger agreement,-0.226,0.063,0.874,0.062
6,"Markets lower ahead of incoming CPI data, energy stocks lag as WTI dips",0.989,0.113,0.868,0.019
7,Elon Musk is losing more than $150 million on his Twitter stock,0.527,0.188,0.812,0.0
8,Dow Futures Tick Higher Ahead of Key Inflation Print,0.896,0.07,0.891,0.039
9,Full Replay on Demand – Charging Up Europe: Watch CEO of Allego in Fireside,0.996,0.146,0.854,0.0
10,Why Tesla Shares Dropped Today,0.0,0.0,1.0,0.0
11,Why Twitter Could Have the Upper Hand in its Battle Against Musk,-0.25,0.145,0.674,0.181
12,The Elon Musk-Twitter Deal Saga: What’s Happened So Far,-0.178,0.1,0.748,0.153
13,Tesla Is Doing to Car Makers What Apple Did to Nokia. Will History Repeat?,-0.71,0.0,0.763,0.237
14,Tesla’s Berlin factory to produce only black and white Model Ys,0.943,0.101,0.859,0.04
15,Elon Musk (Prematurely) Eulogizes Donald Trump's Political Career,0.392,0.048,0.934,0.018
16,Elon Musk Never Should Have Tried to Buy Twitter,0.86,0.442,0.471,0.087
17,Tesla’s Giga Berlin is only building black or white cars: Report,0.44,0.022,0.963,0.016
18,"4 Stocks That Can Turn $100,000 Into $500,000 by the Time You Retire",0.963,0.202,0.781,0.017
19,"Dow Jones Falls As Treasury Yields, Oil Prices Tumble On Recession Fears",-0.586,0.074,0.697,0.23
20,Twitter says Elon Musk’s request to end deal is ‘invalid’,-0.248,0.069,0.866,0.065
21,Can Dogecoin Reach $1?,0.226,0.121,0.879,0.0
22,NIO Power Day 2022 &amp; VWAGY's $20B Battery Bet Rule EV Roundup Headlines,0.996,0.065,0.925,0.01
23,"Dow Jones Futures Slide As Treasury Yields, Oil Prices Tumble On Recession Fears",-0.477,0.134,0.651,0.215
24,"Is Warren Buffett Selling? Stock in BYD, a Tesla Rival, Is Down.",0.361,0.102,0.898,0.0
25,"Dow Jones Futures Fall, Crude Dives After Market Rally Runs Into China Wall",-0.599,0.0,0.776,0.224
26,1 Electric Vehicle Stock to Buy Hand Over Fist and 1 With Serious Red Flags,-0.105,0.0,0.963,0.037
27,Low Inventory and EV Sales Fuel Changes in How Americans Buy Cars,-0.202,0.0,0.962,0.038
28,"Euro Parity Party, Twitter Fights Back, Oil Outlooks - What's Moving Markets",-0.971,0.089,0.795,0.116
29,China’s Suspected IP Thieves Targeted by Twins’ Utah Startup,0.994,0.085,0.859,0.057
30,"Musk Says Trump Should Skip 2024 Race, Was ‘Too Much Drama’",0.963,0.078,0.878,0.044
31,"Dow Jones Futures Fall: Market Rally Runs Into China Wall; Tesla, Twitter Tumble On This",-0.599,0.0,0.776,0.224
32,Tesla Rival Rivian Considers a Major Move,0.318,0.126,0.874,0.0
