﻿,Titles,Polarity,Positive,Neutral,Negative
0,Tesla: Going Underground With the Boring Company,0.968,0.072,0.897,0.03
1,Ex-Consultant Gets Temasek to Help It Build the TSMC of Chip Design,0.994,0.116,0.86,0.024
2,Two Insider Moonshots Rising on Sudden Buying,0.998,0.106,0.857,0.037
3,Analysts Think These 10 Stocks Are Overvalued,1.0,0.131,0.842,0.026
4,What's included in Biden's $5 billion EV plan,0.077,0.08,0.92,0.0
5,"Auto inflation: ‘There is a bubble in used car prices,’ CoPilot CEO says",-0.25,0.0,0.935,0.065
6,Lincoln EVs Are Coming. Here’s What That Means for Ford’s Bottom Line.,0.0,0.0,1.0,0.0
7,Inflation 2022: 20 Stocks to Watch as Companies Hike Consumer Prices,0.988,0.094,0.883,0.023
8,Why Tesla Stock Got Dinged on Thursday,0.103,0.021,0.961,0.018
9,3 Wildly Oversold Nasdaq Stocks to Buy,0.999,0.127,0.847,0.026
10,California sues Tesla over allegations of discrimination and harassment,-0.273,0.0,0.896,0.104
11,White House unveils $5 billion plan to build out electric vehicle charging stations,0.0,0.0,1.0,0.0
12,Is Tesla Stock a Buy?,0.459,0.081,0.885,0.034
13,Cathie Wood’s Ark Invest files to to launch venture fund,0.996,0.137,0.836,0.026
14,Market check: Stocks choppy as investors digest hot inflation,0.977,0.097,0.888,0.015
15,Why Lucid Stock Just Dropped,0.296,0.037,0.963,0.0
16,"California sues Tesla, Solar storm disrupts SpaceX satellites, laid-off Peloton workers crash meeting",-0.971,0.015,0.884,0.101
17,Factbox-California lawsuit latest to accuse Tesla of discrimination,-0.995,0.028,0.774,0.198
18,UPDATE 1-California sues Tesla over allegations of racial discrimination,-0.963,0.068,0.822,0.11
19,Tesla’s Racial Discrimination Lawsuit Moves Forward. What to Know.,0.026,0.139,0.727,0.133
20,"Lithia's (LAD) Q4 Earnings Surpass Estimates, Sales Miss",0.998,0.117,0.861,0.022
21,O'Reilly's (ORLY) Q4 Earnings Top Estimates on Comps Growth,0.995,0.104,0.885,0.011
22,"Tesla recalls 579,000 vehicles over “boombox” function",0.382,0.114,0.8,0.086
23,"UPDATE 1-Tesla recalls nearly 579,000 U.S. vehicles over pedestrian warning risk sounds",-0.262,0.049,0.904,0.047
24,"Tesla recalls nearly 579,000 U.S. vehicles over pedestrian warning risk sounds",-0.422,0.058,0.881,0.06
25,Tesla CEO Elon Musk Does Something You Would Never Expect,0.785,0.397,0.603,0.0
26,"California agency sues Tesla over alleged discrimination, harassment - WSJ",-0.881,0.022,0.887,0.091
27,Elon Musk Admits He Made a Mistake,0.25,0.127,0.784,0.09
28,"Disney, Uber, Mattel, Twitter Rise Premarket; Tesla Falls",0.991,0.129,0.828,0.043
