﻿,Titles,Polarity,Positive,Neutral,Negative
0,Dow Jones Futures: Why The Market Rally Is So Strong; Tesla Holds Buy Point Despite Bad News,0.361,0.215,0.677,0.108
1,Match Group Surges 11% Postmarket on Planned S&amp;P 500 Inclusion,0.951,0.062,0.938,0.0
2,UPDATE 1-U.S. probing fatal Tesla crash that killed pedestrian,-0.933,0.079,0.802,0.119
3,"Tesla stock is worth $3,000: Ark Invest's Cathie Wood",0.968,0.118,0.873,0.008
4,Tesla Stock Holds Buy Point As CEO Elon Musk Finally Admits To Key Delays,0.0,0.0,1.0,0.0
5,Cathie Wood on the chip shortage and what it means for Tesla,0.998,0.088,0.89,0.022
6,U.S. probing fatal Tesla crash that killed pedestrian,-0.878,0.069,0.792,0.139
7,TSM Rival To Build $9B Chip Plant In Shanghai,0.955,0.102,0.869,0.029
8,Tesla (TSLA) Delays Second Generation Roadster Launch,-0.226,0.0,0.917,0.083
9,Michael Burry Is Selling These 15 Stocks,0.998,0.068,0.919,0.013
10,Tesla Stock Falls As CEO Elon Musk Finally Admits To Key Delays,0.0,0.0,1.0,0.0
11,Dogecoin Fundamentals Look Up as Elon Musk Touts Update,0.974,0.114,0.821,0.065
12,Join Wejo CEO &amp; VOSO CEO in Fireside Chat: Sept. 10 at 1PM EDT,0.993,0.107,0.882,0.011
13,Dow Jones Slides After Weak Jobs Report; Tesla Cybertruck Delayed,-0.477,0.0,0.837,0.163
14,"Ford’s Electric F-150 Hits 130,000 Reservations. How That Stacks Up Against Other EV Makers.",0.66,0.211,0.789,0.0
15,Elon Musk Hosted a Tesla ‘All Hands’ Meeting. Here’s What Happened.,0.077,0.064,0.936,0.0
16,"Electric Vehicle Checkpoint: Tesla, Ford, GM Face Supply Chain Challenges",0.202,0.091,0.909,0.0
17,"SHAREHOLDER ALERT: Pomerantz Law Firm Investigates Claims On Behalf of Investors of Tesla, Inc. - TSLA",0.258,0.082,0.846,0.072
18,Elon Musk says he prefers to ‘stay out of politics’ after Texas governor cites his support,0.402,0.088,0.912,0.0
