﻿,Titles,Polarity,Positive,Neutral,Negative
0,Teslas with Autopilot are a step closer to recall after series of wrecks,-0.727,0.0,0.798,0.202
1,3 stories driving Tesla stock today,0.993,0.081,0.909,0.01
2,Tesla Stock Alert: Bulls Need to Reclaim One Key Area,0.0,0.0,1.0,0.0
3,Tesla Autopilot Defect Probe Spirals as US Reviews 191 Crashes,0.943,0.088,0.849,0.064
4,Dow Jones Futures: Market Rally Suffers Big Losses As Key Inflation Report Looms,-0.637,0.066,0.717,0.217
5,"Stocks accelerate losses into the close, all 11 sectors of S&amp;P 500 in the red",-0.872,0.062,0.85,0.088
6,Elon Musk May Be Right About a Controversial Subject,-0.038,0.057,0.88,0.063
7,"Supply chain outlook still ‘pretty severe,’ economist says",0.783,0.058,0.891,0.051
8,"Tesla gets ‘Buy’ upgrade, Meta officially changes ticker symbol, cruise lines see pricing declines",0.0,0.0,1.0,0.0
9,Tesla Looks Charged Up for a Recovery Rally: What to Watch,-0.235,0.0,0.928,0.072
10,Market check: Stocks down ahead of CPI report on Friday,0.859,0.042,0.937,0.021
11,"Early Money: SciFi Foods, maker of cell-cultivated beef, raises $22M Series A",0.0,0.0,1.0,0.0
12,Nio Stock A Buy? Tesla Rival's Outlook Weighs But EV For The Masses Seen In 2024,0.361,0.106,0.894,0.0
13,Teslas with Autopilot a step closer to recall after wrecks,-0.727,0.0,0.798,0.202
14,Why Tesla Stock Rallied Today,0.681,0.105,0.895,0.0
15,US STOCKS-Wall St falls as growth stocks struggle with inflation reading in focus,0.273,0.068,0.868,0.064
16,Stock Market Today: Dow Slumps as Growth Suffers Beatdown; Inflation Data Eyed,0.564,0.108,0.796,0.096
17,"UPDATE 2-U.S. agency upgrades Tesla Autopilot safety probe, step before possible recall",-0.558,0.067,0.855,0.078
18,Tech Stocks to Buy in June After the Swoon,0.772,0.3,0.7,0.0
19,"Stock Market Limps At Midday; Tesla Rises On China News, Analyst Upgrade",0.0,0.04,0.919,0.04
20,"Biden announces plan for 500,000 EV charging stations by 2030",0.0,0.0,1.0,0.0
21,"EV charging: Biden says he’ll  tap infrastructure money to standardize payment methods, fill gaps",0.0,0.0,1.0,0.0
22,S&amp;P 500 Deepens Losses as Growth Stocks Skid Ahead of Inflation Data,0.949,0.097,0.842,0.061
23,More Likely to 5x First: Tesla vs. Ford?,0.0,0.0,1.0,0.0
24,CEO Talk From Elon Musk and Jamie Dimon,0.572,0.171,0.764,0.065
25,Nio Stock Flashes a Buy Signal as Fundamentals Look Set to Inflect Higher,0.982,0.089,0.849,0.062
26,US STOCKS-Wall St slips as growth stocks struggle amid rising bond yields,-0.459,0.072,0.853,0.075
27,"Stock Market Indexes Fall; Tesla Rises On China Sales, Analyst Upgrade",-0.226,0.088,0.78,0.132
28,Household spending on gas soars as fuel prices continue to climb,0.0,0.0,1.0,0.0
29,"Jobless claims hit five-month high, but rising trend not yet 'alarming': Economist",-0.858,0.047,0.889,0.064
30,How the Dow would have fared if it didn’t kick out Exxon,0.273,0.057,0.943,0.0
31,Dow Jones Falls As Jobless Claims Jump; Tesla Rallies On China Sales,-0.44,0.0,0.879,0.121
32,Tesla stock gains premarket after UBS upgraded shares,0.995,0.08,0.902,0.017
33,"US STOCKS-Wall Street set to open lower on inflation, rate hike angst",0.933,0.084,0.86,0.056
34,10 Best TaaS Stocks to Buy Now,0.999,0.083,0.908,0.01
35,Dow Jones Futures Fall As Jobless Claims Unexpectedly Rise; Tesla Jumps On China Sales,-0.625,0.0,0.788,0.212
36,UPDATE 1-Brazil's Vale moves closer to developing nickel sulfate operation in Canada,0.681,0.04,0.96,0.0
37,Is It Time to Buy Tesla Stock? This Analyst Thinks So.,0.572,0.192,0.733,0.075
38,3 Downsides to Consider Before Buying Tesla Stock,-0.572,0.0,0.914,0.086
39,Tesla’s China Production Is Coming Back. But It’s Only Halfway There.,0.0,0.0,1.0,0.0
40,Dow Jones Futures Look To Rebound As Tesla Jumps On China Sales,-0.402,0.0,0.876,0.124
41,Better Buy Right Now: Tesla or Li Auto,0.459,0.091,0.875,0.034
42,Elon Musk Jokes About His 'Diabolical' Plan,0.393,0.09,0.85,0.061
43,Ford Comes to the Rescue of Tesla,0.0,0.0,1.0,0.0
44,"It’s Time to Buy Tesla Stock Again, UBS Says",0.572,0.184,0.744,0.072
45,Dow Jones Futures Rise After Many Market Rally Leaders Crack; Tesla China Sales Ramping Up,0.214,0.078,0.922,0.0
46,Elon Musk Is Making Headlines -- Here's How Investors Can Take Advantage,0.727,0.096,0.871,0.034
47,Nio Falls Despite Beating Views; Tesla China Sales Started To Recover In May,0.0,0.0,1.0,0.0
48,7 Stocks That Look Like Big Bargains Right Now,0.997,0.104,0.842,0.054
