﻿,Titles,Polarity,Positive,Neutral,Negative
0,GM Earnings Rose Sharply in 2021,0.0,0.0,1.0,0.0
1,Why Rivian Stock Popped Today,0.612,0.182,0.818,0.0
2,"GM Stock Rises Despite Mixed Earnings, 2022 Guidance",0.422,0.118,0.882,0.0
3,"Folger Nolan Fleming Douglas Capital Management, I Buys Vanguard Total Stock Market ETF, The ...",0.99,0.048,0.945,0.006
4,"Buy Lucid Group Stock on Weakness, SEC Investigation or Not",0.995,0.111,0.836,0.053
5,"Dow Jones Futures: Google, AMD Surge Late On Earnings As Market Rally Picks Up Steam",0.494,0.144,0.856,0.0
6,Tesla Stock Falls As EV Giant Puts An End To Self-Driving Rolling Stops,-0.296,0.0,0.864,0.136
7,Should you invest in the stock market after a brutal January?,-0.943,0.032,0.905,0.064
8,GM Stock Rises With Earnings Due And Cruise Opening Up Driverless Rides,-0.572,0.093,0.728,0.179
9,Ford to Spend Up to $20 Billion Reorganizing for Shift to Electric Cars,0.991,0.074,0.904,0.022
10,7 Battery Stocks That Electric Vehicle Companies Are Relying On in 2022,1.0,0.133,0.834,0.033
11,"Tiaa, Fsb Buys iShares MBS ETF, Palo Alto Networks Inc, Oracle Corp, Sells Altria Group Inc, ...",0.998,0.079,0.916,0.005
12,"Assenagon Asset Management S.A. Buys Apple Inc, Microsoft Corp, Tesla Inc, Sells Amazon. ...",0.999,0.062,0.934,0.004
13,"Oak Ridge Investments Llc Buys Tesla Inc, R1 RCM Inc, TechTarget Inc, Sells LHC Group Inc, ...",0.996,0.056,0.941,0.003
14,"Field &amp; Main Bank Buys iShares MSCI Emerging Markets ETF, Devon Energy Corp, S&amp;P MidCap ...",0.996,0.065,0.931,0.004
15,"Tesla Recalls Nearly 54,000 Vehicles Over FSD Feature",-0.494,0.0,0.802,0.198
16,Tesla stock off week’s highs after ‘rolling stop’ recall,-0.026,0.063,0.871,0.066
17,Petition Calls for Biden to Apologize to Elon Musk,-0.802,0.016,0.87,0.115
18,"Tesla Stock Falls As It Issues Another Recall, This Time Due To Problems With Its Self-Driving Software",-0.402,0.0,0.856,0.144
19,"US STOCKS-Wall St eases after two-day surge as Tesla, Microsoft slip",0.857,0.055,0.907,0.039
20,"Tesla's Full Self-Driving Feature Dealt A Big Blow, Puts Musk's Promises at Risk",0.25,0.125,0.875,0.0
21,Tesla Has Another Very Modern Vehicle Recall. It’s No Problem for the Stock.,-0.402,0.0,0.863,0.137
22,NIO’s Deliveries Fell Last Month. What That Means for Tesla.,0.052,0.103,0.759,0.138
23,Cathie Wood Goes Bargain Hunting: 3 Stocks She Just Bought,-0.226,0.0,0.962,0.038
24,Dow Jones Rallies; 3 Tech Titans To Report Earnings,0.25,0.095,0.905,0.0
25,"Chinese EV Stocks: What Is Going on With NIO, XPEV and LI Stocks Today?",0.675,0.058,0.889,0.053
26,Dow Jones Futures Turn Higher; 3 Tech Titans To Report Earnings,0.25,0.1,0.9,0.0
27,Dow Jones Futures Signal Pause; 3 Tech Titans To Report Earnings,0.25,0.095,0.905,0.0
28,"Dow Jones Futures Fall After Stock Market Surges; Tech Titans Alphabet, AMD, PayPal Set To Report Earnings",-0.296,0.0,0.896,0.104
29,"UPDATE 1-Tesla to recall nearly 54,000 vehicles that may disobey stop signs",-0.846,0.08,0.827,0.093
30,"Tesla to recall 53,822 vehicles over safety issue with 'rolling stop' functionality on self-driving software",0.743,0.166,0.754,0.079
31,"Tesla to recall nearly 54,000 vehicles that may disobey stop signs",-0.846,0.081,0.825,0.094
32,"Nio Steps Up Its 2022 Deliveries, Still Well Behind Tesla (But Ahead of Lucid)",0.318,0.103,0.897,0.0
33,"The Zacks Analyst Blog Highlights: Apple Inc., Tesla, Inc., and Johnson &amp; Johnson",0.997,0.113,0.857,0.03
34,"The Zacks Analyst Blog Highlights: PACCAR Inc., Tesla, Oshkosh Corp., Autoliv and Gentex Corp",0.997,0.086,0.884,0.03
35,"Wall Street Opens Mixed as Virus, Rate Concerns Linger; Dow Flat",-0.765,0.048,0.883,0.069
36,"The Zacks Analyst Blog Highlights: General Motors Co., Tesla Inc., Marvell Technology Inc., FedEx Corp. and Zoetis Inc",1.0,0.131,0.85,0.019
37,Elon Musk Has an Idea to Make Us All Rich Someday. Meet Optimus the Robot.,-0.052,0.07,0.853,0.078
38,"Exxon Mobil, UPS and FedEx Rise Premarket; Tesla, AT&amp;T Fall",0.988,0.144,0.818,0.037
39,"Google, Microsoft-Activision, Tesla, Wordle and Stock Markets - Five Things You Must Know",-0.296,0.0,0.96,0.04
40,"Buy the Dip: Crypto, Tesla, AMC, Netflix",0.494,0.08,0.876,0.045
41,"Carmichael Hill &amp; Associates, Inc. Buys Tesla Inc, iShares Russell 2000 ETF, BTC iShares ...",0.995,0.051,0.942,0.007
42,Graphite Could Be The Biggest Winner In The $3 Trillion EV Boom,1.0,0.127,0.838,0.035
