﻿,Titles,Polarity,Positive,Neutral,Negative
0,Dow Jones Futures: Nasdaq Breaks Lower Amid China Covid Shutdowns; What To Do Now,-0.318,0.0,0.864,0.136
1,"Why Tesla Stock Slumped With Li Auto, Tencent Music, and Hutchmed",-0.665,0.0,0.924,0.076
2,Ford to sell Explorer SUVs missing rear climate controls due to chip crunch,-0.721,0.034,0.913,0.053
3,"Nasdaq hits session lows, enters bear market territory",0.273,0.068,0.932,0.0
4,Why These 10 Stocks Are Trending on Monday,-0.839,0.053,0.884,0.063
5,"Stocks turn negative, oil falls as traders await Fed decision",0.0,0.0,1.0,0.0
6,"Elon Musk sold his houses during the pandemic, but now inflation has him saying own ‘physical things’",0.667,0.056,0.896,0.048
7,Warren Buffett’s base salary has stayed at $100K for the past 25 years,0.16,0.134,0.866,0.0
8,"GM, Tesla and Google Score Big Win in Self-Driving Car Race",0.866,0.115,0.885,0.0
9,"Elon Musk Says Tesla, SpaceX Facing ‘Significant’ Inflationary Pressure",0.296,0.138,0.772,0.089
10,Elon Musk Hints at Tesla Price Hikes Amid Sky-High Inflation,-0.785,0.059,0.804,0.136
11,Nickels Become Worth 16 Cents… And 4 Other Surprises From the Week,0.903,0.089,0.835,0.076
12,Bireme Capital: “We Think Tesla (TSLA) will Materially Underperform the Market”,0.987,0.091,0.89,0.02
13,Chinese EV Stocks Get Hammered Again. What’s Wrong? Everything.,-0.226,0.075,0.819,0.106
14,"Tesla will probably hike prices soon because of inflation, says analyst",-0.743,0.055,0.874,0.071
15,Elon Musk gives Labor Secretary Walsh a tour of a Tesla gigafactory,0.0,0.0,1.0,0.0
16,Tesla and other electric vehicle makers not seeing a boost from high gas prices,0.0,0.0,1.0,0.0
17,Rivian Picks New COO To Jumpstart Production; Is Rivian Stock A Buy Now?,-0.361,0.0,0.889,0.111
18,"Tencent stock dives on potential fine, Obama tests positive for COVID, Elon Musk won't sell crypto",0.382,0.101,0.87,0.03
19,Tesla's Shares Have Been in a Downtrend: Here's How to Trade It,0.108,0.091,0.794,0.114
20,Ford (F) Partners for F-150 Capabilities Amid Likely Sales Fall,0.968,0.072,0.893,0.035
21,5 of the Fastest-Growing Stocks on the Planet,-0.103,0.064,0.862,0.074
22,Elon Musk and Tesla Have a New Car to Expand Their Domination,-0.128,0.114,0.697,0.189
23,Tesla Stock Drops Again as Issues Start to Pile Up,0.052,0.101,0.804,0.094
24,Forget Volatility: 5 U.S. Giants to Buy for Stellar Returns,0.999,0.139,0.818,0.043
25,Elon Musk hints Teslas could become more expensive,0.344,0.093,0.846,0.062
26,FOREX-Yen slides to 5-year low as rest of the world sets off for hikes,-0.559,0.087,0.816,0.096
27,"UPDATE 2-Musk says Tesla, SpaceX see significant inflation risks",-0.414,0.048,0.889,0.063
28,"Musk says Tesla, SpaceX see significant inflation risks",-0.608,0.044,0.892,0.065
