﻿,Titles,Polarity,Positive,Neutral,Negative
0,7 Bull Market Stocks to Buy if You Are Still Feeling Confident,0.999,0.133,0.807,0.059
1,Tesla depends on Lithium-Elon,-0.412,0.045,0.876,0.079
2,Elon Musk’s Belated Disclosure of Twitter Stake Triggers Regulators’ Probes,0.026,0.034,0.966,0.0
3,Rivian earnings provide a ‘small victory if you’re long’: Analyst,0.999,0.118,0.857,0.025
4,Dow Jones Futures: Stock Market Sells Off On Hot Inflation; This Should Worry You,-0.772,0.0,0.661,0.339
5,"Rivian posts narrower-than-expected earnings loss, stock jumps after hours",0.0,0.0,1.0,0.0
6,"Market check: Energy outperforms, Big Tech stocks slide",0.586,0.05,0.926,0.024
7,Tesla Stock Enters Into A Sharp Correction; Here's How To Create A Bear Call Spread,0.0,0.0,1.0,0.0
8,Ford F-150 Lightning: What it’s like to drive the all-electric truck,0.999,0.16,0.811,0.029
9,3 Electric Vehicle Stocks to Buy,0.997,0.105,0.849,0.046
10,FANGMAN Stocks and Tesla: Sell or Buy More?,0.993,0.092,0.868,0.039
11,Here's Why Nio Shares Bounced Early Today,0.422,0.104,0.852,0.044
12,Tesla Urges Panasonic To Fast-Track Development Of Next-Gen Batteries,0.99,0.16,0.811,0.028
13,UPDATE 1-U.S. judge says Musk recklessly tweeted that 'funding secured' for taking Tesla private,0.889,0.08,0.867,0.053
14,"Tesla (TSLA) Recalls 130K Cars, Halts Giga 3 Operations",0.975,0.085,0.857,0.058
15,Why Tesla Stock Tapped the Brakes on Wednesday,0.7,0.077,0.899,0.024
16,"I’m Sorry, But Mullen Automotive Makes Little Sense",0.935,0.097,0.833,0.07
17,"Dow Jones Reverses On Hot Inflation Report; Coinbase, Unity Plunge On Earnings",0.0,0.0,1.0,0.0
18,"Dow Jones Falls On Hot Inflation Report; Coinbase, Unity Plunge On Earnings",0.0,0.0,1.0,0.0
19,Elon Musk Says Tesla Sales Are Growing Faster Than the Model T,0.0,0.0,1.0,0.0
20,"Dow Jones Futures Reverse Lower On Hot Inflation Report; Coinbase, Unity Plunge On Earnings",-0.296,0.0,0.901,0.099
21,"Dow Jones Futures Reverse On Hot Inflation Report; Coinbase, Unity Plunge On Earnings",-0.296,0.0,0.901,0.099
22,US Court Rules Against Elon Musk's Infamous 'Funding Secured' Tweet,0.854,0.113,0.814,0.073
23,Explainer-Can Elon Musk renegotiate a lower price for his Twitter deal?,-0.891,0.086,0.824,0.09
24,Tesla and Sony’s Problems Show Shanghai’s Big Restart is Faltering,-0.989,0.034,0.89,0.076
25,Here are the 10 fastest EVs (and how much they cost),0.459,0.13,0.87,0.0
26,Panasonic Considers US IPO for Blue Yonder Software Arm,0.892,0.075,0.869,0.056
27,UPDATE 2-China vehicle sales plunge 48% but EVs strong as BYD gains,0.913,0.062,0.897,0.042
28,Court says Musk recklessly tweeted that 'funding secured' for taking Tesla private,0.579,0.074,0.861,0.065
29,REFILE-Court says Musk recklessly tweeted that 'funding secured' for taking Tesla private,0.579,0.073,0.863,0.064
30,UPDATE 1-Tesla makes first shipment of cars from reopened Shanghai plant - media,0.637,0.027,0.956,0.017
31,Elon Musk plays down fears Twitter deal will jeopardise Tesla focus,0.25,0.231,0.769,0.0
