﻿,Titles,Polarity,Positive,Neutral,Negative
0,Report: Tesla Berlin Gigafactory Opening Delayed by 6 Months,0.459,0.106,0.856,0.038
1,Dow Jones Futures: Tech Stocks Stumble As Apple Nears New Buy Point; Tesla Tests Key Level,0.402,0.119,0.881,0.0
2,These 2 Once-Hot Stocks Sent the Nasdaq Lower Monday,-0.361,0.07,0.838,0.092
3,"Growth Stocks Like Tesla, Snap, Etsy Boost This ETF Nearly 100%",0.7,0.268,0.669,0.063
4,Elon Musk asked Twitter for ‘SNL’ sketch ideas. Guess how that went?,0.637,0.088,0.912,0.0
5,Investors Should Ride the Green Wave With Li-Cycle,0.997,0.087,0.899,0.014
6,"GM Earnings, VW On Tap After Ford's Grim Warning",0.402,0.088,0.912,0.0
7,"Dow Rallies, Tech Stocks Slide As Apple Nears Buy Point; Tesla Skids, While Nio Reports Surging Sales",0.0,0.0,1.0,0.0
8,Is Tesla (TSLA) Outperforming Other Auto-Tires-Trucks Stocks This Year?,0.988,0.117,0.863,0.02
9,10 Best Energy Stocks for 2021,1.0,0.176,0.794,0.03
10,Tesla Broke a 3-Day Losing Streak Last Week. Why It’s Dropping Again.,0.296,0.073,0.927,0.0
11,"Dow Rallies 300 Points As Apple Nears Buy Point; Tesla Slashes Losses, While Nio Reports Surging Sales",0.0,0.0,1.0,0.0
12,FAANG Stocks Crushed Earnings; Here's Another Great Reason to Buy Them,0.477,0.123,0.802,0.076
13,10 Best Bitcoin Stocks to Buy Now,0.999,0.119,0.852,0.029
14,Tesla’s German Plant Could Be Delayed. The EV Stock Is Feeling It.,0.296,0.073,0.927,0.0
15,Dow climbs 260 points as stocks aim to start May with positive tone,0.691,0.155,0.845,0.0
16,US STOCKS-Wall St set to start month on firm footing; economic data in focus,0.976,0.097,0.869,0.035
17,"Nio, Xpeng EV Sales Surge But Pace Slows Amid Chip Woes, Tesla Ramping Up",0.0,0.0,1.0,0.0
18,Dow futures rise around 200 points to start May trade,0.511,0.076,0.924,0.0
19,"Auto Stock Roundup: Earnings Snapshots of TSLA, F, PCAR, ORLY and LKQ",0.998,0.1,0.887,0.013
20,The Top 50 Robinhood Stocks in May,0.103,0.075,0.862,0.063
21,"Premarket Movers Monday - GameStop, Dell, Moderna, Tesla",0.0,0.0,1.0,0.0
22,U.S. Futures Higher in Quiet Trade; Tesla Slips on Germany Delay,0.923,0.071,0.894,0.035
23,"Epic v Apple, EU Travel, Tesla Delay - What's Moving Markets",0.817,0.076,0.878,0.046
24,"Tesla Shares Slip on Berlin Gigafactory Delay, China Scrutiny Reports",-0.052,0.144,0.705,0.151
25,"Exclusive: Tesla, under scrutiny in China, steps up engagement with regulators - sources",0.367,0.068,0.869,0.063
26,"Ethereum, Apple and Epic Games, Tesla - 5 Things You Must Know Monday",0.823,0.241,0.759,0.0
27,"Are CFOs flocking to Bitcoin? No way, says this high-level adviser",-0.815,0.091,0.823,0.087
