﻿,Titles,Polarity,Positive,Neutral,Negative
0,"Yes, GM Needs to Do More to Challenge Tesla. But the Stock Is a Buy.",-0.527,0.0,0.88,0.12
1,GM Needs to Get Moving in the EV Race Against Tesla. Why the Stock Is a Buy.,-0.527,0.0,0.88,0.12
2,"Elon Musk Responds to Rumors About Trump, Love Life",0.0,0.0,1.0,0.0
3,The Future of Transportation Is a Lot More Than Tesla. How to Invest.,0.34,0.124,0.876,0.0
4,It’s Not Just Tesla. 8 Other Stocks to Play the Future of Transportation.,0.0,0.0,1.0,0.0
5,Used Car Prices Dropped. Here’s Where The Deals Are.,0.0,0.0,1.0,0.0
6,Why Tesla Stock Was Slumping on Friday,0.0,0.0,1.0,0.0
7,Musk Gives Us a Glimpse of Plans for Twitter,0.599,0.164,0.836,0.0
8,Oil Markets Are Bracing For Further Supply Disruptions,-0.952,0.08,0.832,0.088
9,"Wood and Musk Are Wrong on Index Investing, Bloomberg Pundits Say",0.077,0.17,0.717,0.112
10,Elon’s war of words with the Saudi prince is over as he secures further funding to buy Twitter. It’s not his first takeover saga involving the kingdom,0.982,0.09,0.864,0.045
11,"Tesla, Echoing Musk, Says ESG Metrics Are ‘Fundamentally Flawed’",0.791,0.078,0.862,0.06
12,Cathie Wood’s Ark ETFs Dump Almost All Their Remaining Twitter Shares,0.853,0.102,0.819,0.08
13,Tesla Reaches Battery-Supply-Chain Deal With Miner Vale,0.026,0.132,0.782,0.086
14,"Musk, Twitter are sued by shareholder over $44 bln takeover",0.202,0.069,0.862,0.07
15,Cathie Wood’s Latest Portfolio: 10 New Stock Picks in 2022,0.997,0.095,0.874,0.031
16,"Tesla Confirms Vale Nickel Deal, Lifts Veil on U.S. Race Data",0.569,0.046,0.919,0.035
17,"Cathie Wood Watch: Ark Buys Shopify, Coinbase, LatAm E-Commerce Firm",-0.178,0.115,0.7,0.185
18,UPDATE 1-Brazil's Vale signs long-term deal to supply Tesla with nickel,0.936,0.048,0.952,0.0
19,Dow Jones Sells Off After Jobs Report As Treasury Yields Hit New High,0.202,0.083,0.917,0.0
20,Brazil's Vale signs long-term deal to supply Tesla with nickel,0.936,0.05,0.95,0.0
21,Vale strikes nickel supply deal with Tesla,0.868,0.115,0.885,0.0
22,Dow Jones Drops After Jobs Report As Treasury Yields Hit New High,0.202,0.083,0.917,0.0
23,"Ford Teases a New Electric Car to One Up Tesla, GM, and Rivian",0.0,0.0,1.0,0.0
24,Musk Secures Funding for Twitter Bid From 19 Investors,0.402,0.119,0.881,0.0
25,"Dow Jones Futures Drop, Treasury Yields Climb After Jobs Report; Square Jumps On Earnings",0.0,0.0,1.0,0.0
26,"Investors Heavily Search Tesla, Inc. (TSLA): Here is What You Need to Know",0.998,0.125,0.866,0.01
27,"Tenneco (TEN) Q1 Earnings Miss, Revenues Surpass Estimates",0.988,0.081,0.878,0.041
28,Dow Jones Futures Turn Higher After Jobs Report; Square Jumps On Earnings,-0.296,0.0,0.891,0.109
29,Dow Jones Futures Fall Ahead Of Key April Jobs Report; Square Jumps On Earnings,0.0,0.0,1.0,0.0
30,Tesla’s Shanghai Plant Again Is Ramping Up. Will That Help Second-Quarter Deliveries?,0.0,0.0,1.0,0.0
31,"Dow Jones Futures Fall After Stocks Plunge, Treasury Yields Soar In Delayed Fed Reaction",-0.026,0.096,0.802,0.102
32,UPDATE 1-Tesla targets pre-lockdown output in Shanghai by mid-May,0.751,0.03,0.959,0.011
33,Dow Futures Fall 100 Pts; Nonfarm Payrolls Loom Large,0.92,0.072,0.884,0.044
34,Tesla aims to run two shifts at Shanghai plant from May 16 - Memo,0.0,0.0,1.0,0.0
35,"Payrolls, Surging Bond Yields, Weak Stocks, Elon Musk - What's Moving Markets",-0.984,0.063,0.849,0.088
36,Toyota Is Trying to Catch Up in the Crowded EV Race. It May Be Too Late.,0.0,0.0,1.0,0.0
37,Tesla Looking to Boost Shanghai Car Production With Second Shift,0.403,0.051,0.903,0.045
