﻿,Titles,Polarity,Positive,Neutral,Negative
0,Why Nio Stock Popped Friday,0.494,0.097,0.824,0.08
1,Elon Musk Slams Apple’s App Store Fees as ‘De Facto Global Tax on the Internet’,-0.654,0.022,0.934,0.044
2,"Dear Sumit Sharma, Our Readers Have Serious Questions About MicroVision",0.996,0.078,0.905,0.017
3,Telsa Short Squeeze? Why It’s Not Going to Happen,0.995,0.11,0.858,0.032
4,"Dow Jones Dips As Amazon Stock Plunges; China EV Stocks, Tesla Rally; Solar Stock Passes Buy Point",0.178,0.072,0.928,0.0
5,Why Tesla Stock Rose Today on Bad News,0.422,0.064,0.899,0.037
6,"Tesla’s Musk denies demanding to be Apple CEO, calls App Store fee ‘global tax on the internet’",-0.875,0.039,0.906,0.055
7,"Tesla (TSLA) Plans for Future, Makes Changes to Business",-0.382,0.0,0.841,0.159
8,Li Auto Is a Buy as It Prepares to List in Hong Kong,0.999,0.157,0.808,0.035
9,Elon Musk Denies He Discussed Apple-Tesla Merger With Tim Cook,0.909,0.07,0.891,0.039
10,"UPDATE 1-Musk says ""Epic is right,"" takes sides in battle with Apple",-0.93,0.018,0.897,0.085
11,7 Overheated Stocks to Sell as Pandemic Concerns Rise,0.931,0.119,0.772,0.109
12,TSLA Option Traders Trust in Musk After Earnings,0.128,0.2,0.667,0.133
13,"Stock Market Rally Pauses Near Highs Amid Earnings From Apple, Microsoft, Tesla, Amazon, Google, Facebook",0.178,0.078,0.922,0.0
14,"Billionaire Charles Koch: 'Cannabis Prohibition Is Counterproductive,' Uses $25M To Support For Legalization",0.995,0.109,0.853,0.038
15,Tesla’s Battery Fire Actually Shows It Is More Than an EV Company,-0.681,0.0,0.699,0.301
16,Tesla's Giant Australian Battery Bursts Into Flames,0.592,0.076,0.858,0.066
17,Is GM Stock A Buy? Why General Motors' Q2 Report Is A Big One,0.186,0.076,0.924,0.0
18,"Tesla, Inc.'s (NASDAQ:TSLA) Fundamentals are Improving but Valuation Remains a Risk",0.999,0.148,0.828,0.024
19,Review: A deep new history of Tesla takes the shine off Elon Musk,0.99,0.106,0.813,0.08
20,Is Now the Time to Buy Electric Vehicle Stocks?,0.729,0.277,0.723,0.0
21,2 Unstoppable Growth Stocks to Buy Right Now,0.511,0.086,0.857,0.058
22,Finance overlooks climate because it's ‘mesmerized by the magic of markets’: WWF International President,0.997,0.163,0.821,0.016
23,Fire Erupts at Tesla Big Battery in Australia During Testing,-0.216,0.061,0.869,0.07
24,UPDATE 1-Fire breaks out in Tesla Megapack unit in Australia during testing,-0.226,0.049,0.871,0.08
25,Fire breaks out at Tesla Australia mega-battery during testing,-0.878,0.036,0.833,0.131
26,RPT-Fire breaks out at Tesla Australia mega-battery during testing,-0.878,0.034,0.842,0.124
27,"Amazon, Robinhood, Tesla, Delta Variant: 5 Things You Must Know Before the Market Opens Friday",0.625,0.211,0.702,0.087
