﻿,Titles,Polarity,Positive,Neutral,Negative
0,Chinese EV Stocks Are Flying Again,0.996,0.099,0.889,0.013
1,Australia's Syrah Resources to expand Louisiana graphite processing facility,0.933,0.101,0.891,0.009
2,GM Will Again Plug In Its Tesla Killer,-0.577,0.09,0.656,0.254
3,N.Y. Pension Ramps Up Pressure on Tesla After Race-Bias Lawsuit,-0.984,0.057,0.858,0.086
4,Elon Musk Enlisted Poker Star Before Making $5.7 Billion Mystery Gift,0.999,0.158,0.809,0.032
5,Keep Your Eyes on This Stock as Electric Vehicles Get a $ Power Up,0.743,0.237,0.704,0.059
6,Why Tesla Stock Jumped Today,0.908,0.17,0.763,0.067
7,Elon Musk gave a mysterious $5.7 billion donation weeks after he dared the UN to show him its plan for solving world hunger,0.947,0.092,0.865,0.043
8,"Fisker Begins Taking Orders for Its New EV. The PEAR Starts Below $30,000.",0.318,0.126,0.874,0.0
9,Tesla Stock Needs to Break Free From Putin and Powell,0.151,0.082,0.86,0.058
10,These 3 Charts Show Why You Might Want Exposure to China's EV Makers,0.758,0.165,0.835,0.0
11,This is what you’re getting wrong about ESG ratings,0.0,0.0,1.0,0.0
12,Greenlight Capital’s David Einhorn bets against Tesla again,0.0,0.0,1.0,0.0
13,Don't Underestimate General Motors in Autonomous Driving,0.422,0.044,0.956,0.0
14,Fisker to start reservations for second electric car model,0.296,0.015,0.985,0.0
15,"Company News for Feb 15, 2022",0.974,0.183,0.769,0.048
16,Tesla’s Elon Musk Gave Away $5.7 Billion. But to Whom? We Have a Guess.,0.477,0.157,0.843,0.0
17,Retail investor: 'I'm being careful just in case' stocks keep selling off,0.953,0.066,0.904,0.03
18,"Russia Pullback, Intel, Peloton, Elon Musk and Warren Buffett - Five Things You Must Know",0.718,0.143,0.857,0.0
19,"The Zacks Analyst Blog Highlights: Apple Inc., Exxon Mobil Corp., Tesla Inc., Advanced Micro Devices Inc. and ConocoPhillips",1.0,0.134,0.834,0.031
20,Elon Musk Gave $5.7 Billion of Tesla Shares to Charity Last Year,0.0,0.0,1.0,0.0
21,GM Wants to Prove It Can Keep Up with Tesla and Ford,0.077,0.064,0.936,0.0
22,UPDATE 4-Musk donated over $5.7 bln in Tesla shares to charity in Nov,0.995,0.119,0.863,0.019
23,Elon Musk Donates Over $5 Billion in Tesla Stock to Charity,0.527,0.175,0.825,0.0
24,Elon Musk Donated $5.7 Billion of Tesla Shares to Charity,0.994,0.165,0.778,0.057
25,Musk donated over $5.7 billion in Tesla shares to charity in Nov,0.995,0.12,0.861,0.019
26,Elon Musk gave 5 million Tesla shares to charity after teasing possible donation to fight world hunger,0.681,0.145,0.855,0.0
27,S.Korea investigates possible exaggerated advertising in Tesla's mileage,-0.637,0.025,0.91,0.065
28,Can GM Keep Up with Tesla and Ford?,0.077,0.064,0.936,0.0
