﻿,Titles,Polarity,Positive,Neutral,Negative
0,Tesla Sues to Sell Cars Directly to Consumers in Louisiana,-0.273,0.079,0.785,0.136
1,"Musk, Twitter Both Subpoena Bot Whistle-Blower in Buyout Dispute",-0.928,0.062,0.855,0.083
2,Tesla (TSLA) Dips More Than Broader Markets: What You Should Know,0.987,0.09,0.888,0.022
3,Elon Musk Calls for More Oil and Gas Drilling to Avert Human Disaster,-0.586,0.101,0.645,0.254
4,Dow Jones Futures: What To Do As Stock Market Weakness Continues; Jobs Report Ahead,-0.422,0.0,0.877,0.123
5,Dow Jones Reverses; Elon Musk Makes This Twitter Move; Coinbase Falls As Bitcoin Rises,-0.382,0.142,0.625,0.233
6,"Cyber expert on Twitter whistleblower: 'If allegations are true,' accounts at-risk",0.981,0.105,0.847,0.049
7,Is Tesla A Buy With Its Stock Split Finished As Production Improves?,0.599,0.189,0.811,0.0
8,UPDATE 3-U.S. agency: 'unlawful' for Tesla to prevent employees from wearing union shirts,-0.94,0.027,0.912,0.061
9,Elon Musk subpoenas Twitter whistleblower for bot and security info,0.953,0.077,0.863,0.06
10,Dow Jones Fights Back; Elon Musk Subpoenas This Twitter Employee; Coinbase Rallies As Bitcoin Gains,-0.382,0.142,0.625,0.233
11,Elon Musk subpoenas Twitter whistleblower ahead of trial,0.586,0.205,0.745,0.051
12,10 Best Index Funds Popular Among Reddit Investors,1.0,0.144,0.843,0.013
13,The 3 Worst EV Stocks You Can Buy Right Now,-0.396,0.07,0.853,0.077
14,U.S. agency: 'unlawful' for Tesla to prevent employees from wearing union shirts,-0.94,0.028,0.91,0.062
15,U.S board: 'Unlawful' for Tesla to prevent employees from wearing union shirts,-0.202,0.045,0.903,0.052
16,Why Tesla Stock Dropped Monday Morning,0.681,0.13,0.828,0.043
17,"Tesla stock is set to rip higher, analyst says after visiting Germany Gigafactory",0.931,0.07,0.888,0.042
18,7 EV Stocks to Buy Ahead of a Green Tidal Wave,0.998,0.093,0.867,0.04
19,Stock Market Slides As Powell's Comments Continue To Weigh On Investors; 2 Chinese Stocks Gain On Earnings,-0.511,0.067,0.817,0.116
20,Deutsche Bank analyst boosts Tesla price target after visiting Berlin gigafactory,0.944,0.157,0.819,0.024
21,"Stocks in focus: Chevron outperforms, Tesla falls, Pinduoduo skyrockets",0.0,0.0,1.0,0.0
22,"Dow Jones Falls After Powell-Fueled Stock Market Plunge; Apple, Tesla Skid",-0.402,0.0,0.87,0.13
23,10 Stocks At Risk From Slowing Chinese Economy,0.972,0.072,0.872,0.057
24,"Dow Jones Futures Sell Off After Powell-Fueled Stock Market Plunge; Apple, Tesla Skid",-0.402,0.0,0.876,0.124
25,Porsche IPO Commands Valuation Of Up To $85B Amid Global Headwinds: Report,0.976,0.145,0.795,0.061
26,10 Best Dividend Stocks to Buy According to Israel Englander’s Millennium Management,0.999,0.11,0.882,0.008
27,3 Stocks to Avoid This Week,0.643,0.122,0.878,0.0
28,Elon Musk tells Norway energy conference he is aiming to have Tesla's self-driving technology be ready by year-end,0.813,0.177,0.823,0.0
29,"Honda, LG Energy Eye US EV Battery Factory Fueled By Robust Demand",0.979,0.123,0.865,0.013
30,Top 12 From Cathie Wood’s Q2 Portfolio,0.999,0.095,0.886,0.018
31,"Forget Meltdown, Each Dip Offers a Solid Entry Point: 5 Picks",1.0,0.184,0.8,0.016
32,Dow Jones Futures Fall: Big Test For Indexes As Market Rally Feels Fed Chief Powell's 'Pain',0.077,0.098,0.816,0.086
33,Oil Edges Higher as Supply Concerns Eclipse Fed’s Rate Stance,-0.931,0.092,0.788,0.12
34,Tesla Rival Launches Luxury SUV Production,0.0,0.0,1.0,0.0
