﻿,Titles,Polarity,Positive,Neutral,Negative
0,Tesla to host second artificial intelligence day in August,0.951,0.105,0.895,0.0
1,7 Electric Vehicle Stocks to Buy on the Dip,0.998,0.085,0.881,0.034
2,Does Elon Musk’s Twitter bot battle signal cold feet or just a negotiating tactic?,-0.494,0.044,0.854,0.101
3,Is The Bottom In Or Is It Just Another Dead Cat Bounce?,1.0,0.146,0.801,0.053
4,Dow Jones Futures: Stock Market Rally Shows Bullish Action; Broadcom Flashes Buy Signal,0.511,0.163,0.837,0.0
5,Dow Jones Gains As Powell Issues This Pledge; Elon Musk Digs In On Twitter; New Warren Buffett Stock Soars,0.382,0.098,0.902,0.0
6,"Elon Musk seems to be ‘looking for a scapegoat’ in Twitter bid, analyst says",-0.977,0.049,0.872,0.079
7,"US STOCKS-Wall Street ends sharply higher, fueled by Apple",0.992,0.126,0.832,0.041
8,Elon Musk stalling on deal puts Twitter’s board’s ‘backs against the wall’: Analyst,0.112,0.071,0.872,0.057
9,"New electric vehicle registrations spike in Q1, led by Tesla",-0.817,0.024,0.945,0.031
10,"US STOCKS-Wall Street rallies, led by Tesla and other growth stocks",0.991,0.118,0.838,0.044
11,Mercedes EQS: A review of the luxury electric vehicle,0.997,0.15,0.815,0.035
12,"New electric vehicle registrations spike in Q1, led by Tesla",0.0,0.0,1.0,0.0
13,Elon Musk Says Three Things Are Ruining California,0.0,0.171,0.658,0.171
14,Twitter Bid: Musk Wants Help From an Agency He Hates,0.296,0.145,0.855,0.0
15,Tesla Has Bad News for Some Cybertruck Fans,0.0,0.0,1.0,0.0
16,"If Elon Musk scraps Twitter deal, here's what may happen to the stock",-0.729,0.058,0.862,0.08
17,"Ray Dalio's Bridgewater dumps Tesla, bets on meme stocks AMC and GameStop",0.913,0.061,0.923,0.016
18,Cathie Wood’s Latest Portfolio: 10 Stocks Under $10,0.998,0.096,0.879,0.025
19,Tesla (TSLA) Delays Shanghai Gigafactory Ramp Up to Next Week,0.981,0.068,0.907,0.026
20,"Stocks making moves today: Walmart, Home Depot, Paramount, Tesla",0.0,0.0,1.0,0.0
21,"Ray Dalio’s hedge fund dumps Tesla stock, buys up meme stocks",-0.318,0.0,0.881,0.119
22,1 Reason Why Tesla Stock Is Rising Today,-0.432,0.051,0.876,0.073
23,"Market check: Stocks rally, gas futures hit record high",0.0,0.0,1.0,0.0
24,Tesla Stock Gets an Upgrade to Hold—and a Price Target Cut,0.178,0.093,0.844,0.063
25,Twitter’s Board Recommends Shareholders Vote to Approve Musk Deal,0.339,0.078,0.86,0.062
26,"Leaders: SNAP, NEXCF, SOFI, TSLA; Visionary CEOs Advancing Next Wave of Billion Dollar Market Opportunities in AR, Robotaxi’s, Metaverse and Fintech",1.0,0.19,0.801,0.009
27,Digital enchantment holds too much sway over big tech regulation,-0.511,0.0,0.788,0.212
28,"Stocks climb as retail earnings roll in, meme stocks gain",0.0,0.0,1.0,0.0
29,Is Now the Time to Buy Electric Vehicle Stocks?,0.625,0.186,0.814,0.0
30,Dow Jones Jumps But Walmart Dives On Earnings Miss; Twitter Falls On Musk Tweet,-0.153,0.0,0.929,0.071
31,10 Biggest Losers in Cathie Wood’s Latest Portfolio,0.998,0.084,0.871,0.045
32,"Stock Market News for May 17, 2022",0.81,0.08,0.853,0.067
33,"Tesla cars, Bluetooth locks, vulnerable to hackers - researchers",0.062,0.075,0.847,0.078
34,Twitter SEC filing moves Elon Musk deal forward as the Tesla CEO raises doubts,-0.34,0.0,0.833,0.167
35,"Musk’s Talks With Twitter All Started With Dorsey, Durban",0.968,0.07,0.898,0.032
36,"Tesla Is Up By 3%, Here Is Why",0.856,0.073,0.868,0.059
37,Twitter's stock falls toward longest losing streak in 7 months,-0.743,0.055,0.817,0.128
38,Dow Jones Futures Jump As Walmart Dives On Earnings Miss; Twitter Falls On Musk Tweet,-0.153,0.0,0.926,0.074
39,Nasdaq Sell-Off: 3 Growth Stocks You'll Regret Not Buying on the Dip,-0.103,0.094,0.793,0.114
40,Dow Jones Futures Jump As Stock Market Rally Attempt Continues; Musk-Twitter Deal Still Happening?,-0.296,0.0,0.901,0.099
41,Twitter 'committed to completing' Elon Musk transaction in proxy statement on $54.20-a-share deal,0.896,0.154,0.846,0.0
42,Elon Musk To Twitter: Prove Spam Account Data Or The $44 Billion Takeover Deal Is Off,-0.296,0.0,0.891,0.109
43,Tesla stock pops as Elon Musk hints he could scrap Twitter deal,0.043,0.064,0.877,0.059
