﻿,Titles,Polarity,Positive,Neutral,Negative
0,"MEMBERS Trust Co Buys JPMorgan Ultra-Short Income ETF, Apple Inc, General Electric Co, Sells ...",0.999,0.135,0.861,0.004
1,"Falcon Wealth Planning Buys ISHARES TRUST, Vanguard Total International Bond ETF, VANGUARD BD ...",0.999,0.136,0.86,0.004
2,Tesla Stock Can Survive a Stock Market Crash in 2022. Here’s Why.,0.963,0.074,0.886,0.04
3,Dow Jones Futures: Has The Stock Market Bottomed? Fed Meeting Up Next,-0.402,0.0,0.886,0.114
4,Billionaire Michael Platt’s Stunning Performance in 2021 and His Top 10 Stock Picks,1.0,0.135,0.857,0.009
5,Dow Jones Rallies As Troops Are Put On Ukraine Alert; Tesla Stock Fights; Kohl's Surges On This,-0.765,0.071,0.645,0.284
6,Dow Jones Rallies As U.S. Makes This Ukraine Move; Tesla Charges Back; Kohl's Stock Explodes,-0.765,0.071,0.645,0.284
7,Tesla and Apple Will Make or Break the Nasdaq This Week,0.0,0.0,1.0,0.0
8,"Tesla Stock Hits New Lows, Slashes Losses Ahead Of Earnings",0.0,0.0,1.0,0.0
9,7 Meme Coins That Could Make You a Millionaire in 2022,1.0,0.157,0.814,0.029
10,"Stocks pare losses but hold lower ahead of earnings, Fed meeting",0.34,0.094,0.906,0.0
11,Tech Investors Sell Into Panic as Stocks Hit the Wall of Worry,0.7,0.066,0.874,0.059
12,Tesla Crashes Amid Sell-Off in Electric Vehicle Stocks,0.318,0.086,0.851,0.063
13,"UPDATE 1-Tesla countersues JPMorgan, claims bank sought 'windfall' after Musk tweet",-0.787,0.074,0.825,0.101
14,Market check: Stocks bounce back slightly after Nasdaq drops 4%,0.0,0.0,1.0,0.0
15,"Tesla earnings: 'We're expecting another very strong quarter,' analyst explains",0.998,0.088,0.901,0.011
16,"DDD Partners, LLC Buys Intel Corp, Novo Nordisk A/S, Broadcom Inc, Sells Adaptive ...",0.991,0.051,0.942,0.007
17,"EFG Asset Management (Americas) Corp. Buys Tesla Inc, Microsoft Corp, Dick's Sporting Goods ...",0.998,0.098,0.898,0.004
18,3 Stocks to Buy Under Extreme Levels of Fear on Wall Street,0.998,0.137,0.771,0.092
19,"EV Batteries for Honda, GM: Join SES Holdings Founder &amp; CEO in Fireside Chat Jan 26 at 3:30pm ET",0.973,0.047,0.953,0.0
20,"Why Tesla, Rivian, and Nikola Stocks Crashed Today",0.052,0.07,0.863,0.067
21,Tesla Stock Is Getting Hammered. Here’s Where Shares Might Find Support.,-0.296,0.0,0.905,0.095
22,10 popular stocks that have been shredded during Nasdaq rout,-0.975,0.044,0.869,0.086
23,Tesla stock down 6% amid wider market rout,0.98,0.096,0.868,0.037
24,Tesla countersues JPMorgan over contract affected by Musk tweet,-0.964,0.058,0.817,0.124
25,"The Zacks Analyst Blog Highlights: Tesla Inc., Steel Dynamics Inc., United Rentals Inc., Freeport-McMoRan Inc. and Vertex Pharmaceuticals Inc.",1.0,0.155,0.833,0.012
26,Tesla countersues JPMorgan over contract affected by Musk tweet,-0.964,0.058,0.818,0.124
27,Is a Surprise Coming for Tesla (TSLA) This Earnings Season?,0.997,0.191,0.809,0.0
28,Downward Slide for Stocks Continues to Start the Week,0.459,0.13,0.87,0.0
29,Tesla Files Countersuit Against JPMorgan in Warrants Dispute,-0.952,0.064,0.833,0.102
30,How to Approach Fisker Stock As It Nears an Interim Bottom This Week,0.996,0.13,0.804,0.066
31,Could Industrial Autonomous Vehicles Outpace Autonomous Cars By 2025?,-0.202,0.018,0.957,0.025
32,EV Roundup: Futuristic e-RV Concepts by WGO &amp; THO Grab Eyeballs,0.999,0.129,0.866,0.005
33,Tesla Countersues JPMorgan in Fight Over Warrants,-0.542,0.0,0.78,0.22
34,"Wealth Advisors, Inc. Buys Costco Wholesale Corp, Bath &amp; Body Works Inc, Tesla Inc, Sells ...",0.999,0.143,0.852,0.005
35,"Segment Wealth Management, LLC Buys Chevron Corp, iShares Russell 1000 Growth ETF, Amazon. ...",0.999,0.114,0.881,0.005
36,Dow Jones Tumbles As Bitcoin Dives And Tesla Skids; IBM Set To Report,0.0,0.0,1.0,0.0
37,"After a Terrific 2021 Performance, Ford Is Set Up to Continue Supercharging Its Business",0.718,0.273,0.727,0.0
38,Dow Jones Futures Tumble As Bitcoin Dives And Tesla Skids; IBM Set To Report,-0.296,0.0,0.905,0.095
39,General Motors (GM) to Invest in Lockport Plant to Spur EV Game,0.992,0.083,0.913,0.004
40,Will Lower Aggregate Revenues Hurt Intel's (INTC) Q4 Earnings?,0.993,0.097,0.899,0.004
41,Silicon Motion (SIMO) to Report Q4 Earnings: What's in Store?,0.993,0.098,0.902,0.0
42,PTC Gearing Up for Q1 Earnings: What is in the Offing?,0.999,0.152,0.838,0.011
43,Elon Musk (And You) Lost $1.7 Trillion On 9 Imploding Giant Stocks,-0.634,0.056,0.735,0.209
44,Dow Jones Futures Fall As Market Correction Shows No Mercy; Fed Meeting Leads 5 Big Catalysts,-0.115,0.0,0.935,0.065
45,Lithium Hits ‘Ludicrous Mode’ as Battery Metal Extends 400% Gain,-0.93,0.057,0.854,0.089
46,"Apple, Microsoft, Tesla and McDonald's are part of Zacks Earnings Preview",0.998,0.121,0.848,0.031
47,Life Storage and Vera Bradley have been highlighted as Zacks Bull and Bear of the Day,1.0,0.122,0.829,0.049
48,Tesla (TSLA) Headlines Busiest Week of Earnings So Far,0.999,0.137,0.846,0.018
