﻿,Titles,Polarity,Positive,Neutral,Negative
0,"Dogecoin surges to record high, up almost 300% in a week",0.772,0.065,0.92,0.015
1,3 Stocks That Prove We’re in a Bubble,0.998,0.092,0.87,0.037
2,"Ferrari Eyes First Electric Supercar In 2025, Taking On Porsche, Tesla",0.586,0.16,0.84,0.0
3,ESG Investing: Ultimate Guide to ESG Stocks,1.0,0.145,0.814,0.041
4,"GM, LG Energy Invest $2.3B In Second US EV Battery Manufacturing Plant: Report",0.915,0.059,0.924,0.017
5,3 Most-Shorted Stocks for Buying,0.999,0.131,0.836,0.033
6,Mercedes Is Standing on Tesla's Doorstep,0.0,0.0,1.0,0.0
7,"Even After the Pullback, There Are Still Valuation Concerns About Chewy Stock",0.998,0.129,0.834,0.037
8,Bitcoin Is Falling. Blame Turkey.,-0.751,0.071,0.818,0.111
9,How to Catch Nio as its Stock Falls Into Proven Support Levels,0.961,0.114,0.79,0.096
10,Zoom Stock Is Vulnerable Through This Earnings Event,0.992,0.122,0.796,0.083
11,"Ferrari Eyes First Electric Supercar In 2025, Taking On Porsche, Tesla",0.586,0.16,0.84,0.0
12,3 Top Stocks for The Next Decade,0.307,0.113,0.803,0.083
13,Turkey Bans Cryptocurrency Payments. Bitcoin Is Falling.,-0.751,0.071,0.818,0.111
14,4 Cathie Wood Stocks That Could Deliver Bigger Gains Than Tesla,0.599,0.153,0.797,0.05
15,Bitcoin falls as Turkey bans cryptocurrency payments,-0.557,0.0,0.841,0.159
16,"Tesla, ex-engineer settle lawsuit over Autopilot source code",0.785,0.044,0.936,0.021
17,Mercedes kick-starts Tesla offensive with luxury electric car,0.494,0.034,0.966,0.0
18,‘No cop on the beat’: Greenlight’s Einhorn blasts weak regulators,-0.915,0.024,0.801,0.176
