﻿,Titles,Polarity,Positive,Neutral,Negative
0,"Glancy Prongay &amp; Murray LLP, a Leading Securities Fraud Law Firm, Announces Investigation of Tesla, Inc. (TSLA) on Behalf of Investors",0.976,0.102,0.849,0.049
1,"The Law Offices of Frank R. Cruz Announces Investigation of Tesla, Inc. (TSLA) on Behalf of Investors",0.922,0.115,0.837,0.048
2,"SHAREHOLDER ALERT: Pomerantz Law Firm Investigates Claims On Behalf of Investors of Tesla, Inc. - TSLA",0.258,0.082,0.846,0.072
3,"Dow Jones Futures: Market Rally Retreats, Except Here; Tesla, Home Depot, CrowdStrike Hit; Target Earnings On Tap",-0.807,0.0,0.658,0.342
4,Cathie Wood Fires Back At Michael Burry After He Reveals Bet Against ARK Fund,0.988,0.134,0.841,0.025
5,"INVESTOR ALERT: Law Offices of Howard G. Smith Announces Investigation of Tesla, Inc. (TSLA) on Behalf of Investors",0.927,0.105,0.862,0.033
6,"Tesla, Inc. (NASDQ:TSLA) Investor Alert: Bronstein, Gewirtz &amp; Grossman, LLC Reminds Shareholders of Investigation",0.18,0.063,0.873,0.064
7,"Tesla, Inc. (TSLA) Investor Alert: Bronstein, Gewirtz &amp; Grossman, LLC Notifies Investors of Investigation",0.46,0.069,0.87,0.062
8,"MP Materials: Rare Earth Mining Company Is The Thing Behind The Thing For EVs, Other Sectors",0.998,0.128,0.851,0.02
9,2 Reasons to Buy EV ETFs Now,0.998,0.134,0.852,0.014
10,Cathie Wood Says Michael Burry Doesn’t Understand the Innovation Space,0.382,0.085,0.915,0.0
11,Former Ford CEO Weighs In On What's At Stake For Tesla As Autopilot System Investigations Unfold,-0.527,0.027,0.935,0.038
12,Why Tesla Stock Fell Sharply on Tuesday,0.477,0.186,0.814,0.0
13,Join Bird &amp; Switchback II CEOs in Fireside Chat on August 26 at 3PM EDT,0.989,0.077,0.906,0.017
14,Tesla (TSLA) Stock Falls on NHTSA Autopilot Investigation,0.0,0.0,1.0,0.0
15,"Spirit Airlines revenue loss, BHP’s $5.7 billion Potash project, Bezos sues U.S. government",-0.844,0.026,0.794,0.18
16,"Tesla's 'future holy grail' hits snag with autopilot probe, Wedbush’s Dan Ives explains",0.599,0.053,0.907,0.04
17,15 Best Momentum Stocks To Invest In,1.0,0.119,0.86,0.021
18,25 Coldest Countries in the World,0.994,0.074,0.875,0.051
19,"Alibaba Is Falling, Tesla Is Dropping — and What Else Is Happening in the Stock Market Monday",-0.511,0.02,0.901,0.079
20,"If You Had $5,000 Right Now, Would You Put It On Tesla, Nio, Workhorse, Plug Power Or FuelCell?",0.989,0.112,0.846,0.041
21,Tesla: Key Berlin Manufacturing Hub Will Address Capacity Issues,0.982,0.07,0.927,0.003
22,Li Auto Reminds Drivers Autopilot Doesn’t Mean What They Think It Does. Here’s Looking at You Tesla.,0.0,0.0,1.0,0.0
23,"Company News for Aug 17, 2021",0.987,0.214,0.74,0.046
24,"Tesla, Inc. (TSLA) Investor Alert: Bronstein, Gewirtz &amp; Grossman, LLC Notifies Investors of Investigation",0.18,0.064,0.87,0.065
25,EV Stocks Close in the Red: What is to be Blamed?,0.944,0.096,0.828,0.076
26,"Dow Jones Futures Slide 200 Points As Home Depot, Walmart Earnings Beat",-0.318,0.0,0.905,0.095
27,"UPDATE 1-Tesla expands legal, external relations workforce in China",0.392,0.053,0.909,0.038
28,"Clover Health, Wish, AMC, Tesla, Apple And More — What WallStreetBets Is Talking About Today",0.961,0.082,0.902,0.017
29,"Premarket Movers Tuesday - Walmart, Home Depot, Roblox, Tesla",0.178,0.108,0.892,0.0
30,Glencore Acquires Stake in U.K. Battery Maker Britishvolt,0.903,0.067,0.912,0.02
31,EV startups hunt for low-cost roads to mass production,0.98,0.06,0.913,0.027
32,"Tesla expands legal, external relations workforce in China",0.392,0.073,0.876,0.052
33,INSIGHT-EV startups hunt for low-cost roads to mass production,0.98,0.06,0.913,0.027
34,"Tesla Supplier LG Strikes 6-Year Deal With Australian Mining Company For Cobalt, Nickel",0.931,0.077,0.899,0.024
35,"SHAREHOLDER ALERT: Pomerantz Law Firm Investigates Claims On Behalf of Investors of Tesla, Inc. - TSLA",-0.656,0.084,0.821,0.095
36,NHTSA Opens Probe Into Tesla's Autopilot Technology After Series Of Crashes,0.557,0.141,0.859,0.0
