﻿,Titles,Polarity,Positive,Neutral,Negative
0,"Stock Market Falls Into Correction As Treasury Yields Jump On Fed Chief Powell; Oil Soars, Target, Tesla, Zoom Tumble",0.178,0.149,0.759,0.092
1,"Volkswagen Accelerates EV Production Plans As Tesla, Nio Continue To Crash",0.0,0.0,1.0,0.0
2,Fear Not Buying These 3 Oversold Stocks Today,0.989,0.107,0.842,0.051
3,7 Growth Stocks Undaunted By All-Time Highs,1.0,0.166,0.823,0.011
4,"Dow Jones Surges 500 Points, Nasdaq Up As Stock Market Rallies After Early Sell-Off",0.422,0.142,0.792,0.067
5,Hyliion Stock Will Likely Reward Patient Investors,0.996,0.094,0.892,0.015
6,Churchill Capital IV Will Likely Create Shareholder Value,0.998,0.128,0.862,0.01
7,Chinese Metal Giant Is Upending the Nickel Market All Over Again,0.776,0.045,0.92,0.034
8,"Dow Dips, Nasdaq Dives After This Yield Hits 2021 High; Tesla Meltdown Continues",0.202,0.07,0.93,0.0
9,5 Stocks You Need to Avoid for the Foreseeable Future,0.985,0.09,0.84,0.069
10,A Look Into the Bizarre Backstory of Pershing Square Tontine Holdings,0.991,0.106,0.819,0.075
11,Why Pershing Square Tontine Holdings May Finally Be Worth Buying,0.999,0.144,0.828,0.028
12,"Dow Slashes Gains, Tech Stocks Slide As Yields Jump After Strong Jobs Report; Tesla Dives Again",0.153,0.118,0.786,0.096
13,"For ChargePoint Stock, Earnings Suddenly Are Crucial",0.987,0.103,0.831,0.065
14,Suze Orman: 'I love bitcoin',0.979,0.101,0.833,0.066
15,Dow Jones Futures Rise After Fed Chief Powell Triggers Clear Market Break; What You Should Do Now,0.128,0.136,0.742,0.122
16,These Companies Have Collectively Bought $3.9 Billion Worth of Bitcoin,0.727,0.135,0.835,0.031
17,Wall Street Opens as Recovery Hopes Trump Bond Fears; Dow up 220 Pts,0.989,0.102,0.87,0.028
18,"Premarket Movers Friday - Broadcom, Marathon Oil, Tesla, Vroom",0.34,0.099,0.842,0.059
19,U.S. Futures Mixed; Treasury Yields and Payrolls in Focus,-0.445,0.068,0.855,0.078
20,Top 10 S&amp;P 500 Stocks by Index Weight,0.382,0.135,0.865,0.0
