﻿,Titles,Polarity,Positive,Neutral,Negative
0,UAW Chief Says He Hasn’t Had Talks With Tesla or Elon Musk,0.202,0.067,0.933,0.0
1,Elon Musk's Tesla Loses Prestigious Crown to Lucid,0.511,0.051,0.949,0.0
2,4 Reasons Why NIO Is Worth Buying and Holding,0.983,0.069,0.903,0.028
3,Nio Stock Gets a Boost From ET7 Deliveries,0.992,0.072,0.893,0.036
4,Tesla (TSLA) Gains But Lags Market: What You Should Know,0.991,0.093,0.904,0.003
5,"Tesla Is Years Ahead of Rivals on Key Supply Issues, Morgan Stanley Says",0.052,0.105,0.797,0.098
6,Tesla Bull Unfazed by Latest Factory Shutdown in Shanghai,0.978,0.072,0.904,0.024
7,"Dow Jones Futures: Stocks Jump On Russia-Ukraine Talks; Apple, Dutch Bros Break Out",-0.363,0.071,0.774,0.155
8,UPDATE 1-No current talks with Tesla about potential union vote -UAW president,-0.37,0.073,0.849,0.078
9,Tesla Move Shows Stock Splits Are Back,0.178,0.066,0.934,0.0
10,Stocks end the day in the green as investors eye Russia-Ukraine negotiations,0.542,0.099,0.901,0.0
11,🔋 This ‘Forever Battery’ Stock’s Potentially Huge Deal With Porsche Could Make You a Millionaire,0.996,0.084,0.887,0.028
12,"UPDATE 1-Vietnam's VinFast sets up U.S. manufacturing plant, eyes investment of at least $2 bln",0.956,0.058,0.942,0.0
13,Tesla Stock Jumped. The EV Maker Is Planning Another Split.,0.649,0.218,0.782,0.0
14,This Tesla-General Motors JV Supplier Abruptly Sends Home Workers From Shanghai Facility Citing COVID Issues,0.947,0.096,0.895,0.01
15,Volkswagen's (VWAGY) Porsche Joins QuantumScape for Electric 911,0.993,0.094,0.898,0.008
16,Elizabeth Warren Enjoys Being Elon Musk's Arch Nemesis,-0.296,0.0,0.913,0.087
17,Bitcoin’s Climate Impact Is Under New Scrutiny. Here’s What to Know.,0.226,0.131,0.795,0.073
18,Will a billionaire's tax happen?,0.991,0.108,0.892,0.0
19,Musk Has a New Line of Attack Against Archrival Bezos (With a Z),0.178,0.137,0.717,0.147
20,"Tesla stock split indicates 'a massive position of strength,' Dan Ives says",0.994,0.112,0.869,0.019
21,3 Top Electric Vehicle Stocks to Buy for the Long Haul,0.447,0.129,0.813,0.058
22,General Motors (GM) Works on Organization &amp; Leadership Change,0.993,0.094,0.889,0.017
23,Market check: Stocks charge higher at open,0.991,0.101,0.854,0.045
24,Tesla Deliveries Are Coming. Here’s What to Expect.,0.0,0.0,1.0,0.0
25,"Dow Jones Opens Higher As Russia, Ukraine Hold Cease-Fire Talks; Apple, Tesla Gain",-0.326,0.055,0.82,0.126
26,Elon Musk Claims SEC ‘Misconduct’ as Tesla CEO Seeks End to Limits on Tweets,-0.784,0.078,0.835,0.088
27,"Company News for Mar 29, 2022",0.987,0.202,0.783,0.015
28,Should You Buy Tesla (TSLA) Ahead of Its Stock Split?,1.0,0.147,0.836,0.017
29,Tesla Gets a Big Win That May Cost Legacy Carmakers Millions,0.599,0.189,0.811,0.0
30,UPDATE 2-Auto manufacturers scramble as Shanghai locks down,-0.946,0.026,0.924,0.049
31,"US STOCKS-Futures rise as Russia, Ukraine hold peace talks",0.904,0.101,0.837,0.062
32,Tesla stock surges after plans to enable stock split were disclosed,0.296,0.084,0.916,0.0
33,7 Things Every Nio Investor Must Know,0.0,0.0,1.0,0.0
34,"Dow Jones Futures Rally As Russia, Ukraine Hold Cease-Fire Talks; Apple, Tesla Eye Buy Points",0.0,0.0,1.0,0.0
35,Elon Musk Changes the Narrative to Tesla’s Advantage Yet Again,0.963,0.108,0.81,0.082
36,Meme Stocks Are Back. Is It the Last Dance?,0.296,0.071,0.929,0.0
37,"Tesla, Amazon Stock Splits Trigger Retail Stampede",0.993,0.107,0.846,0.047
38,"FedEx, Tesla and Nielsen Rise Premarket; Pinterest Falls",0.979,0.116,0.858,0.025
39,"U.S. Futures Edge Higher; Ukraine Peace Talks, JOLTs Data in Focus",0.866,0.082,0.856,0.062
40,RPT-GRAPHIC-Tesla adds to wave of megacap stock splits,0.991,0.129,0.857,0.014
41,"Greenpeace, Crypto Billionaire Lobby to Change Bitcoin’s Code",0.996,0.111,0.837,0.051
