﻿,Titles,Polarity,Positive,Neutral,Negative
0,Tesla Stock Barely Budged Tuesday. Here’s What History Says Happens Next.,0.527,0.145,0.855,0.0
1,10 Best Penny Stocks Popular on Reddit,1.0,0.157,0.824,0.019
2,There’s A New Battery King And It’s Minting Billionaires Faster Than Google,0.997,0.116,0.851,0.033
3,Crypto to see long-term benefits from new infrastructure bill regulations: analyst,0.988,0.084,0.909,0.007
4,General Motors Stock Is Rallying Into Earnings. They Better Be Good.,-0.273,0.0,0.89,0.11
5,"Why Former NYSE Trader David Green Bought NVIDIA, Tesla, and Cassava Sciences On Tuesday",0.966,0.057,0.93,0.013
6,General Motors Reports Earnings Wednesday. They Better Be Good.,-0.273,0.0,0.89,0.11
7,Indian auto part makers want Tesla's entry to benefit local companies,0.973,0.098,0.865,0.037
8,"Dow Jones Futures Signal Stock Market Rally, SolarEdge Shines; Tesla, Square Lead New Buys",-0.128,0.055,0.87,0.075
9,Democrats aim to boost solar roof tiles in U.S. budget bill,0.983,0.117,0.873,0.009
10,Tesla rival Li Auto targets US$1.9 billion in Hong Kong IPO as Chinese electric car sales soar,0.984,0.073,0.902,0.025
11,"Yes, you can still get electric vehicle tax credits — here’s a guide",-0.135,0.062,0.856,0.082
12,WRAPUP 1-When the chips are down: global shortage to keep crimping carmakers,-0.984,0.05,0.828,0.122
13,Why Our Interns Are Watching Tesla and Bumble,0.0,0.0,1.0,0.0
