﻿,Titles,Polarity,Positive,Neutral,Negative
0,"Dow Jones Futures: Amazon, Pinterest, Skyworks Tumble Late After S&amp;P 500 Hits Highs, Tesla Flashes Buy Signal",-0.66,0.057,0.738,0.205
1,The Infrastructure Bill Moves Forward. Why It Doesn’t Really Help Tesla Stock.,0.0,0.0,1.0,0.0
2,Ford Is Spring-Loaded For The EV Era,0.978,0.072,0.897,0.032
3,Tesla Stock Soars. Here Are Four Reasons Why.,0.516,0.114,0.823,0.062
4,"Dow Jones Gains As GDP Data Misses; Robinhood Stock Dives On Debut; Tesla Stock, Ford Surges",0.318,0.099,0.901,0.0
5,"Dow Jones Hits Record, Nasdaq Gains; Tesla Rebounds As Ford Surges; Robinhood Slumps On Debut",0.0,0.0,1.0,0.0
6,"Ford Backs Off Buy Signal After Surprise Profit, Outlook Hike; Electric Truck Orders Jump",0.612,0.227,0.773,0.0
7,August 2 at 4PM ET: Join Li-Cycle Chairman and CEO in Fireside Chat,0.994,0.088,0.912,0.0
8,"US STOCKS-S&amp;P 500, Dow reach records as earnings lift outlook",0.993,0.118,0.854,0.028
9,Wall Street Loves These 2 Nasdaq Stock Giants,0.296,0.196,0.804,0.0
10,"US STOCKS-S&amp;P 500, Dow scale all-time highs as economy picks up pace",0.989,0.112,0.84,0.048
11,Why Tesla Stock Jumped 5% Today,0.821,0.112,0.888,0.0
12,2 Bargain Stocks You Can Buy Today,0.7,0.209,0.791,0.0
13,"Andreessen-Backed Startup to Sell $300,000 Electric Boats",0.995,0.121,0.851,0.027
14,Tesla To Hold AI Day As Rivals Ramp Up Self-Driving Efforts,0.0,0.0,1.0,0.0
15,"Dow Jones Rallies As U.S. GDP Disappoints; Tesla Races Higher, Robinhood IPO Set To Jump In Debut",-0.296,0.0,0.905,0.095
16,"Ford Flashes Buy Signal After Surprise Profit, Outlook Hike; Electric Truck Orders Jump",0.612,0.227,0.773,0.0
17,AMD CEO on chip shortage: things will improve,-0.361,0.0,0.868,0.132
18,"Ford Rallies On Surprise Profit, Outlook Hike; Electric Truck Orders Jump",0.612,0.227,0.773,0.0
19,Join Blackstone and CBRE in the “Roof to Socket” Revolution with Altus Power,1.0,0.18,0.803,0.017
20,Are SafeMoon and Dogecoin Safe Investments?,0.47,0.191,0.809,0.0
21,"Ford quickly reaches 120,000 orders for its Tesla Cybertruck rival",0.981,0.071,0.915,0.013
22,Influencers with Andy Serwer: Pavan Sukhdev,0.0,0.0,1.0,0.0
23,Proposed carbon tariffs ‘not a bad thing’: WWF International President,0.0,0.0,1.0,0.0
24,"Join Spire Global CEO in Fireside Chat at 1pm ET on Wednesday, August 4",0.998,0.095,0.875,0.03
