﻿,Titles,Polarity,Positive,Neutral,Negative
0,Stocks Slide Following Jobs and Inflation Data,0.0,0.0,1.0,0.0
1,Morgan Stanley Pounds the Table on Tesla Stock,0.971,0.079,0.896,0.025
2,Jobless Claims Jump More than Expected; Stocks Advance,0.34,0.124,0.876,0.0
3,Ford Hit a $100 Billion Market Capitalization. The Question Is Why.,0.768,0.241,0.759,0.0
4,"Elon Musk, Hollywood Actors Criticize California’s Plan to Cut Solar Subsidies",0.153,0.112,0.8,0.088
5,"Dear NKLA Stock Fans, Here’s the Latest Catalyst You Should Be Watching",0.994,0.14,0.823,0.038
6,"Dow Jones Futures: Tesla, Roblox, Growth Stocks Lead Market Sell-Off; JPMorgan Headlines Bank Earnings",0.382,0.133,0.867,0.0
7,"Dow Jones Falls; Ford Stock Passes Milestone, Tesla Gets Hammered; Nvidia Dives Despite This",-0.296,0.0,0.879,0.121
8,Bill banning stock trading by lawmakers is 'fair for everyday people': Retail trader,0.898,0.058,0.901,0.041
9,"Dow Jones Pressured; Ford Stock Passes Milestone, Tesla Stock Dips; Nvidia Dives Despite This",-0.296,0.0,0.885,0.115
10,"Market check: Nasdaq poised to end three-day streak, tech and health care lag",-0.12,0.037,0.93,0.033
11,Ford crosses $100 billion in market value for the first time,0.959,0.081,0.902,0.016
12,Polestar Looks Like the Right EV Stock At the Wrong Time,0.999,0.09,0.895,0.015
13,7 Best Cheap Stocks if You Want to Spruce up Your Portfolio,1.0,0.157,0.818,0.025
14,"Market check: Tech stocks lead Nasdaq, S&amp;P 500 lower",0.296,0.104,0.896,0.0
15,"Moody National Bank Trust Division Buys iShares Core S&amp;P 500 ETF, General Electric Co, ...",0.998,0.105,0.848,0.047
16,2 Reasons Why Tesla Stock Is Toast Today,-0.705,0.025,0.847,0.128
17,Teen Cyber Prodigy Stumbled Onto Flaw Letting Him Hijack Teslas,-0.909,0.065,0.854,0.081
18,Tesla Stock Is Down. Don’t Blame Cybertruck.,0.0,0.0,1.0,0.0
19,QuantumScape Is Expanding Beyond Electric Vehicles. It’s a Huge Move.,0.0,0.0,1.0,0.0
20,Workers ‘should be able to organize without any interference’: U.S. Labor Secretary,0.997,0.162,0.813,0.025
21,Dow Jones Rallies On Inflation Data; Apple Chipmaker Breaks Out On Earnings,0.0,0.0,1.0,0.0
22,"Better Buy: Tesla or Equal Parts of Lucid, Rivian, Nio, and Ford?",0.71,0.119,0.84,0.041
23,Is XPeng Stock a Buy?,0.511,0.055,0.945,0.0
24,Top Cryptocurrency Stocks for 2022,0.998,0.149,0.815,0.036
25,Top 10 Tech and Automation Stocks in Cathie Wood’s Portfolio,0.997,0.085,0.888,0.027
26,10 Stocks Under $25 to Buy According to Billionaire Philippe Laffont,0.996,0.072,0.913,0.016
27,Dow Jones Futures Rise; Apple Chipmaker Set To Break Out On Earnings,0.649,0.209,0.791,0.0
28,1 Key Ratio All Investors Should Be Looking at When Buying Growth Stocks in 2022,0.974,0.292,0.626,0.082
29,5 S&amp;P 500 Stocks Set to Report Triple-Digits Earnings Growth,0.999,0.151,0.835,0.014
30,Tesla Conquered the U.S. and China. Why India Could Be a Problem.,-0.402,0.0,0.863,0.137
31,Dow Jones Futures Rise After Market Rally Pause; Tech Bellwether Signals Earnings Breakout,-0.103,0.0,0.928,0.072
32,These Automakers Are Tesla's Biggest Threats,-0.44,0.0,0.957,0.043
33,These Are 5 of the Fastest-Growing Large-Cap Stocks on the Planet,0.796,0.131,0.869,0.0
34,3 Battery Stocks to Buy and Hold for Gangbuster Returns,0.998,0.106,0.878,0.016
35,Buy Into the Transformation of Ford as an EV Maker,0.997,0.108,0.87,0.022
36,"Ford Stock Leaps On Tesla Cybertruck Delay Report, Deutsche Bank Price Target Boost",0.241,0.093,0.851,0.056
37,Electric Vehicle Checkpoint: Tesla Will Raise Price of Self-Driving Feature,0.202,0.087,0.913,0.0
38,Tesla's Musk says 'working through challenges' with India government,-0.392,0.019,0.954,0.028
39,Elon Musk Says Tesla Isn’t in India Yet Due to ‘Challenges With the Government’,-0.875,0.043,0.892,0.065
40,"Tesla Stock Is Back Above $1,100. Is the EV Leader a Buy?",0.105,0.115,0.807,0.078
