﻿,Titles,Polarity,Positive,Neutral,Negative
0,Top 10 Stocks Billionaire David Einhorn Just Added to His Portfolio,0.998,0.101,0.868,0.031
1,"Dow Jones Futures: Federal Reserve Fears Continue To Strain Market Rally; Tesla, Nvidia, Apple In Focus",-0.422,0.0,0.865,0.135
2,Why Tesla Shares Rose 24% Last Month,0.145,0.105,0.841,0.054
3,Tesla Fires on All Cylinders; Deutsche Bank Says ‘Buy’,0.975,0.104,0.853,0.043
4,Citi Just Cut Its Alibaba Stock Price Prediction. Here’s Why That’s a Mistake.,0.39,0.049,0.902,0.048
5,Tesla Stock Fell Today -- Is the Market Overreacting?,-0.186,0.019,0.943,0.039
6,3 Electric Vehicle Stocks Making Bullish (and Sustainable) Moves,0.984,0.081,0.877,0.042
7,"Dow Jones Falls 300 Points After Fed Minutes; Nasdaq Sell-Off Hits Nvidia, Tesla Hard",-0.202,0.0,0.921,0.079
8,Elon Musk and Tesla Impose a Curious Rule to Live in Their World,0.0,0.0,1.0,0.0
9,"Dow Jones Holds Up Amid Health Care Strength; Nasdaq Sell-Off Hits Nvidia, Tesla Hard",-0.013,0.067,0.864,0.069
10,Elon Musk Risks New SEC Fight on Disclosure After Speedy Twitter Rise,-0.92,0.057,0.868,0.075
11,Does Nio Stock Have 45% Upside From Current Levels?,0.993,0.099,0.882,0.019
12,Stock Market Today: Dow Falls as Hawkish Fed Minutes Keep Tech Sidelined,0.727,0.065,0.885,0.05
13,The “Most Influential Person” in the Financial Markets Has Spoken,0.999,0.126,0.827,0.047
14,Why Nio Stock Is Tumbling Again Today,0.296,0.108,0.833,0.058
15,Electric Vehicle Checkpoint: DeLorean Releases Sneak Peek of Its EV,0.202,0.083,0.917,0.0
16,Why Tesla Stock Is Falling Today,0.637,0.049,0.951,0.0
17,Toyota joins Tesla in developing self-driving tech with low-cost cameras,0.983,0.095,0.884,0.021
18,S&amp;P 500 Slips as Tech Stumbles as Fed Minutes Hint at Step Up in Tightening,0.137,0.062,0.876,0.061
19,Toyota joins Tesla in developing self-driving tech with low-cost cameras,0.983,0.095,0.885,0.021
20,"Tesla Is Down By 5%, Here Is Why",0.901,0.082,0.872,0.046
21,General Motors (GM) &amp; Honda (HMC) to Tie Up for EV Development,0.99,0.083,0.909,0.008
22,Ford's (F) Q1 U.S. Vehicle Sales Decline Y/Y on Chip Crisis,0.992,0.097,0.888,0.015
23,Vinco Ventures Stock May Still Be a $4.50 Meme Stock,0.995,0.136,0.787,0.077
24,Dow Jones Slides After Stock Market Sell-Off As 10-Year Treasury Yield Surges,-0.226,0.08,0.8,0.12
25,"Elon Musk U-Turns on Twitter, Concedes 'Active' $3.7 Billion Stake",0.785,0.264,0.736,0.0
26,6 Stocks That Moved the Market in March,0.0,0.069,0.876,0.055
27,Tesla stock under pressure after Elon Musk becomes Twitter activist investor,0.402,0.101,0.899,0.0
28,Tesla’s ‘Cyber Rodeo’ and SpaceX’s Launch Up Next in Elon Musk’s Wild Week,0.958,0.074,0.885,0.041
29,Dow Jones Futures Slide After Stock Market Sell-Off As 10-Year Treasury Yield Surges,-0.226,0.088,0.78,0.132
30,2 Undervalued EV Stocks You Can Buy and Hold for the Next Decade,-0.422,0.09,0.775,0.135
31,Twitter Stock Had Its Run-up. That Doesn’t Mean Elon Musk Won’t Send It Full Meme.,0.572,0.207,0.793,0.0
32,How Tesla CEO Elon Musk's Twitter stake could affect his legal battles with SEC,0.982,0.106,0.849,0.045
33,Biden’s Fuel Rules Leave Space for Gas Guzzlers in EV Push,0.998,0.137,0.822,0.041
34,GM and Honda Want to Sell Low-Cost Electric Cars,0.0,0.0,1.0,0.0
35,Should You Invest in Tesla Right Now?,0.697,0.141,0.779,0.08
36,Analysis-Musk's Twitter bet gins up meme stock hype,0.996,0.121,0.855,0.024
37,Which Stocks Will Split in 2022? 3 Possibilities to Watch,0.998,0.11,0.875,0.015
38,Elon Musk Confirms Active Interest From $3.7 Billion Twitter Stake With New SEC Filing,0.785,0.264,0.736,0.0
39,"Tesla Halted, Chips Pile Up as Shanghai Lockdown Upends Business",-0.987,0.039,0.875,0.087
40,Dow Jones Futures Fall As 'Rapid' Fed Shift Hits Market Rally; Elon Musk Steals Trump's Thunder,0.226,0.156,0.76,0.084
41,The No. 1 Reason I'm Buying More of These 2 Stock-Split Stocks,0.44,0.091,0.909,0.0
42,"Wall Street Opens Lower, Hurt by Rising Bond Yields; Dow Down 280 Pts",-0.854,0.043,0.892,0.065
43,Should You Invest in Tesla Before the Stock Split?,0.751,0.091,0.909,0.0
44,"JetBlue, Twitter, Tesla Fall Premarket; Tilray, Rivian Rise",0.922,0.068,0.922,0.01
45,Twitter Is Developing an ‘Edit’ Feature. The Work Began Before Elon Musk’s Poll.,0.0,0.0,1.0,0.0
46,Why Elon Musk’s Twitter Move Isn’t a Sure Winner,-0.55,0.0,0.861,0.139
47,Rivian Says Q1 Production Puts It On Track To Meet 2022 Target; Is Rivian Stock A Buy Now?,-0.402,0.074,0.736,0.19
