﻿,Titles,Polarity,Positive,Neutral,Negative
0,10 Stocks Making Headlines on Monday,0.993,0.074,0.908,0.018
1,Dow Jones Falls As Tech Stumbles; Twitter Rallies As Elon Musk Does This; Apple Stock Slides,-0.412,0.0,0.854,0.146
2,"EV industry: Tesla, Nio see production slump amid China lockdowns",0.939,0.058,0.909,0.033
3,Nio Stock Falls As Worsening Covid-19 Woes Threaten April EV Sales,0.0,0.0,1.0,0.0
4,"Markets: Google, Tesla, Microsoft among biggest laggards of the day",0.557,0.161,0.839,0.0
5,US STOCKS-Wall Street stumbles as surging Treasury yields slam growth stocks,-0.15,0.065,0.873,0.061
6,Social media stocks mixed following news that Elon Musk won’t join Twitter’s board,0.998,0.113,0.84,0.046
7,"Stocks under pressure as traders await inflation, earnings data",-0.382,0.068,0.812,0.12
8,Ignore Today’s Nio News; There’s a Reason Analysts Love NIO Stock,0.995,0.127,0.839,0.034
9,Tesla's Cybertruck Has Pleasant and Curious Surprises,0.0,0.0,1.0,0.0
10,Why Rivian Stock Jumped Today,0.637,0.087,0.913,0.0
11,"US STOCKS-S&amp;P, Nasdaq slide 1% as surging yields hammer growth stocks",0.962,0.088,0.865,0.048
12,"Tesla Motors plans dealership, regional repair facility in St. Petersburg",0.459,0.032,0.968,0.0
13,Stock Market Today: Dow Wobbles on Tech Tantrum After U.S. Bond Yields Climb,-0.494,0.068,0.857,0.076
14,"The Zacks Analyst Blog Highlights Tesla, While Blue Bird, Harley Davidson, and Nikola",0.999,0.125,0.855,0.02
15,"Tesla, NIO hit by COVID restrictions in China",-0.002,0.047,0.903,0.049
16,Why Tesla Stock Keeps Falling,-0.785,0.0,0.899,0.101
17,3 things that Elon Musk may do to Twitter,0.967,0.086,0.878,0.036
18,Is Tesla Stock a Buy Right Now?,0.0,0.0,1.0,0.0
19,US STOCKS-Nasdaq slides 1% as surging yields hit growth stocks,0.914,0.086,0.855,0.059
20,Elon Musk Will Not Join Twitter's Board,0.296,0.104,0.896,0.0
21,Musk Opens Door to Pressing Twitter for Deal as He Avoids Board,0.916,0.083,0.858,0.06
22,"Market check: Tech, energy sectors lead stocks lower, oil slides",0.0,0.0,1.0,0.0
23,GameStop Stock Is Still a Worthy Play on Stock-Split Mania,0.99,0.105,0.88,0.015
24,"Twitter stock falls after Elon Musk won't join board, Tesla considers expanding into lithium mining",0.261,0.104,0.815,0.08
25,Here's How This Key Nio Supplier Looks To Tide Through China's Covid Crisis,0.909,0.112,0.836,0.052
26,Tesla Stock Slides As Industry Car Sales In China Slump Amid Covid Clampdown,-0.422,0.0,0.906,0.094
27,Dow Jones Falls; Twitter Drops As Elon Musk Reverses Decision To Join Board; Nvidia Slides On Downgrade,0.296,0.095,0.905,0.0
28,Tesla CEO Elon Musk will not be joining Twitter’s board,-0.296,0.0,0.896,0.104
29,US STOCKS-Wall St set to open lower as surging yields hit growth stocks,0.87,0.089,0.846,0.065
30,Dow Jones Futures Fall; Twitter Drops As Elon Musk Reverses Decision To Join Board; Nvidia Slides On Downgrade,0.296,0.099,0.901,0.0
31,10 Growth ETFs to Buy Now,1.0,0.153,0.824,0.023
32,Nio's warning of delivery delays send China-based EV maker's and Tesla's stocks diving,0.226,0.077,0.868,0.055
33,"Dow Jones Futures Fall On China, Yields; Tesla Falls, Elon Musk Won't Join Twitter Board",-0.09,0.0,0.947,0.053
34,"Shopify Joins Tesla, Amazon, and Alphabet in Proposing a Stock Split",0.758,0.12,0.88,0.0
35,My Best Semiconductor Growth Stock to Buy Now and Hold,0.0,0.0,1.0,0.0
36,Elon Musk is not joining Twitter's board — now this can happen,0.982,0.103,0.847,0.05
37,Best Stocks for 2022: Sonic Automotive Is a Cynical Bet on Hard Times,0.923,0.069,0.875,0.057
38,"U.S. Stocks Open Lower as Treasury Yields Rise, Pressuring Tech",0.715,0.077,0.88,0.043
39,Suddenly everyone is obsessed about a recession: Morning Brief,0.968,0.093,0.825,0.082
40,Twitter Shares Fall After Musk Ditches Potential Board Role,0.958,0.104,0.836,0.06
41,Shopify Gains in Premarket as Insiders Look to Cede Majority Control,0.983,0.11,0.862,0.028
42,Asian-listed lithium plays slump as Musk threatens to enter lithium business,0.077,0.075,0.855,0.07
43,Musk turns down a seat on Twitter’s board leaving the door open for him to pursue a hostile takeover,0.833,0.065,0.884,0.051
44,Twitter Says Elon Musk Turned Down Offer to Join Its Board,0.969,0.081,0.866,0.053
45,Dow Jones Futures Fall In Ailing Market Rally; Tesla CEO Elon Musk Won't Join Twitter's Board,-0.09,0.0,0.947,0.053
46,"UPDATE 2-China's COVID curbs hit EV output, including Tesla's, data shows",-0.789,0.025,0.929,0.046
