﻿,Titles,Polarity,Positive,Neutral,Negative
0,7 Hot Growth Stocks to Buy in September,1.0,0.148,0.823,0.029
1,"In Twitter Fight, Musk’s Whistleblower Arguments Might Not Be a ‘Total Loser’",0.128,0.129,0.766,0.105
2,"Tesla workers have the right to wear union logos at work, the federal labor board ruled",-0.318,0.0,0.901,0.099
3,Dow Jones Futures: Market Rally Breaks Lower As Jobs Report Intensifies Fed Rate Hike Fears,-0.153,0.135,0.7,0.165
4,7 Battery Stocks to Buy and Hold for Big-Time Gains,1.0,0.153,0.827,0.021
5,3 Hot EV Stocks to Buy in September,0.999,0.139,0.843,0.018
6,"Tesla, Nvidia in the red as stocks extend losses",-0.865,0.041,0.905,0.054
7,Driverless Cars (not Teslas) Begin Picking up Passengers,0.318,0.141,0.859,0.0
8,Tesla lawsuit challenges Louisiana ban on selling cars directly to consumers,0.987,0.115,0.841,0.044
9,"Tech stocks: MATANA is the new FAANG, analyst says",0.999,0.105,0.866,0.029
10,Elon Musk letter cites additional reasons to break Twitter deal,0.985,0.101,0.855,0.044
11,12 Best ARK Stocks To Buy Now,1.0,0.136,0.84,0.024
12,Tesla Isn’t Allowed to Sell Cars Directly to People. Now It’s Suing to Change That.,-0.052,0.09,0.81,0.1
13,"Tesla watch: Louisiana lawsuit, proposed 'phantom braking' class action, labor board loss",-0.977,0.065,0.833,0.102
14,Elon Musk Seeks to Add Whistleblower Complaint to Case for Scrapping Twitter Deal,0.681,0.183,0.817,0.0
15,7 Hot Tech Stocks to Buy in September,0.999,0.084,0.895,0.021
16,Rivian Delivers First SUVs To Customers; Is RIVN Stock A Buy?,-0.402,0.074,0.736,0.19
17,Tesla (TSLA) is a Screaming Buy Post 3:1 Stock Spilt,0.999,0.16,0.828,0.012
18,"Biden seeks Taiwan arms sale, PlayStation establishes mobile gaming unit, Tesla violated labor law",-0.026,0.065,0.876,0.058
19,Dow Jones Reverses As Stock Market Hits Critical Support Level,-0.103,0.075,0.833,0.092
20,Elon Musk sends letter to terminate Twitter deal after whistleblower report,-0.23,0.072,0.856,0.073
21,Dow Jones Rebounds As Stock Market Hits Critical Support Level,0.202,0.076,0.924,0.0
22,Twitter Stock Slips As Elon Musk Cites Whistleblower In Takeover 'Termination Letter',0.649,0.175,0.825,0.0
23,12 Best Lithium and Battery Stocks To Buy,1.0,0.11,0.876,0.014
24,Twitter calls Musk's latest deal termination letter 'invalid and wrongful',0.0,0.0,1.0,0.0
25,"Bed Bath, Best Buy, Baidu, Tesla, and More Stock Market Movers Tuesday",-0.402,0.0,0.915,0.085
26,"The Zacks Analyst Blog Highlights Tesla, Exxon Mobil, Marriott International, Humana and Visa",1.0,0.169,0.812,0.019
27,"First Solar Earmarks $1.2B In US Plants Towards Cleaner Energy, Likely To Create 15K Jobs By 2025",0.979,0.092,0.881,0.028
28,10 Stocks That Can Begin to Rebound in 2023,1.0,0.137,0.85,0.014
29,Elon Musk Sends Letter to Twitter With Added Reasons Why He Can Cancel Buyout,0.0,0.0,1.0,0.0
30,"Twitter stock falls after Elon Musk sends another merger termination letter, for different reasons than the first one",0.013,0.02,0.96,0.02
31,Why Tesla's Stock Split Was a Dud Like Amazon's,0.422,0.157,0.843,0.0
32,Tesla Stock Split: 3 Stock-Split Stocks That Are Far Better Buys Than Tesla,0.533,0.153,0.847,0.0
33,Think California’s EV Rules Are Ridiculous? They Just Reflect Reality.,-0.557,0.0,0.859,0.141
34,"Tesla Continues to Challenge the Auto Industry’s Business Model on Multiple Levels, Says Analyst",0.993,0.118,0.866,0.015
