﻿,Titles,Polarity,Positive,Neutral,Negative
0,Why Tesla Stock Jumped on Wednesday,0.44,0.118,0.842,0.04
1,"Dow Jones Futures: Market Rally Hits High On Fed Decision, But This Risk Returns",0.0,0.0,1.0,0.0
2,Avis’s stock more than tripled after it teased a plan to invest in electric vehicles,0.0,0.0,1.0,0.0
3,Active Managers Struggled in October Because They Didn’t Own Enough Tesla,0.382,0.157,0.843,0.0
4,Lyft co-founder on electric vehicle push: We are talking to the major automakers,0.996,0.168,0.824,0.008
5,10 Best Blue-Chip Stocks to Buy for Growth and Dividends in 2022,1.0,0.159,0.831,0.01
6,Tesla's handling of braking bug in public self-driving test raises alarms,-0.905,0.072,0.845,0.083
7,Barbara Corcoran on Zillow ending home-buying business: 'I'm not sure they're out of the woods yet',-0.296,0.0,0.929,0.071
8,Avis stock just skyrocketed 108% — now what?,0.99,0.116,0.879,0.005
9,Tesla Up 50% In A Month: Is The Stock Set Up For A Short Trade?,0.875,0.052,0.918,0.03
10,Michael Burry just dismissed red-hot meme coin Shiba Inu as 'pointless' — try these 3 mainstream crypto avenues instead,0.989,0.075,0.908,0.017
11,"Nio Stock Is Out of the Spotlight, But Definitely Not Out of the Game",0.997,0.126,0.828,0.046
12,ETFs Riding on Tesla's Surge,0.996,0.163,0.811,0.026
13,Warren Buffett's Favorite EV Maker Reports Sales Triple,0.0,0.0,1.0,0.0
14,Chinese EV Darling Nio Is Poised to Follow in Tesla’s Footsteps,0.998,0.11,0.874,0.016
15,Why Paul Krugman Accuses Elon Musk Of An 'Insecure Ego',0.977,0.106,0.829,0.064
16,Will Lucid Group Become the Next Tesla?,0.0,0.0,1.0,0.0
17,Dow Jones Falls As Fed Decision Looms; 4 Top Stocks To Buy And Watch,0.0,0.0,1.0,0.0
18,Tesla (TSLA) Shares Drop as Musk Raises Doubts on Deal With Hertz,0.974,0.075,0.884,0.041
19,Tesla’s October Surge Batters Active Managers Who Missed Out,-0.391,0.07,0.852,0.079
20,Dogecoin Will Be a Dud Unless It Upgrades Its Functionality,0.995,0.093,0.892,0.015
21,Why EVgo Stock Climbed 14.4% in October,0.0,0.0,1.0,0.0
22,Avis Joins Meme-Stock World and the Street Says Sell: Tech Watch,0.988,0.094,0.867,0.039
23,Top 10 Stock Picks of Imran Khan’s Proem Advisors,1.0,0.124,0.85,0.026
24,"China EV Sales: BYD, Xpeng Deliveries Triple; Li Sales Double, Nio Tumbles",0.0,0.0,1.0,0.0
25,"Dow Jones Futures: Fed Taper Looms For Market Rally; Tesla Pauses, CAR, BBBY Lead Meme Stock Revival",-0.083,0.0,0.935,0.065
26,Tesla's Demand Is Through the Roof,0.921,0.144,0.81,0.046
27,Lucid Really Needs One Thing to Sustain Its Rally,0.999,0.147,0.825,0.028
28,11 Best Aggressive Stocks To Buy Now,0.999,0.1,0.866,0.033
29,Tesla added to Uber London plan to boost electric car uptake,0.901,0.095,0.893,0.013
