﻿,Titles,Polarity,Positive,Neutral,Negative
0,S&amp;P 500 Hits Bear Market Territory,0.0,0.0,1.0,0.0
1,New Data Shows Something Tesla Owners Are Not Going To Like,0.082,0.113,0.768,0.12
2,"S&amp;P 500 closes deeper into bear market, tech stocks nudge Nasdaq higher",0.0,0.0,1.0,0.0
3,Dow Jones Falls As Fed Meeting Starts; Elon Musk To Make Twitter Move; Apple Stock Up Amid MLS Deal,0.0,0.0,1.0,0.0
4,Tesla's Bitcoin Bet Turns into a Nightmare,-0.612,0.0,0.881,0.119
5,The biggest corporate holder of bitcoin is facing a reckoning,0.338,0.06,0.912,0.028
6,New ocean health ETF aims to help 'most important ecosystem on the planet',0.985,0.107,0.852,0.041
7,Ford Makes a Misstep in Its Race Against Tesla,0.638,0.107,0.871,0.022
8,"Stocks turn lower in choppy session, Treasury yields reach fresh 11-year high",0.202,0.112,0.821,0.067
9,Why Tesla Shares Were Rising Today,0.749,0.102,0.898,0.0
10,Dow Futures Higher Ahead of Fed’s Interest Rate Decision,0.942,0.094,0.872,0.034
11,Data likely shows Teslas on Autopilot crash more than rivals,-0.202,0.041,0.892,0.067
12,Caterpillar Leaves Illinois After Decades to Move to Texas,0.884,0.07,0.876,0.054
13,Google Debate Over ‘Sentient’ Bots Overshadows Deeper AI Issues,0.871,0.082,0.845,0.074
14,Caterpillar to move headquarters to Texas from Illinois in fresh blow to the Chicago area,-0.103,0.073,0.84,0.088
15,"Stocks: Oracle rises, Fedex soars, consumer staples lag",-0.557,0.043,0.905,0.052
16,Why Shares of Ford Took a U-Turn on Tuesday,-0.392,0.085,0.809,0.106
17,Nio Stock A Buy? Tesla's China Rival Soars As New Electric SUV Challenging Model Y Looms,0.0,0.0,1.0,0.0
18,"Musk, Twitter Workers Set to Face Off at Town Hall Meeting",0.0,0.0,1.0,0.0
19,FOXF vs. TSLA: Which Stock Should Value Investors Buy Now?,0.999,0.248,0.748,0.005
20,3 Stocks to Buy While They Are on Sale,0.827,0.183,0.779,0.039
21,Travel stocks mixed following report of dip in online bookings for May,0.0,0.0,1.0,0.0
22,Elon Musk to address Twitter employees for first time,0.0,0.0,1.0,0.0
23,GM stock falls below IPO price as automakers struggle with supply chains,0.0,0.0,1.0,0.0
24,Jim Cramer Recommends Selling These 10 Stocks,0.998,0.095,0.877,0.028
25,Dow Jones Rises After Key Inflation Report; Fed Meeting Set To Kick Off,0.0,0.0,1.0,0.0
26,Here's How Ford Plans to Boost Its Margins,0.816,0.107,0.893,0.0
27,Dow Jones Futures Extend Gains After Key Inflation Report; Fed Meeting Set To Kick Off,0.34,0.112,0.888,0.0
28,What will Musk say in his address to Twitter employees? 5 key agenda points worried staff will be desperate to know,-0.948,0.045,0.884,0.071
29,"Tesla: Price Targets, Tweets, Stock Split, and More",0.0,0.0,1.0,0.0
30,Tech Sell-Off: 1 Cathie Wood Stock-Split Stock to Buy Hand Over Fist Right Now,0.846,0.132,0.868,0.0
31,"Tesla, MicroStrategy, Ark ETF Need to Capitulate Before Stocks Bottom",-0.943,0.084,0.801,0.115
32,Twitter Stock Jumps As Elon Musk Sets Date For Town Hall Staff Meeting,0.0,0.0,1.0,0.0
33,My Top Beaten-Down EV Stock to Buy and Hold for the Next Decade,0.753,0.125,0.875,0.0
34,Elon Musk Is No Longer a $200 Billion Man,-0.593,0.038,0.838,0.123
35,Elon Musk Will Speak With Twitter’s Staff for the First Time This Week,0.34,0.107,0.893,0.0
36,Elon Musk to Speak With Twitter Staff for First Time on Thursday,0.34,0.091,0.909,0.0
37,Ukraine Latest: Russia Hammers Luhansk in Fight for Key Region,-0.324,0.065,0.865,0.07
38,EV Start-Ups Are Getting More Orders. Why the Stocks Are Still Getting Bruised.,0.0,0.0,1.0,0.0
39,Elon Musk to answer questions from Twitter staff this week,0.0,0.0,1.0,0.0
