﻿,Titles,Polarity,Positive,Neutral,Negative
0,Tesla sued by former employees over 'mass layoff',-0.93,0.056,0.845,0.099
1,Tesla Faces Consequences from Spying Concerns in China,-0.557,0.0,0.806,0.194
2,"Dow Jones Futures Jump, Bitcoin Rebounds; Beware The Bear Market",0.0,0.0,1.0,0.0
3,Tesla Cars Won’t Be Allowed Near China Leadership Meeting: Report,0.0,0.0,1.0,0.0
4,What The Stock-Split Mania Really Means,0.494,0.075,0.925,0.0
5,3 Battery Stocks to Buy Before They Boom,0.996,0.11,0.865,0.026
6,"7 Stocks to Buy If You Have $1,000 to Invest",0.999,0.123,0.835,0.042
7,"UPDATE 2-Tesla cars barred for 2 months in Beidaihe, site of China leadership meet",0.178,0.026,0.957,0.018
8,"China's Beidaihe, site of leadership conclave, bars Tesla cars for 2 months",0.296,0.02,0.969,0.011
9,Dow Jones Futures: Bitcoin Rebounds After Crash; Beware The Bear Market,0.0,0.0,1.0,0.0
10,"Dow Jones Futures Fall, Bitcoin Rebounds; Beware The Bear Market",0.0,0.0,1.0,0.0
