﻿,Titles,Polarity,Positive,Neutral,Negative
0,Musk Backs Out of $44 Billion Twitter Deal Over Bot Accounts,0.863,0.077,0.871,0.052
1,Twitter Shares Sink After Musk Says He’s Ending Acquisition Bid,-0.524,0.103,0.79,0.106
2,Elon Musk Seeks to Abandon $44 Billion Twitter Deal,0.494,0.118,0.882,0.0
3,Elon Musk Withdraws Bid for Twitter. Get Ready for a Court Battle.,0.0,0.0,1.0,0.0
4,Tesla Stock Stands to Gain if Musk Succeeds in Ending Twitter Deal,0.0,0.0,1.0,0.0
5,Tesla Stock May Gain Now That Musk’s Twitter Deal Is Over,0.0,0.0,1.0,0.0
6,Tesla Shares Edge Higher After Musk Walks Away From Twitter Deal,-0.574,0.111,0.769,0.12
7,Digital World stock surges after Elon Musk terminates Twitter purchase,0.919,0.175,0.825,0.0
8,Elon Musk Moves to Terminate $44 Billion Twitter Acquisition,-0.361,0.218,0.478,0.304
9,Tesla stock heads higher in after hours after Musk ends Twitter deal,0.649,0.101,0.853,0.046
10,"Dow Jones Futures: Market Rally At Make-Or-Break Point; McKesson, Tesla Among 9 Stocks Flashing Buy Signals",0.285,0.107,0.893,0.0
11,"Elon Musk stalling Twitter deal ‘really isn’t about the bots,’ analyst says",0.052,0.072,0.863,0.065
12,UPDATE 1-U.S. agency to open probe into fatal Florida Tesla crash,-0.871,0.054,0.853,0.093
13,Elon Musk stalls on Twitter deal,0.128,0.053,0.947,0.0
14,"Stocks search for direction into the close, Treasury yields invert deeper",0.202,0.07,0.93,0.0
15,Tesla Rises Above Key Level As U.S. Supercharger Network May Soon Open To Other EVs,0.0,0.0,1.0,0.0
16,Tesla Stock: Charging Higher or Short-Circuit?,0.0,0.0,1.0,0.0
17,"The 'critical thing' to turning the bear market around, according to PNC's Agati",-0.927,0.046,0.881,0.073
18,The 3 Best SPACs to Own in 2022,0.999,0.167,0.759,0.074
19,Musk’s Twitter deal has a 5% chance of going through: Wedbush's Dan Ives,0.902,0.077,0.864,0.058
20,Why Tesla Stock Popped on Friday,0.681,0.102,0.898,0.0
21,Musk-Twitter Buyout Fight Poses Question of Who Might Sue First,0.43,0.09,0.823,0.087
22,UPDATE 3-Elon Musk plans to 'significantly' increase childcare benefits at his firms,0.975,0.081,0.899,0.02
23,Stock Market Today: Dow in Weekly Win Despite Slip as Strong Jobs Fuel Fed Fears,0.645,0.06,0.892,0.048
24,Elon Musk Twitter deal could become a ’Game of Thrones in court’: Dan Ives,-0.511,0.0,0.853,0.147
25,Elon Musk plans to 'significantly' increase childcare benefits at his firms,0.975,0.082,0.898,0.02
26,"Tesla's Shanghai factory delivered nearly 80,000 vehicles in June",0.979,0.08,0.898,0.022
27,Stock Market Rally Rises To Key Level; Jobs Report Strong: Weekly Review,-0.171,0.0,0.919,0.081
28,S&amp;P 500 Cuts Losses to Inch Higher Following Stronger Jobs Data,0.918,0.086,0.853,0.062
29,Elon Musk Hails Japan and China,0.527,0.072,0.928,0.0
30,This Emerging Tech Is the ‘Inflation Killer’,0.991,0.096,0.828,0.076
31,"Market check: Stocks fall, jobs report weighs on bond market",0.0,0.0,1.0,0.0
32,Dow Jones Drops On Strong Jobs Report; Twitter Tumbles On Elon Musk Doubts,0.273,0.129,0.784,0.086
33,"Tesla’s Shanghai factory delivered nearly 80,000 vehicles in June",0.296,0.084,0.916,0.0
34,Elon Musk’s Twitter deal is reportedly in jeopardy,-0.647,0.057,0.888,0.055
35,10 Small-Cap Growth Stocks in Cathie Wood’s Portfolio,1.0,0.112,0.863,0.025
36,Nancy Pelosi Stock Portfolio: 10 Latest Stocks To Consider,1.0,0.115,0.848,0.037
37,Elon Musk’s $44 billion Twitter takeover deal reportedly on the verge of collapse over bots,-0.507,0.077,0.845,0.078
38,Dow Jones Futures Drop After Strong Jobs Report; Twitter Tumbles On Elon Musk Doubts,0.103,0.105,0.806,0.089
39,"Volkswagen Takes on Tesla and Chinese Rivals BYD, NIO",0.0,0.0,1.0,0.0
40,GameStop Stock Is Falling. Layoffs and a CFO Change Undo Stock Split Optimism.,0.296,0.084,0.916,0.0
41,China Car Sales Jump as Covid Curbs Relaxed,0.542,0.176,0.824,0.0
42,"Tesla's China Made Vehicle Deliveries Jump 145% In June Signaling Recovery, Pent-Up Demand",0.988,0.144,0.814,0.042
43,Dow Jones Futures Await Jobs Report; Market Rallies To Big Trouble Area,-0.34,0.0,0.876,0.124
44,GameStop Stock Is Falling. Do Investors Care More About a Stock Split or Layoffs?,0.296,0.084,0.916,0.0
45,Twitter Stock Tumbles On Report Elon Musk's $44 Billion Takeover In 'Serious Jeopardy',-0.87,0.07,0.778,0.152
46,"Twitter, GameStop and Upstart Fall Premarket; Spirit,  Levi Strauss Rise",-0.671,0.062,0.856,0.082
47,Dow Jones Futures Fall As Jobs Report Looms; Market Rallies To Big Trouble Area,-0.34,0.0,0.876,0.124
