﻿,Titles,Polarity,Positive,Neutral,Negative
0,Ford Stock: Will Ford Options Shoot Higher Like Rocket Stock?,0.0,0.0,1.0,0.0
1,Dow Rallies After Biden Vaccine Pledge Even As Bond Yields Rise; Boeing Stock Flies,-0.44,0.0,0.888,0.112
2,"Dow Reverses, Tech Stocks Sell Off As Jobs Data Disappoints; Bitcoin Surges Above $52,000",-0.681,0.0,0.811,0.189
3,3 Outside-the-Box Stocks to Buy Now,-0.202,0.061,0.843,0.096
4,How to Sleep Soundly When One of Your Big Stocks Has a Really Bad Day,-0.096,0.08,0.833,0.087
5,SoftBank Takes Top Spot on Topix From Toyota as Clout Grows,0.983,0.109,0.847,0.044
6,Sea Predicts Sales Doubling as Online Shopping Boom Persists,0.983,0.101,0.866,0.033
