﻿,Titles,Polarity,Positive,Neutral,Negative
0,"Dow Jones Futures: Market Rally Quietly Bullish As Snap Breaks Out, Tesla Stock Flashes Buy Signals; FedEx Earnings Key",0.329,0.218,0.649,0.133
1,"Stock Market Today: Stocks Sluggish, But Nasdaq Claws Out a Fresh High",0.996,0.117,0.837,0.046
2,"US STOCKS-Tesla lifts Nasdaq to record-high close, S&amp;P 500 dips",0.991,0.105,0.857,0.039
3,US STOCKS-Tesla lifts Nasdaq to record-high close,0.987,0.102,0.869,0.029
4,"Dow Jones Slips, Nasdaq Hits New High As Tesla Rallies; 2 Breakouts To Watch",0.0,0.0,1.0,0.0
5,US STOCKS-Tesla lifts Nasdaq to record high,0.99,0.105,0.865,0.03
6,"Dow Jones Flat; Meme Stock Pops After Warning, AMC Stock Gains; Tesla Retakes Key Level",0.382,0.106,0.894,0.0
7,"Three disasters in 2020 ‘created a movement, not a moment’: Ursula Burns",0.0,0.0,1.0,0.0
8,Elon Musk Dumped Radar for Tesla’s Self-Driving Cars. His A.I. Chief Explains Why.,0.0,0.0,1.0,0.0
9,Why Tesla Stock Is Up By 5% Today,0.992,0.12,0.877,0.003
10,"Raiders’ Nassib top-selling jersey, Vegas gambles on comeback, Buffett exits Gates Foundation",0.572,0.071,0.904,0.024
11,10 Best EV Startups to Watch,1.0,0.126,0.853,0.022
12,10 Biggest Short Squeezes of All Time,0.998,0.101,0.835,0.064
13,Dow Jones Reverses As Tesla Stock Surges; Apple Approaches New Buy Point,-0.296,0.0,0.885,0.115
14,Tesla Stock Has Become a Snoozer. Here’s Why.,0.0,0.0,1.0,0.0
15,"Lucid Motors Tops 10,000 Reservations, Accelerates Manufacturing Plan Thanks to Strong Demand",0.863,0.105,0.895,0.0
16,"UPDATE 1-Tesla opens solar charging station in Tibet, its first in China",0.941,0.079,0.921,0.0
17,Tesla Is Getting Back in Forward Gear,0.25,0.029,0.971,0.0
18,The 2021 most ‘American-made’ auto is a first-timer in  top spot,0.202,0.065,0.935,0.0
19,XPeng stock jumps as Chinese Tesla rival reportedly gets approval for Hong Kong IPO,0.0,0.0,1.0,0.0
20,"Bitcoin rebounds after drop below $30,000",-0.719,0.055,0.863,0.083
21,Mideast Joins Bitcoin Craze With First Crypto Listing in Dubai,0.919,0.087,0.897,0.016
22,Nio: Chip Shortage Won’t Chip Away at Market Gains,0.994,0.093,0.889,0.018
23,Tesla and Other Electric Vehicles Set to Reign Faster Than Expected,-0.077,0.043,0.903,0.054
24,Tesla opens first charging station in China with energy storage facilities,0.886,0.089,0.911,0.0
25,Agencies Behind China’s Top Livestreaming Stars Plan IPOs,0.995,0.111,0.868,0.022
26,Electric Vehicles Will Rule the World By 2040.  The Winners and Losers.,-0.113,0.0,0.936,0.064
27,RPT-FOCUS-Reality check for VW in China after sluggish start for electric car series,0.993,0.082,0.879,0.039
