﻿,Titles,Polarity,Positive,Neutral,Negative
0,"Market Recap: Tuesday, March 9",0.999,0.123,0.847,0.029
1,EV Stocks Rebound As Tesla Rival Rivian Eyes This 'Huge Step',0.0,0.0,1.0,0.0
2,Tesla Stock Jumps As China Sales Show Changing Market Dynamics,0.557,0.187,0.813,0.0
3,‘You can really hurt your neck from watching the volatility in this market’: Ed Yardeni,0.994,0.1,0.844,0.056
4,"Why QuantumScape, ElectraMeccanica (SOLO), and Romeo Power Stocks Surged Higher Today",0.872,0.185,0.773,0.043
5,Oil Prices Dip After Hitting $70,0.933,0.087,0.839,0.074
6,"Nasdaq Spikes 500 Points, Led By Tesla, Peloton, DocuSign; 3 Bitcoin Stocks Score Bullish Gains",0.296,0.078,0.922,0.0
7,CarParts.com is in beginning stages of ‘disrupting’ the auto parts industry: CEO ,0.996,0.067,0.911,0.022
8,"Why XPeng, Li Auto, and Kandi Technologies Stocks Are Surging Today",0.459,0.112,0.841,0.047
9,"Dow Jumps 300 Points, While Tech Stocks Soar As Yields Fall; Tesla Surges 14%",0.0,0.0,1.0,0.0
10,EV Updates 3/9/2021 – A Future In The Making,0.817,0.06,0.892,0.048
11,"How these teens are having fun in today’s stock market, and, for the most part, making money",0.477,0.107,0.893,0.0
12,"Benzinga's Top Ratings Upgrades, Downgrades For March 9, 2021",0.997,0.031,0.96,0.009
13,"Dow Jones Today, Futures Rise As Techs, Bonds Bounce; Apple, Tesla, Baidu Take Early Leads",0.0,0.0,1.0,0.0
14,Rotation trades will be the hardest for investors to figure out: strategist,0.999,0.118,0.858,0.024
15,5 Stocks to Watch as Solar Rooftop Installations Pick Up,0.999,0.154,0.828,0.018
16,"Dow Jones Futures Rally, Tech Stocks Surge As Yields Fall; Apple, Tesla Set To Snap Back",0.202,0.073,0.927,0.0
17,How to invest in the future — here’s an idea for a ‘Spacebook’ fund,0.402,0.13,0.87,0.0
18,An Insurance SPAC With a Past,0.0,0.0,1.0,0.0
19,"Tesla, Nio stocks bounce after upbeat China car sales data",0.8,0.081,0.874,0.045
20,"Amazon-Backed Rivian Seeks 3-in-a-Row EV Debuts, Defying History",0.997,0.092,0.881,0.028
21,"Premarket Movers Tuesday - Second Sight, Acadia Pharma, Tesla",0.0,0.0,1.0,0.0
