﻿,Titles,Polarity,Positive,Neutral,Negative
0,Dogecoin pops after Musk tweets about 'promising' system improvements,0.856,0.117,0.857,0.026
1,"Elon Musk tweets about Dogecoin, and prices immediately jump",0.103,0.075,0.862,0.063
2,Biden's $2.5 Trillion Infrastructure Plan Could Send These EV Stocks Soaring,1.0,0.141,0.833,0.026
3,Bitcoin Drops 12%. Is This a Buying Opportunity?,-0.572,0.038,0.871,0.091
4,"Asian Stocks Up, Focus Shifts to Value From Growth Companies",0.961,0.084,0.887,0.029
5,"4 Top Stock Trades for Friday: TSLA, AMD, GOOS, SONO",0.991,0.126,0.798,0.075
6,"Dow Jones Futures: Market Rally Gets Win As CDC Lifts Mask Mandate; Apple, Microsoft Hit Resistance As Bitcoin, Tesla, Square Fall; Disney, Coinbase Lead Earnings Movers",0.0,0.0,1.0,0.0
7,Musk Tweets He's Working on More Efficient Dogecoin Transactions,-0.12,0.0,0.932,0.068
8,Dow closes up 400 points to snap 3-day losing streak as investors digest jobs and inflation data,-0.318,0.0,0.905,0.095
9,Roaring Crypto Cacophony Drowns Out Rest of Wall Street Noise,0.991,0.108,0.856,0.036
10,Stock Market Today: Thursday’s Rally Wasn't Perfect But Stuck the Landing,0.989,0.094,0.854,0.052
11,US STOCKS-U.S. stocks end higher in 'buy the dip' session,0.975,0.107,0.823,0.07
12,Coinbase Stock Falls As First Earnings Since IPO Miss Forecasts,-0.235,0.0,0.948,0.052
13,US STOCKS-Wall Street closes higher in 'buy the dip' session,0.93,0.097,0.838,0.065
14,These Are The 5 Best EV Stocks To Buy And Watch Now,0.0,0.0,1.0,0.0
15,Crypto Fund Pantera Says Bitcoin Energy Concern to Impact Market,0.969,0.1,0.859,0.041
16,"Elon Musk Rattles Bitcoin, but It May Just Be Green Marketing",0.459,0.107,0.893,0.0
17,Elon Musk’s Tweet Wiped Out $360 Billion Worth of Bitcoin. It May Have Been Marketing for Tesla.,0.459,0.107,0.893,0.0
18,FOREX-Dollar flat after more evidence of rising inflation,-0.262,0.039,0.922,0.039
19,"Dow up 500 points, stocks bounce as investors digest jobs and inflation data",-0.318,0.0,0.919,0.081
20,Dow Jones Spikes As Bitcoin Dives On Elon Musk Tweet; Tesla Loses Key Level; Apple Bites Back,-0.318,0.0,0.913,0.087
21,"Bitcoin Could Double Over Next 5-6 Months, Pantera CEO Says",0.0,0.0,1.0,0.0
22,How crypto is impacting the ETF space,0.999,0.149,0.816,0.035
23,US STOCKS-Wall St gains as investors 'buy the dip' on upbeat jobs data,0.964,0.101,0.83,0.068
24,"In an About Face, Elon Musk Says Tesla Will Stop Accepting Bitcoin for Car Purchases",0.996,0.116,0.869,0.015
25,Stable Road Wins Critical Shareholder Vote to Save Momentus Merger,0.973,0.104,0.868,0.028
26,Bitcoin’s Drop Won’t Hurt Tesla. Here’s Why Not.,-0.599,0.046,0.772,0.182
27,Analysis: Elon Musk wants a greener bitcoin. Has he got a plan or a pipedream?,0.994,0.092,0.876,0.032
28,Tesla stock on track to close below 200-day moving average,-0.44,0.052,0.883,0.065
29,Dow Jones Rallies 500 Points As Stock Market Rebounds On Strong Jobs Data; Tesla Sinks Bitcoin,0.511,0.13,0.87,0.0
30,Dow Jones Leads Stock Market Rebound On Strong Jobs Data But Nasdaq Fades; Tesla Sinks Bitcoin,0.772,0.251,0.749,0.0
31,Ignore Elon Musk when he talks about bitcoin: cryptocurrency expert,0.957,0.079,0.877,0.044
32,Is Tesla Inc. (TSLA) Still A Great Investment Choice?,0.995,0.133,0.844,0.023
33,Tesla Staring at Deepest Weekly Drop Since Virus-Fueled Selloff,-0.092,0.075,0.848,0.077
34,UPDATE 1-Musk decries bitcoin's 'insane' energy use after Tesla payment U-turn,0.995,0.112,0.842,0.046
35,"Tesla Stock Breaks Support, Bitcoin Price Tumbles After Elon Musk Halts Cryptocurrency Use For Vehicle Purchases",0.0,0.0,1.0,0.0
36,Grayscale CEO Sees ETF as Solution to Biggest Crypto Fund’s Woes,0.997,0.186,0.784,0.03
37,This Crypto Stock Was Thursday's Big Winner Despite Bitcoin's Plunge,0.772,0.151,0.799,0.05
38,Dow recovers 400 points as investors digest inflation and jobs data,-0.166,0.084,0.841,0.075
39,Coinbase To Report For First Time Amid Signs Of Fickle Bitcoin Investing,0.0,0.0,1.0,0.0
40,Elon Musk's Tesla Suspends Bitcoin Purchases on Environmental Concerns,-0.217,0.064,0.863,0.074
41,Bitcoin 'is going to be just fine without Elon': Celsius Network CEO,0.103,0.09,0.833,0.076
42,FOREX-Dollar flat after more evidence of rising inflation,0.535,0.055,0.902,0.043
