﻿,Titles,Polarity,Positive,Neutral,Negative
0,"Dow Jones Futures: Stock Market Rally Below Key Levels, Bitcoin Near Lows; More Bad Tesla News",-0.572,0.0,0.793,0.207
1,Is Ford Stock A Buy Now Amid Biden EV Push? Chip Shortage Tests Auto Giant But Earnings Turning Around,0.902,0.187,0.813,0.0
2,"Elon Musk, Grimes, Miley Cyrus Attended A Crypto-Themed SNL Afterparty With Dogecoin Ice Sculptures",0.882,0.057,0.928,0.015
3,UPDATE 3-Burry of 'Big Short' fame reveals large bearish bet against Tesla,0.986,0.112,0.854,0.033
4,Here's A Sneak Peek At The Key To Ford's Electric-Vehicle Future,0.0,0.0,1.0,0.0
5,"Why is crypto SafeMoon trending, and why is Dave Portnoy using it to diversify his bitcoin exposure?",0.765,0.202,0.798,0.0
6,Bitcoin Falls to a 3-Month Low. Should You Buy on the Dip?,-0.557,0.0,0.914,0.086
7,Tesla Stock Is Getting Shorted Again. Why It Could Be Time to Buy.,0.422,0.08,0.92,0.0
8,"Tesla Eyes 'Nightmare' While EV Startups Lordstown, Fisker Jump",-0.361,0.0,0.894,0.106
9,Tesla Starts to Rebound After 14% Slide Past Key Technical Level,0.375,0.069,0.873,0.058
10,"Stock Market Mixed As Nasdaq Leads, Dow Jones Lags; How Did These 2 Dow Stocks Fare?",-0.153,0.0,0.932,0.068
11,The Key To Ford's Electric-Vehicle Future Will Get A First Look Soon,0.0,0.0,1.0,0.0
12,California DMV Probes Tesla Over Self-Driving Claims,-0.625,0.016,0.913,0.071
13,Dow Ends Deeper in Red on Late-Selling as Tech Pares Gains,0.965,0.095,0.849,0.056
14,Tesla’s India market will be ‘just as big as China’: Analyst,0.0,0.0,1.0,0.0
15,Bitcoin Backers Now Have to Worry About ‘Key Man’ Risk With Elon Musk,0.094,0.083,0.808,0.109
16,Bitcoin Dips to Lowest Since February Amid China Crypto Warning,0.971,0.064,0.899,0.037
17,Even Lamborghini Is Getting Into EVs,0.0,0.0,1.0,0.0
18,"US STOCKS-S&amp;P 500, Dow slip as telecom stocks eclipse upbeat results from retailers",-0.963,0.04,0.877,0.082
19,Ford set to reveal F-150 Lightning electric pick-up truck,0.994,0.105,0.874,0.02
20,May 24 at 2PM ET: Fireside Chat with Origin Materials to Discuss Merger with Artius Acquisition Inc.,0.985,0.053,0.939,0.007
21,Tesla is the 'biggest short in the market': strategist,0.0,0.0,1.0,0.0
22,10 Best Blockchain Stocks to Buy,1.0,0.156,0.814,0.03
23,"S&amp;P 500 Flat as Reopening Stocks Gain, but Energy Loses Power",0.98,0.113,0.837,0.05
24,"US STOCKS-Wall St set for higher open after Walmart, Home Depot results beat",0.922,0.075,0.878,0.047
25,Telsa Shares Gain as Buyers Look to 'Squeeze' Michael 'Big Short' Burry,0.586,0.161,0.839,0.0
26,Dow Jones Futures Rally As Tesla Gives Up Key Level; Baidu Jumps On Earnings,0.0,0.106,0.787,0.106
27,Facebook to Launch Diem Cryptocurrency Amid Rising Digitalization,0.997,0.107,0.876,0.017
28,Which Electric Vehicle Stocks Could Produce 10X Returns?,0.527,0.053,0.947,0.0
29,3 No-Brainer Buys When the Market Crashes,0.914,0.338,0.616,0.047
30,Rivian's Tesla Alums Lead Charge as Debut Nears for First 3 EVs,0.996,0.077,0.896,0.027
31,Wall Street Opens Mixed as Strong Retail Earnings Raise Price Fears; Dow up 36 Pts,0.865,0.063,0.9,0.037
32,Bitcoin Extends Slide After China Issues Stark Virtual Currency Warning,-0.202,0.07,0.833,0.097
33,Tesla cooperating with Chinese authorities after accident killed police officer,-0.986,0.0,0.804,0.196
34,‘Big Short’ investor Michael Burry makes bearish bet on Tesla,0.572,0.183,0.817,0.0
35,Tesla Shares Slide as Michael 'Big Short' Burry Takes Aim at Elon Musk,0.586,0.161,0.839,0.0
36,"Toyota Motor shares gain for third day, hit record high",0.977,0.159,0.789,0.052
37,"Dow Jones Futures Rally: Stock Market Slashes Losses, But Tesla Gives Up Key Support Level",0.0,0.111,0.779,0.111
38,California DMV places Tesla’s ‘Full Self-Driving’ under review,-0.564,0.0,0.848,0.152
39,"Burry of ‘Big Short’ Fame Places Big Bet Against Musk, Tesla",0.977,0.108,0.851,0.041
40,Tesla supplier Hota seeks US expansion as electric vehicle demand surges,-0.273,0.0,0.972,0.028
