﻿,Titles,Polarity,Positive,Neutral,Negative
0,Apollo Is Interested in Financing a Twitter Deal,0.796,0.197,0.803,0.0
1,10 Stocks Making Headlines on Monday,0.984,0.066,0.907,0.027
2,Tesla Stock: Tesla Earnings On Tap As Shanghai Plant Moves To Reopen,0.0,0.0,1.0,0.0
3,Tesla’s Shanghai workers will sleep in the factory to restart production during strict COVID-19 lockdowns,-0.922,0.032,0.899,0.069
4,"Dow Jones Futures: What To Do After Today's Stock Market Fall; Netflix, Tesla Earnings Ahead",0.0,0.0,1.0,0.0
5,Ford Has the Best Kind of Problem with the Mustang Mach-E,0.19,0.217,0.597,0.186
6,Ford is ‘betting the company’ on a Tesla-style EV truck that could make or break its future,0.357,0.059,0.893,0.048
7,Twitter expected to say no to Elon Musk as Yahoo owner Apollo shows interest: report,0.296,0.058,0.942,0.0
8,Elon Musk is 'acting like a child' when he attacks the SEC: former agency chair,-0.627,0.106,0.778,0.117
9,Tesla Graphite Supplier Lands $107 Million U.S. Loan for Plant,0.973,0.109,0.845,0.046
10,"Stock Market Edges Lower; Oil Stocks, 10-Year Yield Rise Again; Tesla Revs Higher Ahead Of Earnings",0.0,0.0,1.0,0.0
11,US STOCKS-Wall St ends lower as investors await further earnings cues,0.986,0.113,0.832,0.056
12,"Stock Market Today - 4/18: Stocks End Lower, Treasury Yields Climb, as First Quarter Earnings Loom",-0.392,0.061,0.88,0.059
13,US STOCKS-Wall St ends topsy-turvy day lower as investors await earnings,0.986,0.111,0.842,0.047
14,"Tesla Stock Revs Up As Elon Musk Makes Twitter Waves, Cyber Rodeo News",0.0,0.0,1.0,0.0
15,"Elon Musk Hints At Tender Offer, Board Elimination In Latest Twitter Drama Twist; Stock Jumps",0.0,0.0,1.0,0.0
16,"Dow Jones Dips; Twitter Soars As Elon Musk, Jack Dorsey Slam Board; Charles Schwab Hammered",-0.535,0.0,0.818,0.182
17,Twitter would be a trophy for Elon Musk: advertising legend Sir Martin Sorrell,0.603,0.071,0.874,0.055
18,"Markets check: Stocks in the green, Treasury yields jump",0.44,0.17,0.83,0.0
19,7 of the Top EV Stocks from the DRIV ETF,1.0,0.135,0.85,0.015
20,Dow Futures Rise as Q1 Earnings Heats Up,0.746,0.059,0.907,0.034
21,"US STOCKS-Wall St flips into positive territory, BofA gains on strong earnings",0.983,0.112,0.835,0.053
22,10 Cheap Lithium Stocks to Buy Now,0.999,0.09,0.887,0.022
23,Elon Musk Wants Twitter. But Is It Only About Free Speech?,0.998,0.139,0.825,0.036
24,Cathie Wood’s Ark Now Sees Tesla Shares More Than Quadrupling,0.997,0.156,0.814,0.03
25,Musk Says Twitter’s Board Owns Almost No Stock. Here’s How It Compares With Tesla and Other Tech Companies.,0.0,0.0,1.0,0.0
26,Elon Musk threatens to cut Twitter board members’ salaries to $0 as his takeover bid morphs into a referendum on the company,-0.919,0.063,0.86,0.077
27,"Top Research Reports for Tesla, Broadcom &amp; Comcast",0.999,0.174,0.784,0.042
28,Rivian Predicts a Shortage for EVs Far Bigger Than Chips—Batteries,0.0,0.0,1.0,0.0
29,Why Tesla Stock Popped on Monday,0.848,0.105,0.895,0.0
30,"US STOCKS-Wall St slips as bond yields surge, BofA gains on strong earnings",-0.754,0.075,0.85,0.074
31,"Netflix, Tesla to report earnings this week",0.0,0.0,1.0,0.0
32,"Elon Musk’s Twitter offer is ‘completely unserious,’ law professor says",0.0,0.0,1.0,0.0
33,Twitter Gains as It Plots Defense Strategy Against Musk Takeover,0.995,0.148,0.805,0.047
34,"This Tiny, Little-Known Company Could Explode Along With Electric Car Stocks",0.999,0.111,0.863,0.026
35,Twitter’s board should take Elon Musk’s offer 'with a bit more deference': Former SEC chair,-0.382,0.0,0.909,0.091
36,Is Tesla (TSLA) Still a Smart Long-Term Buy?,0.997,0.166,0.81,0.025
37,"Tesla (TSLA) Recalls 600K Cars, Resumes Operations at Giga 3",0.972,0.073,0.88,0.046
38,"Elon Musk’s Tesla data system ‘is new, disruptive, and extremely effective’: Former WPP CEO",0.998,0.104,0.863,0.033
39,Q1 Earnings To Gather Pace This Week,0.99,0.107,0.855,0.037
40,Dow Jones Climbs As Treasury Yields Continue To Rise; Twitter Reverses After Poison Pill Plan,-0.361,0.156,0.632,0.212
41,"Market check: Stocks mixed at open, bitcoin sees 5-day drop",0.984,0.062,0.922,0.016
42,"If I Had to Buy 1 Stock-Split Stock, This Would Be It",0.318,0.052,0.927,0.021
43,Dow Jones Falls As Treasury Yields Continue To Rise; Twitter Jumps After Poison Pill Plan,-0.077,0.17,0.688,0.142
44,Tesla Shanghai Plant To Reopen In ‘Closed Loop.’ What Life Inside Would Be Like.,0.0,0.0,1.0,0.0
45,Tesla Earnings: What to Look For From TSLA,0.44,0.151,0.849,0.0
46,Cathie Wood’s Portfolio: 10 Stocks Under $10,0.999,0.113,0.852,0.034
47,Why Earnings Season Could Be Great for Tesla (TSLA),0.997,0.193,0.807,0.0
