﻿,Titles,Polarity,Positive,Neutral,Negative
0,Is There a Silver Lining to Inflation Woes?,0.998,0.152,0.786,0.062
1,Tesla Stock Vs. BYD Stock: EV Giants' Deliveries On Tap With Tesla Near Buy Point,0.0,0.0,1.0,0.0
2,Dow Jones Futures: What To Do As Market Rally Pulls Back; Tesla Deliveries Due,0.0,0.0,1.0,0.0
3,Chip shortage is still ‘the big issue’ driving down car sales: Auto analyst,-0.296,0.059,0.825,0.116
4,How Apple's Oscar Win Changes the Streaming Game,0.0,0.0,1.0,0.0
5,Biden's SPR Release Sends Oil Prices Below $100,-0.833,0.053,0.888,0.059
6,HSBC Compares This EV Maker To Tesla - Read Why,0.978,0.145,0.82,0.035
7,Tesla Could Reverse Gears and Head Lower,-0.605,0.0,0.92,0.08
8,"Stock Splits Flood Market, and Investors Hope for Gains",-0.077,0.093,0.802,0.105
9,China EV Sales Triple For Xpeng And More Than Double For Li Auto In March; Nio Lags,-0.153,0.085,0.808,0.108
10,The Market Trend Outperforming Everyone's Favorite Stocks,0.999,0.156,0.777,0.067
11,Stock splits: playing to the Robinhood crowd,0.4,0.094,0.873,0.032
12,"Stock Market Rally Hits Resistance, Treasury Yield Curve Inverts; Oil Prices Dive On Reserves Release: Weekly Review",0.226,0.127,0.873,0.0
13,Biden administration restores waiver for California and other states to set tougher vehicle tailpipe standards,0.511,0.17,0.83,0.0
14,GM and Ford Shares Are Falling. Vehicle Recalls May Be Taking a Toll.,0.0,0.0,1.0,0.0
15,Elon Musk and I had a good chat: US Labor Secretary Marty Walsh,0.994,0.136,0.857,0.007
16,Elon Musk’s Tesla Trounced All the Trillion-Dollar Stocks. Berkshire Hathaway Did Even Better.,0.557,0.173,0.827,0.0
17,HOG vs. TSLA: Which Stock Is the Better Value Option?,0.999,0.243,0.752,0.005
18,EV Checkpoint: The GM Electric Hummer You Order Today Will be Delivered in Two Years,0.202,0.083,0.917,0.0
19,"China EV Sales: Nio Stock, Li Auto, Xpeng Soar As March Sales Surge, Delisting Fears Ease",0.402,0.194,0.707,0.099
20,Tesla’s market cap is now worth two Metas,0.637,0.071,0.929,0.0
21,Tesla Stock Finally Ripens In 2022 As The World's Biggest EV-Maker Sees Heavy Institutional Buying,0.0,0.0,1.0,0.0
22,Tesla Poised for Another Record Quarter Amid High Gas Prices,0.965,0.09,0.858,0.052
23,"NIO reports record electric vehicle deliveries in Q1, stock jumps",0.0,0.0,1.0,0.0
24,Dow Jones Rallies After March Jobs Report Miss; Treasury Yields Surge,0.052,0.093,0.825,0.082
25,"Tesla Supplier Looks To Invest $5B On EV Batteries, Supply Chain Software",0.981,0.158,0.826,0.017
26,This Recent Stock Split Has Already Delivered a 42% Return for Investors,0.599,0.108,0.862,0.03
27,Cathie Wood Sold Tesla Stock. She’s as Bullish as Ever.,0.586,0.194,0.806,0.0
28,3 Top Efficient Stocks to Boost Your Portfolio Returns,0.999,0.163,0.826,0.01
29,Ford (F) &amp; General Motors (GM) Production Hit Amid Supply Woes,0.397,0.058,0.886,0.057
30,XPeng Gets Buy Rating at HSBC,0.962,0.136,0.852,0.012
31,Dow Jones Futures Trim Gains After March Jobs Report Miss; Treasury Yields Surge,0.052,0.077,0.855,0.068
32,Dow Jones Futures Rebound Ahead Of March Jobs Report; Treasury Yields Surge,0.202,0.076,0.924,0.0
33,"GameStop Flags Stock Split, Shares Surge",0.296,0.109,0.891,0.0
34,"Dow Jones Futures Signal Market Rally, Oil Drops Below $100; GameStop Spikes As Jobs Report Looms",-0.226,0.0,0.909,0.091
35,"1 Green Flag for Tesla in 2022, and 1 Red Flag",0.527,0.072,0.906,0.022
36,"China EV Sales: Nio, Li Auto, Xpeng Report Big March Rebound As Delisting Fears Ease",0.402,0.194,0.707,0.099
37,Should You Buy Tesla Now or Wait Until After the Stock Split?,-0.077,0.064,0.869,0.067
38,"NIO, Li, and XPeng EV Deliveries Look Solid. That’s Good for Tesla.",0.296,0.053,0.947,0.0
39,"Dow Jones Futures Rise After Market Rally Slumps, Oil Prices Dive; GameStop Spikes As Jobs Report Looms",-0.226,0.0,0.909,0.091
40,Why NIO Stock Belongs On Your Radar Again,0.987,0.088,0.866,0.047
41,Toyota’s Hybrid Bet Vindicated by Big Gains in U.S. Market Share,0.995,0.118,0.846,0.037
42,"Parts shortages, high gas prices weigh on U.S. auto market",0.557,0.069,0.867,0.063
43,GameStop Soars on Hopes Stock Split Will Attract New Fans,0.986,0.145,0.834,0.021
44,"What do Starbucks, Tesla, and John Deere have in common? They’ve used A.I. to reinvent their businesses",0.999,0.136,0.842,0.021
45,3 Cryptocurrencies to Avoid Like the Plague in April,0.636,0.121,0.844,0.035
46,EV charging network plans luxury stations,0.103,0.08,0.92,0.0
