﻿,Titles,Polarity,Positive,Neutral,Negative
0,Lucid Stock Got Its First Rating. Why One Analyst Likes It More Than Tesla.,0.557,0.301,0.699,0.0
1,Rocket Lab lands multi-launch deal with satellite company Kinéis,0.0,0.0,1.0,0.0
2,Apple’s Watch Software Chief Takes Over Self-Driving Car Project,0.964,0.047,0.943,0.01
3,UPDATE 2-Tesla's Musk asks staff to 'go super hardcore' to ensure decent Q3 delivery number,0.941,0.075,0.886,0.039
4,Tesla's Musk asks staff to 'go super hardcore' to ensure decent Q3 delivery number,0.941,0.077,0.883,0.04
5,Nio's New ET7 Sedan Could Include Low-Cost Lithium Iron Phosphate Battery: Report,0.776,0.036,0.953,0.011
6,Is Ford Stock A Buy Now? Automaker Snags Apple Exec Amid August Sales Slump,0.902,0.192,0.808,0.0
7,Best Growth Stocks October 2021,0.998,0.174,0.811,0.015
8,Shares of Tesla Are Continuing to Gain Traction,0.891,0.149,0.851,0.0
9,"Taper Or Tarry: Will Delta, Inflation, And Employment Data Spur Fed Action Or Delay?",0.97,0.084,0.844,0.072
10,Dow Jones Rallies As Jobless Claims Drop To New Pandemic Low; Lululemon Soars On Earnings,-0.273,0.0,0.905,0.095
11,"Company News for Sep 9, 2021",0.986,0.173,0.827,0.0
12,Lucid Stock Gets Its First Rating. Why the Analyst Likes It Better Than Tesla.,0.557,0.301,0.699,0.0
13,7 Reasons You Might Want to Invest in Arcimoto Now,0.998,0.088,0.886,0.026
14,Could This EV Stock Reach a $1 Trillion Market Cap Before Tesla?,0.586,0.059,0.941,0.0
