﻿,Titles,Polarity,Positive,Neutral,Negative
0,"We Rode in a $170,000 Luxury EV. It Was Awesome.",0.0,0.0,1.0,0.0
1,"June 29 at 2PM ET: Join Hyzon Motors CEO, Decarbonization Plus Acquisition Corp. Chairman Fireside Chat",0.972,0.057,0.943,0.0
2,Why are bitcoin prices still plunging?,0.85,0.068,0.886,0.046
3,EVs and gas-powered cars need to 'coexist:' Hitachi America CEO,0.997,0.093,0.889,0.018
4,Bitcoin price crash is weighing on Tesla's stock: analyst,-0.91,0.051,0.87,0.079
5,Top Consumer Discretionary Stocks for July 2021,0.848,0.38,0.62,0.0
6,EVs Will Rule the World By 2040.  Here Are the Winners and Losers.,-0.113,0.0,0.936,0.064
7,Tesla and GM Make Out Well in Piper’s 2040 EV Predictions. NIO Is a Bust.,-0.113,0.0,0.936,0.064
8,Will Tesla CEO Elon Musk Accept Ford's Ultimate Challenge?,-0.226,0.0,0.909,0.091
9,15 Oldest Companies In The World,0.999,0.109,0.85,0.041
10,"Bitcoin Falls Below $30,000 Then Recovers As China Crackdown Deepens",0.0,0.0,1.0,0.0
11,Big data’s $12 billion opportunity in the EV space,0.691,0.183,0.817,0.0
12,"Dow Jones Reverses, Nasdaq Nears Record High; Microsoft Breaks Out Past New Buy Point",0.0,0.0,1.0,0.0
13,Agencies Behind China’s Top Livestreaming Stars Plan IPOs,0.989,0.096,0.879,0.024
14,"Tesla’s Losses on Bitcoin Mount as Price Dips Below $30,000",-0.318,0.0,0.916,0.084
15,Tesla’s Bitcoin Bet Is Going Bad. Here’s How Much It Could Lose.,-0.318,0.0,0.916,0.084
16,"Dow Jones Falls, Nasdaq Nears Record High; Microsoft Breaks Out Past New Buy Point",0.0,0.0,1.0,0.0
17,Alset EHome Partnering with Tesla to Develop eHomes in Texas,0.994,0.138,0.85,0.013
18,"Ford’s Lightning pickup could make electric vehicles popular with all consumers, not just the green ones",0.0,0.0,1.0,0.0
19,Is GM Stock A Buy? General Motors Rebounds From Key Level,0.0,0.0,1.0,0.0
20,"The Zacks Analyst Blog Highlights: JPMorgan, General Motors, Stellantis, CNH Industrial and Tesla",0.991,0.084,0.857,0.059
21,"McDonald’s, Chipotle Shares Gain On Loyalty Program Plans",0.996,0.222,0.758,0.021
22,Reality check for Volkswagen in China after sluggish start for electric car series,0.993,0.083,0.879,0.038
23,3 Obscenely Overpriced Stocks I Wouldn't Buy Even if the Market Crashes,-0.527,0.086,0.781,0.133
24,FOCUS-Reality check for VW in China after sluggish start for electric car series,0.993,0.083,0.88,0.038
25,Nvidia Hedges Against Crypto Hangover With Chips Just for Miners,0.564,0.064,0.868,0.069
26,"Tesla Still Leads America's EV Dominance, But For How Much Longer?",0.273,0.072,0.928,0.0
27,First unleveraged single-stock ETPs aim to woo retail investors,0.823,0.156,0.812,0.032
