﻿,Titles,Polarity,Positive,Neutral,Negative
0,Nio Stock Is One of the Best EV Stocks to Start the New Year,0.998,0.1,0.862,0.038
1,Tesla Stock Has Texas-Sized Gains Right Around the Corner,0.994,0.097,0.869,0.034
2,7 Nickel Stocks to Buy if You Missed Out on Talon Metals’ Takeoff,0.999,0.098,0.879,0.024
3,"Tech Stocks Alert: Why TSLA, NVDA, FB, AMZN, UBER Stocks Are Down Today",0.968,0.096,0.863,0.041
4,Tesla driver charged with vehicular manslaughter after fatal crash involving Autopilot,-0.671,0.0,0.866,0.134
5,"GME, AMC slide 10% amid market sell-off, apes vow holding",0.756,0.054,0.912,0.034
6,Goldman Sachs: 4 'buy' rated stocks with up to 60% upside,0.997,0.121,0.869,0.01
7,UPDATE 1-Tesla investors urge judge to order Musk repay $13 bln for SolarCity deal,-0.953,0.061,0.85,0.089
8,"Elon Musks Claps Back Over FSD, Starts Another Twitter Spat",-0.846,0.0,0.91,0.09
9,Tesla: Everything You Need to Know Ahead of Earnings,0.998,0.168,0.811,0.021
10,"BCS Wealth Management Buys Procter &amp; Gamble Co, Vanguard Short-Term Corporate Bond ETF, ...",0.999,0.112,0.875,0.013
11,"First National Bank of South Miami Buys iShares Commodities Select Strategy ETF, Walmart Inc, ...",0.996,0.057,0.935,0.008
12,"Lowe Wealth Advisors, LLC Buys KraneShares Global Carbon Strategy ETF, Horizon Kinetics ...",1.0,0.153,0.841,0.005
13,"Here's How Cadence Is Set To Gain Despite Competition From Tesla, Apple",0.852,0.083,0.884,0.033
14,Tesla investors urge judge to order Musk repay $13 billion for SolarCity deal,-0.953,0.062,0.847,0.091
15,REFILE-Tesla investors urge judge to order Musk repay $13 bln for SolarCity deal,-0.972,0.058,0.847,0.095
16,"Why Tesla Stock Dropped, Then Popped Today",0.402,0.097,0.835,0.069
17,"Market check: 10-year Treasury yield climbs to 2-year high, Dow falls 500+ points",0.0,0.0,1.0,0.0
18,"Dow Jones Dives As Yields Surge To Two-Year Highs; Apple, Tesla Skid",0.202,0.079,0.921,0.0
19,Tesla Accepts Dogecoin for Some Merchandise Sales,0.382,0.133,0.867,0.0
20,Still Waiting for the Right Entry Point? Buy NIO Now,1.0,0.152,0.824,0.024
21,"Austin could play major part in surge of domestic production for EV batteries, experts say",0.361,0.051,0.949,0.0
22,EV: Tesla Goes to Africa to Limit Its dependence to China,0.202,0.087,0.913,0.0
23,"Dow Jones Futures Slide As Yields Surge To Two-Year Highs; Apple, Tesla Sell Off",0.202,0.083,0.917,0.0
24,"EV Roundup: TSLA-Talon Deal, NIO-Baosteel Pact &amp; More",0.998,0.098,0.892,0.01
25,"Tech Stocks Are Getting Slammed, Yet Again. Why Apple, Microsoft, Tesla and 10 Others Can Rise.",0.202,0.07,0.93,0.0
26,Microsoft and Virgin Invest in Tesla-Like Self-Driving Company Wayve,0.0,0.0,1.0,0.0
27,"Tesla (TSLA) Deploys FSD Beta V10.9, Plans Expansion in Canada",0.998,0.128,0.863,0.01
28,Big Money Believes in Tesla,0.988,0.112,0.871,0.016
29,"Dow Jones Futures Fall, Techs Dive As Treasury Yield Hits 2-Year High; Apple, Qualcomm Near Buy Points",0.262,0.061,0.939,0.0
30,"Shopify, JD.com pair up in China as e-commerce competition intensifies",0.962,0.102,0.888,0.009
31,Cadence Design Systems aims to cash in on new custom-chip era,0.995,0.094,0.902,0.004
32,FOCUS-Cadence Design Systems aims to cash in on new custom-chip era,0.995,0.09,0.905,0.004
33,The 10 Best Bear Market Stocks to Buy Now,1.0,0.157,0.805,0.038
34,Shiba Inu vs. Dogecoin: Which Is the Better Buy in 2022?,0.599,0.259,0.741,0.0
35,Tesla CEO Elon Musk to visit Berlin factory in mid February,-0.262,0.031,0.939,0.031
36,"Dow Jones Futures Rise After Market Rally Holds Support; Apple, Qualcomm Lead 5 Stocks Near Buy Points",-0.296,0.0,0.916,0.084
37,"After flying start, Stellantis must tackle Tesla and China",0.993,0.102,0.871,0.027
