﻿,Titles,Polarity,Positive,Neutral,Negative
0,5 Best Websites To Research Stocks,0.999,0.117,0.85,0.033
1,10 Best Websites To Research Stocks,0.999,0.099,0.869,0.032
2,"After-hours movers: Nvidia, Salesforce, Tesla and more",0.96,0.068,0.919,0.013
3,Twitter Whistle-Blower Will Be Star Witness in Congress,0.469,0.111,0.793,0.095
4,Australia Could Power the World and Its Green Ambitions Could Change Everything,0.997,0.084,0.876,0.04
5,California Moves to Ban Sales of Gasoline-Powered Cars by 2035,0.0,0.0,1.0,0.0
6,Top Millennial Pick Tesla Stock Splits Wednesday,0.287,0.097,0.903,0.0
7,"Dow Jones Futures: Nvidia, Snowflake, CRM Lead Earnings; Warren Buffett's Top Stock Has New Buy Point",0.202,0.091,0.909,0.0
8,UPDATE 2-Tesla likely must face California agency's race bias lawsuit,-0.967,0.042,0.851,0.107
9,"Stocks moving in after hours: Salesforce, Snowflake, Nvidia, Tesla",0.0,0.0,1.0,0.0
10,"US STOCKS-Wall Street ends higher, with all eyes on Jackson Hole",0.952,0.082,0.886,0.032
11,7 Stocks for Investors Over 30 to Buy and Hold,1.0,0.151,0.837,0.012
12,The Funded: VC legend John Doerr regrets not backing 'slightly crazy' Elon Musk,-0.361,0.0,0.928,0.072
13,The Twitter whistleblower is a bigger threat than Musk ever was,0.572,0.077,0.853,0.07
14,"Stock ratings: What analysts are saying about Nvidia, Tesla, New York Times shares",0.0,0.0,1.0,0.0
15,"US STOCKS-Wall Street advances, with all eyes on Jackson Hole",0.742,0.064,0.891,0.045
16,Why Tesla Shares Rose Today Ahead of Its Stock Split,0.527,0.073,0.927,0.0
17,3 Cathie Wood Stocks to Buy for Huge Growth Potential,0.999,0.148,0.821,0.031
18,"US STOCKS-Growth stocks lift Wall St, all eyes on Jackson Hole",-0.193,0.054,0.89,0.057
19,Stock Splits: 7 Companies That Should Follow Tesla’s Lead,1.0,0.121,0.85,0.03
20,Tesla Stock Splits Today. Here’s What Could Happen Next.,0.586,0.167,0.833,0.0
21,Chinese EV Stocks Have ‘Collapsed.’ What’s Wrong and How to Fix It.,-0.778,0.0,0.709,0.291
22,Here’s how Tesla stock is performing ahead of its 3-for-1 split,0.0,0.0,1.0,0.0
23,"Tesla stock split set to take effect, SoFi stock jumps on prospect of student loan relief",0.976,0.124,0.861,0.015
24,"FTC drops Meta from antitrust suit, Pharmapacks to close, Tesla, Nio suspend EV charging in China",-0.052,0.099,0.821,0.08
25,Ex-Twitter chief's whistleblower complaint is a 'godsend' for Elon Musk,-0.99,0.077,0.816,0.107
26,Dow Jones Falls As Tesla Climbs Ahead Of 3:1 Stock Split,-0.382,0.0,0.874,0.126
27,Top 10 Technology Stocks to Buy According to Billionaire Cliff Asness,0.999,0.106,0.877,0.017
28,Elon Musk Sounds Snippy About Tesla Software. He Should Welcome Criticism.,-0.402,0.0,0.906,0.094
29,Dow Jones Futures Fall As Tesla Climbs Ahead Of 3:1 Stock Split,-0.382,0.0,0.88,0.12
30,Is Now a Good Time to Buy Tesla Stock?,0.382,0.133,0.867,0.0
31,Elon Musk Vs. Jack Dorsey: Here's Who Wins This Fight,-0.382,0.0,0.852,0.148
32,"China's Natural Calamities Disrupt Tesla, Nio's EV Charging Services",-0.886,0.065,0.826,0.108
33,Dow Jones Futures: Apple Near Buy Point; Elon Musk Tells Tesla FSD Beta User Not To Do This,-0.422,0.0,0.882,0.118
34,3 Cathie Wood Stocks That Could Double by 2025,0.991,0.119,0.809,0.072
35,Tesla’s Former Energy Head Has a New Electric-Home Startup,0.989,0.101,0.876,0.023
36,Tesla to urge dismissal of California agency's race bias lawsuit,-0.039,0.057,0.878,0.065
37,Tesla Stock Split: Everything You Need to Know About the Upcoming Split,0.153,0.038,0.962,0.0
38,Goldman Says Hedge Funds Back Betting Big on Megacap Tech Stocks,0.92,0.085,0.858,0.057
39,"Tesla, Nio Suspend EV Charging Services as China Power Cuts Bite",-0.976,0.035,0.869,0.097
40,"Dow Jones Futures Fall: Market Rally Struggling; Apple, These 5 EV Plays Are Near Buy Points",0.25,0.095,0.905,0.0
