﻿,Titles,Polarity,Positive,Neutral,Negative
0,3 Most-Shorted Stocks to Buy That Have Bottomed,0.997,0.121,0.834,0.045
1,Elon Musk invited legal scrutiny by tweeting out his doubts about a $44 billion Twitter bid,0.987,0.086,0.87,0.044
2,"Dow Jones Futures: Stock Market Rally Underway; Get Ready, Get Set, But Don't Go Yet",0.19,0.074,0.926,0.0
3,Tesla stock surges after Elon Musk says Twitter deal is on hold,0.988,0.162,0.827,0.011
4,Dow Jones Jumps As Stocks Strike Back; Twitter Plunges On Elon Musk Move; Warren Buffett Stock Offers Entry,-0.318,0.0,0.905,0.095
5,Here's why meme stocks are hinting at another flashy rally for `junk stocks`,0.954,0.073,0.89,0.038
6,Why Tesla Stock Jumped Higher on Friday,0.832,0.108,0.892,0.0
7,Elon Musk thinks the American work ethic is alive and well … in China,0.985,0.087,0.894,0.019
8,Markets check: Stocks rise as indexes aim to pare weekly losses,0.34,0.076,0.924,0.0
9,Dow Jones Rises As Stocks Strike Back; Twitter Plunges On Elon Musk Move; Warren Buffett Stock Offers Entry,-0.318,0.0,0.905,0.095
10,"If Elon Musk's Twitter plan goes poof, it wouldn't be the first time",0.983,0.08,0.869,0.051
11,Elon Brings Volatility Back to Twitter Shares,0.999,0.163,0.791,0.046
12,"Elon Musk May No Longer Be Distracted By Twitter, And Tesla Could Use His Focus Right Now",0.115,0.043,0.957,0.0
13,Musk May Owe Billions in Legal Fees if He Walks Away From Twitter Deal,-0.348,0.151,0.605,0.244
14,Elon Musk is likely trying to get a lower price for Twitter with ‘deal on hold’ move,0.511,0.219,0.707,0.074
15,"Sell Twitter, Buy Tesla? Here's the Trade as Doubts About Musk's Offer Loom.",0.0,0.0,1.0,0.0
16,"If Elon Musk Wants Out Of Twitter, He Has Several Good Excuses",-0.681,0.0,0.817,0.183
17,Musk Sends Positive Signals to Tesla Investors and Fans,0.296,0.109,0.891,0.0
18,Twitter stock falls after Elon Musk puts buyout deal ‘temporarily on hold’,-0.226,0.062,0.85,0.088
19,"Stock Market Today: Dow Shows Fight, but Weekly Losing Streak Continues",-0.987,0.068,0.802,0.13
20,US STOCKS-Wall Street rallies as growth stocks rebound; Twitter slides,-0.619,0.058,0.885,0.057
21,Musk may be using fake Twitter accounts as an excuse — but they're a real problem,-0.988,0.047,0.868,0.085
22,"Dogecoin Surges 23%, Unphased by Musk's Announced Delay to Buy Twitter",0.0,0.0,1.0,0.0
23,Tesla targets Silver Spring for new service center,0.361,0.143,0.857,0.0
24,7 Tech Stocks Due for a Stunning Short Squeeze,0.999,0.144,0.787,0.068
25,Tesla stock gains more than 5% after Elon Musk tweets Twitter deal is ‘temporarily on hold’,0.0,0.0,1.0,0.0
26,Musk Calls Time Out on Twitter Deal Over Bout With Bots,0.527,0.185,0.815,0.0
27,Tesla CEO Elon Musk says he’s ‘still committed’ to Twitter acquisition,0.0,0.0,1.0,0.0
28,Why Twitter Stock Is Stumbling Today,0.511,0.05,0.95,0.0
29,10 FinTech Stocks to Buy According to Cathie Wood,0.999,0.094,0.888,0.018
30,Twitter stock sinks after Tesla CEO Elon Musk pauses takeover,0.994,0.122,0.85,0.028
31,"Tesla Stock Rallies As Elon Musk Puts Twitter 'On Hold', But China, Bitcoin Inflation Challenges Remain",0.115,0.043,0.957,0.0
32,"Tesla, Rivian, and More EV Stocks to Check Out After a Wild Trading Week",0.0,0.0,1.0,0.0
33,Stock Market Tries To Bounce From Fresh 2022 Lows; Tesla CEO Elon Musk Puts Twitter Deal 'On Hold': Weekly Review,0.128,0.088,0.843,0.069
34,Backing out of the Twitter deal would be unpleasant for Elon Musk,-0.447,0.035,0.89,0.074
35,Nio Shareholders Are Fortunate it Makes Electric Vehicles,0.89,0.056,0.911,0.033
36,"US STOCKS-Wall Street rallies as growth stocks rebound, Twitter slides",-0.805,0.056,0.884,0.06
37,Ford Stock Is a Buy for Serious Investors,0.963,0.13,0.768,0.102
38,Are You Listening Elon? Walk Away From Twitter!,0.681,0.101,0.899,0.0
39,Elon Musk Has Some Good News for Tesla Investors,0.296,0.109,0.891,0.0
40,"Markets: Nasdaq aims to pare losses, Tesla stock rises amid Twitter deal doubts",0.0,0.0,1.0,0.0
41,"EV interest is 'truly surging because of gas prices,' EVgo CEO says",0.996,0.106,0.863,0.032
42,Tesla Stock Remains a Must-Own Company for Serious Investors,-0.117,0.084,0.833,0.082
43,Twitter stock takes a dive after Elon Musk tweet that buyout deal is ‘temporarily on hold’,-0.226,0.062,0.85,0.088
44,"Stocks open higher amid choppy trading week, bitcoin rebounds",0.949,0.045,0.938,0.017
45,Dow Jones Rallies; Twitter Plunges After Elon Musk Says Deal 'On Hold',0.0,0.0,1.0,0.0
46,Elon Musk says Twitter deal is on hold,0.296,0.104,0.896,0.0
47,Why Tesla Stock Is Rising After Elon Musk Put the Twitter Deal on Hold,-0.422,0.02,0.932,0.048
