﻿,Titles,Polarity,Positive,Neutral,Negative
0,"Tesla driver killed in fiery crash was going 90 mph, NTSB report says",-0.908,0.0,0.734,0.266
1,ETFs in Trouble as Tesla Takes the Hit of Musk's Twitter Poll,0.999,0.143,0.826,0.031
2,Rivian’s Trading Debut Surge Drives Value to Almost $88 Billion,0.995,0.101,0.874,0.025
3,"Dow Jones Futures: Market Rally Skids Despite Solid Rivian Debut, Tesla Bounce; Affirm Spikes Late, Disney Falls",0.527,0.253,0.747,0.0
4,Dow ends 240 points lower as inflation surge sends Treasury yields sharply higher,-0.422,0.0,0.909,0.091
5,US STOCKS-Wall Street ends lower as economic data raises long-term inflation threat,-0.882,0.05,0.881,0.069
6,Tesla Rival Lucid Gets Big PT Hike But LCID Stock Dives As Rivian Debuts,0.477,0.177,0.823,0.0
7,Rivian likely to see ‘a lot of volatility’ in the coming weeks: Analyst,0.0,0.0,1.0,0.0
8,Polestar IPO Valuation: Leo DiCaprio’s Titanic Electric Vehicle Aspirations,0.996,0.068,0.921,0.011
9,US STOCKS-Wall Street closes lower as economic data raises long-term inflation threat,-0.832,0.036,0.907,0.057
10,UPDATE 1-Tesla was traveling at high speed before fatal Florida crash -NTSB,-0.983,0.013,0.875,0.112
11,Nio Falls As Earnings Beat But Tesla Rival's Revenue Outlook Falls Short,-0.593,0.0,0.845,0.155
12,"Nasdaq Composite tumbles 1.6%, on track for worst day since October, as long-term Treasury yields surge higher amid inflation fears",-0.422,0.0,0.909,0.091
13,3 Homebuilding Stocks That Are Breaking Out,0.997,0.115,0.856,0.03
14,"Stocks in focus: Rivian, Tesla, Luminar, Coinbase, Booking",0.0,0.0,1.0,0.0
15,US STOCKS-Wall Street extends sell-off on fears of longer-term inflation wave,-0.889,0.033,0.913,0.054
16,"Electric vehicle company valuations 'indicate they'll absolutely dominate this space,' strategist says",0.0,0.0,1.0,0.0
17,What Rivian does is 'tick a lot of different boxes': Autoblog CEO,0.296,0.121,0.879,0.0
18,Bulls creep back in to Tesla options after stock selloff,0.972,0.069,0.923,0.009
19,"Rivian jumps in trading debut, valued at $93 billion",0.318,0.103,0.897,0.0
20,Rivian Soars In IPO Debut As Startup Cashes In On EV Stock Boom,0.0,0.0,1.0,0.0
21,Factbox-Five ways newly public EV startup Rivian compares with Tesla,0.977,0.05,0.948,0.002
22,US STOCKS-Wall St falls as hot consumer prices data fuels inflation worries,0.785,0.049,0.909,0.042
23,Elon Musk’s Latest Tesla Stock Drama Is Almost Over. Now Fundamentals Can Take Over.,0.0,0.0,1.0,0.0
24,"Lucid Could Be Poised To Double Because It Shares This Edge With Tesla, Analyst Says",0.477,0.177,0.823,0.0
25,7 Best Meme Stocks to Put on Your November Buy List,0.999,0.103,0.857,0.041
26,"Yes, Virgin Galactic Stock Is Worth Owning for the Long Term",0.99,0.082,0.882,0.036
27,Don’t make Elon Musk’s expensive stock options tax mistake,0.998,0.133,0.845,0.023
28,Should You Buy the Dip in Tesla With These ETFs?,0.997,0.12,0.841,0.039
29,Why Rivian Automotive Stock Is Set To Rally Today,0.987,0.121,0.845,0.034
30,Why Tesla's Stock Roared Back to Life Today,0.778,0.141,0.82,0.039
31,Rivian indicated to open at $120 a share in IPO,0.998,0.128,0.847,0.025
32,Tesla (TSLA) Rout Continues,0.153,0.089,0.847,0.065
33,Amazon-backed Tesla rival Rivian raises nearly $12B in blockbuster IPO,0.0,0.0,1.0,0.0
34,EV maker Rivian's value leapfrogged Ford's after its $11.9B IPO,0.732,0.076,0.924,0.0
35,"Dow edges lower, and S&amp;P 500, Nasdaq extend modest fall after October inflation jumps",-0.153,0.085,0.8,0.115
36,Retail Traders Flock to EV Stocks With an Eye on U.S. Carmakers,0.81,0.067,0.881,0.052
37,Rivian CEO sees annual production capacity of at least 1 mln vehicles before 2030,0.947,0.052,0.937,0.012
38,Tesla selloff puts at risk its $1 trillion club membership,0.973,0.093,0.887,0.02
39,Tesla Keeps Falling. Why Elon Musk’s Stock Sale Could Be Good News.,-0.077,0.101,0.783,0.115
40,"Microsoft, Apple, and Other Tech Stocks Have Soared. They Aren’t That Expensive.",0.758,0.133,0.867,0.0
41,Why Nio Stock Is About to Lift Off From Here,0.99,0.11,0.825,0.065
42,NIO Earnings Beat Expectations. Why Its Stock Is Dropping.,-0.535,0.0,0.81,0.19
43,Rivian Founder Is Due a $14 Billion Windfall If Stock Hits $295,0.992,0.106,0.869,0.025
44,"Tesla, Lucid, Fisker Stocks Mixed as Price Targets Raised by BofA",0.382,0.115,0.885,0.0
