﻿,Titles,Polarity,Positive,Neutral,Negative
0,"Dow Jones Futures: Market Rally Skids On This Powell Comment, Moderna's Omicron Variant Fears; Salesforce, Zscaler, Tesla Rivals Nio, Li Auto, Xpeng In Focus",-0.422,0.0,0.882,0.118
1,"Dow Jones Dives On This Powell Inflation Warning; Moderna Falls On Covid Fear; Apple, Tesla Stock Rally",-0.637,0.0,0.802,0.198
2,Dow Jones Dives On Powell Inflation Warning; Moderna Falls On This Covid Fear; Tesla Stock Rallies,-0.637,0.0,0.802,0.198
3,Rivian Stock Is Far Too Overvalued to Consider Buying Now,0.987,0.064,0.913,0.023
4,Dow Jones Dives As Powell Gives This Inflation Warning; Moderna Falls As Covid Threat Rises; Tesla Stock Flexes,-0.637,0.0,0.802,0.198
5,7 Best EV Stocks to Buy As The Competition Gets Fierce,1.0,0.176,0.808,0.017
6,Big Money Buys Tesla Again and Again,0.996,0.154,0.811,0.035
7,Why Nio Stock Plunged Today,0.0,0.0,1.0,0.0
8,Investors Unfazed as Microsoft CEO Nadella Sells Shares,0.0,0.0,1.0,0.0
9,7 Chip Stocks to Buy as the Supply Crunch Carries On,1.0,0.112,0.881,0.007
10,The 'SPAC King' just explained why Rivian's $100 billion-plus market cap isn't as crazy as you think — here are 3 more EV stocks to get in on the boom,0.997,0.098,0.889,0.013
11,Jack Dorsey called founder-CEOs 'a single point of failure' — here are some other founder-CEOs,0.995,0.067,0.92,0.013
12,2022 Will Be a Bigger Year for Tesla Stock Than 2021,0.077,0.075,0.925,0.0
13,"Could Rivian, Lucid, or Nio Become the Next Tesla?",0.796,0.144,0.856,0.0
14,Elon Musk Is Coming Back—to Tesla’s Earnings Call,-0.296,0.0,0.909,0.091
15,Never Mind Tesla CEO Elon Musk’s Stock Sales. Look What Microsoft’s CEO Just Did.,0.296,0.095,0.905,0.0
16,Dow Jones Sells Off As Moderna CEO Expects Less Effective Vaccines For Omicron Variant,0.428,0.114,0.886,0.0
17,Tesla Makes Some of the Best EVs — But Not All of Them. Here’s Who Is Nipping at Its Heels.,0.296,0.128,0.872,0.0
18,These 3 Charts Should Have Nio Investors Excited,0.0,0.0,1.0,0.0
19,"Tesla (TSLA) to Boost Shanghai Production, Open Berlin Plant",0.997,0.092,0.89,0.018
20,Dow Jones Futures Sell Off As Moderna CEO Expects Less Effective Vaccines For Omicron Variant,0.428,0.119,0.881,0.0
21,Elon Musk Is Coming Back — to Tesla’s Earnings Call,-0.296,0.0,0.909,0.091
22,Why Tesla Deliveries Could Soar 50% in 2022,0.0,0.0,1.0,0.0
23,Is Nio Stock a Buy?,-0.402,0.0,0.941,0.059
24,Twitter Has Paled Alongside Other Tech Firms Run by Their Founders,0.991,0.1,0.868,0.032
25,Why Is Everyone Talking About Lucid Stock?,0.382,0.14,0.86,0.0
26,4 Stocks Billionaires Are Buying Hand Over Fist,0.927,0.196,0.804,0.0
27,"Tyson Foods, Cracker Barrel, NIO, Royal Dutch Shell and Tesla highlighted as Zacks Bull and Bear of the Day",1.0,0.122,0.829,0.049
28,Who Makes the Best EVs? They Don’t All Come From Tesla.,0.296,0.128,0.872,0.0
29,Dow Jones Futures Dive As Moderna CEO Predicts Less Effective Vaccines For Omicron Variant,0.428,0.124,0.876,0.0
