﻿,Titles,Polarity,Positive,Neutral,Negative
0,"Dow Jones Futures Dip On U.S. Omicron Cases After Market Rallies, DocuSign Dives; Jobs Report On Tap",-0.572,0.0,0.817,0.183
1,Tesla (TSLA) Stock Sinks As Market Gains: What You Should Know,0.991,0.104,0.883,0.013
2,"Dow Jones Futures: Market Rallies, But Be Wary; Tesla Rivals Lucid, Rivian, Xpeng, Li Auto Skid; DocuSign, Asana Dive With Jobs Report On Tap",-0.572,0.0,0.783,0.217
3,"4 Top Stock Trades for Friday: NIO, F, NVAX, CRWD",0.983,0.1,0.846,0.054
4,Exclusive-Toyota turns to Chinese tech to reach its electric holy grail,0.993,0.073,0.891,0.035
5,10 Best Fast Growth Stocks to Buy Now,0.999,0.099,0.894,0.007
6,Polestar CEO on the EV automaker's new cars,0.0,0.0,1.0,0.0
7,"Tesla’s $1,900 ‘Cyberquad’ EV for kids has already sold out, restocked and sold out again",0.026,0.041,0.919,0.04
8,Tesla rival Polestar unveils big plans for electric vehicle era,0.974,0.076,0.907,0.017
9,"Top Analyst Reports for Tesla, Meta Platforms &amp; Abbott Laboratories",0.998,0.175,0.813,0.012
10,Abortion could become a business nightmare in 2022,-0.952,0.065,0.853,0.082
11,Why Tesla (TSLA) Skyrocketed During the Pandemic,0.612,0.208,0.792,0.0
12,Why Investors Need to Stay Far Away From Rivian (for Now),0.382,0.193,0.693,0.114
13,"GM shares advance, Boeing stock jumps, Dollar General stock dips",0.0,0.0,1.0,0.0
14,"Dow Jones Rallies, But Stock Market Sell-Off Worsens; Apple Slides On Weak iPhone Demand",-0.743,0.0,0.722,0.278
15,"Dow Jones Bounces, But Stock Market Sell-Off Worsens; Apple Slides On Weak iPhone Demand",-0.743,0.0,0.722,0.278
16,'Inflationary costs are real': Medtronic CEO,0.0,0.0,1.0,0.0
17,"Dow Jones Futures Bounce, But Stock Market Sell-Off Worsens; Apple Slides On Weak iPhone Demand",-0.743,0.0,0.711,0.289
18,"Tesla Just Launched a New EV. It’s a $1,900 ‘Cyberquad’ for Kids.",0.402,0.124,0.876,0.0
19,Tesla Unveils All-Electric Cyberquad For Kids,0.612,0.085,0.915,0.0
20,How to Invest in Tesla for Less Than a Gallon of Gas,0.823,0.167,0.833,0.0
21,This Terrific Opportunity Could Supercharge AMD Stock in the Long Run,0.782,0.346,0.654,0.0
22,Influencers with Andy Serwer: Geoff Martha,-0.527,0.0,0.923,0.077
23,Tesla launches electric quad bike in U.S. for kids,0.625,0.061,0.92,0.019
24,Electric Vehicle Checkpoint: EV Sales More Than Doubled in 2021,0.202,0.079,0.921,0.0
25,Tesla officially relocates HQ to Austin-area factory,0.077,0.025,0.975,0.0
