﻿,Titles,Polarity,Positive,Neutral,Negative
0,"Canal Insurance CO Buys Weibo Corp, Pfizer Inc, Northrop Grumman Corp, Sells APA Corp, Tesla ...",0.996,0.072,0.923,0.004
1,"In drag races between Lucid and Tesla, one EV maker was clear winner",0.0,0.0,1.0,0.0
2,"Cookson Peirce &amp; Co Inc Buys Tesla Inc, Devon Energy Corp, Iron Mountain Inc, Sells Comcast ...",0.994,0.051,0.944,0.005
3,Tesla fans complain that Biden ignores company’s EV leadership,0.422,0.15,0.758,0.092
4,"Dow Jones Futures: Stock Market Surges; Tech Titans Alphabet, AMD, PayPal Set To Report Earnings",0.0,0.0,1.0,0.0
5,"Nasdaq Surges 3.4%, Retakes 14,000 Level; Upgrades Lift Tesla, Netflix; Boeing Leads Dow Jones",0.34,0.107,0.893,0.0
6,10 Stocks That Beat Quarterly Expectations,0.998,0.115,0.869,0.016
7,Stock Market Today: Stocks Enjoy Stellar End to Woeful January,0.998,0.163,0.78,0.058
8,"Stocks moving higher: Robinhood, AMD, Boeing, Tesla",0.986,0.075,0.897,0.028
9,Rivian Stock Price Predictions: Did Credit Suisse Really Just Endorse RIVN?,0.992,0.105,0.88,0.015
10,Investors Bullish on the EV Trend Should Take a Look at Fisker Stock,0.991,0.085,0.874,0.041
11,"Dow Jones Up As Stock Market Rallies; Joe Rogan Apologizes, Spotify Spikes; Tesla Stock Surges",0.477,0.198,0.729,0.073
12,GM Stock: GM Earnings Due With Outlook Key After Tesla Warning,-0.572,0.1,0.709,0.191
13,GM earnings: Investors will be inspecting 2022 outlook and EV plans,0.0,0.0,1.0,0.0
14,Why Lucid Stock Lit Up Today,0.963,0.196,0.791,0.013
15,Best Oversold Stocks to Buy for February 2022,0.999,0.164,0.824,0.013
16,"Stocks Bounce on Tesla, Netflix; Wild January Poised to End Lower",0.0,0.0,1.0,0.0
17,Sony to buy video game maker Bungie for $3.9 billion,0.989,0.086,0.888,0.027
18,"Replay – Squeezes, Margin and Naked Shorts: Join Hedge Fund Veteran Charles Gradante in Fireside Chat Monday at 12PM ET",-0.898,0.029,0.904,0.068
19,Hedged Tesla Fund Wants to Tame Wild Ride in Elon Musk’s Company,0.949,0.086,0.855,0.06
20,15 Most Valuable Nordic Companies in the World,0.999,0.105,0.86,0.035
21,"NJ State Employees Deferred Compensation Plan Buys Tesla Inc, Glacier Bancorp Inc, Regal ...",0.987,0.053,0.942,0.005
22,Why Rivian Stock Is Rocking Today,0.962,0.199,0.801,0.0
23,7 Reddit Stocks to Add to Your February Buy List,0.999,0.132,0.824,0.044
24,"Top Analyst Reports for Apple, Tesla &amp; Johnson &amp; Johnson",0.999,0.166,0.782,0.051
25,Is Tesla Stock Set for a Turnaround?,0.361,0.122,0.878,0.0
26,SEC May Investigate Index Providers,0.459,0.182,0.818,0.0
27,"Tesla, Spotify stocks get a boost in midday trading",0.0,0.0,1.0,0.0
28,Why Tesla Stock Is On Fire Today,0.915,0.175,0.825,0.0
29,"Tesla stock 'checks all the boxes,' soars 8% after Credit Suisse upgrade",0.982,0.083,0.896,0.021
30,"Buy Tesla as the Electric-Vehicle Maker ‘Checks All the Boxes,’ Credit Suisse Says",0.983,0.115,0.84,0.045
31,"EV Stocks: What’s Driving LCID, XPEV, RIVN, TSLA, RIDE and WKHS Higher Today?",0.995,0.125,0.866,0.009
32,Tesla stock jumps after Credit Suisse upgrades shares,0.827,0.137,0.836,0.027
33,"Auto Roundup: A Look at Q4 Earnings of PCAR, TSLA, OSK, GNTX &amp; ALV",0.995,0.087,0.881,0.032
34,"EV Roundup: TSLA's Solid Q4 Show, GM's Big Electrification Bet &amp; More",0.995,0.075,0.909,0.016
35,"Kia recalls 410,000 cars, 19-year-old counters Musk over Twitter bot, Nadal wins Australian open",-0.202,0.067,0.85,0.083
36,"EV Charging Stations Expanding, But Must Ramp Up For Electric Vehicle Boom",0.55,0.151,0.849,0.0
37,"Tesla, GM Stocks and Three Others Could Be Best EV Plays",0.34,0.094,0.906,0.0
38,"Market check: Stocks higher in early trading, oil rises, Tesla shares pop",0.0,0.0,1.0,0.0
39,S&amp;P 500 in Rally Mode as Tech Continues Comeback,0.931,0.11,0.819,0.071
40,"Dow Jones Slides After Stock Market Rebound; Netflix, Spotify, Tesla Surge On Upgrades",0.0,0.0,1.0,0.0
41,"One Capital Management, LLC Buys PowerShares QQQ Trust Ser 1, Microsoft Corp, iShares Core ...",0.997,0.065,0.928,0.007
42,"Wells Trecaso Financial Group, LLC Buys Exxon Mobil Corp, Chevron Corp, Vanguard FTSE Emerging ...",0.996,0.098,0.894,0.008
43,"Act Wealth Management, Llc Buys Fathom Holdings Inc, Edwards Lifesciences Corp, PowerShares QQQ ...",0.999,0.155,0.839,0.006
44,"Grove Bank &amp; Trust Buys Prologis Inc, Canadian Pacific Railway, Freeport-McMoRan Inc, Sells ...",0.999,0.129,0.865,0.007
45,U.S. EV charging network is more robust but provider differences remain,0.986,0.121,0.879,0.0
46,"Dow Jones Futures Slide After Stock Market Rebound; Netflix, Spotify, Tesla Rise On Upgrades",0.0,0.0,1.0,0.0
47,"Autoliv (ALV) Meets Q4 Earnings Estimates, Hikes Dividend",0.992,0.086,0.89,0.023
48,"Gentex's (GNTX) Q4 Earnings Surpass Estimates, Revenues Meet",0.997,0.097,0.883,0.02
