﻿,Titles,Polarity,Positive,Neutral,Negative
0,Tesla (TSLA) Stock Gains on Report About China EV Sales,0.318,0.095,0.905,0.0
1,"5 at 5: Your Daily Digest for Real Estate Investing, 8/2/21",-0.34,0.083,0.794,0.123
2,"Dow Jones Futures: Stock Market Rally Erases Gains On Economy Fears, But Tesla, Square Lead New Buys; SolarEdge Shines Late",-0.128,0.055,0.87,0.075
3,15 Most Volatile Stocks To Buy Now,0.999,0.081,0.894,0.025
4,Tesla And AMD Lead The QQQ In A Mixed Day Of Trading Monday,0.886,0.101,0.832,0.067
5,2 Stocks that Could be the Next GME or AMC,0.999,0.12,0.85,0.03
6,Is Nio Stock A Buy After July Sales More Than Double?,0.273,0.077,0.923,0.0
7,GM Stock A Buy? General Motors Tests Key Level Ahead Of Huge Update,0.0,0.0,1.0,0.0
8,Why Tesla Stock Popped Monday,0.878,0.232,0.768,0.0
9,Tesla Keeps Winning Even as Chinese EV Foes Watch Sales Soar,0.0,0.0,1.0,0.0
10,This Bill Gates-backed battery maker is on track to do big things for electric vehicles: CEO,0.937,0.049,0.942,0.008
11,Is Tesla (TSLA) A Great Investment Pick?,0.997,0.126,0.851,0.022
12,GM has a tough act to follow this week after Tesla and Ford beats,0.0,0.0,1.0,0.0
13,UPDATE 1-Piedmont Lithium delays timeline to supply Tesla,-0.692,0.028,0.923,0.049
14,"Dow Loses Steam Into Close as Rising Cases, Weaker Economic Data Weigh",0.625,0.06,0.887,0.053
15,Tesla's Musk denies demanding to be Apple CEO,-0.273,0.098,0.711,0.191
16,Investors Should Get Plugged Into Heliogen’s Smart Solar Power,0.997,0.126,0.845,0.029
17,Using Options To Create A 10% Synthetic 'Dividend' On Tesla Stock,-0.44,0.0,0.847,0.153
18,Dow Eases From Record as Stocks Struggle for Direction,0.953,0.075,0.895,0.031
19,"Dow Jones Today, Stocks Jump On Infrastructure Progress, China Bounce; BioNTech Leads Vaccine Rally",0.0,0.0,1.0,0.0
20,10 Cheapest Stocks on Robinhood,0.999,0.104,0.881,0.015
21,Are Solar Suburbs the Solution to the Housing Shortage? Elon Musk Thinks So,0.422,0.052,0.948,0.0
22,10 Best FAANG Stocks to Buy Now,1.0,0.113,0.867,0.02
23,"Dow Jones Today, Futures Rise On Infrastructure Progress, China Bounce; BioNTech Leads Vaccine Rally",0.0,0.0,1.0,0.0
24,"Auto Stock Roundup: Earnings Highlights of TSLA, F, PCAR, ORLY &amp; LKQ",0.997,0.104,0.874,0.021
25,"Tesla Stock Passes $700 for First Time in 3 Months, Musk Tweets Raise Questions",-0.316,0.0,0.875,0.125
26,EV sales continue to gain ground,0.141,0.072,0.928,0.0
