﻿,Titles,Polarity,Positive,Neutral,Negative
0,3 Most-Shorted Stocks Offering Pullbacks to Buy,0.999,0.151,0.812,0.037
1,Is Dogecoin Dead? Elon Musk and Mark Cuban Say ‘So Much No’,0.997,0.109,0.838,0.052
2,The Stock Market Is Dropping. Why Consumer Discretionary Stocks Seem to Be Rising.,0.361,0.116,0.884,0.0
3,"Cirrus Logic Leads Nasdaq Lower, But Why Is Tesla Rising?",0.34,0.107,0.845,0.048
4,Big Tech Stocks Flash Red Flag to Regulators After Q1 Earnings Splash,0.999,0.113,0.861,0.026
5,Elon Musk Is Wrong. Why LiDAR Stocks Are the Future of Self-Driving.,0.999,0.116,0.852,0.031
6,3 Electric Vehicle Charging Stocks Juiced Up For Summer Gains,0.996,0.107,0.874,0.019
7,Tesla Stock Turns Higher Because Sales and Deliveries May Blow Away Estimates,-0.71,0.0,0.796,0.204
8,Vietnam's answer to Tesla has U.S. in its electric sights,0.998,0.086,0.889,0.025
9,7 Battery Stocks Powering a Green Road Trip,0.999,0.109,0.854,0.037
10,"Stock Market Rally Navigates Earnings From Apple, Tesla, Google, Facebook, Microsoft, Amazon",0.0,0.0,1.0,0.0
11,Top Stocks 2021: 11 Bullseye Stock Picks for Your Must-Buy List,1.0,0.154,0.812,0.034
12,Fisker Stock Looks More Like a Bargain Here Than a Falling Knife,0.997,0.117,0.829,0.053
13,"Dow Jones Futures Fall: Amazon Flashes Buy Sign But Apple Suppliers, Nio, Twitter Lead Earnings Losers",0.178,0.102,0.898,0.0
14,"Volkswagen to design chips for autonomous vehicles, says CEO",0.572,0.03,0.97,0.0
15,"Dow Jones Futures Fall: Amazon Flashes Buy Sign But Apple Suppliers, Nio, Twitter Lead Earnings Losers",0.178,0.102,0.898,0.0
16,"Volkswagen to design chips for autonomous vehicles, says CEO",0.572,0.029,0.971,0.0
17,1 Question Tesla Investors Need to Ask Themselves,0.477,0.11,0.838,0.051
18,EV-Charging Industry Is Doing Everything Except Showing a Profit,0.997,0.094,0.88,0.026
19,FOCUS-Vietnam's answer to Tesla has U.S. in its electric sights,0.998,0.087,0.888,0.025
20,Nio Earnings Mixed As Q2 Deliveries Seen Nearly Flat Amid Chip Woes,-0.25,0.0,0.909,0.091
21,Cobalt price jump underscores reliance on metal for electric vehicle batteries,-0.586,0.011,0.945,0.044
