﻿,Titles,Polarity,Positive,Neutral,Negative
0,"Microsoft, Google Are Latest Tech Giants to Hit Brakes on Hiring",-0.994,0.026,0.91,0.064
1,"Tesla Beats Profit Estimates, Keeps 50% Target for Output Growth",0.973,0.099,0.832,0.069
2,Tesla profit drops but company hits new production level,-0.908,0.061,0.856,0.084
3,Stock Rally to Pause in Asia as Dollar Advances: Markets Wrap,-0.968,0.054,0.865,0.082
4,Tesla’s supply chain struggles forced it to sell off 75% of its bitcoin,0.153,0.06,0.94,0.0
5,Musk Promises Tesla Will Buy Back Bitcoin in the Future,0.881,0.122,0.878,0.0
6,"After Tesla sold most of its bitcoin, Elon Musk says he is open to buying more, though ‘cryptocurrency is a side show’",0.0,0.0,1.0,0.0
7,Tesla Sells Majority of Bitcoin After Turbulent Crypto Foray,-0.028,0.078,0.858,0.064
8,"Markets Modestly Up on Relief Rally; Tesla, United, Sands Mixed in Q2",0.989,0.122,0.816,0.062
9,Elon Musk and Tesla Aren't Big Bitcoin Fans Anymore,0.511,0.142,0.858,0.0
10,"Elon Musk swore in March not to sell any Bitcoin, but Tesla cashed out 75% of its Bitcoin holdings amid the crypto winter just months later",0.839,0.05,0.931,0.02
11,Tesla Sells Majority of Bitcoin After Unprofitable Crypto Foray,-0.155,0.081,0.851,0.068
12,UPDATE 1-Bitcoin briefly falls after Tesla says it sold 75% of its holdings,0.953,0.111,0.87,0.019
13,China is the 'hearts and lungs' of the Tesla story: Analyst,0.361,0.088,0.912,0.0
14,Tesla (TSLA) Q2 Earnings Top Estimates,0.995,0.098,0.892,0.01
15,"Tesla Tops Q2 Earnings Views, But Automotive Margins Decline; Tesla Stock Gains After Hours",-0.153,0.0,0.929,0.071
16,Tesla profits jump despite production disruptions,0.226,0.092,0.824,0.084
17,Tesla and United Airlines stock after reporting second-quarter earnings today,0.422,0.149,0.851,0.0
18,"United Airlines, Peloton, and Netflix shares slip in after-hours trading",0.0,0.0,1.0,0.0
19,"Dow Jones Futures: Market Rally Gains Steam, But Still Missing This; Tesla Leads Earnings Movers",0.55,0.139,0.861,0.0
20,Bitcoin briefly falls after Tesla says it sold 75% of its holdings,0.953,0.113,0.867,0.019
21,"Tesla sells $936 million worth of bitcoin in the second quarter, still holds Dogecoin",0.972,0.066,0.913,0.021
22,"Tesla Tops Q2 Earnings Forecast, But Profit Margins Narrow; Dumps Nearly 1 Billion In Bitcoin",0.128,0.102,0.841,0.057
23,"Tesla sold 75% of bitcoin holdings in second quarter, as crypto prices crashed",-0.296,0.0,0.973,0.027
24,Tesla Ends Streak of Record Quarterly Profits After China Factory Shutdown,-0.34,0.0,0.833,0.167
25,Investors should be seeking 'measured optimism' ahead of recessionary environment: Strategist,0.637,0.133,0.867,0.0
26,"Tesla reports a second-quarter earnings beat, 50% annual growth in vehicle deliveries",0.998,0.123,0.87,0.007
27,Florida jury finds Tesla just 1% to blame for teen driver’s fiery crash,-0.914,0.0,0.612,0.388
28,"Tesla earnings meet Q2 expectations, sells 75% of its Bitcoin",0.858,0.05,0.926,0.024
29,"Dow Futures Ease After Major Indices Extend Rally, Tesla Reports",0.95,0.093,0.871,0.037
30,Earnings: What investors should expect for Tesla and United Airlines,0.422,0.128,0.872,0.0
31,Dow Jones Gains; Tesla Earnings Due As Elon Musk Makes This Boast; Netflix Stock Surges,-0.202,0.0,0.909,0.091
32,Dow Jones Gains; Tesla Stock Rises After Elon Musk Makes This Boast; Netflix Surges,0.202,0.121,0.794,0.084
33,Judge's ruling on Twitter-Musk timeline offers clues on how case will play out,-0.939,0.068,0.843,0.089
34,Goldman Sachs: The economy 'is going to slow a lot' — but there is one big upside,0.974,0.084,0.867,0.049
35,Dow Jones Dips; Tesla Earnings Due As Stock Rallies; Netflix Surges On Subscriber Surprise,0.103,0.109,0.798,0.092
36,US STOCKS-Nasdaq boosted by growth stocks after Netflix's upbeat forecast,0.738,0.09,0.833,0.077
37,Our society has given a pass to elite bad actors: Patrick Radden Keefe,0.0,0.0,1.0,0.0
38,Key Apple Supplier Foxconn Forge EV Partnership With NXP Semiconductors,0.986,0.147,0.823,0.03
39,The level of sneakiness with Americans hiding money abroad is staggering: Patrick Radden Keefe,0.202,0.124,0.792,0.084
40,Tesla earnings: EV maker expects weaker quarter due to China factory shutdown,0.0,0.0,1.0,0.0
41,GM’s CEO Mary Barra doubles down on prediction she’ll beat Elon Musk in electric vehicle sales by 2025. Right now he outsells her by 14x,0.934,0.075,0.875,0.05
42,Stock Market Consolidating Gains After Tuesday's Rally; All Eyes On Tesla,-0.727,0.0,0.889,0.111
43,Should Investors Wait for the Stock Split to Buy Tesla?,0.934,0.222,0.778,0.0
44,US STOCKS-Nasdaq boosted by growth stocks after Netflix's upbeat forecast,0.075,0.078,0.847,0.075
45,"Market check: Stocks flat at open, bitcoin price jumps",0.0,0.0,1.0,0.0
46,Are You a Momentum Investor? This 1 Stock Could Be the Perfect Pick,0.997,0.17,0.823,0.007
