﻿,Titles,Polarity,Positive,Neutral,Negative
0,7 Lithium Stocks to Gamble On As the Metal Becomes Critical,0.999,0.129,0.809,0.062
1,Dow Jones Futures: 2022's First Real Market Rally Gains Steam; Five Stocks Flash Buy Signals,-0.19,0.081,0.81,0.109
2,Are EVs a Buy Right Now?,0.998,0.097,0.854,0.05
3,"Electric vehicles: ‘We’ve seen a fairly steep rise’ in searches, analyst says",0.0,0.0,1.0,0.0
4,Stocks turn positive as major averages head for weekly gains,0.0,0.0,1.0,0.0
5,Tesla Clears a Big Obstacle for the Model 3 and Model Y,0.013,0.04,0.921,0.039
6,"3 Well-Priced, Most-Shorted Stocks to Buy",0.996,0.102,0.867,0.031
7,Tesla CEO Elon Musk Is Working On Master Plan 3. The Stock Is Jumping.,0.153,0.028,0.972,0.0
8,Can Rivian Replicate Tesla's Magic and Turn Things Around?,0.128,0.176,0.667,0.157
9,"A Key GM EV Rivaling Rivian, Ford and Tesla Hits a Speed Bump",0.0,0.0,1.0,0.0
10,Tesla stock on track for best week in almost 3 months,0.997,0.117,0.86,0.023
11,"Why Tesla, Lucid, and Rivian Stocks All Just Popped",0.898,0.14,0.834,0.026
12,Tesla's Musk Makes a Big Move on the Las Vegas Strip,0.813,0.225,0.731,0.044
13,Stock Market Rally Follows Through As Investors Buy Into Fed Optimism: Weekly Review,0.0,0.0,1.0,0.0
14,"Behind on production, Lucid may join Tesla in hiking the price of its electric vehicles",-0.103,0.0,0.947,0.053
15,Tesla Stock Could Be Headed for a Fall. Why It’s Time to Buy Some Insurance.,0.115,0.055,0.945,0.0
16,"Nasdaq outperformers: Nvidia, Tesla, DocuSign",0.0,0.0,1.0,0.0
17,Tesla could create an aviation division: Morgan Stanley,0.97,0.088,0.896,0.017
18,Volkswagen (VWAGY) 2022 View Clouded Amid Ukraine Crisis,0.907,0.068,0.875,0.057
19,"Midday Movers: Tesla, Nvidia Make Gains, FedEx Slides",0.956,0.102,0.88,0.018
20,Tesla could eventually make flying aircrafts: analyst,0.956,0.074,0.904,0.022
21,"Tesla Aviation a When Not An If, Says Analyst",0.625,0.049,0.936,0.014
22,"FedEx, GameStop Fall in Premarket; Boeing Rises",0.541,0.071,0.862,0.067
23,Dow Jones Futures: Market Rally Gaining Momentum; Tesla Stock Charges Higher,0.361,0.173,0.733,0.094
