﻿,Titles,Polarity,Positive,Neutral,Negative
0,7 Electric Vehicle Stocks With Big Products for 2021,0.999,0.098,0.885,0.017
1,"When Social Capital Hedosophia Holdings IV Names A Partner, IPOD Stock Could Become Another Winner",0.996,0.097,0.881,0.022
2,Why Bitcoin Is Better Than Bonds,0.997,0.135,0.813,0.052
3,It’s Been an Epic Week for Fisker. Here’s What Wall Street Is Saying.,0.296,0.109,0.891,0.0
4,"Bitcoin Rally Shows No Signs of Slowing Down, Despite Skepticism",0.994,0.093,0.867,0.041
5,Bitcoin Has Tumbled More Than 20%. What to Make of Its Bear Market.,-0.557,0.0,0.874,0.126
6,"Dow Jones Futures: Market Rally Breaks Support As Treasury Yields Soar; Nvidia, Teladoc, Tesla Flash Sell Signals",0.178,0.202,0.673,0.126
7,"Flying Cars, of a Sort, Are Coming. There Are Two Stocks for That.",0.0,0.0,1.0,0.0
8,"How Hyundai Avoided The Chip Shortage Plaguing Tesla, Other Automakers",-0.864,0.045,0.879,0.076
9,"Risk Rally Halted, Stimulus Vote, ARKK Outflows - What's up in Markets",-0.979,0.068,0.83,0.101
10,Coinbase Could Go Public as Soon as March,0.44,0.116,0.884,0.0
