﻿,Titles,Polarity,Positive,Neutral,Negative
0,"Dow Jones Futures: Stock Market Rally Slashes Losses, Bitcoin Keeps Moving Late; Target, Facebook, Google In Buy Zones",-0.318,0.1,0.699,0.201
1,Michael Burry is Shorting Tesla and Buying These 10 Stocks Instead,1.0,0.114,0.855,0.031
2,‘Cryptocrash’ trends on Twitter as plunge in bitcoin leads to dark humor and mockery,-0.44,0.113,0.661,0.226
3,Elon Musk’s carbon comments will be ‘changing point’ for bitcoin: Gryphon CEO,0.884,0.048,0.929,0.023
4,Bitcoin Marches Away From Crypto Pack in Show of Resiliency,0.992,0.109,0.847,0.044
5,Jim Cramer: Accept the Beatdown in the Specs and Buy the Most Solid Companies,0.264,0.043,0.957,0.0
6,Bearish Option Trade On Tesla Stock Could Yield A 56% Return,0.178,0.144,0.746,0.109
7,Bitcoin: Buy the Dip?,-0.296,0.0,0.872,0.128
8,Bitcoin Falls On New Crackdown But Musk Rallies Faithful; Coinbase Knocked Out Briefly,-0.382,0.0,0.885,0.115
9,Coinbase IPO Turns Out to Have Been Bad Day to Splurge on Crypto,0.966,0.087,0.862,0.051
10,GM and Ford Find New Bulls Who Sees Shares Rising 40%,0.361,0.091,0.909,0.0
11,"Is GM Stock A Buy? General Motors' EV, AV Plans Race Ahead",0.502,0.115,0.885,0.0
12,"Bitcoin, Cryptocurrencies Tumble On Latest Crackdown; Coinbase Knocked Out Briefly",-0.382,0.0,0.885,0.115
13,"Dow Jones Drops As Stock Market Sells Off Again; Bitcoin Plunges, But Target Soars",0.318,0.185,0.723,0.092
14,S&amp;P 500 Ends Well Above Lows on Chip-Led Rebound in Tech,-0.262,0.076,0.851,0.073
15,Why Tesla Stock Fell Sharply on Wednesday,0.735,0.148,0.804,0.048
16,"Dow Jones Dives 587 Points As Bitcoin Crashes On These Warnings; Apple, Tesla Sell Off",-0.296,0.0,0.916,0.084
17,Tesla’s Slump Wipes $300 Billion Off Market Value Since January,0.89,0.116,0.801,0.083
18,‘Cryptocrash’ becomes trending topic as plunge in bitcoin leads to dark humor and mockery,-0.44,0.113,0.661,0.226
19,"Bitcoin's Musk hangover infects crypto world, Tesla: 'The next microbubble... to get pricked'",0.942,0.046,0.931,0.022
20,Musk: Tesla has ‘diamond hands’,0.0,0.0,1.0,0.0
21,"Dow Jones Dives As Bitcoin Crashes On These Warnings; Apple, Tesla Sell Off",-0.296,0.0,0.916,0.084
22,10 Biggest Companies and Hedge Funds Bullish on Ethereum,0.999,0.101,0.884,0.015
23,S&amp;P 500 Off Lows as Traders Buy Dip in Chips to Boost Tech,0.028,0.077,0.848,0.075
24,"My Take: 3 Reasons Tesla Investors Should Not Be Worried About ""The Big Short"" Investor",0.361,0.102,0.898,0.0
25,China Bars Financial Companies From Cryptocurrency Services,0.903,0.162,0.8,0.038
26,Here's Why Betting Against Tesla Stock May Not Be Wise,0.402,0.209,0.791,0.0
27,"Cathie Wood Buys More Tesla Amid Musk Bitcoin Spat, Burry Shorts",0.928,0.086,0.882,0.032
28,Dow Jones Futures Signal Sharp Losses For Market Rally As Bitcoin Crashes; More Bad Tesla News But Target Earnings Strong,-0.625,0.073,0.694,0.233
29,Electric Vehicle Checkpoint: Tesla May Be Losing Its Lead in the EV Market,0.202,0.076,0.924,0.0
30,Worried About Crypto Energy Use? Check Out These Clean Energy Plays,0.84,0.168,0.804,0.028
31,"Dow Jones Futures Fall Sharply: Stock Market Rally Below Key Levels, Bitcoin Hits New Lows; More Bad Tesla News",-0.572,0.0,0.783,0.217
32,"No pain, no gain for big funds hunting the next Tesla",0.997,0.091,0.876,0.033
33,"INSIGHT-No pain, no gain for big funds hunting the next Tesla",0.997,0.093,0.879,0.028
34,"Bitcoin Bounces From $30,000 Low as Elon Musk Tweets 'Diamond Hands'",0.625,0.254,0.746,0.0
35,Wall Street Tumbles at Open as Crypto Crashes; Dow Down 410 Pts,0.64,0.087,0.842,0.071
36,Bitcoin Plummets Amid Crypto Rout: Jim Cramer Says 'Accept The Beatdown',-0.422,0.076,0.759,0.165
37,"UPDATE 2-Bitcoin slides below $40,000 after China's new crypto curbs",0.895,0.074,0.868,0.058
38,Tesla Slips as China New-Vehicle Registrations Downshift Dramatically,-0.382,0.0,0.909,0.091
