﻿,Titles,Polarity,Positive,Neutral,Negative
0,Here's What the Chart Says About Buying or Selling Tesla,0.153,0.022,0.978,0.0
1,Nio Stock A Buy? Tesla China Rival Rises With EV 'Supercycle' Set To Take Off,0.0,0.0,1.0,0.0
2,Musk Says SpaceX Discussed iPhone Satellite Service With Apple,0.91,0.061,0.907,0.032
3,These Leveraged ETFs Are All About Price -- and Elon's Erratic Tweets,0.802,0.129,0.871,0.0
4,Twitter Agreed to Pay Whistleblower Roughly $7 Million in June Settlement,-0.153,0.142,0.662,0.195
5,Musk vs. Twitter: A Guide to an Unconventional Battle,-0.402,0.0,0.847,0.153
6,Solar Meets Wind for Carbon-Free Electricity: Join CEO of KiNRG in Fireside Sep 15 at 2pm ET,0.997,0.136,0.85,0.014
7,Cheaper electric vehicles coming despite rising battery costs,0.0,0.0,1.0,0.0
8,Did Vladimir Putin Play a Role in Musk's Twitter Withdrawal?,0.318,0.185,0.717,0.098
9,Tesla to host town hall event near Brandenburg plant on Sunday,0.866,0.077,0.923,0.0
10,Tesla Deliveries In China Approach Record High After Production Lull,0.0,0.0,1.0,0.0
11,Rivian Teams Up With Mercedes-Benz To Make Electric Vans In Europe; Is RIVN Stock A Buy?,-0.402,0.074,0.736,0.19
12,Elon Musk May Have Given Up on Twitter for Fear of World War III,0.318,0.185,0.717,0.098
13,"Dow Jones Falls After Powell Speech; AMD, First Solar Climb On Buy Ratings",0.0,0.0,1.0,0.0
14,"Tesla delivers 77,000 vehicles from China factory",0.0,0.0,1.0,0.0
15,"Dow Jones Falls During Powell Speech; AMD, First Solar Climb On Buy Ratings",0.0,0.0,1.0,0.0
16,"NIO's Q2 Loss Widens Y/Y, Revenues Rise, Outlook Revised",0.99,0.095,0.88,0.025
17,"Tesla Deliveries From China Factory Jump, but BYD Races Ahead in Country",0.0,0.0,1.0,0.0
18,Stem vs. Tesla -- Which Stock Is a Better Buy Now?,0.671,0.2,0.8,0.0
19,10 Best Penny Stocks to Buy in September,1.0,0.18,0.804,0.016
20,‘I was not prepared to take on a major distraction’: Former Disney CEO shares why he balked at a Twitter deal,0.34,0.079,0.921,0.0
21,"Dow Jones Futures Rise Ahead Of Powell Speech; AMD, First Solar Rally On Buy Ratings",0.0,0.0,1.0,0.0
22,Tesla’s Shanghai Production in August Likely Was a Record. Plant Improvements Worked.,0.0,0.0,1.0,0.0
23,"Tesla Deliveries From Shanghai Factory Jump, but BYD Races Ahead in China",0.0,0.0,1.0,0.0
24,"Tesla Sees Big Jump In August China Sales, But Growth Rate Tested As Economy Slows",0.0,0.0,1.0,0.0
25,Will This 1 Thing Short Circuit the EV Industry?,-0.459,0.0,0.947,0.053
26,UPDATE 2-Tesla triples deliveries of China-made cars after upgrade in Shanghai plant,0.572,0.032,0.947,0.021
27,"GameStop, Asana, First Solar Rise Premarket; American Eagle Outfitters Falls",0.71,0.066,0.889,0.045
28,"Dow Jones Futures Rise: Market Rebounds, Now What? Apple Unveils 'Far Out' iPhone; 5 Hot Solar Plays",0.361,0.111,0.889,0.0
