﻿,Titles,Polarity,Positive,Neutral,Negative
0,Twitter's Value Takes Flight as Elon Musk Declares Stake,0.994,0.101,0.867,0.032
1,The Clean Energy Sector Has Turned Bullish Again,1.0,0.199,0.779,0.022
2,Cathie Wood Sees Potential for Twitter Shakeup After Musk Takes Stake,0.987,0.089,0.883,0.028
3,Indexes Start Another Week in the Green,0.993,0.14,0.826,0.034
4,Elon Musk Sees Billion Dollar Payday at Twitter,0.908,0.161,0.839,0.0
5,Rent This Tesla Rival Amid Rental Car Shortage,0.599,0.063,0.937,0.0
6,"Dow Jones Futures: Apple Retakes Entry, Tesla Eyes Buy Point And Twitter Soars On Musk Stake",0.0,0.0,1.0,0.0
7,Twitter worth $8.5 billion more after Elon Musk’s investment sends stock on record run,0.681,0.157,0.843,0.0
8,Tesla CEO Elon Musk Acquires 9.2% Stake in Twitter,-0.422,0.0,0.949,0.051
9,Analyst on Elon Musk’s Twitter stake: ‘Clearly a lot of it is driven by his personal feelings’,0.477,0.103,0.897,0.0
10,Home prices are ‘getting so out ahead of the ability to purchase them’: strategist,0.296,0.061,0.939,0.0
11,"Stocks end the day in the green, Tesla and Apple among best-performing companies",0.0,0.0,1.0,0.0
12,"US STOCKS-Tech, megacap growth shares boost Wall St; Twitter surges",0.599,0.079,0.859,0.062
13,UBS Analyst Upgrades NIO to a Buy. Here’s Why He Could Be Wrong.,0.966,0.105,0.833,0.062
14,"Why LA’s new Kia Forum could be ‘the Carnegie Hall of the West,’ according to COO",-0.825,0.054,0.898,0.048
15,"US STOCKS-S&amp;P 500 rises on megacap stock boost, Twitter surge",0.459,0.079,0.86,0.061
16,Stocks rise as European Union eyes more sanctions against Russia,-0.572,0.0,0.837,0.163
17,These 10 Stocks are Making Headlines Today,0.985,0.054,0.936,0.01
18,Rent This Tesla Rival For Your Next Road Trip,0.599,0.052,0.948,0.0
19,Dow Jones Gains; Twitter Stock Explodes As Elon Musk Invests; Donald Trump SPAC Plummets,0.586,0.211,0.789,0.0
20,E-mini NASDAQ-100 Set Up for Breakout Over 15268.75,0.977,0.065,0.923,0.012
21,Tesla Investors Cheer as Tesla Q1 Deliveries Set a Record,0.984,0.093,0.877,0.03
22,"Consumers Have Good News for Tesla, Ford and GM",0.0,0.0,1.0,0.0
23,Tesla Stock Alert: Can Shares Get Back to All-time Highs?,0.296,0.041,0.959,0.0
24,Jack Dorsey says he’s ‘partially to blame’ for centralization of the Internet,0.0,0.0,1.0,0.0
25,"US STOCKS-Wall St climbs as megacap growth stocks gain, Twitter surges",-0.813,0.07,0.853,0.077
26,Mullen Automotive in Fast Lane After Former Tesla Exec Promoted,0.842,0.059,0.903,0.038
27,U.S. Stock Futures Little Changed as Tech Recovers,0.527,0.078,0.858,0.063
28,Tesla Recharges As Nvidia Clears Trendline; BROS Stock Keeps Brewing Fresh Move,0.202,0.073,0.927,0.0
29,Tesla Stock Races Ahead On Strong Deliveries; Startup Rival Polestar Partners With Hertz,0.511,0.148,0.852,0.0
30,"TIMELINE-Elon Musk takes a dig at Twitter, Web3 and NFTs, on Twitter",0.788,0.088,0.834,0.078
31,"Tesla shows ‘solid’ sales, but COVID shutdowns may be back to haunt it, analysts say",-0.459,0.065,0.787,0.149
32,"Dow Jones Led By Surging Salesforce Stock; Tesla, Apple Score Bullish Gains, But Are They Buyable Now?",0.0,0.0,1.0,0.0
33,Warren Buffett-Backed BYD Makes Bold Move After EV Sales More Than Quadruple; Nio Soars,-0.153,0.081,0.815,0.104
34,Tesla Has a Big Advantage Over Its Rivals: Free Money,0.718,0.207,0.793,0.0
35,Record Sales Prove Nothing Can Keep TSLA Stock Down,0.371,0.075,0.855,0.069
36,Why Tesla Stock Popped Today,0.782,0.095,0.905,0.0
37,"US STOCKS-S&amp;P 500, Nasdaq climb as growth stocks, Twitter jump",-0.039,0.047,0.905,0.048
38,Twitter options trades ahead of Musk disclosure raise analysts' eyebrows,0.939,0.06,0.931,0.009
39,"Elon Musk stake in Twitter 'just the appetizer,' Wedbush's Dan Ives says",0.859,0.065,0.903,0.031
40,"Stock Market Gains, Led By Tech; Musk Announces 9% Stake In Twitter",0.202,0.079,0.921,0.0
41,Tesla Deliveries Hit a Record. Wall Street Can’t Decide if That Was Good.,0.0,0.0,1.0,0.0
42,Stock Market Today: Dow Ends Higher as Twitter Surge Keeps Tech in Vogue,0.033,0.073,0.856,0.071
43,Breaking: Dogecoin Was Up 9% on News Elon Musk Took a 9.2% Stake in Twitter,0.459,0.125,0.875,0.0
44,Elon Musk Makes a Bold Move That May Change Twitter Forever,-0.494,0.0,0.824,0.176
45,"Tesla CEO Elon Musk sees Twitter as ‘an undervalued platform,’ analyst says",0.0,0.0,1.0,0.0
46,Tesla ‘pretty well teed up’ for upcoming quarters: Analyst,0.0,0.0,1.0,0.0
47,Why Twitter Stock Exploded Higher Monday,0.586,0.089,0.887,0.024
