﻿,Titles,Polarity,Positive,Neutral,Negative
0,Replay: Wejo CEO &amp; VOSO CEO in Fireside Chat,0.993,0.109,0.88,0.012
1,The Boring Reaction to Gamestop’s Q2 Earnings Is Actually Good News,0.992,0.089,0.877,0.034
2,3 Stocks Under $100 to Buy and Hold Forever,0.999,0.12,0.861,0.018
3,ETFs to Tap on Rivian's High-Profile IPO Move,0.988,0.072,0.923,0.004
4,The 10 Richest People on Wall Street and How to Invest in Them,1.0,0.127,0.84,0.033
5,"Dow Jones Falls 100 Points; Biden, Xi Talk; Affirm Skyrockets On Earnings",0.0,0.0,1.0,0.0
6,"Samsung Targets Tesla, Nio With Lithium-ion Phosphate Battery Development: Korea Herald",0.62,0.09,0.834,0.076
7,"Dow Jones Rally Fades; Biden, Xi Talk; Affirm Skyrockets On Earnings",0.0,0.0,1.0,0.0
8,7 Cathie Wood Stock Favorites to Keep on Your Radar,1.0,0.152,0.819,0.029
9,10 Best Infrastructure Stocks According to Reddit,1.0,0.121,0.86,0.019
10,"2 Electric Vehicle Stocks That Turned $10,000 Into More Than $60,000",0.0,0.0,1.0,0.0
11,"Stock Market Rally Pulls Back; Lululemon, Affirm, Tesla, Coinbase In Focus: Weekly Review",0.665,0.218,0.782,0.0
12,Why This Pricey Growth Stock Is a Smart Buy,-0.042,0.035,0.927,0.038
13,Cathie Wood's Ark ETFs Sell $139 Million Worth of Tesla Stock,0.979,0.106,0.894,0.0
14,Tesla Joins 11 Stocks Thriving During Market's Four-Day Slide,0.794,0.275,0.679,0.047
15,Tesla's Musk Pushes Workers to Speed Production,0.665,0.162,0.838,0.0
16,How Many Vehicles Could Tesla Deliver This Quarter?,0.0,0.0,1.0,0.0
17,"Nio Stock Is on the Verge of a Dip, so Get Ready to Pounce",0.995,0.137,0.77,0.092
18,Why Sequoia Capital’s Michael Moritz Thinks SpaceX Is More Important Than Tesla,0.77,0.119,0.881,0.0
19,Tesla’s Elon Musk reportedly urges ‘super hardcore’ push for deliveries amid supply chain problems,0.758,0.178,0.822,0.0
