﻿,Titles,Polarity,Positive,Neutral,Negative
0,Dow Jones Futures: Apple Leads Market Rally To Tiny Gains After Fed Minutes; Meme Stock Newegg Rockets,-0.103,0.095,0.794,0.111
1,HawkEye 360 CEO on the Space Race’s impact on future investment,0.0,0.0,1.0,0.0
2,10 Stocks Cathie Wood Is Selling,1.0,0.093,0.886,0.021
3,Apple Shares Surge to Record High as Rally Picks Up Steam,0.994,0.152,0.831,0.016
4,Tesla Stock Nears Key Support With June China EV Sales Data Due,0.34,0.18,0.738,0.082
5,Tesla Stock Isn’t Joining the Tech Rally. Here’s Why.,0.7,0.225,0.775,0.0
6,A Tesla Bull Says Lidar Stocks Are Ready to Rally,0.0,0.0,1.0,0.0
7,Why Tesla Stock Crashed and Burned Again Today,-0.949,0.048,0.789,0.163
8,Institutional Investors Warm Up to Cryptos: What Do You Need to Know?,0.999,0.169,0.795,0.036
9,"Auto Giant Looks To Catch Up To GM, Tesla With Big Electric Vehicle Event",0.25,0.1,0.9,0.0
10,10 Best Bargain Stocks Right Now,1.0,0.127,0.863,0.01
11,"Dow Jones Rallies As Yields Dive; Tesla Stock Extends Losses, While Amazon, Apple, Shopify In Buy Zones",-0.103,0.075,0.833,0.092
12,"Dow Jones Slides As Yields Dive; Tesla Stock Extends Losses, While Amazon, Apple, Shopify In Buy Zones",-0.103,0.075,0.833,0.092
13,"Tesla and Nio Charging Ahead into Second Half of 2021, Says Analyst",0.974,0.069,0.914,0.017
14,Cathie Wood Is Buying These Top Growth Stocks -- and Both Could Make You Rich,0.929,0.238,0.762,0.0
15,"Dow Jones Futures: Crude Oil Rebounds, Treasury Yields Keep Falling; Amazon, Shopify Lead 5 Techs In Buy Zones",-0.153,0.13,0.753,0.116
16,Uber Could Transport Investors to New Growth,0.997,0.167,0.799,0.033
17,Chinese EV Maker XPeng Makes Debut in Hong Kong,-0.34,0.0,0.893,0.107
18,Foxconn’s China EV Push Hits Snag With Byton Board Upheaval,0.974,0.074,0.897,0.029
19,"FOCUS-Solarwatt flexes muscles in home energy storage fight with Shell, Tesla",0.979,0.061,0.924,0.015
