﻿,Titles,Polarity,Positive,Neutral,Negative
0,"Elon Musk’s Net Worth Grew by Nearly $42 Billion After Hertz Ordered 100,000 Teslas",0.986,0.107,0.881,0.012
1,Billionaire Tudor Jones: This is the ‘single biggest threat' to stocks and society — protect yourself now,0.992,0.115,0.836,0.049
2,"Dow Jones Futures: Market Rally Stalls, Donald Trump Stock DWAC Dives; Microsoft, Google, AMD Earnings In Focus",0.34,0.107,0.893,0.0
3,"4 Top Stock Trades for Wednesday: DKNG, GE, LMT, OCGN",0.981,0.089,0.863,0.048
4,Elon Musk Defies a Car Industry Mantra With Tesla-Hertz Deal,0.527,0.207,0.689,0.105
5,Why You Shouldn’t Hop on the Tesla Train… and What You Should Do Instead,0.998,0.116,0.871,0.013
6,"GM, Ford Earnings On Tap As Automakers Ramp Up Tesla Fight",-0.494,0.0,0.826,0.174
7,"Dow Jones Stalls As Growth Stocks Suffer; Donald Trump SPAC Plunges Despite This; AMD, Microsoft Earnings Due",0.153,0.103,0.819,0.078
8,"After Tesla Hits $1-Trillion Valuation, Analyst Says Automaker Must Focus On These 2 Key Issues Next",0.878,0.049,0.937,0.015
9,Why These 10 Stocks Are Trending on Tuesday,0.995,0.107,0.876,0.017
10,The Oil Bulls Are Running Riot,-0.931,0.053,0.877,0.07
11,7 Robinhood Stocks That Could Blow Up in 2022,0.999,0.109,0.861,0.031
12,The Next Big Move With Lucid Stock May Take Time,0.996,0.108,0.851,0.042
13,"TESLA – Genuinely Stable Cash Flow, But Valuation Still A Question",0.999,0.192,0.771,0.036
14,Why DKNG Stock Investors Are Betting On the Dropped DraftKings-Entain Deal,0.99,0.087,0.909,0.004
15,How Tesla Gained $175 Billion in Value From Hertz’s $4 Billion Order. It Makes Perfect Sense.,0.19,0.065,0.935,0.0
16,Tesla bull Cathie Wood left nearly $130 million on the table by selling early,0.985,0.155,0.781,0.064
17,"US STOCKS-S&amp;P 500 hits record high on tech strength, earnings cheer",0.978,0.095,0.849,0.055
18,6 ETFs to Ride on Tesla's Trillion-Dollar Market Cap,0.999,0.142,0.834,0.024
19,10 Top Texas Stocks to Buy That Don’t Rely On Oil And Gas For Big Gains,1.0,0.107,0.865,0.028
20,Why Tesla Shares Are Rising,0.917,0.115,0.872,0.013
21,ChargePoint Stock Went Back to Base for a Recharge,0.983,0.09,0.866,0.044
22,Why Tesla Stock Revved Even Higher Today,0.938,0.233,0.767,0.0
23,Is Rivian Stock A Buy As It Projects Q3 Net Loss Of More Than $1 Billion Ahead Of Rivian IPO?,0.0,0.0,1.0,0.0
24,Cathie Wood responds to Elon Musk: Tech will 'bend curve' on inflation,-0.026,0.083,0.83,0.087
25,"REFILE-US STOCKS-S&amp;P 500 hits record high on tech strength, earnings optimism",0.985,0.104,0.849,0.048
26,"How a 2,360% Jump in Call Options Fired Up Tesla’s Share Surge",0.952,0.064,0.9,0.036
27,Tesla’s $1 Trillion Valuation Belies Revenue Position,0.984,0.078,0.896,0.025
28,Best Momentum Stocks to Buy for October 26th,0.998,0.188,0.812,0.0
29,Uber Dives Into EV Charging. WallBox and Tesla Are the Winners.,0.0,0.0,1.0,0.0
30,"Dow Jones Rallies As Tesla Hits New Highs; Trump SPAC Tumbles; AMD, Microsoft On Deck",0.0,0.0,1.0,0.0
31,Tesla's Q3 Earnings Showcase Its Competitive Strengths,0.182,0.082,0.857,0.061
32,Key Takeaways From XPeng's (XPEV) 2021 Tech Day Event,0.999,0.138,0.858,0.003
33,Tesla is a Screaming Buy as It Joins the Elite $1T Club,0.997,0.128,0.853,0.019
34,"Tesla (TSLA) Enters $1 Trillion Club on Hertz Deal, Shares Up 12.6%",0.995,0.098,0.886,0.016
35,"GM to boost EV profile with 40,000 charging stations in U.S., Canada",0.906,0.078,0.904,0.017
36,"Dow Jones Futures Rally As Tesla Falls From Record High; Facebook Climbs On Earnings; AMD, Microsoft On Deck",0.0,0.0,1.0,0.0
37,Missed Tesla? Here's The Next $1 Trillion Company,0.34,0.091,0.909,0.0
38,"Tesla Must Do 2 Things to Meet $1,500 Bull Case: Wedbush",0.0,0.0,1.0,0.0
39,Why Is Everyone Talking About Nio Stock?,0.44,0.132,0.868,0.0
40,"The Zacks Analyst Blog Highlights: Toyota, Stellantis, Ford, Tesla and Allison Transmission",0.996,0.088,0.885,0.026
41,Facebook’s Swimming in Profit as Much as It’s Mired in Controversy,0.691,0.147,0.853,0.0
42,"Despite Nio’s ‘Tesla of China’ Moniker, the Country Offers Better EV Plays",0.975,0.059,0.926,0.015
43,A Peek Into The Markets: US Stock Futures Rise Ahead Of Big Earnings,0.026,0.029,0.945,0.025
44,Intel CEO on chip shortage: 'We have a rough road in front of us',0.946,0.089,0.85,0.061
45,What Facebook tells us about Big Tech's controversies: Morning Brief,0.995,0.087,0.869,0.044
