﻿,Titles,Polarity,Positive,Neutral,Negative
0,Tesla in Right Place at Right Time as Stock Investors Look Past Risk,0.994,0.143,0.809,0.049
1,"4 Top Stock Trades for Wednesday: F, TSLA, PANW, GME",0.993,0.114,0.85,0.036
2,Top S&amp;P 500 Stock Market Gainers Today: Tesla Leads,0.202,0.101,0.899,0.0
3,Dow Jones Gains As Apple Pops; Tesla Stock Charges As Elon Musk Celebrates 'Great Day'; Alibaba Jumps,0.823,0.301,0.699,0.0
4,Maserati exec: ‘We’ve made dual investments’ in electric and gas-powered vehicles,0.0,0.0,1.0,0.0
5,"US STOCKS-Wall St jumps, with tech, growth shares in the lead",0.963,0.095,0.871,0.034
6,"Market check: Stocks move higher, Tesla stock surges, Nvidia shares fall",0.0,0.0,1.0,0.0
7,"US STOCKS-S&amp;P 500, Nasdaq up 1% as tech, growth shares gain",0.978,0.093,0.871,0.036
8,A dancing Elon Musk celebrates his new German ‘gemstone’ factory set to ease Tesla’s production bottleneck,0.974,0.078,0.884,0.038
9,Elon Musk Opens Tesla’s First European Factory,-0.671,0.0,0.889,0.111
10,"Volkswagen (VWAGY) to Break Ground with ID.Buzz, OTA 3.0 Software",0.996,0.08,0.911,0.009
11,"TSMC Sees Demand Spike For Auto Chips Thanks To Tesla, Nvidia, Qualcomm, Intel",0.983,0.16,0.792,0.047
12,"Elon Musk Can’t Avoid Scrutiny of His Tesla Tweets, SEC Says",0.971,0.102,0.847,0.051
13,Why General Motors tapped Spring Hill to make its all-electric Cadillac Lyriq,0.521,0.032,0.968,0.0
14,Stock Market Today: Dow Jumps Despite Rising Fed-Hike Bets; Meme Stocks Return,0.979,0.107,0.85,0.043
15,Why Tesla’s Berlin gigafactory is a big deal,0.273,0.123,0.877,0.0
16,"UPDATE 2-U.S. SEC to Elon Musk: Regarding your tweets, a deal is a deal",0.042,0.068,0.874,0.057
17,Elon Musk Hails 'Great Day' As Tesla Delivers Maiden Model Y From Berlin Gigafactory: Stock Extends Win Streak,0.477,0.147,0.853,0.0
18,EV Roundup: Ford (F) and Honda's (HMC) Electrification Strides Make News,0.992,0.059,0.932,0.009
19,Is Monday’s Plunge in Shopify Stock a Warning to Investors?,0.997,0.128,0.829,0.043
20,"U.S. SEC to Elon Musk: Regarding your tweets, a deal is a deal",0.042,0.07,0.871,0.059
21,Three Reasons Why Nio Stock Could Fly After Its Thursday Earnings Report,0.999,0.103,0.873,0.024
22,S&amp;P 500 Takes Aggressive Fed Rate Hike Bets in Stride,0.929,0.097,0.846,0.057
23,"Ford's (F) Europe Production Hit by Chip Woes, Ukraine Conflict",0.99,0.093,0.874,0.033
24,Tesla Handing Off German-Made Model Ys Has Musk Dancing Again,0.964,0.078,0.876,0.046
25,Tesla opens first European gigafactory in Berlin,0.0,0.0,1.0,0.0
26,"Dow Jones Rallies As Treasury Yields Extend Gains, Nike Jumps On Earnings",0.625,0.212,0.788,0.0
27,Tesla's German factory opening is all about ‘mass industrialization’: Analyst,0.974,0.047,0.936,0.017
28,"Elon Musk Wants Tesla to Be Much, Much Bigger",0.0,0.0,1.0,0.0
29,Ranking the Top 10 Electric Vehicle Stocks Heading Into Q2 2022,1.0,0.12,0.849,0.031
30,"Tesla's Ready to Deliver for the Nasdaq, but This Stock Could Face a Major Threat",0.934,0.198,0.727,0.074
31,Tesla Stock Extends Win Streak As First Berlin Gigafactory Deliveries Set To Roll,0.477,0.14,0.86,0.0
32,Renewable Energy Startup Span.IO Raises $90 Million in Funding,0.986,0.089,0.879,0.032
33,Super luxury brands like Lamborghini and Bentley will be successful EVs: VW US chief,0.123,0.048,0.9,0.052
34,Nio Stock Faces A Slew of Trouble That Will Hold It Down,-0.963,0.068,0.845,0.086
35,Stocks Rise as Market Absorbs Powell Comments; Nike Earnings Impress,0.713,0.069,0.87,0.06
36,Tesla's new Gigafactory is its biggest strategic endeavor in a decade: analyst,0.989,0.09,0.897,0.013
37,Xiaomi Beats Profit Estimates After Holiday Quarter Sales Gain,0.477,0.068,0.864,0.068
38,Are Ford And GM Cars About to Get Cheaper?,-0.557,0.075,0.809,0.116
39,"Nike, Tesla, Alibaba Rise Premarket; Okta Falls",0.765,0.047,0.929,0.024
40,"Rising Bond Yields, Evergrande Accounts, Nike Earnings - What's Moving Markets",0.063,0.058,0.895,0.047
41,Tesla rolls out first vehicles as German gigafactory goes live,0.905,0.054,0.921,0.025
