﻿,Titles,Polarity,Positive,Neutral,Negative
0,"As Hertz gets ready to add Tesla vehicles, rental-car bonds could get riskier: Moody’s",0.439,0.104,0.896,0.0
1,"Dow Jones Futures: Market Rally Rises As Tesla Pauses, CAR, BBBY Lead Meme Stock Revival",0.0,0.0,1.0,0.0
2,"4 Top Stock Trades for Wednesday: NVDA, CHGG, Z, BX",0.85,0.093,0.825,0.082
3,"Tesla's Elon Musk bemoans German red tape, again",-0.715,0.042,0.885,0.073
4,"This Psychedelics Stock Was Up More Than 20% Last Week, Outperforming Tesla, Nvidia and GameStop",-0.751,0.053,0.882,0.065
5,"Dan Ives on Tesla bears: 'They hated at $100. They hate it at $5,500.'",0.723,0.066,0.879,0.055
6,"Dow Jones, Nasdaq Hit Record Highs; Apple, Microsoft Advance; Goldman Sachs Scores Breakout",0.34,0.103,0.897,0.0
7,Stocks don’t get more Meme than Avis,0.318,0.19,0.717,0.093
8,7 Stocks to Buy That Could Benefit From the Roaring Tesla Rally,1.0,0.115,0.872,0.014
9,"Dow Jones Gains As Apple Stock, Microsoft Rally; Tesla Stock Falls After Elon Musk Reveals This",0.0,0.0,1.0,0.0
10,ETFs to Tap on Rivian's High-Profile IPO Plan,0.993,0.08,0.911,0.009
11,Why These 10 Stocks Are Trending on Tuesday,0.99,0.09,0.879,0.031
12,With Third-Quarter Results Beating Expectations Is Tesla Stock A Buy?,0.0,0.0,1.0,0.0
13,Why Apple Could Be A Legitimate EV Player Alongside Tesla: 'Cars Will Be Computers On Wheels',0.969,0.092,0.892,0.016
14,"Avis Stock Surges After Blockbuster Earnings, Triggering Apparent Short Squeeze",0.599,0.178,0.822,0.0
15,"Avis' Stock Surges After Blockbuster Earnings, Triggering Apparent Short Squeeze",0.599,0.178,0.822,0.0
16,Elon Musk should not let go of win-win deal with Hertz,0.982,0.074,0.905,0.021
17,Hertz Stock Is Winning as Avis’s Gain Outweighs Tweet From Musk,0.511,0.142,0.858,0.0
18,US STOCKS-Wall St scales record peaks on earnings cheer; Fed meeting in focus,0.991,0.09,0.893,0.017
19,Tesla Stock Falls As Musk Says Hertz Deal Not Signed,-0.296,0.0,0.916,0.084
20,Wall Street Rides Bullish Earnings to Record Highs,0.94,0.085,0.87,0.045
21,Dow Jones Hits New High As This Key Stock Breaks Out; Nasdaq Marks Record Despite Tesla,0.34,0.103,0.897,0.0
22,Tesla software recall may head off dispute with U.S. safety regulators,0.026,0.174,0.623,0.202
23,"CVS Health, Etsy, Fed Decision: 3 Things to Watch",0.986,0.095,0.898,0.007
24,Video Highlight: Bird Rides and Switchback II Deal Approved – Interview with Both CEOs,0.993,0.084,0.899,0.016
25,UAA Stock: 12 Reasons Why Under Armour Investors Are Overjoyed Today,0.992,0.103,0.889,0.008
26,Tesla (TSLA) Stock Whipsaws,-0.318,0.0,0.909,0.091
27,Why Tesla Stock Finally Put on the Brakes Today,0.55,0.072,0.928,0.0
28,Arista Networks Stock Split: 6 Things for ANET Investors to Know,0.986,0.078,0.916,0.005
29,"Tesla down after Musk tweet, Avis shares spike over 150%",0.402,0.119,0.881,0.0
30,Were Hedge Funds Right About Tesla Inc. (TSLA)?,0.999,0.123,0.862,0.016
31,Tesla drops after Musk tweets that 'no contract has been signed' with Hertz,0.926,0.062,0.911,0.027
32,UPDATE 1-Cryptic Elon Musk post goes viral in China amid clash with World Food Program,0.458,0.044,0.917,0.039
33,Tesla dips following delays with Hertz partnership,-0.235,0.063,0.815,0.122
34,Dow Jones Rallies As Tesla Falls On Hertz Deal Uncertainty,0.0,0.0,1.0,0.0
35,"US STOCKS-S&amp;P 500, Nasdaq hit record highs on earnings boost; Fed angst prevails",0.991,0.099,0.878,0.024
36,"Dow Jones Today Flattens, Nasdaq Gains As Musk Tweet Dunks Tesla; Gartner, Arista, Univar Rally On Earnings",-0.052,0.0,0.946,0.054
37,"5 Top Stock Decliners for Tuesday: Chegg, Dell, Tesla",0.637,0.117,0.817,0.066
38,Rivian readies for IPO amid electric vehicle revolution,0.0,0.0,1.0,0.0
39,"UPDATE 1-Musk says Tesla has not signed a contract with Hertz yet, halts stock rally",0.204,0.053,0.894,0.053
40,US STOCKS-Wall St eyes mixed open on Fed angst; Tesla slides after record run,0.993,0.102,0.88,0.018
41,Tesla Stock Is Sliding. Just Don’t Blame Hertz or Recalls.,0.273,0.197,0.699,0.105
42,"Dow Jones Today Rises, Nasdaq Futures Slip As Musk Tweet Dunks Tesla; Gartner, Arista, Univar Rally; Microsoft's New Buy Rating",0.318,0.101,0.85,0.049
43,"Microsoft, GOOGL Stock And Top IPOs Lead IBD 50 In Stock Market Rally",0.296,0.104,0.896,0.0
44,10 Best Stocks To Buy Today,1.0,0.149,0.836,0.016
45,Tesla Recalls Full Self-Driving Software After Fixing Bug,0.586,0.088,0.833,0.079
46,Is It Too Late to Buy Tesla Stock?,0.0,0.0,1.0,0.0
47,"Musk says Tesla has not signed a contract with Hertz yet, halts stock rally",0.533,0.043,0.937,0.02
48,Futures slip on Fed angst; Tesla slides after record run,0.942,0.063,0.916,0.021
