﻿,Titles,Polarity,Positive,Neutral,Negative
0,Big Tech’s Bounceback Is a Glimmer of Hope After Steep Selloff,-0.897,0.067,0.851,0.082
1,Biden should chat with Bezos and his billionaire buddies,0.994,0.109,0.821,0.07
2,Dow Jones Falls; Tesla Gains Despite Delivery Data; This Stock Drops As Warren Buffett Raises Stake,0.164,0.084,0.916,0.0
3,"BYD usurps Tesla as top EV maker by sales, Lululemon expands in Spain",-0.273,0.0,0.935,0.065
4,Dow Jones Falls; Tesla Up Despite Delivery Data; This Stock Drops As Warren Buffett Raises Stake,0.164,0.084,0.916,0.0
5,Tesla's Big Problem Keeps Growing,-0.902,0.055,0.782,0.163
6,"Tesla's Shanghai, Berlin Plants Pause Production; Tesla Stock Up Despite Q2 Deliveries Miss",-0.44,0.0,0.937,0.063
7,Tesla's Charts Are Resisting a Downside Break,0.154,0.038,0.919,0.042
8,Tesla analysts trim their estimates after deliveries fall,0.0,0.0,1.0,0.0
9,Is Tesla Stock a Buy or Sell After Q2 Deliveries Report? Check the Chart.,0.0,0.0,1.0,0.0
10,Why Tesla Shares Tanked Early Tuesday,-0.273,0.0,0.87,0.13
11,"China EV Sales Boom In Q2 But Tesla Rivals BYD, Nio Stock Lag As New Headwind, Power Day Loom",0.361,0.082,0.918,0.0
12,What Tesla's Production Slowdown Could Mean for Its Stock,-0.823,0.0,0.878,0.122
13,"Market check: Energy leads stock losses, bond market moves lower",-0.422,0.0,0.859,0.141
14,Did Tesla Lose the EV Crown? Here’s What to Know.,-0.392,0.0,0.956,0.044
15,"Tesla: Strong June Production Confirms the Bull Thesis, Says 5-Star Analyst",0.973,0.077,0.898,0.025
16,"Zuckerberg warns Meta workers, average monthly car payment crosses $700, AMC announces $5 Tuesdays",0.202,0.092,0.838,0.069
17,Dutch House Approves to Make Work From Home a Legal Right,0.44,0.091,0.825,0.085
18,"Tesla Stock Falls With Q2 Deliveries Below Estimates After Shanghai Production Woes; Shanghai, Berlin Plants Pause Production",-0.44,0.0,0.909,0.091
19,US STOCKS-Wall Street falls as recession fears mount,0.751,0.076,0.86,0.064
20,Is Tesla Stock a Buy Before Earnings?,0.09,0.03,0.97,0.0
21,"Tesla stock: It's important 'to look forward,’ analyst says",0.178,0.103,0.84,0.057
22,"Market check: Stocks sink, Treasury yields fall as recession fears flash",0.0,0.0,1.0,0.0
23,Will Tesla Q2 Weak Deliveries Create Pain for ETFs?,0.995,0.106,0.844,0.05
24,Dow Jones Dives; Tesla Skids On Slower Q2 Deliveries,0.0,0.0,1.0,0.0
25,Tesla Pauses Plants After Ending Shaky Quarter With a Production Milestone,-0.221,0.059,0.878,0.062
26,"China Cracks Down On Critical Tesla, BMW Supplier: Report",0.966,0.106,0.864,0.031
27,"Tesla EV deliveries hit by China lockdowns, production reaches new high",0.988,0.093,0.878,0.029
28,10 Best Stocks to Buy Now According to Michael Platt’s BlueCrest Capital,1.0,0.134,0.831,0.036
29,10 EV Stocks to Buy as Tesla’s (TSLA) Market Share Declines,0.998,0.091,0.879,0.03
30,US STOCKS-Wall Street set to open lower on recession fears,0.25,0.062,0.884,0.054
31,"Tesla Leads the Nasdaq Lower, but This Stock's Taking an Even Bigger Hit",0.823,0.134,0.866,0.0
32,Wall St turns gloomy on Tesla after deliveries fall for first time in two years,0.71,0.047,0.921,0.032
33,5 Best Cathie Wood Stocks to Buy Now,0.999,0.157,0.817,0.026
34,BYD/Tesla: China’s carmakers gain ground as profitability is stretched,-0.273,0.0,0.905,0.095
35,Dow Jones Futures Sell Off; Tesla Skids On Slower Q2 Deliveries,0.0,0.0,1.0,0.0
36,Tesla Is No Longer The World's Largest Seller of EVs,-0.226,0.028,0.932,0.04
37,"'The elephant in the room for Tesla,' according to WedBush's Dan Ives",-0.128,0.042,0.901,0.057
38,"Tesla Stock Slips Lower After Q2 Delivery Slump, Planned Factory Closures",-0.502,0.0,0.885,0.115
39,Biden Dropping China Tariffs Could Be Good News for Tech Stocks,-0.791,0.043,0.726,0.231
40,"Stocks Slide On Recession Fears, Week Ahead, Tesla, Exxon And SAS - Five Things To Know",0.318,0.154,0.74,0.106
41,Tesla Is No Longer the World’s Largest EV Seller. Here’s Who Is.,-0.273,0.0,0.953,0.047
42,The Big Secret Wall Street Will Never Tell You About Investing,-0.718,0.0,0.75,0.25
43,Tesla Has a China Problem. What It Means for the Stock.,-0.128,0.0,0.971,0.029
44,Warren Buffett-backed Chinese group BYD overtakes Tesla in global electric vehicle sales,0.226,0.046,0.954,0.0
45,"Stellantis, Tesla, AstraZeneca Fall Premarket; Exxon Mobil Rises",0.796,0.09,0.859,0.051
46,China’s Warren Buffett-backed BYD overtakes Tesla in global EV sales,0.542,0.109,0.891,0.0
47,"Natural Gas Soars 700%, Becoming Driving Force in the New Cold War",0.97,0.079,0.852,0.068
