﻿,Titles,Polarity,Positive,Neutral,Negative
0,9 Moonshot Bets to Beat Hedge Funds at Their Own Game,1.0,0.142,0.826,0.032
1,Tesla Stock Closed Above $900 for First Time. What Could Come Next.,0.612,0.147,0.804,0.049
2,Tesla Competitors: 6 Rival Electric Vehicle Stocks,0.997,0.089,0.886,0.026
3,Dow Jones Rallies; Tesla Stock Passes Buy Point; Donald Trump SPAC Rockets Again Amid Frenzy,0.0,0.0,1.0,0.0
4,Elon Musk Mocks Apple's Cleaning Cloth,0.588,0.101,0.841,0.058
5,"Top Analyst Reports for Tesla, Johnson &amp; Johnson &amp; PayPal",0.998,0.172,0.802,0.025
6,"Goldman Cites Tesla, Facebook as Digital Revolution Favorites",0.422,0.128,0.872,0.0
7,Tesla Reveals Autopilot Safety Stats In Latest Earnings Report,0.43,0.099,0.801,0.1
8,"Dow Jones, S&amp;P 500 Hit New Highs: Tesla, Netflix Are Earnings Winners; Snap, Intel Tumble: Weekly Review",0.477,0.119,0.881,0.0
9,Weekend reads: Should you invest in a bitcoin ETF?,0.735,0.341,0.659,0.0
10,Tesla Stock Hits New High. Here’s What Could Come Next.,0.296,0.128,0.872,0.0
11,Turns Out Tesla Is Right. EV Buyers Only Want Teslas.,0.077,0.046,0.954,0.0
12,Robinhood’s New Proxy Platform Battles Investor Apathy,0.649,0.283,0.717,0.0
13,Tesla's Record Revenue and Profit Sound Less Fun Without Musk,0.906,0.063,0.889,0.048
14,Dow Jones Rallies As Tesla Hits Record Highs; Donald Trump SPAC Soars 189%,0.0,0.0,1.0,0.0
15,Tesla Shares Reach New Heights as Earnings Supercharge Rally,0.969,0.095,0.856,0.049
16,Nancy Pelosi Stock Portfolio: 10 Stocks To Consider,1.0,0.13,0.854,0.016
17,"Tom Lee: This 1 key driver puts Bitcoin as high as $168,000 before 2022 (it's not as crazy as you think)",0.959,0.063,0.924,0.013
18,Cathie Wood’s ARK Sells More Tesla. She’s Buying This Stock.,0.477,0.194,0.806,0.0
19,Dow Jones Futures Rise As Intel Dives; Snap Crashes On Earnings; Donald Trump SPAC Soars 85%,0.0,0.0,1.0,0.0
20,Tesla Stock Has a Sky-High Valuation. Here’s the Math That Makes It Work.,0.226,0.064,0.936,0.0
21,Tesla Stock Has a Skyhigh Valuation. Here’s the Math That Makes It Work.,0.226,0.064,0.936,0.0
22,"Tesla Stock Hits Record High, With $1 Trillion Valuation In Sight, After Q3 Earnings Surge",0.727,0.228,0.772,0.0
23,"Despite Disappointing YTD, Here’s How to Still Make Money in QuantumScape",0.994,0.069,0.917,0.014
24,"A Peek Into The Markets: US Stock Futures Mostly Lower Ahead Of Earnings, PMI Data",-0.226,0.034,0.931,0.035
25,"For Lucid Motors To Win Mass Market, It All Comes Down to the Batteries",0.971,0.067,0.886,0.047
26,What Makes Tesla Worth $900 Billion? How One Analyst Gets There.,0.226,0.064,0.936,0.0
27,Factbox-Electric-vehicle batteries: major players and their expansion plans,0.995,0.086,0.91,0.004
