﻿,Titles,Polarity,Positive,Neutral,Negative
0,Tesla to Disable Videogame Plays in Moving Cars Following Safety Probe,0.422,0.094,0.906,0.0
1,"NKLA, HYLN, HYZN: What Is Going on With Hydrogen EV Stocks Today?",0.943,0.086,0.865,0.049
2,"Dow Jones Futures: Santa Claus Rally Comes Early As Tesla Surges, These 5 Stocks Flash Buy Signals",0.0,0.0,1.0,0.0
3,Tesla to Restrict In-Car Gaming Following Federal Probe,0.34,0.124,0.876,0.0
4,Tesla promises to change in-car videogame after federal  investigation launched,0.611,0.155,0.804,0.041
5,8 Celebrities Who Were Barking for Dogecoin Through 2021,0.989,0.066,0.923,0.01
6,Here's Why Dogecoin Showed Signs of Life Today,0.743,0.24,0.76,0.0
7,Tesla Disables Video Game Function in Cars That Triggered Probe,-0.128,0.088,0.819,0.093
8,UPDATE 2-Tesla to stop games on infotainment screens in moving cars,0.813,0.088,0.872,0.04
9,"4 Top Stock Trades for Monday: TSLA, MSFT, TWTR, F",0.995,0.121,0.825,0.054
10,Tesla to stop games on infotainment screens in moving cars,0.844,0.111,0.869,0.02
11,"As Elon Musk Completes Massive Sale Of Shares, Is Tesla Stock A Buy?",0.115,0.024,0.976,0.0
12,The Profits in Exxon Mobil Are Still Good to the Last Drop,0.993,0.088,0.885,0.026
13,"Dow Jones Jumps 200 Points, S&amp;P 500 Near High In Christmas Rally",0.0,0.0,1.0,0.0
14,"Top Stock Reports for Tesla, Adobe &amp; Merck",0.997,0.168,0.799,0.033
15,"Down Over 25% From Their Highs, Are Lucid, Rivian, Nio, and Tesla Buys for 2022?",0.557,0.074,0.905,0.021
16,Tesla Stock Will Take Off in 2022 Thanks to a New Battery Deal,0.998,0.155,0.81,0.036
17,Why Tesla Stock Raced Higher on Thursday,0.318,0.028,0.972,0.0
18,Musk Explains Why Dogecoin Is a Better Payment Method Than Bitcoin in TIME Interview,0.612,0.365,0.5,0.135
19,"KXIN Stock Alert: There Are 10,000 Reasons Kaixin Auto Is Revving Up Today",0.998,0.144,0.84,0.016
20,"S&amp;P 500 Closes at All-Time High on Quiet Pre-Holiday Trading, Omicron Optimism",0.925,0.075,0.871,0.055
21,"StockX seeing surge in demand for Jordan 11s, Playstation 5s, Yeezy hoodies, Tesla cybertruck toys",0.671,0.175,0.825,0.0
22,"Hot Goldman Sachs Fund Topped The S&amp;P 500 Over Periods Long, Short",0.778,0.236,0.764,0.0
23,Tesla’s New Deal for EV Battery Material Takes Business Away From China,0.34,0.107,0.893,0.0
24,"FDA authorizes Merck’s COVID pill, JD.com shares tank after Tencent divests, Tesla stock soars",0.296,0.052,0.948,0.0
25,Dow Jones Rallies As Stock Market Extends Rebound; Tesla Tests Key Resistance Level,0.0,0.0,1.0,0.0
26,"Company News for Dec 23, 2021",0.983,0.207,0.757,0.035
27,10 Value Stocks in Joel Greenblatt’s Portfolio,1.0,0.144,0.829,0.027
28,Releasing Their Inner Tesla Is Tough for Traditional Car Makers,0.446,0.162,0.791,0.047
29,Tesla Inc (TSLA) CEO Elon Musk Sold $333.6 million of Shares,0.316,0.086,0.857,0.058
30,Dow Jones Futures Rally As Stock Market Extends Rebound; Tesla Tests Key Resistance Level,0.0,0.0,1.0,0.0
31,This Is Elon Musk's Single Best Piece of Crypto Advice,0.878,0.219,0.781,0.0
32,Elon Musk Isn’t Done Selling Tesla Stock and He Won’t Be  Getting to 10%,0.572,0.121,0.879,0.0
33,"Luminar Shares Rise After News of Capital Raise, Share Buyback Intentions",0.862,0.098,0.857,0.045
34,"Ford (F) Recalls 184,698 F-150 Pickups Over Driveshaft Defect",0.884,0.095,0.831,0.074
35,Bull of the Day:  Beam Global (BEEM),0.997,0.144,0.79,0.066
36,Can Shiba Inu Reach $1? Consider This $589 Trillion Problem,0.0,0.0,1.0,0.0
37,Proceed With Caution When Considering These 5 Ultra-Popular Stocks,0.625,0.116,0.83,0.054
38,Omicron Optimism Creeps In. Markets Are Still Cautious.,0.772,0.222,0.778,0.0
39,"Dow Jones Futures Rise As Market Rally Faces Test; Google Flashes Buy Signal, Elon Musk Still Selling Tesla Stock",0.0,0.0,1.0,0.0
40,"MainStay VP Winslow Large Cap Growth Portfolio Buys Tesla Inc, Advanced Micro Devices Inc, ...",0.999,0.107,0.888,0.005
41,"Musk Keeps Dumping Tesla Shares, to the Tune of $929 Million",0.527,0.206,0.794,0.0
42,"Premarket Movers Thursday - Novavax, Tesla, JD.com",0.7,0.145,0.855,0.0
43,"U.S. Data Dump, China Lockdown, Putin Rant - What's Moving Markets",-0.991,0.06,0.841,0.099
44,"Tencent, JD.com, Tesla, Novavax And Solid Stock Gains - Five Things You Must Know",0.756,0.253,0.651,0.095
45,‘Almost done’: Elon Musk sells more Tesla shares; $15 billion sold in past 7 weeks,0.0,0.0,1.0,0.0
46,Elon Musk’s Share-Selling Spree Tops $15 Billion,0.079,0.08,0.92,0.0
47,Tesla Soars After Elon Cashes Out $14.1B in Stock,0.0,0.0,1.0,0.0
48,Tesla Seeks First U.S. Battery Graphite With Syrah Supply Deal,0.778,0.061,0.887,0.052
