﻿,Titles,Polarity,Positive,Neutral,Negative
0,"Dow Rallies In Mixed Session; Apple, Tesla Flash Sell Signals; Yellen Makes Bitcoin Warning",0.459,0.201,0.709,0.09
1,"Dow Jones Reverses As Disney Leads, But Apple, Microsoft Get Hit; Travel Stocks Break Out",0.318,0.095,0.905,0.0
2,"Dow Reverses Higher, But Tech Stocks Sell Off As Bitcoin Dives; Tesla Breaks Key Support On Model Y SR+ News",0.0,0.0,1.0,0.0
3,Traditional Automakers Are Making The Transition To Electric With These Ambitious EV Plans,0.998,0.103,0.871,0.026
4,"Dow Jones Futures Signal Stock Market Rally Retreat; Tesla Model Y SR+ Pulled, Boeing 777 Jets In Focus",-0.402,0.0,0.895,0.105
