﻿,Titles,Polarity,Positive,Neutral,Negative
0,Elon Musk Revives Debate Over CIA Spying,0.34,0.068,0.88,0.051
1,Tesla CEO Elon Musk unloads on remote work. But experts say it's here to stay.,-0.483,0.0,0.795,0.205
2,"Dow Jones Futures: Strong Market Rally Led By Tesla, Growth Plays; 5 Stocks Near Buy Points",0.459,0.185,0.815,0.0
3,Why Tesla Stock Did a U-Turn Today,0.273,0.09,0.837,0.073
4,Market check: Stocks gain momentum into the closing bell,-0.318,0.054,0.862,0.084
5,Tesla Stock Might Be Due For a Pop. Just Look at Amazon.,0.66,0.274,0.726,0.0
6,"US STOCKS-Wall Street ends sharply higher, led by Tesla and Nvidia",0.91,0.072,0.875,0.054
7,Germany’s biggest union hits back at Elon Musk’s return-to-the-office order: ‘An employer cannot dictate the rules just as he likes’,-0.794,0.033,0.911,0.056
8,10 Stocks Hedge Funds Dumped Before the Market Crash,0.999,0.133,0.822,0.045
9,This Analyst Loves the Rivian Truck. He Doesn’t Love the Stock.,0.0,0.0,1.0,0.0
10,Why Nio Stock Dropped Then Popped on Thursday,0.676,0.104,0.856,0.039
11,How can I avoid ‘value traps’ when buying into this market? Here are 3 beaten-down ideas from Credit Suisse that also boast rapidly growing earnings,0.998,0.166,0.805,0.029
12,"Microsoft stock dips, Tesla stock rises, OPEC+ increases oil output targets",0.0,0.0,1.0,0.0
13,"Dow Jones Falls As Microsoft Warns, Economic Data Mixed",-0.273,0.0,0.92,0.08
14,The Electric Hummer Proves the Best EV Stocks to Buy Aren’t TSLA,0.999,0.145,0.837,0.018
15,3 George Soros Stocks to Buy Now,0.999,0.166,0.789,0.045
16,7 Top Stock Splits to Watch in 2022,0.178,0.042,0.958,0.0
17,"Dow Jones Futures Pare Gains As Microsoft Warns, Economic Data Mixed",-0.273,0.0,0.92,0.08
18,Engine No. 1 rushes to back ESG disclosures at top companies,-0.415,0.069,0.858,0.073
19,"Dow Jones Futures Rise After Market Rally Retreats On Economic Data, 'Hurricane Dimon'",0.318,0.119,0.881,0.0
20,An Elon Musk takeover could end Twitter’s permanent work-from-home policy,0.934,0.075,0.883,0.043
