﻿,Titles,Polarity,Positive,Neutral,Negative
0,"Dow Jones Futures: Apple, Tesla, Microsoft, Fed Meeting On Tap As Bears Rule; What To Do Now",-0.115,0.0,0.935,0.065
1,"Rheos Capital Works Inc. Buys EOG Resources Inc, Tesla Inc, Wheaton Precious Metals Corp, Sells ...",0.996,0.061,0.935,0.004
2,"Donaldson Capital Management, Llc Buys UnitedHealth Group Inc, Domino's Pizza Inc, Lam Research ...",0.994,0.055,0.937,0.008
3,Brave Asset Management Inc Buys iShares Core U.S. ...,1.0,0.187,0.808,0.006
4,"Everhart Financial Group, Inc. Buys Tesla Inc, iShares Short-Term National Muni Bond ETF, ...",0.997,0.066,0.93,0.004
5,"Stocks close lower after tough week on Wall Street, bitcoin price falls below $39,000",-0.402,0.0,0.909,0.091
6,Tesla Stock Will Gain Thanks to These 3 Exposure-Boosting Catalysts,0.999,0.154,0.833,0.013
7,"Twitter’s new NFT profile feature ruffles feathers in crypto community, including those of Elon Musk",0.226,0.076,0.924,0.0
8,5 Reasons ‘Cathie Wood Stocks’ Could Double in 2022,0.919,0.059,0.897,0.044
9,Where to Find Bargains Among Tech and Growth Stocks,0.44,0.196,0.804,0.0
10,"Even after steep declines in Tesla, meme stocks and crypto, this market has no shortage of true believers",0.459,0.127,0.816,0.057
11,Rivian Stock Alert: RIVN Shares Just Lost Out on Market Cap to LCID Stock,0.98,0.074,0.909,0.016
12,"Sequent Asset Management, LLC Buys ALPS Clean Energy ETF, AbbVie Inc, Fidelity Nasdaq Composite ...",0.998,0.158,0.842,0.0
13,"tru Independence LLC Buys Maxeon Solar Technologies, Cleveland-Cliffs Inc, Verizon ...",0.997,0.071,0.921,0.008
14,"Grandview Asset Management LLC Buys Apple Inc, Microsoft Corp, Vanguard High Dividend Yield ...",0.998,0.105,0.878,0.017
15,"Market check: Nasdaq falls, pandemic trades under pressure, Robinhood continues downtrend",-0.372,0.06,0.881,0.059
16,Why Tesla Stock Dropped Before Earnings,-0.678,0.0,0.885,0.115
17,Michael Burry Stock Portfolio Performance in 2021: 8 Best Picks,1.0,0.137,0.828,0.035
18,"Tesla, GM, Ford Are Betting Big on EVs. But Is America Ready ?",-0.422,0.036,0.902,0.062
19,15 Worst Stock Picks of Cathie Wood,0.999,0.118,0.841,0.04
20,"Electric Vehicle (EV) Stocks: Why RIVN, TSLA, NIO, LI and XPEV Are Backing Up Today",0.992,0.123,0.853,0.024
21,General Motors Shifts Into High Gear,0.926,0.046,0.924,0.029
22,Nasdaq Ends Worst Week Since Pandemic Onset as Netflix Leads Tech Rout,-0.974,0.042,0.859,0.099
23,"Market check: S&amp;P, Nasdaq drop, meme stocks under pressure",-0.666,0.052,0.882,0.066
24,Will Nikola (NKLA) Be Back On An Even Keel This Year?,0.999,0.133,0.815,0.052
25,"Market check: Stocks open lower, Nasdaq falls further into correction territory",0.0,0.0,1.0,0.0
26,Analysts Bullish Ahead of Tesla's Earnings Call,0.0,0.0,1.0,0.0
27,"If Tesla Stock Doesn’t Hold This Level, the Shares Could Fall a Lot Further",0.361,0.157,0.769,0.074
28,"Wealthfront Advisers LLC Buys iShares Core MSCI Emerging Markets ETF, SPDR Nuveen Bloomberg ...",0.997,0.048,0.946,0.006
29,Blockbuster Deliveries to Drive Tesla's (TSLA) Q4 Earnings,0.998,0.106,0.89,0.004
30,Will Higher Revenues Drive Corning's (GLW) Q4 Earnings?,0.995,0.098,0.882,0.02
31,Rivian Stock Is Falling and Wall Street Isn’t Helping,0.25,0.05,0.919,0.031
32,"Cummins (CMI) Closes Momentum Fuel's 50% Buyout, Partners Isuzu",0.996,0.123,0.87,0.007
33,East 72: “Tesla (TSLA) has been a Shining Beacon in a Sea of Detritus for ARKK”,0.799,0.066,0.891,0.043
34,"Should You Still Invest in Tesla (TSLA) After it Reached a High of $1,243 per Share?",0.98,0.101,0.885,0.014
35,Should You Invest in Ford in 2022?,0.296,0.109,0.891,0.0
36,"What do Coke, Tesla, crypto and NFTs have in common? Investors who take crazy to a whole new level",-0.103,0.14,0.65,0.21
37,Why Lucid's Moat Isn't As Wide as Tesla's Was a Decade Ago,-0.7,0.0,0.854,0.146
38,6 Must-Buy Large-Cap Stocks Ahead of Q4 Earnings Next Week,1.0,0.166,0.826,0.008
39,The 10 Best Consumer Cyclical Stocks to Buy for 2022,1.0,0.142,0.836,0.022
40,7 Top Picks for Growth Investors in 2022,1.0,0.153,0.827,0.02
41,"With Wall Street Targets Far from Rivian Stock Reality, Stay Away",0.245,0.061,0.885,0.054
42,Dow Jones Futures Rise As Netflix Dives On Subscriber Guidance; Ugly Market Reversals Teach Painful Lesson,0.0,0.0,1.0,0.0
43,"Bitcoin drops below $40,000 as global market selloff spreads to cryptocurrencies",-0.382,0.0,0.833,0.167
44,Elon Musk Mocks Twitter's Embrace of NFTs,0.402,0.13,0.87,0.0
