﻿,Titles,Polarity,Positive,Neutral,Negative
0,"Stocks moving in after hours: Bed Bath &amp; Beyond, Apple, Tesla, Walmart, Target",0.0,0.0,1.0,0.0
1,"No, There Is No New Short-Selling Champion in Tesla Stock.",0.0,0.0,1.0,0.0
2,"Markets close lower today, meme stocks decline after week-long rally",-0.422,0.0,0.891,0.109
3,"Why Rivian, Lucid, and Tesla Stocks Dropped Friday",0.0,0.0,1.0,0.0
4,10 Best Fidelity Funds to Buy Now,1.0,0.128,0.849,0.023
5,"GM stock is about to dust Tesla stock, analyst says",0.989,0.11,0.886,0.004
6,Tesla Short Scott Burg Makes Multibillion-Dollar Bet Against Elon Musk's Firm,0.966,0.087,0.859,0.054
7,Rivian Cancels More Affordable Models; Is RIVN Stock A Buy?,-0.402,0.074,0.736,0.19
8,"Apple workers fear a ‘draconian’ return-to-office plan like Tesla’s, with an overcrowded office and tracked attendance",0.96,0.087,0.848,0.066
9,Federal Regulators Seek Answers About Tesla’s Autopilot,0.0,0.0,1.0,0.0
10,Tesla Seeks Chinese Government Support for Its Suppliers Amid Power Cuts,0.0,0.0,1.0,0.0
11,Dow Jones Drops As Bitcoin Tumbles; BBBY Stock Crashes 47% On Cohen Sale,0.0,0.0,1.0,0.0
12,"Tesla seeks manager to sell electricity in Texas, perhaps elsewhere",0.751,0.188,0.812,0.0
13,10 Best Small-Cap Nickel Stocks to Buy Now,0.999,0.107,0.867,0.026
14,BMW AG's (BAMXF) Next-Gen EVs to Get Eve Energy's Batteries,0.996,0.094,0.896,0.011
15,10 Best Self-Driving Stocks To Invest In,0.999,0.095,0.893,0.011
16,"Is Most-Watched Stock Tesla, Inc. (TSLA) Worth Betting on Now?",0.999,0.129,0.863,0.007
17,Dow Jones Futures Drop As Bitcoin Tumbles; BBBY Stock Crashes 47% On Cohen Sale,0.0,0.0,1.0,0.0
18,Maybe Tesla’s Next EV Plant Can Go Here. A Decision Could Come This Year.,-0.023,0.0,0.96,0.04
19,Own Tesla Stock? You'll Have More Shares After the Stock Split,0.422,0.076,0.924,0.0
20,Tesla Is Ramping Up Production in China,0.0,0.0,1.0,0.0
21,My Top Electric Car Stock to Buy and Hold Forever,0.0,0.0,1.0,0.0
22,Want a Green Portfolio? Buy These 3 ESG Growth Stocks,0.422,0.063,0.938,0.0
23,Exxon Mobil and Nvidia have been highlighted as Zacks Bull and Bear of the Day,1.0,0.13,0.835,0.034
24,"Bed Bath &amp; Beyond, GameStop Among Top Trades on Fidelity",0.767,0.124,0.876,0.0
25,UPDATE 2-Indonesia president wants Tesla to make electric cars in country - Bloomberg News,0.643,0.04,0.946,0.015
26,Indonesia president wants Tesla to make electric cars in country - Bloomberg News,0.643,0.04,0.945,0.015
27,Indonesia president wants Tesla to make EVs in country - Bloomberg News,0.855,0.105,0.869,0.026
