﻿,Titles,Polarity,Positive,Neutral,Negative
0,Why Wasn't Tesla Invited to President Biden's EV Event?,0.902,0.122,0.878,0.0
1,What Does President Biden's Electric Vehicle Plan Mean for Detroit?,0.727,0.08,0.92,0.0
2,"4 Top Stock Trades for Friday: TSLA, EBAY, CLOV, NIO",0.995,0.131,0.803,0.066
3,"Dow Jones Futures: Apple, Tesla Are New Buys In Market Rally; Disney Makes Bullish Earnings Move Late As 5 IPOs Report",0.511,0.142,0.858,0.0
4,"US STOCKS-S&amp;P 500, Dow set fresh records as recovery marches forward",0.994,0.104,0.88,0.016
5,US STOCKS-Big tech lifts S&amp;P 500 to fresh record close in listless session,0.992,0.093,0.9,0.007
6,Dow Jones Lags As Apple Stock Offers This Opportunity; Tesla Gains As Nio Falls,-0.527,0.0,0.833,0.167
7,US STOCKS-Technology stocks lift S&amp;P 500 to record high in listless session,0.985,0.072,0.918,0.01
8,Why Tesla Stock Edged Higher on Thursday,0.925,0.178,0.822,0.0
9,10 Penny Stocks Redditors are Buying in August,0.999,0.088,0.896,0.017
10,Influential short-seller Carson Block explains what he got wrong about Elon Musk and Tesla,-0.996,0.062,0.826,0.111
11,Nio Earnings Top But Beijing's New 5-Year Plan Hits China Stocks,0.0,0.0,1.0,0.0
12,Dow Jones Falls As Jobless Claims Drop; Tesla Rival Nio Slides On Earnings,-0.103,0.075,0.833,0.091
13,A Fed Policy Shift Could Be Near. Buying Bank Stocks Looks Like a Good Strategy.,0.296,0.138,0.862,0.0
14,Stocks On The Rise: 15 Best To Buy Now,1.0,0.127,0.845,0.028
15,Dow Jones Falls Despite Declining Jobless Claims; Tesla Rival Nio Slides On Earnings,-0.103,0.075,0.833,0.091
16,Dow Jones Drops Despite Declining Jobless Claims; Tesla Rival Nio Slides On Earnings,-0.103,0.075,0.833,0.091
17,EV Makers Are Determined To Dethrone Tesla In China,0.718,0.041,0.924,0.035
18,EV Tax-Credit Plan Disappoints. It’s a Setback for Tesla and Its Rivals.,0.0,0.0,1.0,0.0
19,"How to value Nio’s stock compared to Tesla, VW, Ford and other rivals",0.296,0.128,0.872,0.0
20,Tesla's Musk highlights chip supply issues in early tweet to Cathie Wood,0.34,0.074,0.926,0.0
21,Goodyear CEO on getting back to pre-pandemic levels: People are 'replacing tires right now',0.996,0.11,0.86,0.029
22,Tesla's Musk says must keep to schedule on European gigafactory - minister,0.477,0.059,0.907,0.034
23,"Tesla Stock Active as Musk Repeats Chip Concerns, NIO Plans Brand Challenge",0.25,0.196,0.701,0.103
24,Banks Are a Good Bet if Interest Rates Spike,0.296,0.138,0.862,0.0
25,"Electric Vehicle Checkpoint: Cramer Says to Buy Ford, Tesla, GM Stock",0.202,0.076,0.924,0.0
26,"Tesla Stock Edges Lower as Musk Repeats Chip Concerns, NIO Plans Brand Challenge",0.25,0.196,0.701,0.103
27,"UPDATE 1-Chinese electric carmaker Nio to compete with Volkswagen, Toyota",0.796,0.044,0.947,0.01
28,"Bitcoin price weakens after hitting resistance, remains near multi month highs",0.968,0.08,0.893,0.027
