﻿,Titles,Polarity,Positive,Neutral,Negative
0,TIGER 21's chairman breaks down the areas of the market the ultra-wealthy are investing in,0.0,0.0,1.0,0.0
1,"Nio released earnings Wednesday. Here’s how to value its stock compared to Tesla, Ford and other rivals",0.296,0.128,0.872,0.0
2,"Nio releases earnings Wednesday. Here’s how to value its stock compared to Tesla, Ford and other rivals",0.296,0.128,0.872,0.0
3,Peak Gasoline Demand Forecasts Aren't Scaring Big Oil,0.992,0.109,0.84,0.051
4,"Dow Jones Futures: Market Rally Mixed As White House Sees Covid Cases 'Leveling Off'; Upstart, RH Lead, Moderna, BioNTech, CrowdStrike Slump; Tesla Rival Nio Earnings Due",0.691,0.254,0.675,0.071
5,Coinbase (COIN) Races Past Analyst Estimates,0.153,0.135,0.754,0.111
6,How Tesla Is Overcoming The Global Chip Shortage,0.824,0.085,0.841,0.073
7,The Story of Uber,0.62,0.239,0.675,0.086
8,25 Hottest Countries in the World,0.998,0.082,0.888,0.029
9,Fisker vs.Tesla: Which Stock Will Drive Ahead?,0.986,0.048,0.937,0.014
10,How Tesla's Vehicle Deliveries Are Likely to Soar More Than 50% This Year,0.077,0.105,0.802,0.093
11,"Not Just Tesla, SpaceX, Elon Musk — Coinbase Is Also Finding Popularity With Hedge Funds",0.889,0.081,0.893,0.025
