﻿,Titles,Polarity,Positive,Neutral,Negative
0,"Tesla’s quarterly deliveries milestone, Model S Plaid catches fire",0.965,0.091,0.857,0.052
1,Tesla Stock Gets No Help From Record Deliveries. Here’s What Wall Street Thinks.,0.641,0.089,0.911,0.0
2,"Dow Jones Rallies As Apple, Microsoft Lead; AMC Stock Dives; Tesla Delivery Gains Vanish",0.34,0.103,0.897,0.0
3,"Mega caps liking job numbers, Tesla's Q2 delivery record, RIDE &amp; DiDi dive",0.99,0.078,0.882,0.041
4,"3 Heavyweight, Most-Shorted Stocks Breaking Out",0.997,0.112,0.853,0.035
5,Tesla’s Lidar Flirtation Is More Proof That Microvision Has Potential,0.949,0.066,0.894,0.04
6,Tesla’s sales show company is weathering chips shortage better than other auto makers,0.818,0.26,0.685,0.055
7,Is Nio Stock A Buy After Q2 Sales More Than Double?,0.422,0.151,0.78,0.069
8,Why Tesla Stock Moved Higher Friday,0.572,0.077,0.923,0.0
9,GM vs. TSLA: Which Stock Is the Better Value Option?,0.998,0.214,0.782,0.004
10,7 Energy Stocks to Buy for $100 Oil in 2022,1.0,0.156,0.786,0.058
11,Stock market news live updates: Stocks gain after June payrolls top estimates,0.997,0.102,0.846,0.052
12,Forget Tesla. The More Interesting EV Race is Porsche vs. Ferrari.,-0.45,0.0,0.891,0.109
13,Germany to reach 1 million electric cars on its roads in July as competition intensifies,0.202,0.07,0.93,0.0
14,Ford’s June Sales Fell 27% in U.S. Due to Chip Shortage,-0.477,0.0,0.872,0.128
15,Tesla Reported Record Deliveries. Why That’s Not Good Enough to Change the Narrative.,0.848,0.212,0.788,0.0
16,"Li Auto Reports Booming Q2 Sales, Joining China EV Rivals Nio, Xpeng",0.511,0.136,0.864,0.0
17,Tesla Q2 Deliveries Hit New High But Miss Estimates,-0.649,0.0,0.725,0.275
18,"Tesla quarterly deliveries hit 200K, stock trades higher",0.0,0.0,1.0,0.0
19,RSVP ‘No’ to the Lucid Motors Party Before CCIV Stock Crashes,0.999,0.133,0.843,0.024
20,"Tesla Delivered a Record 201,250 Cars in Second Quarter",0.98,0.09,0.906,0.005
21,Owning stocks is ‘a privilege of the few’: Betterment CEO,0.954,0.096,0.873,0.031
22,Li Auto's electric vehicle deliveries reach new highs,0.557,0.051,0.949,0.0
23,"US STOCKS-S&amp;P 500, Nasdaq set for record open after strong June jobs report",0.979,0.085,0.883,0.032
24,10 Best Young Stocks To Buy and Hold For 20 Years,1.0,0.094,0.891,0.015
25,"Tesla delivered more than 200,000 vehicles in Q2, roughly in line with expectations",0.103,0.043,0.931,0.026
26,"UPDATE 3-Tesla Q2 deliveries meet analysts' estimates despite chip shortage, shares gain",0.748,0.045,0.932,0.023
27,Are Options Traders Betting on a Big Move in Tesla (TSLA) Stock?,0.988,0.111,0.87,0.02
28,Tesla Q2 2021 Vehicle Production &amp; Deliveries,0.649,0.03,0.97,0.0
29,Richard Branson Aims to Beat Jeff Bezos to Space,0.0,0.0,1.0,0.0
30,"Li Auto EV Deliveries More Than Double, Exceeding Its Estimate",0.0,0.0,1.0,0.0
31,ChargePoint Stock Could Have Competition Problem From EV Maker Networks,0.996,0.095,0.877,0.028
32,"Tesla Gains As Q2 Vehicle Sales, Production Top 200,000, Break Record",0.459,0.04,0.946,0.015
33,"Jobs Report, Virgin Galactic, Tesla and Robinhood: 5 Things You Must Know",0.077,0.046,0.954,0.0
