﻿,Titles,Polarity,Positive,Neutral,Negative
0,RPT-India to launch supercharged push for global electric vehicle players,0.996,0.141,0.831,0.029
1,3 Small-Cap Energy Sectors With Major Upside,0.999,0.165,0.807,0.028
2,"Dow Jones Futures: Are Tech Stocks Back? Applied Materials, Nvidia, Tesla Lead Stock Market Rally",0.077,0.081,0.847,0.071
3,Stock Market Today: Tech Takes Off as Bond Yields Taper Off,0.993,0.102,0.884,0.014
4,The QQQ Rallied Today. Here's Why.,0.951,0.068,0.925,0.006
5,US STOCKS-Wall Street closes up on tech rebound; Tesla gains,0.997,0.147,0.828,0.025
6,"Cramer: $3,000 Tesla Price Target Would Be 'Hype' From Anyone But Cathie Wood",0.91,0.07,0.895,0.035
7,4D imaging radar provides ‘100% safety solution’ for automobiles: Arbe Robotics CEO,0.0,0.0,1.0,0.0
8,"Jim Cramer: The Stimmy Crowd, Cathie Wood, and Elon Musk",-0.202,0.0,0.924,0.076
9,US STOCKS-Wall Street rises on tech rebound; Tesla gains,0.995,0.144,0.828,0.028
10,"SPACs to Watch: Lucid Motors, 23andMe, and More",0.74,0.072,0.928,0.0
11,"Will It Really Take 4 Years for the Nasdaq's Hottest Stock to Hit $3,000 per Share?",0.202,0.083,0.917,0.0
12,Cathie Wood Sees 350% Upside for Tesla Stock,0.477,0.055,0.945,0.0
13,"Apple, Tesla Trigger Wall Street Dreams of $3 Trillion Valuation",0.998,0.14,0.848,0.011
14,"Musk Cancels Tesla's Full Self Driving Update, Awaits Further Progress",0.964,0.09,0.889,0.022
15,"Ark Invest predicts Tesla to hit $3,000 per share by 2025",0.997,0.076,0.901,0.022
16,Volkswagen Stock Jumps As Electric Vehicle Crown Expected Soon,0.0,0.0,1.0,0.0
17,Elon Musk: Tesla would be ‘shut down’ if its cars spied on China,-0.103,0.025,0.946,0.029
18,US STOCKS-Wall Street rises on tech boost; Tesla gains,0.986,0.097,0.876,0.026
19,Tesla's Version 11 UI Update Leaked In Model S Refresh Images,0.904,0.082,0.87,0.048
20,"Dow Jones Up; Tesla Stock Gains As Elon Musk Eases These Fears; Disney, Apple Lead Blue Chips",-0.202,0.0,0.909,0.091
21,Business Leaders Gathered at the China Development Forum. The Message: U.S. and China Must Work More Closely Together.,0.44,0.15,0.769,0.081
22,$1.6 Trillion Gone: Nasdaq Stock Implosion Gets Ugly,0.273,0.132,0.805,0.063
23,Why Tesla Stock Jumped on Monday,0.727,0.098,0.902,0.0
24,India to launch supercharged push for global electric vehicle players,0.996,0.142,0.829,0.029
25,"Wood’s Ark Invest projects Tesla shares reaching $3,000 by 2025",0.0,0.0,1.0,0.0
26,"What You Need To Know In Options This Week. SPY, GameStop, Tesla, Adobe, Blink, At Home, Bionano And More",0.103,0.021,0.952,0.026
27,Stock Market Today With Jim Cramer: Tesla and ARK Invest,0.0,0.0,1.0,0.0
28,Why Volkswagen Stock Is Still Surging,0.681,0.074,0.926,0.0
29,Tesla shares jump after ETF manager boosts price target,0.948,0.2,0.8,0.0
30,"Volkswagen Could Be a Big Contender for Tesla in a Year, Says Deutsche Bank",0.852,0.124,0.876,0.0
31,"Dow Jones Reverses Higher As Apple, Intel Lead; Why Tesla Stock Is Racing Ahead",-0.026,0.087,0.823,0.091
32,"Dow Reverses, Tech Stocks Climb As Yields Drop; Tesla Jumps On 3,000 Price Target",0.0,0.0,1.0,0.0
33,US STOCKS-Wall Street rises on tech boost; Tesla gains,0.989,0.102,0.876,0.022
34,Will Ark Invest’s Cathie Wood be the face of the market?,0.0,0.0,1.0,0.0
35,"Volkswagen’s BEV sales could beat Tesla’s next year, says Deutsche Bank",0.296,0.052,0.948,0.0
36,"Volkswagen EV Business Worth $230 Billion, Deutsche Bank Says",0.863,0.062,0.909,0.029
37,"Nasdaq Has Strong Overnight Session, Led By Tesla, As Yields Step Back",0.997,0.096,0.853,0.051
38,"Dow Falls, Tech Stocks Climb As Yields Drop; Tesla Jumps On 3,000 Price Target",0.0,0.0,1.0,0.0
39,Tesla (TSLA) Cars Restricted From Military Premises in China,0.987,0.095,0.859,0.046
40,Tesla Stock Is Surging Higher. That Doesn’t Mean It’s Out of the Woods.,0.778,0.167,0.833,0.0
41,"Dow Jones Futures Fall, Tech Futures Climb As Yields Drop; Tesla Jumps On 3,000 Price Target",-0.103,0.067,0.852,0.081
42,Tesla Stock Is A Screaming Buy Now If Cathie Wood's Ark Is Right,0.599,0.159,0.841,0.0
43,"Porsche at 6-Year High; Volkswagen Surges on IPO Talk, Tesla Challenge",0.0,0.0,1.0,0.0
