﻿,Titles,Polarity,Positive,Neutral,Negative
0,"EV Startup That Drew Apple Interest Takes On Tesla, GM In Hot Pickup Market",0.0,0.0,1.0,0.0
1,Dow Jones Hits Record High With Biden Set To Sign Covid Stimulus Bill; Roblox Stock Jumps,0.637,0.208,0.729,0.063
2,Elon Musk Says Tesla Cybertruck Can Power A Tiny House,0.813,0.046,0.938,0.015
3,Should You Invest in Crypto Stocks Right Now?,0.422,0.067,0.933,0.0
4,Influencers with Andy Serwer: Walter Isaacson,1.0,0.119,0.827,0.054
5,Apple Tilts to iPhone Playbook for Car as Automaker Talks Stall,0.989,0.079,0.881,0.041
6,"Uber Fails to Pay Some Electric Car Bonuses, Citing Glitch",0.999,0.103,0.872,0.025
