﻿,Titles,Polarity,Positive,Neutral,Negative
0,Russian man to be deported after failed Tesla ransomware plot,-0.758,0.0,0.828,0.172
1,Tesla Stock Had a Great Day. Explaining Why Isn’t Easy.,0.586,0.179,0.821,0.0
2,"Dogecoin, bitcoin prices climb as Elon Musk solicits help to improve meme coin, talks sustainability with miners",0.318,0.05,0.95,0.0
3,Baron Funds' Top Trades of the 1st Quarter,0.999,0.122,0.836,0.042
4,Musk Tweet Surprises Again While Top Hedge Fund Reverses On Bitcoin,0.402,0.109,0.891,0.0
5,"Dow Jones Jumps Almost 200 Points As Tech Stocks Rebound; Roblox Vaults, SPCE Stock Soars",0.71,0.228,0.772,0.0
6,Replay: Fireside Chat with Origin Materials to Discuss Merger with Artius Acquisition Inc.,0.985,0.053,0.939,0.007
7,Why Tesla Stock Jumped on Monday,0.958,0.199,0.801,0.0
8,Tesla Battery Supplier LG Collaborates with Indonesia Over $1.2B Battery Plant: Reuters,0.949,0.126,0.847,0.027
9,Why This Top Hedge Fund Changed Its Mind On Bitcoin,0.402,0.124,0.876,0.0
10,10 Best US Stocks to Buy Now,1.0,0.13,0.853,0.017
11,Electric Truck Startup Lordstown To Report As Major Threat Looms,0.422,0.149,0.851,0.0
12,Could Tesla CEO Elon Musk Be Changing His Mind On Lidar Sensors?,0.0,0.0,1.0,0.0
13,Bitcoin Rebounds as Bearish Bets Ease; BTC Bull Repeats $100K Target,-0.522,0.082,0.83,0.088
14,"Dow Jones Rallies As Virgin Galactic Rockets On Successful Flight Test; Apple, Tesla Rebound",0.586,0.16,0.84,0.0
15,"Tesla Stock Isn’t Going Anywhere for Now, Says Wells Fargo",0.361,0.127,0.873,0.0
16,Tesla Tests Luminar Sensor Musk Scorned as ‘Fool’s Errand’,0.983,0.065,0.916,0.019
17,S&amp;P 500 Racks Up Gains as Bulls Feast on Tech Rebound,0.542,0.068,0.875,0.057
18,"Tesla initiated at Wells Fargo, and there are 3 reasons analyst Colin Langan isn’t bullish",-0.287,0.04,0.861,0.098
19,"IEA Urges to Halt Fossil Fuel Investment, Green Stocks to Gain",0.999,0.178,0.817,0.005
20,"5 Top Stock Gainers for Monday: Virgin Galactic, Beyond Meat, Tesla",0.202,0.096,0.904,0.0
21,"Tesla Initiated Neutral on Materials Costs, Regulation Prospects",0.25,0.105,0.895,0.0
22,Ford Retreats From Near 5-Year Highs Amid F-150 Lightning Pro Unveiling,0.296,0.071,0.929,0.0
23,10 Reasons the Cryptocurrency Bubble Is Bursting,0.913,0.189,0.763,0.047
24,UPDATE 1-Bitcoin fights back after Sunday sell-off,-0.019,0.057,0.875,0.069
25,Bitcoin Is Off About 43% From Its Recent Peak,0.0,0.0,1.0,0.0
26,"3 High-Risk, High-Reward Stocks to Add to Your Watchlist",0.586,0.082,0.889,0.029
27,"Dow Jones Futures Rise In Still-Shaky Market Rally, Bitcoin Rebounds; Follow Google, Nvidia, Tesla",0.285,0.097,0.903,0.0
28,Tesla Considering Opening a Factory in Russia – Report,0.977,0.084,0.891,0.025
29,Coinbase Gains As Cryptos Try to Leave Behind A Forgetful Week,0.654,0.089,0.837,0.074
30,Ford Shares Test Five-Year Highs Amid F-150 Lightning Pro Unveiling,0.296,0.071,0.929,0.0
31,Crypto recovery stalls as miners eye exits,-0.876,0.07,0.844,0.087
32,"Belarus Plane Action, Tax Regulation, Bitcoin - What's Moving Markets",0.994,0.101,0.848,0.05
33,"Dollar Up, But Still Near Three-Month Low Over Fed Taper Talk Concerns",0.984,0.092,0.868,0.04
