﻿,Titles,Polarity,Positive,Neutral,Negative
0,Tesla Autopilot investigation takes 'bloom off the rose' for investors: Analyst,-0.402,0.0,0.886,0.114
1,"Dow Jones Futures: Choppy Stock Market Rally Continues As Tesla Dives; Home Depot, Walmart Earnings On Deck",0.0,0.0,1.0,0.0
2,Six injured as self-driving Tesla crashes in school car park in Southern England - Telegraph,-0.816,0.01,0.909,0.081
3,CORRECTED-Six hurt in Tesla crash in British school car park -Telegraph,-0.748,0.009,0.92,0.07
4,"Earnings Roundup: Boeing, Lockheed Martin, Tesla, XPO Logistics",0.0,0.0,1.0,0.0
5,Michael Burry of ‘The Big Short’ Is Betting Against ARK’s Cathie Wood,0.586,0.211,0.789,0.0
6,"Michael Burry Bets Heavily Against Tesla, Cathie Wood's Ark Funds In Latest Options",0.983,0.123,0.833,0.044
7,"Bronstein, Gewirtz &amp; Grossman, LLC Notifies Shareholders of Tesla, Inc. (NASDAQ:TSLA) Investigation",0.18,0.063,0.873,0.064
8,"Stock Market Today: Dow, S Shrug Off China Weakness, Afghan Upheaval",0.991,0.093,0.852,0.055
9,Elon Musk's SpaceX Looking At Further Delays For Lunar Lander Project As Bezos' Blue Origin Legally Challenges NASA's Contract Award,0.979,0.098,0.86,0.042
10,Elon Musk Shares A List Of Improvements For FSD Beta V9.2,0.985,0.111,0.889,0.0
11,Dow Jones Rallies As Apple Reverses Higher; Tesla Sinks On Autopilot Probe; China Stocks Dive,0.34,0.121,0.819,0.06
12,"Tesla falls on autopilot probe, Walmart earnings preview, Sonos jumps on patent case win",0.0,0.0,1.0,0.0
13,Elon Musk’s SolarCity Trial Nears Conclusion With $2 Billion at Stake,0.987,0.07,0.881,0.049
14,Bitcoin's bulls vs bears,-0.095,0.061,0.881,0.058
15,Dow Jones Fights As Apple Rallies Off Lows; Tesla Sinks On Autopilot Probe; China Stocks Dive,0.0,0.114,0.732,0.154
16,Why Dogecoin Is Rallying Today,0.34,0.167,0.833,0.0
17,EV Makers Eye Bigger Battery-Metals Role by Inking Mining Deals,0.991,0.142,0.847,0.01
18,Tesla Autopilot U.S. Safety Probe Puts a Damper on Elon Musk’s AI Day,0.967,0.102,0.832,0.065
19,Michael Burry of ‘Big Short’ Bets Against Cathie Wood’s ARKK,0.986,0.127,0.846,0.027
20,EV Stocks Take a Hit as Markets See a Monday-Morning Fall,0.572,0.123,0.796,0.081
21,"S&amp;P 500, Dow Cuts Losses to Close at Record Highs Ahead of Powell",0.986,0.117,0.828,0.055
22,Why Tesla Stock Is Down Today,-0.382,0.0,0.833,0.167
23,"Walmart, Home Depot, Retail Sales: 3 Things to Watch",-0.447,0.074,0.854,0.072
24,Will Project Dojo be the Central Focus of Tesla's (TSLA) AI Day?,0.997,0.121,0.872,0.007
25,S&amp;P 500 Cuts Losses to Clinch Record Highs,0.982,0.121,0.816,0.063
26,Luminar’s plan to expand its technology beyond Tesla,0.71,0.143,0.829,0.029
27,Tesla Stock Sinks As U.S. Opens Safety Probe Into Autopilot System,0.422,0.177,0.823,0.0
28,Tesla’s Stock Is Tumbling Because Autopilot Is Being Investigated. Here’s What to Know.,0.128,0.121,0.779,0.1
29,"Dow Jones Falls, Tech Stocks Tumble As China's Economy Slows; Apple Sells Off, Tesla Dives On Autopilot Investigation",0.0,0.0,1.0,0.0
30,Tesla Autopilot Probe Initiated By US Regulatory Agency: What You Need To Know,0.248,0.056,0.895,0.049
31,U.S. opens formal investigation into Tesla Autopilot system,-0.572,0.0,0.81,0.19
32,Government Probes Tesla Safety. Here’s What That Means For the Stock.,0.128,0.121,0.779,0.1
33,10 Solar Penny Stocks to Buy According to Reddit,1.0,0.116,0.873,0.01
34,"Retail Kicks Off Final Stretch Of Earnings Season Amid A Slew Of Manufacturing, Retail, And Housing Data",0.998,0.108,0.813,0.079
35,High-income network holds only 25% of assets in public stocks:' TIGER21 chair,0.99,0.102,0.898,0.0
36,Endurance Electric Pickup Is Coming,0.99,0.084,0.901,0.015
37,'Big Short' Burry Bets Against Wood's ARK Innovation ETF,0.382,0.102,0.898,0.0
38,"Auto Stock Roundup: NIO's Narrower Q2 Loss, LEA's Payout Hike &amp; More",0.994,0.103,0.868,0.029
39,Tesla stock drops after reports of NHTSA investigation into Autopilot system after crashes,0.671,0.087,0.913,0.0
40,Tesla Autopilot Probed by U.S. for Emergency-Vehicle Crashes,-0.923,0.074,0.823,0.103
41,"UPDATE 2-U.S. opens formal safety probe into some 765,000 Tesla vehicles",0.83,0.066,0.889,0.045
42,"Dow Jones Futures Fall On China Data, Tesla Autopilot Probe, Nvidia, DocuSign Near Buys In Choppy Market Rally",0.0,0.0,1.0,0.0
43,"Tesla Has a Tough Road Ahead, but That Road Should Be Short",-0.422,0.0,0.966,0.034
44,U.S. opens formal safety probe into Tesla Autopilot crashes,0.751,0.093,0.867,0.04
45,Wall Street Opens Lower; Tesla in Spotlight Amid Safety Probe; Dow Down 160 Pts,0.501,0.08,0.842,0.078
46,Tesla Drops As U.S. Opens Formal Probe Into Tesla Autopilot,0.402,0.082,0.857,0.062
