﻿,Titles,Polarity,Positive,Neutral,Negative
0,Volkswagen Stock Jumps After CEO Teases 'Power Day',0.0,0.0,1.0,0.0
1,Taiwan Drought Threatens to Hurt Production of Chips,0.202,0.13,0.87,0.0
2,Is GBTC Stock A Good Buy As Bitcoin Rebounds After Pullback?,0.691,0.222,0.778,0.0
3,Volkswagen and Goldman Sachs-backed Northvolt snaps up Silicon Valley’s Cuberg in EV battery race,0.802,0.247,0.753,0.0
4,"Dow Rallies 300 Points, Tech Stocks Slash Gains, Yields Flat After Inflation Data; Tesla Reverses",0.226,0.079,0.921,0.0
5,Fisker CEO's Tweet Reveals Additional Details for Project Pear EV Collab,0.99,0.107,0.882,0.011
6,"Company News for Mar 10, 2021",0.979,0.184,0.803,0.013
7,Dip buyers were out in full force: Morning Brief,0.999,0.109,0.866,0.024
8,"The Zacks Analyst Blog Highlights: Enphase Energy, SolarEdge Technologies, Tesla, First Solar and Sunnova Energy",0.999,0.138,0.842,0.02
9,Dow Jones Futures Rise But So Do Treasury Yields With Final Biden Stimulus Vote On Tap; Where To Look For Breakouts,0.296,0.078,0.922,0.0
10,3 Top Stocks to Buy During This Market Crash,-0.572,0.036,0.859,0.105
11,Which Stocks Are WallStreetBets Users Talking About Today?,0.994,0.105,0.877,0.019
12,Tesla Factories And Warehouses Impacted In Massive Security-Camera Breach: Report,0.951,0.073,0.898,0.029
13,"Tesla, LG Chem Negotiate Making 4680 Cells In US And Europe: Report",-0.863,0.065,0.869,0.066
14,Exclusive: LG hopes to make new battery cells for Tesla in 2023 in U.S. or Europe - sources,0.993,0.09,0.891,0.019
15,Tesla and Other EV Stocks Are Bouncing Back. That Doesn’t Mean the Bubble Won’t Pop.,0.077,0.099,0.826,0.075
