﻿,Titles,Polarity,Positive,Neutral,Negative
0,10 Biggest Car Companies in The World By Sales,0.993,0.056,0.922,0.022
1,Do Nintendo Shares Deserve Investors' Attention Pre-Split?,0.998,0.141,0.85,0.009
2,Elon Musk Warns Again About Troubles Ahead,-0.71,0.0,0.67,0.33
3,Dow Jones Futures: Fed Meeting Looms; What To Do In New Stock Market Correction,0.0,0.0,1.0,0.0
4,Jim Cramer Is Bearish on These 10 Stocks in September,0.998,0.09,0.882,0.028
5,Tesla Rival Rolls Out Mid-Sized SUV,0.527,0.055,0.945,0.0
6,10 Best Consumer Discretionary Stocks to Buy Now,0.999,0.098,0.879,0.023
7,Stocks To Watch In Stock Market Correction: Tesla Stock Eyes Early Buy Point,0.0,0.0,1.0,0.0
8,Tesla Delivers Good News for EV Buyers,0.494,0.072,0.928,0.0
9,Why Tesla Shares Moved Higher Monday,0.539,0.069,0.911,0.019
10,Cathie Wood’s ARK Sees a Huge Jump in EV Sales Coming. Cost Is the Key.,0.0,0.0,1.0,0.0
11,7 Stocks to Buy This Week,0.999,0.125,0.833,0.041
12,Auto Roundup: General Motors (GM) &amp; Ford (F) Make a Splash With Key Updates,0.999,0.114,0.855,0.031
13,Ford's (F) '23 Mustang Model Unveiled at Detroit Auto Show,0.997,0.119,0.859,0.021
14,"AutoZone's (AZO) Q4 Earnings &amp; Sales Beat, Profit Up Y/Y",0.997,0.119,0.87,0.011
15,"U.S. homebuilder sentiment falls, Tesla stock flat, U.S. dollar rises",0.0,0.0,1.0,0.0
16,3 Growth Stocks Down 25% to 75% to Buy Now,0.677,0.102,0.898,0.0
17,Tesla Plans Huge Push to Increase Sales In Germany. It Better Go Well.,0.477,0.147,0.853,0.0
18,This Bold Move Could Give Tesla an Edge in Battery Production,0.878,0.129,0.871,0.0
19,Dow Jones Falls As 10-Year Treasury Yield Surges Ahead Of Fed Meeting,0.202,0.076,0.924,0.0
20,Redditors are Buying AMD and 9 Other Stocks on the Dip,0.999,0.103,0.873,0.024
21,Tesla's German battery plant and land extension on track - mayor,-0.599,0.0,0.97,0.03
22,5 Low Leverage Stocks to Buy Amid Macroeconomic Challenges,0.998,0.121,0.834,0.045
23,Dow Jones Futures Fall As 10-Year Treasury Yield Surges Ahead Of Fed Meeting,0.202,0.079,0.921,0.0
24,"Dow Jones Futures Fall, 10-Year Yield Hits New High As This Fed Reality Sets In",0.052,0.052,0.901,0.047
25,Nvidia Is on Sale and Cathie Wood Is a Big Buyer,0.871,0.085,0.841,0.074
26,CORRECTED-UPDATE 1-Tesla completes production capacity expansion at Shanghai plant - Shanghai govt,0.681,0.045,0.955,0.0
27,What we love and hate about Tesla,0.649,0.224,0.693,0.083
28,"Amazon, Take-Two Interactive, Coinbase Fall Premarket;  AutoZone Rises",0.649,0.073,0.877,0.05
29,Tesla plans to double sales in Germany for 2022: report,0.0,0.0,1.0,0.0
30,Tesla plans to double German auto sales for 2022: report,0.527,0.07,0.93,0.0
31,Dow Futures Down 260 Pts; Fed Meeting Looms Large,-0.459,0.087,0.818,0.096
32,Dow Jones Futures Fall Ahead Of Fed Meeting As This Reality Sets In; Five Stocks Holding Up,-0.153,0.0,0.948,0.052
33,Dow Jones Futures Rise Ahead Of Fed Meeting But This Reality Has Set In; Five Stocks Holding Up,-0.153,0.0,0.948,0.052
