﻿,Titles,Polarity,Positive,Neutral,Negative
0,"Tesla Earnings Beat But Musk Warns On Chips, Semi Delayed; FSD Subscription 'Debatable'",-0.681,0.0,0.694,0.306
1,Tesla Beats in Q2 as Indexes Set New Closing Highs,0.988,0.096,0.873,0.032
2,"Lucid Motors CEO market debut, retail investors, and what's next for EVs",0.0,0.0,1.0,0.0
3,Tesla (TSLA) Q2 Earnings and Revenues Top Estimates,0.994,0.1,0.891,0.009
4,Today’s Market Wrap Up and a Glimpse Into Tuesday,0.991,0.114,0.851,0.034
5,Tesla Earnings Beat Despite Production Woes; Semi Delayed Again; Tesla Stock Rises,-0.077,0.089,0.769,0.142
6,"Dow Jones Futures: Tesla Earnings Beat, While Apple Leads 4 Tech Giants Set To Report",0.0,0.0,1.0,0.0
7,Tesla Earnings: What Happened with TSLA,-0.422,0.0,0.851,0.149
8,Tesla’s Earnings Came in Strong. The Stock Should Rise.,0.823,0.301,0.699,0.0
9,Tesla to come under ‘tremendous pressure’: GLJ Research Founder,0.0,0.0,1.0,0.0
10,"Tesla tops $1 billion in profit, delays Semi launch",0.0,0.0,1.0,0.0
11,Tesla beats Q2 earnings estimates,0.0,0.0,1.0,0.0
12,"Dow Jones Gains, Nasdaq Closes Positive; Tesla Earnings Beat As Bitcoin Soars; IPO Passes Buy",0.44,0.153,0.847,0.0
13,Tesla Releases Second Quarter 2021 Financial Results,0.318,0.02,0.98,0.0
14,"US STOCKS-S&amp;P 500 edges up as investors eye key earnings, Fed meeting",0.929,0.079,0.879,0.041
15,‘The markets have rewarded Powell’: Heritage Capital President,0.0,0.0,1.0,0.0
16,"Bitcoin price trades above $40,000 — 4 things driving the rally",0.0,0.0,1.0,0.0
17,Dow Jones Gains As Nasdaq Stalls; Tesla Surges Ahead Of Earnings; IPO Stock Passes Buy,0.0,0.0,1.0,0.0
18,"Bitcoin price surges toward $40,000 — Here are 4 reasons why",0.0,0.0,1.0,0.0
19,Tesla Posts Record $1.1 billion Profit: Elon Musk Cautions on Chip Shortage,0.66,0.182,0.772,0.046
20,Why Tesla Stock Bounced Ahead of Earnings,0.586,0.052,0.948,0.0
21,Tesla Q2 earnings: What to expect,0.0,0.0,1.0,0.0
22,Tesla rival Lucid Motors jumps in public debut,0.0,0.0,1.0,0.0
23,"Lucid Motors, Bitcoin, Lockheed Martin: 3 Things to Watch Into Happy Hour",0.557,0.141,0.859,0.0
24,"US STOCKS-Wall Street hovers near record highs before tech earnings, Fed meeting",0.908,0.07,0.879,0.051
25,Tesla Earnings Top Views; Will Overnight Action Translate To Tuesday?,0.0,0.0,1.0,0.0
26,"Why Coinbase, MicroStrategy, and Other Bitcoin Stocks Rocketed Higher Today",0.681,0.123,0.877,0.0
27,"Dow Jones Targets New High As These Stocks Lead; Tesla, Apple, Microsoft Earnings On Tap",-0.103,0.082,0.819,0.099
28,"Bitcoin Tops $40K, but Lack of Blockchain Activity May keep Lid on Gains",0.99,0.115,0.857,0.028
29,Tech earnings expected to grow into 2022: strategist,0.382,0.098,0.902,0.0
30,"Dow Jones Reverses As Bitcoin Soars Above $39,000; Tesla Earnings On Deck",0.0,0.0,1.0,0.0
31,Big Tech's Earnings Results in Focus,0.997,0.146,0.843,0.011
32,'Robinhood is not a place to trust holding your money': Strategist,0.494,0.151,0.849,0.0
33,"Big tech earnings on tap, Federal Reserve decision this week",0.0,0.0,1.0,0.0
34,EV Sales Growth Is Outpacing That Of Traditional Industry,0.989,0.094,0.871,0.036
35,What to expect from Tesla’s Q2 earnings,0.382,0.11,0.89,0.0
36,The two-year path back to normal,0.0,0.0,1.0,0.0
37,Amazon Job Posting Hints at Plan to Accept Cryptocurrency,0.989,0.11,0.868,0.023
38,Lucid Goes Public. It’s the Fourth Most Valuable EV Stock Now.,0.0,0.0,1.0,0.0
39,"Q2 Earnings, Economic Data to Make for Eventful Week",0.998,0.148,0.842,0.01
40,"Dow Jones Falls As Bitcoin Soars Above $39,000; Tesla Earnings On Deck",0.0,0.0,1.0,0.0
41,"ESG investing is booming, and investors are 'winging it when it comes to research'",0.994,0.092,0.898,0.01
42,"Auto Stock Roundup: Buyout Deals of MGA and MGO, TSLA-BHP Deal &amp; More",0.998,0.13,0.849,0.021
43,"For Tesla, Main Risk is Valuation Contraction",0.998,0.149,0.793,0.058
44,Bitcoin at $40k? Crypto jumps after signs more tech companies plan to use it,0.902,0.073,0.888,0.039
45,Stocks Move Higher as Wall Street Prepares for Tech Earnings and the Fed,0.077,0.053,0.947,0.0
46,"Ahead of Tesla results, Cathie Wood says Wall Street’s valuing it all wrong",0.0,0.0,1.0,0.0
