﻿,Titles,Polarity,Positive,Neutral,Negative
0,Tim Cook Finally Opens Up About The Much-Hyped Apple Car,0.991,0.097,0.866,0.037
1,Replay: IPO Edge Hosts Fireside Chat with Blink Charging President Brendan Jones,0.977,0.104,0.887,0.009
2,Tesla Stock Traders Could Look To Buy The Daily Bull Flag Dip,0.896,0.051,0.938,0.011
3,How EVs Could Get a Boost From Biden,0.273,0.108,0.83,0.062
4,How EVs Could Get a Big Boost From Biden,0.273,0.108,0.83,0.062
5,"Now you can pay rent in bitcoin, at least at mall magnate Rick Caruso's apartments",0.999,0.135,0.845,0.02
6,Why This BofA Analyst Says General Motors Is A Top EV Stock,0.963,0.087,0.888,0.025
7,Unknown Billionaire Phill Gross’ Top 10 Stock Picks,0.999,0.137,0.808,0.055
8,"Dow Falls As Treasury Yields Continue To Drop; Apple Reverses, Tesla Skids",0.202,0.067,0.933,0.0
9,"Tesla's Stock Is Way Overblown and Only Worth $150, Analyst Says",-0.34,0.027,0.916,0.057
10,"Dow Rises, Tech Stocks Fall As Treasury Yields Flatten; Apple, Tesla Drop",0.202,0.067,0.933,0.0
11,Self-driving sensor startup Innoviz rallies in Wall Street debut,0.899,0.046,0.939,0.015
12,Can General Motors Charge to New Highs? The Chart Says Yes,0.25,0.074,0.926,0.0
13,The richest person in every U.S. state after the latest billionaire boom,0.997,0.128,0.86,0.012
14,Elon Musk Marks A 'Seminal Moment' For Tesla And Bitcoin,0.0,0.0,1.0,0.0
15,General Motors (GM) China Vehicle Sales Sustain Momentum in Q1,0.993,0.087,0.901,0.013
16,UPDATE 1-Tesla tells China car cameras not activated outside North America,0.918,0.108,0.85,0.042
17,"Good Entry Point for Tesla Stock? Not Just Yet, Says Analyst",0.95,0.08,0.88,0.04
18,Lex in depth: a solid case for the next generation of batteries,0.883,0.212,0.727,0.06
