﻿,Titles,Polarity,Positive,Neutral,Negative
0,"Replay: Spire Global CEO in Fireside Chat to Discuss NavSight Merger, Space-as-a-Service",0.998,0.092,0.878,0.03
1,GM Stock Sinks As Raised Guidance Looks Shaky Amid 'New Challenges',-0.318,0.081,0.744,0.176
2,GM vs. TSLA: Which Stock Should Value Investors Buy Now?,0.998,0.207,0.788,0.005
3,The EV Revolution Is Just Getting Started,0.988,0.071,0.914,0.015
4,"If You Invested $1000 in Tesla a Decade Ago, This is How Much It'd Be Worth Now",0.999,0.158,0.818,0.025
5,General Motors Stock Falls Despite Raising 2021 Guidance,0.51,0.136,0.864,0.0
6,"Dow Jones Futures Fall: GM Slides On Profit Miss, Paycom Flashes Buy Signal After Market Rally, Tesla, Square Find Support",0.318,0.123,0.809,0.068
7,"Dow Jones Futures Fall: Paycom Flashes Buy Signal After Market Rally, Tesla, Square Find Support",0.402,0.109,0.891,0.0
8,"5 Best Stories on Real Money: Cramer's Millennials Stocks, 2 Steps to Trading Success",0.737,0.157,0.778,0.065
9,"Dow Jones Futures Mixed: Paycom Flashes Buy Signal After Tesla, Square Find Support With Market Rally",0.402,0.13,0.87,0.0
