﻿,Titles,Polarity,Positive,Neutral,Negative
0,"AMC Entertainment CEO Tells Apes To 'Stay Tuned' For Dogecoin Updates, Compliments Elon Musk",0.994,0.138,0.845,0.018
1,"Lucid Eyes Buy Point As Air Deliveries Loom With 520-Mile Range, Outgunning Tesla",0.0,0.0,1.0,0.0
2,A Tesla Contrarian? Nio's Beaten-Down Stock Flashes Buy Signal,0.917,0.057,0.912,0.032
3,Dow Jones Rallies On Evergrande News Ahead Of Fed Decision; FedEx Dives On Earnings,0.0,0.0,1.0,0.0
4,Dow Jones Futures Rally On Evergrande News Ahead Of Fed Decision; FedEx Dives On Earnings,0.0,0.0,1.0,0.0
5,5 Stocks Insiders Are Selling,0.989,0.085,0.911,0.004
