﻿,Titles,Polarity,Positive,Neutral,Negative
0,Twitter executives say deal with Elon Musk is not ‘on hold’,0.987,0.064,0.9,0.036
1,"Stocks slip into the red at the close, Apple among biggest mega cap laggards of the day",0.0,0.0,1.0,0.0
2,Why Aurora Cannabis Stock Is Still Worth Buying,0.994,0.099,0.855,0.046
3,"If Tesla Isn’t Good Enough for an ESG Index, Then Who Is?",-0.73,0.075,0.851,0.074
4,Tesla investor calls for share buyback after Musk's Twitter deal hurts stocks,0.931,0.1,0.845,0.055
5,Musk's $44-billion deal for Twitter proceeding as expected - Bloomberg News,0.0,0.0,1.0,0.0
6,One of Tesla's biggest bulls is suddenly less bullish,-0.961,0.039,0.878,0.083
7,Stock Market Today: Dow on Cusp of 8 Weekly Losses as Tech Selloff Continues,-0.86,0.05,0.877,0.074
8,"Tesla Stock: China Headwinds Merit a Price Target Cut, Says Top Analyst",-0.058,0.068,0.862,0.07
9,Billionaire Tesla bull urges Musk to announce historic $15bn stock buyback as carmaker’s share price sinks,0.865,0.069,0.876,0.055
10,Twitter Rises on Bloomberg Report That Musk Acquisition Moving Forward as Planned,0.511,0.05,0.928,0.022
11,Landlords don’t have to disclose utility bill costs in rental listings — here’s why that should change,-0.103,0.0,0.938,0.063
12,Elon Musk's Craziness May Be Infecting Your Stock Portfolio,0.382,0.12,0.826,0.054
13,Why This Tesla Bull Cut Its Price Target by 29%,0.202,0.079,0.857,0.064
14,"Tesla bull Dan Ives cuts the stock's price target to $1,000 from $1,400",0.052,0.106,0.798,0.097
15,"Market check: Nasdaq drifts higher, stocks mixed after heavy selling",0.0,0.0,1.0,0.0
16,"The billionaires are bleeding. Elon Musk, Jeff Bezos and other top earners have lost nearly $200 billion in 2022",0.612,0.192,0.808,0.0
17,What Elon Musk gets right and wrong about ESG,0.0,0.0,1.0,0.0
18,Dow Jones Sells Off After Stock Market Dive; Cisco Plunges 12% On Earnings,-0.44,0.0,0.854,0.146
19,Long-Time Tesla Fan Says the Company’s China Headwinds Are Too ‘Hard to Ignore’,0.0,0.08,0.839,0.08
20,"Tesla stock price target slashed by Wedbush's Ives on China's 'epic disaster,' Twitter 'circus show'",0.013,0.072,0.802,0.126
21,Elon Musk has lost $49 billion since first offering to buy Twitter for $44 billion,0.922,0.084,0.858,0.057
22,Tesla’s Removal From S&amp;P Index Sparks Debate About ESG Ratings,-0.763,0.05,0.893,0.057
23,ChargePoint Stock Is Waiting for its Market to Develop,0.985,0.075,0.891,0.034
24,"Stocks Extend Slump, Cisco, Under Armour, Tesla And Boeing In Focus - Five Things To Know",0.527,0.172,0.745,0.083
25,"Cisco, Tesla, Kohl's Fall Premarket; Grab, Canada Goose Rise",0.851,0.094,0.827,0.079
26,Cathie Wood has a simple response to Tesla getting booted out of an S&amp;P 500 ESG index: ‘Ridiculous’,0.128,0.13,0.762,0.108
