﻿,Titles,Polarity,Positive,Neutral,Negative
0,7 Stocks to Buy Right Now,0.999,0.1,0.861,0.039
1,10 Cryptocurrencies Getting Crushed By The Current Market Crisis,0.998,0.1,0.846,0.054
2,Tesla (TSLA) Stock Sinks As Market Gains: What You Should Know,0.991,0.1,0.884,0.016
3,Where Do Pricy Tesla Shares Go from Here?,0.979,0.103,0.897,0.0
4,Dow Jones Futures: Nasdaq Leads Market Rally As Recession Fears Rock This Sector,0.153,0.078,0.861,0.061
5,Yahoo U: What are meme coins?,0.991,0.112,0.861,0.027
6,Dow Jones Gains; Tesla Falls After Elon Musk Reveals These Fears; This Stock Up As Warren Buffett Raises Stake,-0.34,0.0,0.893,0.107
7,Tesla Supplier Challenges EV Maker's Powerful Battery With Latest Launch,0.954,0.118,0.853,0.029
8,‘Recession is inevitable’: Elon Musk now thinks there’s a greater than 50-50 chance that the economy will decline. Here are 3 simple ways to protect your money,0.996,0.143,0.804,0.052
9,"Stocks cling to gains into the close, ARKK components surge, travel stocks in the red",0.0,0.0,1.0,0.0
10,Tesla Shanghai to Halt Production Temporarily. It Isn’t Covid.,-0.44,0.0,0.813,0.187
11,Here's What Moved Tesla Shares Today,-0.874,0.029,0.836,0.135
12,"FDA probes 5th infant illness tied to Abbott formula, former Nikola CEO charged with wire fraud",-0.859,0.0,0.816,0.184
13,"Top Stock Reports for Tesla, Broadcom &amp; Anthem",0.999,0.17,0.785,0.045
14,Toyota Halved Its Stake in Uber Stock,0.296,0.109,0.891,0.0
15,3 Top Robinhood Stocks to Avoid,0.989,0.111,0.82,0.069
16,Elon Musk Mentions Tesla and Bankruptcy in Same Breath. Everyone Needs to Relax.,0.0,0.0,1.0,0.0
17,Short Tesla? Feel the Heat of Elon Musk's Furnace With This Trade,-0.318,0.0,0.975,0.025
18,3 No-Brainer Stocks to Buy in the Correction,0.743,0.378,0.622,0.0
19,Tesla (TSLA) is a Top-Ranked Growth Stock: Should You Buy?,0.997,0.2,0.797,0.002
20,MicroStrategy Bulls Unfazed by Double Dose of Pain,0.987,0.088,0.857,0.054
21,Dow Jones Rises: Li Auto Breaks Out On China EV Subsidy Hopes; Musk Warns On New Tesla Plants,0.052,0.102,0.803,0.095
22,Bill Gates’ Latest Stock Portfolio: Top 10 Picks,0.999,0.086,0.895,0.019
23,Tesla Is Now a Top 5 Stock in This Index. Meta Isn’t.,0.0,0.0,1.0,0.0
24,Tesla Joins Top 5 as Russell Shakes Up Largest Companies in Indexes,0.0,0.0,1.0,0.0
25,Dow Jones Futures Rise: Li Auto Set To Break Out On China EV Subsidy Hopes; Musk Warns On New Tesla Plants,0.052,0.106,0.795,0.098
26,Tesla and Volkswagen Square Off in Duel For Electric-Car Dominance,0.977,0.085,0.853,0.062
27,RPT-INSIGHT-Biden administration leans on Tesla for guidance in renewable fuel policy reform,0.989,0.087,0.867,0.047
28,Why Tesla’s ‘gigantic money furnaces’ in Berlin and Texas aren’t a concern for investors—yet,0.774,0.061,0.895,0.045
29,The 3 Most Buzzworthy Stock Splits to Keep on Your Radar in 2022,0.996,0.093,0.891,0.016
30,5 Unstoppable Stocks on Sale to Buy Now and Hold Forever,0.572,0.065,0.935,0.0
31,Crypto Lawsuit Hasn't Stopped Musk's Dogecoin Support,0.743,0.131,0.81,0.059
32,2 Crashing Nasdaq Stocks That You Shouldn't Buy on the Dip,0.026,0.055,0.892,0.053
33,"Stocks Higher, Elon Musk, Warren Buffett, JPMorgan And FedEx - Five Things to Know",0.153,0.166,0.698,0.136
34,Better Stock to Buy Now: Amazon vs. Tesla,0.817,0.152,0.848,0.0
35,5 Reasons I Wouldn't Touch Rivian Stock With a 10-Foot Pole,0.872,0.17,0.83,0.0
36,China's CATL to produce next-generation EV battery in 2023,0.976,0.108,0.881,0.01
37,"Darden, Snowflake, Occidental Petroleum Rise Premarket; Accenture Falls",0.852,0.072,0.886,0.042
38,Musk Says New Tesla Plants Are Losing Billions,0.0,0.0,1.0,0.0
39,Elon Musk Says Tesla’s New Factories Are ‘Gigantic Money Furnaces’,-0.382,0.0,0.938,0.063
40,Biden administration leans on Tesla for guidance in renewable fuel policy reform,0.989,0.087,0.866,0.047
41,INSIGHT-Biden administration leans on Tesla for guidance in renewable fuel policy reform,0.989,0.087,0.866,0.047
42,Former Tesla worker rejects $15 million award in racism case after it was reduced from $137 million,-0.837,0.078,0.66,0.262
43,REFILE-BMW starts production at new $2.2 bln China plant to ramp up EV output,0.273,0.026,0.948,0.026
44,Dow Jones Futures: New Market Rally Struggles For Direction; 5 Stocks Near Buy Points,0.307,0.148,0.764,0.088
45,Boring Co. may dig tunnel near Tesla factory east of Austin,0.318,0.067,0.933,0.0
46,Dow Jones Futures Fall As New Market Rally Seeks Direction; 5 Stocks Near Buy Points,0.307,0.148,0.764,0.088
