﻿,Highest Category,Polarity,PosOrNeg
1/5/2021,NaN,,NaN
1/6/2021,Neutral,0.851,Positive
1/7/2021,NaN,,NaN
1/8/2021,Neutral,0.5534,Positive
1/11/2021,Neutral,0.8073333333333333,Positive
1/12/2021,Neutral,0.998,Positive
1/13/2021,Neutral,0.987,Positive
1/14/2021,Neutral,0.7276666666666666,Positive
1/19/2021,Neutral,0.995,Positive
1/20/2021,Neutral,0.977,Positive
1/21/2021,Neutral,0.956,Positive
1/22/2021,Neutral,0.8612222222222222,Positive
1/25/2021,Neutral,0.74975,Positive
1/26/2021,Neutral,0.9670000000000001,Positive
1/27/2021,NaN,,NaN
1/29/2021,Neutral,0.8712,Positive
2/1/2021,Neutral,0.6426,Positive
2/2/2021,Neutral,0.402,Positive
2/3/2021,NaN,,NaN
2/4/2021,Neutral,1.0,Positive
2/5/2021,Neutral,0.7973333333333333,Positive
2/8/2021,Neutral,0.07900000000000001,Positive
2/9/2021,Neutral,0.008399999999999996,Negative
2/11/2021,Neutral,0.8737999999999999,Positive
2/12/2021,Neutral,0.6811111111111111,Positive
2/16/2021,Neutral,0.7398,Positive
2/17/2021,Neutral,0.6985,Positive
2/18/2021,Neutral,0.48,Positive
2/19/2021,Neutral,0.791,Positive
2/22/2021,Neutral,0.27459999999999996,Positive
2/24/2021,Neutral,0.4359,Positive
2/25/2021,Neutral,0.179375,Negative
2/26/2021,Neutral,0.22727272727272732,Positive
3/1/2021,Neutral,0.532875,Positive
3/2/2021,Neutral,0.7093999999999999,Positive
3/3/2021,Neutral,0.07814285714285714,Negative
3/4/2021,Neutral,0.6328571428571428,Positive
3/5/2021,Neutral,0.6083809523809525,Positive
3/9/2021,Neutral,0.5816363636363636,Positive
3/10/2021,Neutral,0.48525,Positive
3/11/2021,Neutral,0.6942857142857142,Positive
3/12/2021,Neutral,0.6688461538461539,Positive
3/15/2021,Neutral,0.48658823529411765,Positive
3/16/2021,Neutral,0.4513333333333333,Positive
3/17/2021,Neutral,0.4275,Positive
3/18/2021,Neutral,0.3677727272727273,Positive
3/22/2021,Neutral,0.5245227272727272,Positive
3/23/2021,Neutral,0.508,Positive
3/24/2021,Neutral,0.5548780487804879,Positive
3/25/2021,Neutral,0.6316333333333334,Positive
3/26/2021,Neutral,0.3441891891891891,Positive
3/29/2021,Neutral,0.14257894736842106,Negative
3/30/2021,Neutral,0.17216129032258068,Positive
3/31/2021,Neutral,0.41668571428571427,Positive
4/2/2021,Neutral,0.48570588235294115,Positive
4/5/2021,Neutral,0.4979387755102041,Positive
4/6/2021,Neutral,0.5275714285714286,Positive
4/7/2021,Neutral,0.6486842105263158,Positive
4/8/2021,Neutral,0.46671875,Positive
4/9/2021,Neutral,0.7435499999999999,Positive
4/12/2021,Neutral,0.6577575757575758,Positive
4/13/2021,Neutral,0.48663157894736847,Positive
4/15/2021,Neutral,0.3354,Positive
4/16/2021,Neutral,0.42200000000000004,Positive
4/19/2021,Neutral,0.055179487179487174,Negative
4/20/2021,Neutral,0.3235882352941176,Positive
4/21/2021,Neutral,-0.19979166666666667,Negative
4/22/2021,Neutral,0.3074615384615385,Positive
4/23/2021,Neutral,0.6212399999999999,Positive
4/26/2021,Neutral,0.4476086956521739,Positive
4/28/2021,Neutral,0.3826666666666667,Positive
4/29/2021,Neutral,0.32167999999999997,Positive
4/30/2021,Neutral,0.5504999999999999,Positive
5/3/2021,Neutral,0.4512142857142858,Positive
5/4/2021,Neutral,0.24945454545454548,Positive
5/5/2021,Neutral,0.44416000000000005,Positive
5/6/2021,Neutral,0.4749333333333333,Positive
5/7/2021,Neutral,0.6042727272727273,Positive
5/11/2021,Neutral,0.1943095238095238,Positive
5/12/2021,Neutral,0.3695172413793103,Positive
5/13/2021,Neutral,0.409046511627907,Positive
5/14/2021,Neutral,0.4489772727272727,Positive
5/17/2021,Neutral,0.15686363636363637,Positive
5/18/2021,Neutral,0.34107317073170734,Positive
5/19/2021,Neutral,0.3009230769230769,Positive
5/20/2021,Neutral,0.4022777777777778,Positive
5/24/2021,Neutral,0.44638235294117645,Positive
5/25/2021,Neutral,0.32043999999999995,Positive
5/26/2021,Neutral,0.5624117647058824,Positive
5/27/2021,Neutral,0.582529411764706,Positive
5/28/2021,Neutral,0.4297200000000001,Positive
6/1/2021,Neutral,0.29370967741935483,Positive
6/2/2021,Neutral,0.4047297297297297,Positive
6/4/2021,Neutral,0.3772857142857143,Positive
6/7/2021,Neutral,0.36403448275862077,Positive
6/8/2021,Neutral,0.6069285714285714,Positive
6/9/2021,Neutral,0.7100714285714286,Positive
6/10/2021,Neutral,0.5038947368421053,Positive
6/11/2021,Neutral,0.37057142857142855,Positive
6/14/2021,Neutral,0.4411627906976744,Positive
6/15/2021,Neutral,0.650764705882353,Positive
6/17/2021,Neutral,0.4775333333333334,Positive
6/18/2021,Neutral,0.5828823529411764,Positive
6/21/2021,Neutral,0.7125600000000002,Positive
6/22/2021,Neutral,0.37314285714285716,Positive
6/23/2021,Neutral,0.5026785714285714,Positive
6/24/2021,Neutral,0.7294848484848485,Positive
6/25/2021,Neutral,0.6115666666666667,Positive
6/28/2021,Neutral,0.45088235294117646,Positive
6/30/2021,Neutral,0.3965185185185185,Positive
7/1/2021,Neutral,0.3516666666666667,Positive
7/2/2021,Neutral,0.5636176470588236,Positive
7/6/2021,Neutral,0.5287826086956522,Positive
7/7/2021,Neutral,0.41925,Positive
7/8/2021,Neutral,0.1266923076923077,Positive
7/9/2021,Neutral,0.3805517241379311,Positive
7/13/2021,Neutral,0.2636666666666666,Positive
7/14/2021,Neutral,0.5604736842105263,Positive
7/15/2021,Neutral,0.5937857142857143,Positive
7/16/2021,Neutral,0.6623749999999999,Positive
7/19/2021,Neutral,0.3685714285714286,Positive
7/20/2021,Neutral,0.3671071428571428,Positive
7/21/2021,Neutral,0.32792592592592595,Positive
7/22/2021,Neutral,0.5480769230769231,Positive
7/26/2021,Neutral,0.3783404255319149,Positive
7/27/2021,Neutral,0.36064583333333333,Positive
7/28/2021,Neutral,0.31444999999999995,Positive
7/29/2021,Neutral,0.46271999999999996,Positive
7/30/2021,Neutral,0.2547857142857142,Positive
8/2/2021,Neutral,0.37896296296296295,Positive
8/3/2021,Neutral,0.40178571428571425,Positive
8/4/2021,Neutral,0.6033999999999999,Positive
8/6/2021,Neutral,0.7227272727272728,Positive
8/9/2021,Neutral,0.5054,Positive
8/10/2021,Neutral,0.33325,Positive
8/11/2021,Neutral,0.5685,Positive
8/12/2021,Neutral,0.4511379310344827,Positive
8/13/2021,Neutral,0.4880952380952382,Positive
8/16/2021,Neutral,0.3870212765957447,Positive
8/17/2021,Neutral,0.48218918918918924,Positive
8/19/2021,Neutral,0.5123103448275862,Positive
8/20/2021,Neutral,0.24474358974358973,Positive
8/23/2021,Neutral,0.4086666666666666,Positive
8/24/2021,Neutral,0.5544444444444445,Positive
8/25/2021,Neutral,0.6446666666666666,Positive
8/26/2021,Neutral,0.508625,Positive
8/27/2021,Neutral,0.33891304347826084,Positive
8/30/2021,Neutral,0.49307142857142855,Positive
9/1/2021,Neutral,0.40252000000000004,Positive
9/2/2021,Neutral,0.316,Negative
9/3/2021,Neutral,0.33068421052631575,Positive
9/7/2021,Neutral,0.19714285714285718,Positive
9/8/2021,Neutral,0.36017857142857135,Positive
9/9/2021,Neutral,0.7196,Positive
9/10/2021,Neutral,0.6587999999999999,Positive
9/14/2021,Neutral,0.6307368421052632,Positive
9/15/2021,Neutral,0.4354375,Positive
9/16/2021,Neutral,0.42191666666666666,Positive
9/17/2021,Neutral,0.36423809523809514,Positive
9/20/2021,Neutral,0.2109666666666667,Positive
9/21/2021,Neutral,0.2382631578947369,Positive
9/22/2021,Neutral,0.48333333333333334,Positive
9/23/2021,Neutral,0.1222142857142857,Positive
9/24/2021,Neutral,0.40051724137931044,Positive
9/27/2021,Neutral,0.2173793103448276,Positive
9/28/2021,Neutral,0.4103783783783784,Positive
9/29/2021,Neutral,0.2646923076923077,Positive
9/30/2021,Neutral,0.28508,Positive
10/1/2021,Neutral,0.37100000000000005,Positive
10/4/2021,Neutral,0.46687234042553194,Positive
10/5/2021,Neutral,0.18089743589743593,Positive
10/6/2021,Neutral,0.33586206896551724,Positive
10/7/2021,Neutral,0.3292162162162162,Positive
10/8/2021,Neutral,0.2626808510638298,Positive
10/12/2021,Neutral,0.4224210526315789,Positive
10/13/2021,Neutral,0.5071666666666667,Positive
10/14/2021,Neutral,0.4468333333333333,Positive
10/15/2021,Neutral,0.45087499999999997,Positive
10/18/2021,Neutral,0.5898863636363637,Positive
10/19/2021,Neutral,0.45909090909090905,Positive
10/20/2021,Neutral,0.44231818181818183,Positive
10/21/2021,Neutral,0.2632,Positive
10/22/2021,Neutral,0.5618214285714285,Positive
10/25/2021,Neutral,0.6652291666666666,Positive
10/26/2021,Neutral,0.6473913043478261,Positive
10/27/2021,Neutral,0.42316666666666664,Positive
10/28/2021,Neutral,0.44450000000000006,Positive
10/29/2021,Neutral,0.5508333333333334,Positive
11/1/2021,Neutral,0.6978723404255318,Positive
11/2/2021,Neutral,0.4756734693877551,Positive
11/3/2021,Neutral,0.5247333333333334,Positive
11/4/2021,Neutral,0.4870357142857143,Positive
11/5/2021,Neutral,0.49421052631578943,Positive
11/8/2021,Neutral,0.5488750000000001,Positive
11/9/2021,Neutral,0.45472916666666663,Positive
11/10/2021,Neutral,0.3467555555555555,Positive
11/12/2021,Neutral,0.5005102040816327,Positive
11/15/2021,Neutral,0.5301702127659574,Positive
11/16/2021,Neutral,0.5826808510638297,Positive
11/17/2021,Neutral,0.5114166666666667,Positive
11/18/2021,Neutral,0.43803030303030305,Positive
11/19/2021,Neutral,0.5883863636363637,Positive
11/22/2021,Neutral,0.3192608695652174,Positive
11/23/2021,Neutral,0.5111041666666667,Positive
11/24/2021,Neutral,0.6095666666666666,Positive
11/26/2021,Neutral,0.3619565217391304,Positive
11/29/2021,Neutral,0.41956666666666664,Positive
11/30/2021,Neutral,0.33299999999999996,Positive
12/1/2021,Neutral,0.4044615384615385,Positive
12/2/2021,Neutral,0.21649999999999997,Positive
12/3/2021,Neutral,0.12006666666666668,Positive
12/6/2021,Neutral,0.44012500000000004,Positive
12/7/2021,Neutral,0.5154081632653061,Positive
12/8/2021,Neutral,0.5211224489795918,Positive
12/9/2021,Neutral,0.32964,Positive
12/10/2021,Neutral,0.42502083333333335,Positive
12/13/2021,Neutral,0.5300238095238095,Positive
12/14/2021,Neutral,0.46599999999999997,Positive
12/15/2021,Neutral,0.23672093023255814,Positive
12/16/2021,Neutral,0.2855945945945946,Positive
12/17/2021,Neutral,0.3221714285714285,Positive
12/20/2021,Neutral,0.24738888888888885,Positive
12/21/2021,Neutral,0.4625625,Positive
12/22/2021,Neutral,0.46849999999999997,Positive
12/23/2021,Neutral,0.5378163265306122,Positive
12/27/2021,Neutral,0.5139,Positive
12/28/2021,Neutral,0.44674418604651156,Positive
12/29/2021,Neutral,0.501051282051282,Positive
12/30/2021,Neutral,0.3348333333333333,Positive
1/3/2022,Neutral,0.6474166666666666,Positive
1/4/2022,Neutral,0.4815833333333333,Positive
1/5/2022,Neutral,0.384425,Positive
1/6/2022,Neutral,0.45946875,Positive
1/7/2022,Neutral,0.4355925925925926,Positive
1/10/2022,Neutral,0.4596216216216215,Positive
1/11/2022,Neutral,0.5705869565217392,Positive
1/12/2022,Neutral,0.40297297297297285,Positive
1/13/2022,Neutral,0.3753658536585366,Positive
1/14/2022,Neutral,0.5551041666666666,Positive
1/18/2022,Neutral,0.4565,Positive
1/19/2022,Neutral,0.5667249999999999,Positive
1/20/2022,Neutral,0.5792352941176471,Positive
1/21/2022,Neutral,0.4760888888888889,Positive
1/24/2022,Neutral,0.34410204081632656,Positive
1/25/2022,Neutral,0.574,Positive
1/26/2022,Neutral,0.6056666666666667,Positive
1/27/2022,Neutral,0.5623191489361703,Positive
1/28/2022,Neutral,0.5514772727272726,Positive
1/31/2022,Neutral,0.646265306122449,Positive
2/1/2022,Neutral,0.2870930232558139,Positive
2/2/2022,Neutral,0.7347608695652174,Positive
2/3/2022,Neutral,0.4076756756756757,Positive
2/4/2022,Neutral,0.6127692307692307,Positive
2/7/2022,Neutral,0.6261842105263159,Positive
2/8/2022,Neutral,0.560763157894737,Positive
2/9/2022,Neutral,0.3539285714285714,Positive
2/10/2022,Neutral,0.28500000000000003,Positive
2/11/2022,Neutral,0.5243043478260869,Positive
2/14/2022,Neutral,0.19556249999999997,Positive
2/15/2022,Neutral,0.47382758620689647,Positive
2/16/2022,Neutral,0.2533500000000001,Positive
2/17/2022,Neutral,0.14237777777777777,Positive
2/18/2022,Neutral,0.30115625,Positive
2/22/2022,Neutral,0.2506296296296296,Positive
2/23/2022,Neutral,0.34550000000000003,Positive
2/24/2022,Neutral,0.2877941176470588,Positive
2/25/2022,Neutral,0.6480344827586206,Positive
2/28/2022,Neutral,0.28854545454545455,Positive
3/1/2022,Neutral,0.2452307692307692,Positive
3/2/2022,Neutral,0.35568571428571427,Positive
3/3/2022,Neutral,0.34387500000000004,Positive
3/4/2022,Neutral,0.2581333333333334,Positive
3/7/2022,Neutral,0.10390000000000002,Negative
3/8/2022,Neutral,0.1776590909090909,Positive
3/9/2022,Neutral,0.38653333333333334,Positive
3/10/2022,Neutral,0.46586842105263154,Positive
3/11/2022,Neutral,0.4585384615384615,Positive
3/14/2022,Neutral,0.018448275862068965,Positive
3/15/2022,Neutral,0.24476086956521745,Positive
3/16/2022,Neutral,0.36038709677419356,Positive
3/17/2022,Neutral,0.4232962962962963,Positive
3/18/2022,Neutral,0.46387500000000004,Positive
3/21/2022,Neutral,0.4502058823529412,Positive
3/22/2022,Neutral,0.5695714285714286,Positive
3/23/2022,Neutral,0.58975,Positive
3/24/2022,Neutral,0.539325,Positive
3/25/2022,Neutral,0.4297037037037037,Positive
3/28/2022,Neutral,0.5425918367346939,Positive
3/29/2022,Neutral,0.5136904761904761,Positive
3/30/2022,Neutral,0.4276923076923077,Positive
3/31/2022,Neutral,0.22759999999999997,Positive
4/1/2022,Neutral,0.38274468085106383,Positive
4/4/2022,Neutral,0.36308333333333337,Positive
4/5/2022,Neutral,0.312,Positive
4/6/2022,Neutral,0.3839375,Positive
4/7/2022,Neutral,0.510625,Positive
4/8/2022,Neutral,0.424,Positive
4/11/2022,Neutral,0.4198723404255319,Positive
4/12/2022,Neutral,0.465625,Positive
4/13/2022,Neutral,0.2959333333333333,Positive
4/14/2022,Neutral,0.5084791666666667,Positive
4/15/2022,Neutral,0.17986666666666665,Positive
4/18/2022,Neutral,0.39377083333333324,Positive
4/19/2022,Neutral,0.3878604651162791,Positive
4/20/2022,Neutral,0.3671304347826087,Positive
4/21/2022,Neutral,0.3545,Positive
4/22/2022,Neutral,0.3641666666666667,Positive
4/25/2022,Neutral,0.5161666666666668,Positive
4/26/2022,Neutral,0.1617959183673469,Positive
4/27/2022,Neutral,0.20581250000000004,Positive
4/28/2022,Neutral,0.33416666666666667,Positive
4/29/2022,Neutral,0.3646734693877551,Positive
5/2/2022,Neutral,0.2950652173913043,Positive
5/3/2022,Neutral,0.6425142857142856,Positive
5/4/2022,Neutral,0.47888571428571436,Positive
5/5/2022,Neutral,0.3810425531914893,Positive
5/6/2022,Neutral,0.2513684210526316,Positive
5/9/2022,Neutral,0.12045454545454544,Negative
5/10/2022,Neutral,0.11400000000000002,Positive
5/11/2022,Neutral,0.37553125,Positive
5/12/2022,Neutral,0.23695454545454545,Negative
5/13/2022,Neutral,0.2579166666666666,Positive
5/16/2022,Neutral,0.3408541666666667,Positive
5/17/2022,Neutral,0.23943181818181822,Positive
5/18/2022,Neutral,0.08593478260869566,Negative
5/19/2022,Neutral,0.18692592592592594,Positive
5/20/2022,Neutral,0.04022448979591837,Positive
5/23/2022,Neutral,0.20270588235294118,Positive
5/24/2022,Neutral,0.20591428571428574,Positive
5/25/2022,Neutral,0.4548787878787879,Positive
5/26/2022,Neutral,0.3890714285714286,Positive
5/27/2022,Neutral,0.3490666666666666,Positive
5/31/2022,Neutral,0.3806666666666667,Positive
6/1/2022,Neutral,0.3633421052631578,Positive
6/2/2022,Neutral,0.2946190476190476,Positive
6/3/2022,Neutral,0.20151020408163262,Positive
6/6/2022,Neutral,0.456204081632653,Positive
6/7/2022,Neutral,-0.04144117647058822,Negative
6/8/2022,Neutral,0.3962941176470589,Positive
6/9/2022,Neutral,0.18716326530612243,Positive
6/10/2022,Neutral,0.2592121212121212,Positive
6/13/2022,Neutral,0.2990294117647059,Positive
6/14/2022,Neutral,0.1819,Positive
6/15/2022,Neutral,0.2700975609756098,Positive
6/16/2022,Neutral,0.08720833333333333,Positive
6/17/2022,Neutral,0.09943243243243242,Negative
6/20/2022,Neutral,0.13418181818181815,Positive
6/21/2022,Neutral,0.2642040816326531,Positive
6/22/2022,Neutral,0.21383720930232558,Positive
6/23/2022,Neutral,0.4479787234042553,Positive
6/24/2022,Neutral,0.3616363636363636,Positive
6/27/2022,Neutral,0.137,Positive
6/28/2022,Neutral,0.28808108108108116,Positive
6/29/2022,Neutral,0.16387234042553192,Positive
6/30/2022,Neutral,0.11897560975609751,Negative
7/1/2022,Neutral,0.07909090909090909,Negative
7/5/2022,Neutral,0.144375,Negative
7/6/2022,Neutral,0.23905000000000004,Positive
7/7/2022,Neutral,0.3748333333333333,Positive
7/8/2022,Neutral,0.21029166666666668,Positive
7/11/2022,Neutral,0.287375,Positive
7/12/2022,Neutral,0.3184848484848485,Positive
7/13/2022,Neutral,0.5405869565217392,Positive
7/14/2022,Neutral,0.26902040816326533,Positive
7/15/2022,Neutral,0.2933225806451613,Positive
7/18/2022,Neutral,0.250625,Positive
7/19/2022,Neutral,0.2693877551020408,Positive
7/20/2022,Neutral,0.2828085106382978,Positive
7/21/2022,Neutral,0.23406249999999998,Positive
7/22/2022,Neutral,0.1964888888888889,Positive
7/25/2022,Neutral,0.4111489361702128,Positive
7/26/2022,Neutral,0.3037142857142857,Positive
7/27/2022,Neutral,0.3632692307692308,Positive
7/28/2022,Neutral,0.4779130434782609,Positive
7/29/2022,Neutral,0.34895454545454546,Positive
8/1/2022,Neutral,0.36879999999999996,Positive
8/2/2022,Neutral,0.47328125,Positive
8/3/2022,Neutral,0.41120833333333334,Positive
8/4/2022,Neutral,0.39887500000000004,Positive
8/5/2022,Neutral,0.2312,Positive
8/8/2022,Neutral,0.4245,Positive
8/9/2022,Neutral,0.24457142857142858,Positive
8/10/2022,Neutral,0.333375,Positive
8/11/2022,Neutral,0.3113,Positive
8/12/2022,Neutral,0.5407666666666666,Positive
8/15/2022,Neutral,0.6172500000000001,Positive
8/16/2022,Neutral,0.3794782608695652,Positive
8/17/2022,Neutral,0.40658064516129033,Positive
8/18/2022,Neutral,0.3323076923076923,Positive
8/19/2022,Neutral,0.44871428571428573,Positive
8/22/2022,Neutral,0.2438571428571428,Positive
8/23/2022,Neutral,0.25848275862068965,Positive
8/24/2022,Neutral,0.23753658536585368,Positive
8/25/2022,Neutral,0.5537714285714286,Positive
8/26/2022,Neutral,0.3514736842105263,Positive
8/29/2022,Neutral,0.24059999999999998,Positive
8/30/2022,Neutral,0.36574285714285715,Positive
8/31/2022,Neutral,0.2502142857142858,Negative
9/1/2022,Neutral,0.4283125,Positive
9/2/2022,Neutral,0.3163333333333334,Positive
9/6/2022,Neutral,0.36653846153846154,Positive
9/7/2022,Neutral,0.33053333333333335,Positive
9/8/2022,Neutral,0.26179310344827583,Positive
9/9/2022,Neutral,0.45655555555555555,Positive
9/12/2022,Neutral,0.6363055555555555,Positive
9/13/2022,Neutral,0.41370588235294115,Positive
9/14/2022,Neutral,0.44956,Positive
9/15/2022,Neutral,0.31334285714285715,Positive
9/16/2022,Neutral,0.5575,Positive
9/19/2022,Neutral,0.4508235294117647,Positive
9/20/2022,Neutral,0.5136842105263157,Positive
