﻿,Titles,Polarity,Positive,Neutral,Negative
0,Apple will fight Epic antitrust suit by claiming ‘a carefully planned plot against Apple and Google’,0.0,0.0,1.0,0.0
1,AMD CEO Lisa Su: 'This is a very unique time in the semiconductor market',0.979,0.089,0.888,0.024
2,Amazon’s Tussle With Microsoft Over Jedi Contract Continues – Report,0.984,0.118,0.847,0.035
3,How to 'be vigilant' and protect your digital assets from getting hacked,0.998,0.131,0.818,0.051
4,S&amp;P 500 Closes at Record on Facebook-Led Surge,0.992,0.125,0.838,0.037
5,Does Microsoft Have More Fuel Left In The Tank?,0.991,0.107,0.879,0.014
6,"S&amp;P 500, Nasdaq Retreat From Record Highs as Rising Bond Yields Dent Tech",0.997,0.166,0.789,0.045
7,"Zacks Earnings Trends Highlights: Microsoft, Google, Exxon Mobil and Netflix",1.0,0.13,0.847,0.023
8,How High Can Microsoft's and Alphabet's Margins Go?,0.856,0.195,0.805,0.0
9,"Zacks Market Edge Highlights: Sherwin Williams, Dow, AT&amp;T, Apple and Microsoft",0.998,0.119,0.87,0.011
10,White House Urged to Address Surge in Ransomware Attacks,-0.986,0.096,0.765,0.14
11,The future of work according to big tech: Morning Brief,0.999,0.102,0.885,0.013
12,20 Best Countries to Live Considering Climate Change,1.0,0.131,0.825,0.045
13,Morning Bell With Jim Cramer: When to Buy Microsoft Stock,0.296,0.136,0.864,0.0
14,"Dow Jones Futures Extend Gains As Biden Touts Agenda, Tax Hikes; Apple, Facebook, Qualcomm Flash Buy Signals",0.0,0.0,1.0,0.0
15,Corporate Giants Join the Global Race to Fight India Covid Crisis,0.994,0.1,0.868,0.033
16,15 Billionaires Who Came From Nothing,0.999,0.125,0.829,0.045
17,"Dow Jones Futures Rise As Apple, Facebook, Qualcomm Flash Buy Signals; Biden Touts Tax Hike Plans",0.0,0.0,1.0,0.0
