﻿,Titles,Polarity,Positive,Neutral,Negative
0,Microsoft warns Azure customers of flaw that could have permitted hackers access to data,-0.273,0.046,0.901,0.053
1,Microsoft (MSFT) Gains As Market Dips: What You Should Know,0.989,0.101,0.885,0.014
2,"Dow Jones Futures: Stock Market Rally Falls On Fed Comments, Stimulus Fears; Lululemon, RH, GME Stock Are Earnings Movers",-0.422,0.0,0.843,0.157
3,"Microsoft's Latest Move To Compete Against Google, Apple",0.863,0.078,0.902,0.021
4,The top-ranked Wall Street analyst sees as much as 65% upside in these stocks,0.997,0.14,0.85,0.01
5,Google Partners With Cisco For Videoconferencing,0.856,0.066,0.923,0.011
6,SoftBank Vision Fund’s Deep Nishar Is Discussing Leaving Firm,0.951,0.084,0.916,0.0
7,Google Teams Up With Cisco WebEx to Make Videoconferences Easier,0.986,0.086,0.902,0.013
8,"3 Reasons to Buy IBM, and 1 Reason To Sell",-0.44,0.163,0.544,0.293
9,"Despite Positive News, Insider Selling Remains Prevalent at C3.ai Inc (NYSE: AI)",0.994,0.12,0.829,0.051
10,Stanley Druckenmiller is Dumping These 10 Stocks,1.0,0.115,0.845,0.04
11,How Snowflake Is Capitalizing on a Blizzard of Data,0.226,0.087,0.913,0.0
12,Microsoft Plans to Buy Video-Editing Firm ClipChamp,0.178,0.102,0.898,0.0
13,Google Accounts for a Huge Amount of Apple's Profits,0.0,0.0,1.0,0.0
14,4 Cybersecurity Stocks to Buy on Rising Ransomware Attacks,0.998,0.16,0.776,0.064
15,"INSIGHT-Money, mimicry and mind control: Big Tech slams ethics brakes on AI",0.999,0.132,0.814,0.054
16,"Big Tech’s Grip Will Ease as Rivals Grow, LinkedIn Founder Says",0.597,0.08,0.862,0.057
17,Microsoft buys video-editing software company Clipchamp,0.494,0.144,0.856,0.0
