﻿,Titles,Polarity,Positive,Neutral,Negative
0,Tech Goes From Haven to Hazard as Investors Fear Recession,-0.85,0.077,0.827,0.096
1,10 Best Value ETFs to Invest in Now,1.0,0.161,0.815,0.025
2,U.S. Stock Futures Little Changed After Hawkish FOMC Minutes,0.268,0.086,0.834,0.08
3,Amazon workers' union win could drive more activism in Silicon Valley,0.993,0.089,0.876,0.035
4,"Boeing doles out cloud award to Amazon, Microsoft, Google",0.459,0.143,0.857,0.0
5,Sea Limited Stock Has a Long Runway Ahead of It,0.997,0.136,0.781,0.082
6,"Boeing Splits Cloud Computing Contracts Among Amazon, Microsoft, Google",0.459,0.2,0.8,0.0
7,"Boeing Partners With Microsoft, Amazon, Google in the Cloud",0.402,0.105,0.895,0.0
8,Dow Jones Slides After Stock Market Sell-Off As 10-Year Treasury Yield Surges,-0.226,0.08,0.8,0.12
9,"Boeing Partners With Microsoft, Amazon, Google For Cloud Services",0.975,0.135,0.847,0.017
10,Dow Jones Futures Slide After Stock Market Sell-Off As 10-Year Treasury Yield Surges,-0.226,0.088,0.78,0.132
11,"Breakout Watch: Microsoft, Apple Among Stocks In Or Near Buy Zones But Face Market Pressure",0.0,0.0,1.0,0.0
12,Boeing and Microsoft deepen partnership in digital aviation,0.997,0.165,0.831,0.004
13,"Boeing Taps Amazon, Microsoft and Google for Cloud Mega-Deal",-0.671,0.053,0.884,0.063
14,Dow Jones Futures Fall As 'Rapid' Fed Shift Hits Market Rally; Elon Musk Steals Trump's Thunder,0.226,0.156,0.76,0.084
15,Snap Pays Women in Britain 53% Less Than Men,-0.888,0.034,0.906,0.06
16,Microsoft Has a New Minecraft That Might Teach Your Kids Something,0.95,0.2,0.8,0.0
