﻿,Titles,Polarity,Positive,Neutral,Negative
0,"Evercore Initiates Coverage On AvePoint With Outperform Rating, Sees 53% Upside",0.402,0.061,0.905,0.033
1,3 Solid Reasons to Bet on Big Tech ETFs and Stocks,0.996,0.112,0.853,0.034
2,10 Best Blue Chip Dividend Stocks Hedge Funds Are Buying,1.0,0.149,0.822,0.029
3,15 Best Jim Cramer Stocks to Buy Now,1.0,0.124,0.843,0.033
4,S&amp;P 500 Snaps 3-Week Win Streak Despite Upbeat Start to Earnings Season,0.599,0.065,0.879,0.056
5,How Microsoft Stock Could Reach $400 With a $3 Trillion Market Cap,0.991,0.069,0.923,0.008
6,Microsoft (MSFT) to Launch Windows 365,0.0,0.0,1.0,0.0
7,Why the Timing Couldn’t Be Better for 5G,0.995,0.075,0.897,0.028
8,"Teladoc (TDOC), Microsoft Team Up to Offer Better Virtual Care",0.998,0.169,0.813,0.018
9,New JEDI Contract Bidding Coming Up,0.948,0.108,0.823,0.069
10,"Vaccine Stocks Climb After Moderna Added To S&amp;P 500, With BioNTech Also Up",0.998,0.102,0.836,0.062
11,10 Best Dividend Stocks to Buy According to Frank Fu’s CaaS Capital,1.0,0.107,0.876,0.017
12,"Dow Jones Futures Rise After Apple, Microsoft, Nvidia Add To Market Rally Weakness; Elon Musk Says This About Tesla Cybertruck",-0.422,0.0,0.877,0.123
13,"UPDATE 2-Bukalapak ups IPO to $1.5 bln, set to be largest Indonesian issue",0.915,0.055,0.931,0.014
