﻿,Titles,Polarity,Positive,Neutral,Negative
0,A Big Day for Tech Earnings,1.0,0.179,0.799,0.022
1,"Microsoft adds 23,000 employees in past year, mostly outside Redmond",0.257,0.1,0.841,0.059
2,10 Stocks Making Noise After Releasing Their Earnings Reports,0.998,0.107,0.865,0.028
3,E-mini Dow Jones Industrial Average (YM) Futures Technical Analysis – Setting Up for Weekly Reveral Top,0.103,0.074,0.846,0.081
4,Tech Hangs Tough as Faltering Reopening Trade Slams Small Caps,0.978,0.101,0.843,0.055
5,Ransomware Hackers Freeze Millions in Papua New Guinea Aid Cash,-0.988,0.034,0.874,0.092
6,"Dow Jones Futures: Stock Market Rally Fizzles Again Despite Google, Microsoft, Tesla; Ford Leads 6 Earnings Movers",-0.298,0.0,0.833,0.167
7,"Stock Market Today: Microsoft, Alphabet Carry Nasdaq to a Razor-Thin Gain",0.999,0.164,0.786,0.05
8,"Stocks Close Mainly Lower As Microsoft Stock, Alphabet Spare Nasdaq From A Loss",0.14,0.195,0.595,0.21
9,"US STOCKS-Cyclicals drag S&amp;P 500 lower; Microsoft, Alphabet keep Nasdaq flat",0.995,0.131,0.812,0.057
10,"Dow closes 266 points lower, halts string of gains as Nasdaq ekes out 3rd straight rise and Treasurys log steepest yield slide in 3 months",0.34,0.087,0.863,0.049
11,"US STOCKS-Nasdaq flat on Microsoft, Alphabet lift, cyclicals weigh on S&amp;P 500",0.996,0.144,0.804,0.052
12,"Intel, Microsoft brining Android apps &amp; developer tool chain to Windows",-0.128,0.0,0.966,0.034
13,Dow Jones Falls As Microsoft Surges; Google Stock Passes Buy Point; Robinhood Arrows Lower,-0.296,0.0,0.891,0.109
14,"Cramer's Mad Money Recap 10/27: Google, Microsoft, Apple, Tesla",0.852,0.288,0.712,0.0
15,Microsoft’s New Normal Will Need to Stick,0.681,0.286,0.714,0.0
16,Here's how Microsoft may spend $130 billion in cash,0.992,0.131,0.858,0.011
17,"US STOCKS-Microsoft, Alphabet lift Nasdaq but cyclicals weigh on S&amp;P 500",0.996,0.146,0.798,0.056
18,"Dow Jones Pulls Back; Gains In Tesla, Microsoft Buoy Nasdaq; Google Stock Scores Breakout",0.823,0.281,0.719,0.0
19,Why These 10 Stocks Are Trending on Wednesday,0.985,0.073,0.906,0.021
20,These 2 Trillion-Dollar Stocks Are Lighting Up the Nasdaq,0.527,0.111,0.808,0.081
21,2 ETF Areas With Further Run-Up Potential on Tech Earnings Cues,0.997,0.123,0.859,0.018
22,"S&amp;P 500 and Dow drift below record levels, Microsoft jumps",0.0,0.0,1.0,0.0
23,Why Microsoft Stock Just Jumped 4%,0.962,0.201,0.799,0.0
24,"US STOCKS-Solid Microsoft forecast, tech strength push Nasdaq higher",0.972,0.098,0.862,0.04
25,Microsoft and Alphabet Can Only Do So Much Lifting,0.006,0.097,0.807,0.096
26,"Dow Jones Drops As These Key Stocks Weigh; Nasdaq Rallies On Alphabet, Tesla Gains",-0.153,0.076,0.823,0.102
27,Google stock: One impressive earnings stat explains red-hot price,0.968,0.083,0.914,0.004
28,"S&amp;P 500 Stumbles as Cyclicals Slip, Tech Loses Steam",0.963,0.086,0.872,0.042
29,Microsoft Comes Close to Surpassing Apple as World’s Most Valuable Company,0.026,0.087,0.788,0.124
30,Why Microsoft Shares Are Rising Today,0.691,0.046,0.922,0.032
31,Microsoft's (MSFT) Q1 Earnings &amp; Revenues Surpass Estimates,1.0,0.131,0.85,0.018
32,Democrats propose latest billionaire tax plan,0.681,0.172,0.828,0.0
33,US STOCKS-Nasdaq rises after strong Microsoft forecast,0.974,0.099,0.848,0.053
34,"Salesforce.com, AMD Stock Among The 5 Best Tech Stocks To Buy Or Watch Now",0.904,0.379,0.621,0.0
35,Dow Jones Falls As Boeing Drops On Earnings; Tesla Eyes Record Highs; These 4 Tech Giants Are Earnings Movers,0.0,0.0,1.0,0.0
36,Microsoft's story continues to be cloud: Analyst,0.0,0.0,1.0,0.0
37,"Microsoft stock set to hit $400 as it becomes ‘cloud behemoth,’ analyst says",0.925,0.067,0.899,0.034
38,Nasdaq Hits Record Highs as Tech Reigns Supreme on Falling Bond Yields,0.889,0.083,0.864,0.053
39,ETFs to Tap As Cloud Powers Microsoft Fiscal Q1 Earnings,0.995,0.107,0.862,0.031
40,"Dow Jones Today, Stocks Open Mixed After Microsoft, Alphabet, AMD Earnings; Enphase Nails Breakout, Tesla Extends Rally",0.422,0.174,0.826,0.0
41,"Alphabet posts earnings beat, Microsoft smashes expectations",0.992,0.091,0.904,0.005
42,"5 Top Stock Gainers for Wednesday: McDonald's, Alphabet, Microsoft",0.44,0.245,0.755,0.0
43,"Dow Jones Today, Futures Mixed On Microsoft, Alphabet, AMD Earnings; Enphase Eyes Breakout, Tesla Set To Extend Rally",0.422,0.16,0.84,0.0
44,Microsoft (MSFT) Q1 2022 Earnings Call Transcript,0.0,0.0,1.0,0.0
45,10 Biggest Price Target Changes For Wednesday,0.977,0.117,0.869,0.014
46,"Salesforce.com, Upstart Stock Among The 5 Best Tech Stocks To Buy Or Watch Now",0.904,0.379,0.621,0.0
