﻿,Titles,Polarity,Positive,Neutral,Negative
0,"Dow Jones Futures: Market Woes Intensify As DocuSign Craters; Apple, Adobe, Tesla, Microsoft, Nvidia In Focus",-0.44,0.0,0.873,0.127
1,Charles Schwab: Don’t fear disaster in 2022 — cash in on these 3 investing trends,0.998,0.137,0.841,0.022
2,"Dow Jones Falls As Nasdaq Dives; Elon Musk Does This, Tesla Plunges; DocuSign Stock Collapses",-0.34,0.0,0.897,0.103
3,7 Japan Stocks to Buy as U.S. Dollar Inflation Soars Higher,0.999,0.114,0.836,0.05
4,"Microsoft’s Nadella, Google’s Pichai, and now Twitter’s Agrawal: Why Indian-born leaders dominate American tech’s top ranks",0.939,0.089,0.84,0.071
5,PlayStation Plans New Service to Take On Xbox Game Pass,0.665,0.035,0.939,0.026
6,S&amp;P 500 Ends Week Lower After 'Colossal Miss' in Jobs Report,0.703,0.085,0.842,0.074
7,Why Advanced Micro Devices Stock Climbed 32% in November,0.922,0.22,0.78,0.0
8,"Dow Jones Reverses, Tech Stocks Sell Off After Weak Jobs Report; Tesla Falls As Elon Musk Sells More Shares",-0.25,0.071,0.821,0.108
9,Trade IBM Stock Tactically Into the New Year,0.977,0.104,0.828,0.068
10,S&amp;P 500 Slips on Tech Wreck After November Job Gains Fall Short,0.929,0.091,0.848,0.061
11,"Dow Jones Rallies, Tech Stocks Fall After Weak Jobs Report; Tesla Falls As Elon Musk Sells More Shares",-0.25,0.071,0.821,0.108
12,Dow Jones Rallies After Weak Jobs Report; Tesla Falls As Elon Musk Sells More Shares,-0.25,0.071,0.821,0.108
13,Amazon's (AMZN) 18 Projects to Bolster Net-Zero Carbon Efforts,0.997,0.16,0.818,0.021
14,Dow Jones Futures Extend Gains After Weak Jobs Report; Elon Musk Sells More Tesla Stock,-0.25,0.077,0.806,0.117
15,Amazon (AMZN) Boosts AWS Offerings With Database Capabilities,0.999,0.173,0.827,0.0
16,Dow Jones Futures Rise Ahead Of November Jobs Report; Elon Musk Sells More Tesla Stock,0.226,0.076,0.924,0.0
17,"Dow Jones, Futures Rise Ahead Of November Jobs Report; Elon Musk Sells More Tesla Stock",0.226,0.076,0.924,0.0
18,"Best Mutual Funds Bet Billions On Tech Stocks Like Apple, Nvidia As Market Faces Test",0.671,0.249,0.669,0.082
19,"Zoom, Twilio, and Other Cloud Communications Stocks Are a Buy for 2022",0.0,0.0,1.0,0.0
20,NVIDIA-Arm Holdings Deal Hits a Wall: FTC Sues to Block Deal,0.989,0.102,0.852,0.046
21,Google Delays Return to Office Beyond Jan. 10 Amid Omicron Uncertainty,-0.296,0.0,0.916,0.084
22,"Microsoft launches a cheaper version of Teams, turning up heat on Zoom",0.361,0.106,0.894,0.0
