﻿,Titles,Polarity,Positive,Neutral,Negative
0,Microsoft announces redemption notice,0.96,0.133,0.867,0.0
1,"Dow Jones Dives As Stock Market Sells Off, But Amazon Hits Fresh High",-0.202,0.0,0.913,0.087
2,10 Best Digital Money Stocks to Invest In,1.0,0.141,0.815,0.044
3,Microsoft announces 2021 Partner of the Year Awards winners and finalists,0.999,0.259,0.741,0.0
4,Alphabet's (GOOGL) Google Ties Up With AT&amp;T to Boost Clientele,0.999,0.171,0.829,0.0
5,Here's why the stock market just took a nosedive,-0.872,0.047,0.886,0.067
6,These companies stand to gain from JEDI contract cancellation,0.382,0.14,0.86,0.0
7,10 Best Dividend Stocks to Buy According to Traci Lerner’s Chescapmanager,1.0,0.108,0.869,0.022
8,4 Stocks to Buy on Increased Cloud Infrastructure Spending,0.999,0.163,0.826,0.011
9,Dow Jones Futures Tumble As Treasury Yields Keep Falling; Tesla China Sales Strong; Newegg Is New Meme Stock Rocket,0.625,0.231,0.769,0.0
10,"Microsoft is Making Money, but is it Overvalued?",0.996,0.157,0.832,0.011
