﻿,Titles,Polarity,Positive,Neutral,Negative
0,Microsoft (MSFT) Gains But Lags Market: What You Should Know,0.989,0.088,0.899,0.012
1,3 Large-Cap Stocks to Buy as the Bulls Return,0.969,0.086,0.845,0.068
2,"Electronic Arts Removes Russian Teams From FIFA, NHL Games",-0.077,0.043,0.913,0.044
3,7 Top Mutual Funds to Buy to Keep Taxes Low,0.999,0.091,0.885,0.025
4,Major Portland-area foundation announces Microsoft exec as new CEO,0.973,0.265,0.735,0.0
5,Ukraine Stance by U.S. Tech Firm Epam Sparks Internal Dissension,-0.987,0.075,0.826,0.099
6,S&amp;P 500 Rallies as Powell Downplays Aggressive Fed Action Ahead,0.944,0.074,0.894,0.032
7,Microsoft CEO Satya Nadella’s son died at age 26. Here’s what he taught the leader about empathy,0.998,0.141,0.831,0.028
8,Millennial And Gen Z Stock Picks: Should You Buy Them Too?,0.287,0.097,0.903,0.0
9,S&amp;P 500 in Rally Mode as Powell Signals Cautious Tread on Rate Hikes,0.921,0.066,0.907,0.027
10,Dow Jones Rallies As Powell Set To Raise Rates; Oil Prices Surge Above $112 A Barrel,0.0,0.0,1.0,0.0
11,Robert Pohly’s Samlyn Capital Portfolio: 10 Dividend Stock Picks,0.999,0.105,0.881,0.014
12,Dow Jones Futures Rise As Powell Set To Raise Rates; Oil Prices Surge Above $112 A Barrel,0.34,0.13,0.87,0.0
13,3 Smartest Tech Stocks To Buy in 2022 and Beyond,0.691,0.083,0.917,0.0
14,Cloud Gaming War Peps Up With Amazon's (AMZN) Luna Advances,0.996,0.126,0.831,0.044
15,New to the Stock Market? 3 Investments You Can't Go Wrong With,-0.402,0.075,0.751,0.174
16,Dow Jones Futures: Oil Prices Spike Amid Russia's Ukraine Invasion Fed Chief Powell On Tap,-0.572,0.0,0.837,0.163
17,"Dow Jones Futures Rise, Oil Prices Spike; Fed Chief Powell On Tap Amid Russia's Ukraine Invasion",-0.572,0.0,0.837,0.163
18,"With help from Microsoft, half-built Bellevue hotel to become affordable housing",0.66,0.19,0.81,0.0
19,"WRAPUP 1-Apple, Ford, other big US brands join corporate wave shunning Russia",-0.986,0.044,0.86,0.096
