﻿,Titles,Polarity,Positive,Neutral,Negative
0,Stocks Slide Following Jobs and Inflation Data,0.0,0.0,1.0,0.0
1,Microsoft Board to Review Company’s Sexual Harassment and Gender Discrimination Policies,0.0,0.0,1.0,0.0
2,"Microsoft to Review Board's Gates Inquiry, Harassment Policies",0.987,0.092,0.883,0.025
3,"UPDATE 1-Microsoft board to review sexual harassment, discrimination policies",-0.886,0.015,0.935,0.05
4,"Family Capital Trust Co Buys Microsoft Corp, iShares 1-3 Year Credit Bond ETF, iShares 1-3 Year ...",0.998,0.169,0.818,0.012
5,"Microsoft board to review sexual harassment, discrimination policies",-0.886,0.016,0.932,0.052
6,Investors Should Be Wary of Roblox’s Threats and Weaknesses,0.992,0.118,0.823,0.058
7,Amazon is 'hunting three big whales in its retail business': analyst,0.984,0.078,0.902,0.021
8,"Dow Jones Falls; Ford Stock Passes Milestone, Tesla Gets Hammered; Nvidia Dives Despite This",-0.296,0.0,0.879,0.121
9,Gamestop and AMC up to 2022 'greatest win in retail trading history': 40 Finance host,0.993,0.069,0.917,0.014
10,Breakthrough Transplants Signal BIG Opportunity,0.997,0.112,0.851,0.037
11,Investment Opportunity Breakdown: Video Game Stocks,1.0,0.132,0.829,0.039
12,Why Amazon Stock Traded Lower on Thursday,-0.422,0.091,0.661,0.248
13,Why Microsoft could be ‘extremely well-positioned’ for metaverse success,0.0,0.0,1.0,0.0
14,"Dow Jones Pressured; Ford Stock Passes Milestone, Tesla Stock Dips; Nvidia Dives Despite This",-0.296,0.0,0.885,0.115
15,Bill Gates Fallout: Microsoft to Review its Sexual Harassment Policies,0.0,0.0,1.0,0.0
16,"Market check: Nasdaq poised to end three-day streak, tech and health care lag",-0.12,0.037,0.93,0.033
17,"Microsoft, Salesforce and Apple cutting about 116 points off the Dow's price",-0.296,0.032,0.912,0.056
18,3 mega-cap tech stocks that will gain big as interest rates rise: analyst,0.968,0.1,0.861,0.039
19,3 Reasons Why Growth Investors Shouldn't Overlook Microsoft (MSFT),0.998,0.185,0.801,0.013
20,"Microsoft, Adobe Will Benefit from Metaverse, Bernstein Says",0.0,0.0,1.0,0.0
21,10 Energy Dividend Stocks to Buy According to Billionaire Jim Simons’ Portfolio,0.999,0.126,0.857,0.017
22,UPDATE 1-Microsoft stops making Xbox One consoles,-0.671,0.014,0.942,0.044
23,Microsoft (MSFT) Accelerates Manufacturing Homegrown Chips,0.992,0.102,0.89,0.008
24,S&amp;P 500 Slides as Tech Rally Fizzles,0.975,0.096,0.867,0.037
25,"Leaders across healthcare, academia and technology form new coalition to transform healthcare journey through responsible AI adoption",1.0,0.171,0.825,0.004
26,S&amp;P 500 Stumbles as Tech Wreck Resumes,0.974,0.093,0.875,0.032
27,"Microsoft hires Apple chip veteran, cannabis compounds may prevent COVID infection, TPG prices IPO",0.952,0.131,0.856,0.013
28,4 Beaten-Down Tech Stocks You Should Keep an Eye On,1.0,0.168,0.803,0.028
29,Apple loses another chip talent this month — this time to Microsoft,-0.25,0.0,0.931,0.069
30,Dow Jones Rallies On Inflation Data; Apple Chipmaker Breaks Out On Earnings,0.0,0.0,1.0,0.0
31,Itron's (ITRI) Temetra to be Used by Ireland's ESB Networks,0.999,0.169,0.824,0.007
32,"Stock Market News for Jan 13, 2022",0.997,0.161,0.783,0.057
33,4 Green Flags for Nintendo's Future,0.944,0.227,0.757,0.016
34,Onto Innovation (ONTO) to Benefit From Strong Order Backlog,0.999,0.168,0.82,0.012
35,10 Stocks Under $25 to Buy According to Billionaire Philippe Laffont,0.996,0.072,0.913,0.016
36,Ciena (CIEN) Deploys Solutions to Boost GBI's Submarine Network,0.999,0.182,0.81,0.008
37,12 Best Dow Stocks To Buy According To Hedge Funds,1.0,0.124,0.85,0.026
38,Dow Jones Futures Rise; Apple Chipmaker Set To Break Out On Earnings,0.649,0.209,0.791,0.0
39,4 Reasons to Invest in Nvidia's AI in 2022,0.832,0.156,0.809,0.036
40,Microsoft Is Heading for the Elusive $3 Trillion Market Capitalization. Software Is One Key Reason Why.,-0.572,0.0,0.81,0.19
41,Broadcom and Cardinal Health have been highlighted as Zacks Bull and Bear of the Day,0.999,0.125,0.852,0.023
42,Microsoft has stopped making Xbox One consoles - The Verge,-0.572,0.01,0.95,0.04
43,Better Buy: Microsoft vs. Alphabet,0.727,0.097,0.903,0.0
44,"Dell, HPE Lead Rally in Cheap Stocks as Rates Surge",0.983,0.107,0.836,0.057
45,3 Dividend-Paying Tech Stocks to Buy Right Now,0.0,0.0,1.0,0.0
46,Should iShares Core S&amp;P 500 ETF (IVV) Be on Your Investing Radar?,0.991,0.098,0.875,0.027
47,Microsoft invests $50 million in alcohol-to-jet fuel biorefinery,0.957,0.097,0.865,0.039
