﻿,Titles,Polarity,Positive,Neutral,Negative
0,Dow Jones Futures: How Aggressive Should You Be As Market Rally Keeps Rising?,-0.202,0.102,0.72,0.178
1,2 Top Cybersecurity Stocks to “Set It and Forget It”,0.999,0.153,0.753,0.094
2,Epic Games VP: ‘People have lost interest in the metaverse’,0.979,0.081,0.878,0.042
3,Sony’s strategy stymied by shortages,0.637,0.074,0.895,0.031
4,Dow Jones Rallies On Inflation Data; Tesla Pops As Elon Musk Issues This Warning; Apple Stock Surges,0.25,0.137,0.766,0.097
5,"Polkadot Bucks Trend, Surging Higher This Morning on These Catalysts",0.968,0.2,0.8,0.0
6,Microsoft (MSFT) Azure Selected by Meta to Boost AI Innovation,0.998,0.123,0.863,0.014
7,"Bill targets digital yuan apps, tech troubles hit workforce, Ford delivers first electric F-150",0.922,0.08,0.902,0.018
8,Microsoft (MSFT) Announces New Updates to Microsoft 365 Apps,0.997,0.13,0.859,0.011
9,10 Best Dividend Stocks According to British-Irish Billionaire John Armitage,1.0,0.105,0.888,0.007
10,10 Best Dividend Stocks to Buy According to John Rogers’ Ariel Investments,1.0,0.131,0.86,0.009
11,Buy Microsoft Stock on the Downswing,0.997,0.111,0.861,0.028
12,Should Amazon Buy Electronic Arts?,0.996,0.109,0.857,0.034
13,Microsoft Joins Peers In Hiring Slowdown Amid Economic Volatility,0.962,0.126,0.845,0.03
14,What Investors Need to Know About Microsoft's Largest Acquisition,0.999,0.173,0.815,0.011
15,It’s Time to Buy Tech Giant Microsoft While It’s Down,0.997,0.14,0.827,0.032
16,3 Reasons to Buy Palo Alto Networks Stock Right Now,0.999,0.135,0.833,0.032
