﻿,Titles,Polarity,Positive,Neutral,Negative
0,"Dow Jones Futures Await Fed Chief Powell After Inflation Report Hits Market Rally; Apple, Microsoft Lead, But ARK ETFs Offer Warning",0.0,0.0,1.0,0.0
1,What to expect from the tech sector in 2021 and beyond,0.0,0.0,1.0,0.0
2,"Apple, Microsoft and Google stocks close at record highs",0.572,0.096,0.904,0.0
3,"Bigger Tech: Apple, Microsoft, Alphabet, and Amazon All Reach New Highs",0.395,0.1,0.9,0.0
4,Dow Jones Dips As Fed Official Makes This Claim Amid Inflation; Virgin Galactic Plunge Continues,-0.494,0.0,0.833,0.167
5,Jim Cramer: Here's What You Can Do When Inflation Is Raging,0.612,0.179,0.821,0.0
6,"JPMorgan &amp; Goldman slip, Mega caps at records, Nokia higher, HBO &amp; Netflix lead Emmy nods",0.0,0.0,1.0,0.0
7,VERB Rolls Out verbMAIL For Microsoft Outlook,0.944,0.094,0.886,0.02
8,"Q2 Earnings Scorecard &amp; Analyst Reports for Microsoft, AbbVie &amp; Enbridge",0.996,0.111,0.867,0.021
9,Sierra Wireless Leverages Microsoft's Azure IoT Central For Asset Tracking Capabilities,0.939,0.135,0.819,0.046
10,BOE Warns on Risks of Banking’s Reliance on Cloud Computing,0.966,0.099,0.888,0.014
11,Dow Lags As Banks Weigh But Nasdaq Hits New High; 3 Breakouts To Watch,-0.235,0.0,0.916,0.084
12,"Following Microsoft And Apple, Here Comes The Third $2 Trillion Company",0.557,0.301,0.699,0.0
13,Microsoft (MSFT) Set to Purchase RiskIQ to Boost Cybersecurity,0.996,0.182,0.772,0.046
14,"Dow Jones Lags As Bank Stocks Weigh But Apple, Microsoft Lead Nasdaq Higher",0.119,0.103,0.814,0.083
15,How To Invest In Growth Stocks And The Lesson Of Microsoft: When To Use The 8-Week Hold Rule,0.796,0.231,0.769,0.0
16,UPDATE 1-Bank of England to crack down on 'secretive' cloud computing services,0.631,0.051,0.911,0.038
17,Bank of England to crack down on 'secretive' cloud computing services,-0.318,0.049,0.891,0.061
