﻿,Titles,Polarity,Positive,Neutral,Negative
0,New accelerator program aims to help startups and enterprises alike speed their products to market,0.052,0.019,0.964,0.016
1,11 Best Vanguard Stocks to Buy Now,1.0,0.11,0.862,0.027
2,"Market check: Energy outperforms, Big Tech stocks slide",0.586,0.05,0.926,0.024
3,Google reveals AR glasses that can translate speech in real time,0.99,0.081,0.91,0.009
4,FANGMAN Stocks and Tesla: Sell or Buy More?,0.993,0.092,0.868,0.039
5,2 Unstoppable Growth Stocks to Buy in 2022 and Beyond,0.608,0.152,0.79,0.058
6,"Dow Jones Reverses On Hot Inflation Report; Coinbase, Unity Plunge On Earnings",0.0,0.0,1.0,0.0
7,"Dow Jones Falls On Hot Inflation Report; Coinbase, Unity Plunge On Earnings",0.0,0.0,1.0,0.0
8,LinkedIn Founder Reid Hoffman describes 'the problem' with most career advice,0.995,0.125,0.841,0.034
9,"Dow Jones Futures Reverse Lower On Hot Inflation Report; Coinbase, Unity Plunge On Earnings",-0.296,0.0,0.901,0.099
10,"Dow Jones Futures Reverse On Hot Inflation Report; Coinbase, Unity Plunge On Earnings",-0.296,0.0,0.901,0.099
11,Dow Jones Futures Rise On Hopes Inflation Fever Has Peaked As CPI Data Looms,0.422,0.123,0.877,0.0
12,North Carolina pension fund loses $4 billion in value,0.153,0.108,0.829,0.064
13,EU Presents Plan to Strengthen Online Child Sexual Abuse Fight,-0.993,0.05,0.838,0.112
14,Dow Jones Futures Rise After Volatile Market Action; Has Inflation Fever Peaked?,-0.153,0.0,0.918,0.082
