﻿,Titles,Polarity,Positive,Neutral,Negative
0,"Stocks turn higher at the close, Microsoft and Google among biggest market leaders",0.238,0.038,0.936,0.026
1,"Some FAANG names ‘are still high-growth internet companies,’ portfolio manager says",0.999,0.163,0.797,0.04
2,"Google, Microsoft among tech companies to report earnings this week",0.973,0.07,0.92,0.01
3,Dow Jones Gains As Tech Stocks Fight; Twitter Gains As Elon Musk Takes Control; Donald Trump SPAC Craters,0.0,0.0,1.0,0.0
4,Dow Futures Tick Lower Ahead of Major Tech Earnings,0.863,0.056,0.916,0.028
5,"Activision (ATVI) Q1 Earnings Lag Estimates, Revenues Decline",0.991,0.067,0.922,0.012
6,Huawei Pumps $22 Billion Into R&amp;D to Beat U.S. Sanctions,-0.922,0.05,0.878,0.073
7,"Crypto: Bitcoin under pressure, dogecoin up on Musk’s Twitter bid",0.0,0.0,1.0,0.0
8,Meta to Open Retail Store to Showcase Virtual Reality Hardware,0.66,0.059,0.892,0.049
9,"Big Tech earnings ‘will be a mixed bag,’ analyst says",0.361,0.094,0.906,0.0
10,"Energy stocks decline, Coca-Cola stock gains on earnings, Tesla stock dips",0.806,0.072,0.88,0.048
11,Activision Misses Estimates on Lackluster Call of Duty,-0.994,0.061,0.805,0.134
12,"Big Tech ‘is the stock market,’ strategist explains",0.758,0.228,0.716,0.056
13,"Dow Jones Extends Losses; Twitter, Elon Musk Set To Strike Deal",-0.494,0.0,0.833,0.167
14,10 Blue Chip Dividend Stocks with Over 3% Yield,1.0,0.129,0.833,0.038
15,Mastercard launches next-generation identity technology with Microsoft to help more consumers shop online safely,0.999,0.207,0.713,0.08
16,Activision Blizzard’s Earnings Miss. Investors Care More About the Microsoft Merger.,-0.296,0.0,0.901,0.099
17,"Dow Jones Futures Extend Losses; Twitter, Elon Musk Set To Strike Deal",-0.832,0.0,0.66,0.34
18,Activision Blizzard Posts an Earnings Miss. Investors Care More About Microsoft Merger.,-0.296,0.0,0.901,0.099
19,Activision Misses Earnings Estimates on Lackluster Call of Duty,-0.991,0.061,0.819,0.12
20,Apple (AAPL) Headlines Busy Week of Tech Earnings,0.999,0.125,0.835,0.04
21,3 Cybersecurity Stocks Putting Your Portfolio in Danger,0.439,0.063,0.881,0.055
22,Activision Blizzard Misses Earnings Expectations As 'Call of Duty' Demand Declines,-0.802,0.041,0.881,0.079
23,3 signs that recession fears are wildly overblown: Morning Brief,0.995,0.098,0.839,0.063
24,"Zacks Investment Ideas feature highlights: Apple, Amazon, Alphabet, Activision Blizzard and Microsoft",0.999,0.12,0.861,0.018
