﻿,Titles,Polarity,Positive,Neutral,Negative
0,Dow Futures: Stock Market Rally Hits Record Highs As Tesla Surges; 3 Tech Giants Break Out,0.0,0.0,1.0,0.0
1,"Facebook, Google and Microsoft stocks reach records as Big Tech bounces back",0.825,0.174,0.826,0.0
2,Google’s Supreme Court victory over Oracle hailed as ‘fantastic’ for small companies,0.994,0.089,0.893,0.018
3,"Dow Jones Jumps 400 Points To All-Time High; Microsoft, Facebook, Alphabet Give Buy Signals",0.226,0.071,0.929,0.0
4,Dow Jones Soars 400 Points To New High As Microsoft Jumps; Stocks Rally On Jobs Report,0.44,0.121,0.879,0.0
5,Supreme Court Overturns Oracle’s Copyright Win Over Google,0.984,0.089,0.875,0.036
6,Dow Jumps To Record Highs As Treasury Yields Rise; Tesla Surges On Deliveries Surprise,0.625,0.203,0.797,0.0
7,"GameStop shares drop, company plans to offer $1B stock sale",0.972,0.049,0.937,0.014
8,Microsoft Tops Buy Point,0.103,0.104,0.896,0.0
9,"Dow Jumps To Record Highs, Treasury Yields Steady; Tesla Surges On Deliveries Surprise",0.625,0.203,0.797,0.0
10,Facebook Hits Record as Growth Optimism Continues to Build,0.983,0.115,0.856,0.029
11,Is Microsoft Stock a Buy?,0.527,0.057,0.943,0.0
12,Dow Jones Futures: Jobs Report Fuels Market Rally As Tesla Jumps On Deliveries; 4 Stocks You Can Buy Now,0.71,0.247,0.753,0.0
13,Dow Jones Futures: Strong Jobs Report Fuels Market Rally As Tesla Jumps On Deliveries; 4 Stocks You Can Buy Now,0.71,0.247,0.753,0.0
14,Dow Jones Futures Signal Market Rally On Strong Jobs Report As Tesla Jumps On Deliveries,0.71,0.228,0.772,0.0
15,"Dow Jones Futures Rise As Tesla, Jobs Report Bolster Stock Market Rally; Google, Microsoft Flash Buy Signals",0.71,0.228,0.772,0.0
