﻿,Titles,Polarity,Positive,Neutral,Negative
0,10 Tech Stocks that Pay Dividends,0.999,0.095,0.873,0.032
1,Another Usual Player Jumps The TikTok Bandwagon,0.872,0.116,0.819,0.066
2,Google stock has quietly gone berserk — here's why,0.995,0.134,0.859,0.008
3,These 2 Stocks Are Starting September With a Bang,0.852,0.137,0.863,0.0
4,Is Microsoft (MSFT) Stock Outpacing Its Computer and Technology Peers This Year?,0.993,0.14,0.845,0.015
5,Here Are The Top Stocks Cathie Wood Is Buying For Her Next Fund,0.128,0.126,0.773,0.101
6,Amazon (AMZN) Boosts AWS Cloud Portfolio With Managed Grafana,0.997,0.17,0.807,0.024
7,Microsoft's (MSFT) Windows 11 Coming Next Month: Key Takeaways,0.996,0.095,0.902,0.003
8,Microsoft (MSFT) Boasts Earnings &amp; Price Momentum: Should You Buy?,0.998,0.131,0.866,0.003
9,2 Top Growth Stocks That Dividend Investors Will Also Love,0.95,0.31,0.654,0.036
10,3 Stocks to Make the Most of Continued Demand for Video Games,0.999,0.135,0.864,0.002
