﻿,Titles,Polarity,Positive,Neutral,Negative
0,Alphabet's Verily Raises $1 Billion and Shakes Up Leadership Team,0.956,0.075,0.906,0.019
1,3 No-Brainer Tech Stocks to Buy if You Have Money to Invest,0.998,0.128,0.833,0.039
2,Baron Funds: “Microsoft (MSFT) Remains a Durable and Growing Business”,0.989,0.117,0.874,0.009
3,JPMorgan Hires Former Microsoft Executive to Its Digital Assets-Related Payments Group,0.893,0.055,0.937,0.008
4,3 Top Tech Stocks That Could Help Make You Richer by Retirement,0.572,0.168,0.722,0.11
5,10 Cash-Rich Tech Stocks to Buy Now,1.0,0.149,0.826,0.024
6,5 Best Stocks to Buy According to ‘Warren Buffett of Brazil’,0.999,0.113,0.863,0.024
