﻿,Titles,Polarity,Positive,Neutral,Negative
0,"Sony Bets Its Fall Game Lineup on Little-Known Studio, and Wins",0.93,0.092,0.845,0.062
1,Is Apple Inc. (AAPL) A Good Stock To Buy?,0.997,0.093,0.9,0.007
2,"John, Jenny Paulson to Divorce in Latest Billionaire Split",0.627,0.07,0.874,0.056
3,Dow Jones Gains As Market Fights; Microsoft Offers Up Opportunity; Disney Stock Dives,0.422,0.118,0.882,0.0
4,Here is What Hedge Funds Think About Microsoft Corporation (MSFT),0.999,0.107,0.877,0.016
5,"When the stock market pulls back, keep buying — especially these five companies",-0.891,0.033,0.759,0.208
6,GameStop stock is enduring an awful September,0.979,0.106,0.845,0.05
7,Facebook Looks to Carve Out Market for Mobile Video-Chat Device,0.993,0.113,0.882,0.004
8,S&amp;P 500 Ends Lower as China-led Global Growth Worries Persist; Fed Eyed,-0.653,0.091,0.816,0.093
9,12 Best Big Tech Stocks to Buy Right Now,0.999,0.085,0.901,0.014
10,How Microsoft Is Putting Its Cash to Work,0.517,0.109,0.832,0.059
11,"3 Supercharged Stocks to Buy With $1,000 Right Now",0.846,0.123,0.877,0.0
12,S&amp;P 500 Rebound Fades on Global Growth Concerns Ahead of Fed Meeting,-0.36,0.084,0.837,0.079
13,10 Hedge Funds Betting Against Cathie Wood’s ARK Innovation ETF,1.0,0.121,0.855,0.024
14,"Lands' End, JOANN, NVIDIA, Microsoft and Applied Materials highlighted as Zacks Bull and Bear of the Day",1.0,0.13,0.845,0.025
15,Salesforce Combines Slack Into Most Products for Hybrid Work,0.916,0.072,0.899,0.028
16,2 Top Software-as-a-Service Stocks to Buy for the Long Haul,0.572,0.075,0.925,0.0
17,"The Zacks Analyst Blog Highlights: Apple, Thermo Fisher, Royal Dutch Shell, Microsoft and Estee Lauder",0.999,0.175,0.795,0.03
18,4 Stocks to Gain as SaaS Adoption Continues to Skyrocket,0.998,0.131,0.857,0.012
19,The Multiple Reasons Why Microsoft Stock Is a Winner,0.996,0.124,0.876,0.0
