﻿,Titles,Polarity,Positive,Neutral,Negative
0,Tech giants overtook Boeing during pandemic as state's largest employers,0.318,0.069,0.897,0.034
1,"EXCLUSIVE: How GM, Microsoft, Palantir-Backed Wejo Is Scaling Its Connected Vehicles, Marketplaces",0.973,0.07,0.918,0.012
2,"Dow Jones Futures: Market Rallies Amid McConnell Debt-Limit Offer; Affirm Soars, Bitcoin Tops $55,000",-0.637,0.0,0.729,0.271
3,Dow Jones Rallies As Biden Meeting Spurs GOP Debt Offer; GM Falls Despite Sales Pledge; Small Caps Lag,-0.178,0.077,0.815,0.107
4,Why This 1 Computer and Technology Stock Could Be a Great Addition to Your Portfolio,0.999,0.147,0.853,0.0
5,Dow Jones Gains As Biden Meeting Leads To Debt Ceiling Offer; GM Falls Despite Sales Pledge; Small Caps Lag,0.557,0.257,0.652,0.091
6,Microsoft's Foray Into Fintech: What Investors Should Know About Redmond's New Cloud Product,0.992,0.148,0.831,0.021
7,Microsoft Stands Out In Enterprise Tech Spending Survey,0.511,0.18,0.82,0.0
8,"Growth, Returns, and Plenty of Room for Improvement - Why Microsoft (NASDAQ:MSFT) can Still Increase in Value",0.999,0.144,0.839,0.017
9,"Dow Jones Tumbles As Market Sells Off, But Software Stocks Stay Strong",0.361,0.126,0.81,0.065
10,Seven Maryland billionaires make Forbes 400 list of the richest Americans,0.494,0.231,0.769,0.0
11,"How Microsoft Makes Money: Personal Computing, Cloud Services",0.557,0.223,0.777,0.0
12,Oracle's (ORCL) Cloud Platform Utilized by K-12 School Systems,0.997,0.139,0.859,0.003
13,Dow Jones Dives 450 Points As Stock Market Weakness Returns; These 3 Tech Titans Slide,-0.422,0.0,0.872,0.128
14,4 Large-Cap Stocks to Watch After Monday's Dips,0.273,0.087,0.913,0.0
15,"Dow Jones Today, Stocks Slump; September Hiring Climbs; Bitcoin Rallies; Palantir, Acuity Soar",-0.178,0.097,0.773,0.13
16,"Dow Jones Today, Futures Trim Losses On Strong September Hiring; Bitcoin Rallies; Palantir, Acuity Climb",-0.178,0.092,0.783,0.124
17,"Box, Fresh From Activist Win, Says Analysts Underestimate Growth",0.977,0.113,0.828,0.06
18,"Dow Jones Today, Futures Veer Lower As Europe Tumbles; September Hiring Climbs; Palantir, Acuity Climb",-0.178,0.092,0.783,0.124
19,"Zacks.com featured highlights include: Microsoft, O'Reilly Automotive, Landstar System and Mastercard",1.0,0.194,0.796,0.009
20,"Dow Jones Futures Tumble: Look For This Market Rally Signal; Google, Datadog Lead 9 Stocks To Watch",0.0,0.0,1.0,0.0
21,10 Small-Cap Stocks to Buy According to ‘Australia’s Warren Buffett’ Kerr Neilson,0.998,0.079,0.897,0.024
22,A Peek Into The Markets: US Stock Futures Down Ahead Of ADP Report,0.077,0.045,0.911,0.043
23,Michael Dell learned these lessons from Steve Jobs and Bill Gates,0.985,0.135,0.846,0.02
