﻿,Titles,Polarity,Positive,Neutral,Negative
0,Expedia Quarterly Revenue Tops Estimates in Strong Start to Summer,-0.937,0.074,0.829,0.096
1,PSBJ's 40 Under 40 class of 2022 revealed,0.494,0.176,0.824,0.0
2,3 Titans With Robust Cloud Computing Segments,0.999,0.17,0.825,0.006
3,Volpara Health collaborates with Microsoft to accelerate the research and development of software that uses mammograms to identify potential cardiovascular issues,0.998,0.138,0.825,0.037
4,"Tencent Takes on Microsoft, Sony, Nintendo in Surprising Area",0.848,0.141,0.859,0.0
5,"Meta ‘is going through a wrenching business model change,’ analyst says",0.881,0.32,0.68,0.0
6,"Zacks Investment Ideas feature highlights: Apple, Exxon Mobil, and Microsoft",0.999,0.177,0.801,0.022
7,Sharing His Path to Success,0.998,0.132,0.855,0.013
8,"U.S. crude oil falls below $90 a barrel, Coinbase stock pops on BlackRock partnership",-0.077,0.085,0.823,0.092
9,Microsoft-Activision Deal Doubt May Yield Big Reward: Tech Watch,-0.701,0.063,0.868,0.069
10,Dow Jones Falls After Jobless Data; Alibaba Jumps On Earnings,0.103,0.072,0.928,0.0
11,"Zacks Market Edge Highlights: Apple, ExxonMobil, Twitter, Microsoft, and Activision Blizzard",0.998,0.109,0.871,0.02
12,Dow Jones Futures Higher After Jobless Data; Alibaba Jumps On Earnings,0.103,0.076,0.924,0.0
13,Dow Jones Futures Rise Ahead Of Jobless Data; Alibaba Jumps On Earnings,0.103,0.072,0.928,0.0
14,1 Big Reason Microsoft Could Catch Amazon in the Cloud,0.0,0.0,1.0,0.0
15,3 Robinhood Stocks to Buy Right Now,0.785,0.125,0.849,0.027
16,Is Take-Two Interactive Stock a Buy Now?,0.202,0.028,0.972,0.0
