﻿,Titles,Polarity,Positive,Neutral,Negative
0,10 Best Dividend Stocks to Buy According to Billionaire Ray Dalio,1.0,0.122,0.87,0.008
1,Accenture Bags $112M Task Order For Federal Cyberattack Protection,0.402,0.073,0.867,0.061
2,"4 Top Stock Trades for Monday: MSFT, TWLO, LLY, GE",0.997,0.134,0.834,0.032
3,Is Shopify Stock A Buy As Tech Partnerships Expand?,0.0,0.0,1.0,0.0
4,Dow Jones Dives As Fed Official Touts Interest Rate Hike; AMC Stock Gains; Adobe Rallies,0.459,0.12,0.88,0.0
5,Better Buy: Microsoft vs. IBM,0.527,0.167,0.833,0.0
6,BOX &amp; ServiceNow Integration to Smooth Out Legal Workflow,0.998,0.154,0.843,0.003
7,Microsoft (MSFT) Reportedly Eyeing China Data Center Expansion,0.996,0.097,0.89,0.014
8,5 smart ways to shift your investments as the Fed gets ready for a big move,0.633,0.148,0.797,0.055
9,"Dow Jones Futures Fall: Don't Sleep On Sector Shifts In Market Rally; Adobe Extends Breakout, Amazon, Google Near Buys",0.735,0.255,0.745,0.0
10,"Dow Jones Futures: Don't Sleep On Market Rally Sector Shifts; Adobe Extends Breakout, Amazon, Google Near Buys",0.735,0.255,0.745,0.0
11,Microsoft Plans More China Data Centers in Asia Cloud Push – Report,0.985,0.11,0.881,0.009
12,Microsoft Plans Massive China Expansion in Asia-Wide Cloud Push,0.971,0.065,0.931,0.004
