﻿,Titles,Polarity,Positive,Neutral,Negative
0,"Augmented Reality Won't Take Off Until Apple Enters Market, Says Morgan Stanley",0.402,0.119,0.881,0.0
1,Don’t Make Any Major Portfolio Changes Until Mid-Week: Here’s Why,0.997,0.122,0.811,0.067
2,10 Best Blue Chip Dividend Stocks,0.999,0.117,0.854,0.03
3,"The meaning of the ‘metaverse,’ and all the terms you need to understand it",0.077,0.041,0.924,0.036
4,Microsoft Surprises Gamers With ‘Halo Infinite’ Multiplayer Launch,0.773,0.072,0.886,0.042
5,Hot Neuberger Berman Fund Targets Some Surprising Stocks,0.637,0.189,0.811,0.0
6,CrowdStrike Stock Tumbles On Underweight Rating As Analyst Sees Pricing Pressure,0.0,0.0,1.0,0.0
7,3 Top Stocks to Buy if There Is a Market Pullback,0.681,0.111,0.848,0.041
8,10 Healthcare Stocks to Buy According to John Rogers’ Ariel Investments,0.998,0.106,0.887,0.007
9,10 Stocks To Invest In According To Stephen Errico’s Locust Wood Capital,0.999,0.096,0.893,0.011
10,"The Zacks Analyst Blog Highlights: Sony, Microsoft and Nintendo",0.996,0.097,0.861,0.042
11,IBM: The Curse of Value,0.964,0.07,0.884,0.046
12,7 Technology Stocks That Will Resist Any Market Selloff,0.999,0.102,0.878,0.021
