﻿,Titles,Polarity,Positive,Neutral,Negative
0,Microsoft Shareholders Force Company to Disclose Sexual Harassment Data,0.557,0.223,0.777,0.0
1,Microsoft shareholders back proposal seeking report on harassment,-0.743,0.083,0.815,0.102
2,"Salesforce Falls on Disappointing Profit, Sales Forecasts",0.986,0.114,0.856,0.03
3,Microsoft Investors Urge Company to Reassess Sexual-Harassment Policies,-0.832,0.061,0.863,0.076
4,Microsoft holds annual shareholders meeting,0.995,0.135,0.824,0.041
5,Big Money Loves Microsoft,0.996,0.144,0.821,0.035
6,Investors Unfazed as Microsoft CEO Nadella Sells Shares,0.0,0.0,1.0,0.0
7,7 Chip Stocks to Buy as the Supply Crunch Carries On,1.0,0.112,0.881,0.007
8,Nasdaq Partners With Amazon to Move Market Trading to the Cloud Next Year,0.933,0.083,0.89,0.027
9,Omicron variant hits travel and reopening stocks — is it time to buy?,0.796,0.054,0.912,0.035
10,Microsoft Shareholders Vote For Annual Sexual Harassment Report,0.0,0.0,1.0,0.0
11,3 Metaverse Moonshots With Actual 10x Potential,0.999,0.108,0.86,0.032
12,Cybersecurity Play Arista Networks Looks More Attractive After Its Share Split,0.999,0.188,0.794,0.018
13,"Microsoft CEO sells half his shares, Amazon union votes again, Lululemon sues Peloton for patent infringement",0.0,0.0,1.0,0.0
14,Never Mind Tesla CEO Elon Musk’s Stock Sales. Look What Microsoft’s CEO Just Did.,0.296,0.095,0.905,0.0
15,Bitcoin vs. Ethereum: What's the Difference?,0.649,0.202,0.798,0.0
16,Dow Jones Sells Off As Moderna CEO Expects Less Effective Vaccines For Omicron Variant,0.428,0.114,0.886,0.0
17,Nearing Retirement? These Stocks Are as Safe as They Come,0.95,0.241,0.741,0.018
18,"Amazon's (AMZN) AWS Gets Selected by Gilead, Boosts Clientele",0.996,0.124,0.865,0.011
19,Wait for the Dip in Cloudflare Stock as It Currently Trades at Astronomical Levels,0.998,0.135,0.847,0.018
20,Dow Jones Futures Sell Off As Moderna CEO Expects Less Effective Vaccines For Omicron Variant,0.428,0.119,0.881,0.0
21,Twitter Has Paled Alongside Other Tech Firms Run by Their Founders,0.991,0.1,0.868,0.032
22,Moderna’s Omicron Warning Reignites Selloff. Get Used to Volatility.,-0.34,0.0,0.926,0.074
23,"Alphabet Is King of the FAANG Stocks, and It's Not Even Close",0.948,0.184,0.816,0.0
24,10 Dividend Stocks to Buy According to Hoon Kim’s Quantinno Capital,0.999,0.123,0.862,0.015
25,Microsoft CEO Dumps Half of Shares Ahead of Capital Gains Tax Change,0.557,0.213,0.787,0.0
26,"Faux Rally, Worrisome Words, Omicron Overhang, Microsoft CEO's Stock Sales",0.296,0.081,0.919,0.0
27,Dow Jones Futures Dive As Moderna CEO Predicts Less Effective Vaccines For Omicron Variant,0.428,0.124,0.876,0.0
28,Twitter’s New CEO Joins Club of India-Born U.S. Tech Captains,0.985,0.097,0.855,0.048
29,Microsoft CEO sells half his stake in the company ahead of new state capital gains tax,0.557,0.173,0.827,0.0
30,Twitter Taps CTO Agrawal to Revive Product Focus Dorsey Lacked,0.951,0.089,0.835,0.076
