﻿,Titles,Polarity,Positive,Neutral,Negative
0,Check Point Software Returns to the Undervalued Predictable List,0.999,0.129,0.837,0.034
1,Thousands of Microsoft Exchange Servers Still Compromised After Patches,-0.83,0.053,0.86,0.087
2,Microsoft announces a move back to the office for some workers,0.0,0.0,1.0,0.0
3,Microsoft to start bringing some employees back to offices on March 29,0.855,0.084,0.916,0.0
4,"Dow Jones, Nasdaq Trade At Intraday Highs; These Chip Stocks Form New Bases",-0.273,0.0,0.905,0.095
5,Microsoft to allow more employees at its headquarters from March 29,0.542,0.062,0.916,0.022
6,"Dow Jones Lags Nasdaq, But Intel, Apple, Microsoft Score Bullish Gains; Boeing Pulls Back Into Buy Zone",-0.527,0.0,0.827,0.173
7,Box (BOX) Boosts Cloud Efforts Via Microsoft 365 Integrations,0.998,0.146,0.845,0.008
8,These 3 Stocks Are Overlooked Gems,0.889,0.201,0.778,0.021
9,6 Stocks to Play the Value Revival,0.999,0.199,0.768,0.033
10,"Dow Reverses, Tech Stocks Climb As Yields Drop; Tesla Jumps On 3,000 Price Target",0.0,0.0,1.0,0.0
11,"Dow Falls, Tech Stocks Climb As Yields Drop; Tesla Jumps On 3,000 Price Target",0.0,0.0,1.0,0.0
12,Facebook Rejected by Supreme Court in User-Tracking Lawsuit,-0.447,0.046,0.893,0.061
13,5 Stocks to Pick as Millennials Drive Investment Trends,0.998,0.107,0.874,0.019
14,Microsoft survey: 73% of workers want to be able to work from home after the pandemic,0.984,0.073,0.91,0.017
15,Bosses Are Clueless That Workers Are Miserable and Looking to Leave,0.918,0.066,0.895,0.039
16,Microsoft releases findings and considerations from one year of remote work in Work Trend Index,0.998,0.139,0.835,0.026
17,Here's How Microsoft Stock Can Hit New Highs,0.0,0.0,1.0,0.0
18,"Dow Jones Futures Fall, Tech Futures Climb As Yields Drop; Tesla Jumps On 3,000 Price Target",-0.103,0.067,0.852,0.081
19,Videogame Sales Jump in February: 3 Solid Stocks to Buy,0.998,0.117,0.872,0.011
20,Microsoft to Begin Letting Workers Back to Main Headquarters Soon,0.226,0.095,0.905,0.0
21,We Think Microsoft (NASDAQ:MSFT) Might Have The DNA Of A Multi-Bagger,0.986,0.094,0.883,0.023
22,5 Stocks Top Analysts Are Heavily Bullish On Heading Into April,0.997,0.12,0.864,0.016
