﻿,Titles,Polarity,Positive,Neutral,Negative
0,15 Biggest Companies That Accept Bitcoin,1.0,0.134,0.85,0.016
1,Bill Gates: with vaccine acceptance U.S. will be back to normal by fall,0.996,0.143,0.841,0.016
2,Climate Crisis: a special conversation with Bill Gates,1.0,0.143,0.8,0.056
3,Bill Gates: Facebook banning Trump 'forever' would not be 'that good',0.908,0.103,0.835,0.063
4,15 Youngest Tech Billionaires,0.998,0.086,0.907,0.007
5,Bill Gates: Texas Gov. is 'wrong' to blame wind turbines for outages,0.92,0.089,0.865,0.045
