﻿,Titles,Polarity,Positive,Neutral,Negative
0,10 Best Stocks to Buy for Financial Independence,1.0,0.148,0.827,0.025
1,"Dow Jones Jumps Almost 200 Points As Tech Stocks Rebound; Roblox Vaults, SPCE Stock Soars",0.71,0.228,0.772,0.0
2,The two biggest risks for equities,0.0,0.0,1.0,0.0
3,Dow Jones Rallies; Bitcoin Up As Fed Governor Touts Digital Dollar; Apple Stock Nears Key Level,0.402,0.116,0.837,0.048
4,"Israel Announces Over $1B Cloud Deal with Amazon, Google: Reuters",0.886,0.076,0.924,0.0
5,‘The Federal Reserve is going to be slower than most investors think’: Expert,0.758,0.236,0.764,0.0
6,Chile's Codelco strikes deal with Microsoft to extend automation at its copper mines,0.964,0.168,0.755,0.077
7,GOOGL Stock Among 3 Cloud Stocks Eying $2 Trillion Mark,0.052,0.115,0.781,0.104
8,10 Best Dividend Stocks to Buy According to Billionaire Ken Fisher,0.999,0.109,0.883,0.008
9,BOX Gears Up to Report Q1 Earnings: What's in the Cards?,0.998,0.134,0.861,0.005
10,EY Expands Cybersecurity Collaboration with CrowdStrike,0.937,0.112,0.863,0.025
11,Italy to involve big overseas tech firms in national cloud plan,0.939,0.114,0.854,0.032
12,S&amp;P 500 Racks Up Gains as Bulls Feast on Tech Rebound,0.542,0.068,0.875,0.057
13,10 Best Stocks to Buy in 2021 According to Louis Navellier,1.0,0.117,0.867,0.016
14,"Stock Market News for May 24, 2021",0.997,0.137,0.826,0.037
15,5 Stocks Billionaires Couldn't Stop Buying in Q1,0.782,0.314,0.686,0.0
16,10 Best Income Stocks to Invest In,0.999,0.11,0.877,0.013
