﻿,Titles,Polarity,Positive,Neutral,Negative
0,"Apple, Google Buybacks Top U.S. Companies As Repurchases Fall Nearly 22%",0.0,0.0,1.0,0.0
1,Microsoft rolls out accessibility updates for Windows 11,0.997,0.133,0.837,0.03
2,7 Fintech Stocks to Buy for Royal Returns,0.999,0.118,0.861,0.021
3,"40 Under 40: Teddy Phillips, Microsoft and Ark Creative Co.",0.625,0.068,0.932,0.0
4,Ken Fisher’s Latest Portfolio: 10 Best Picks Under $30,1.0,0.109,0.881,0.01
5,Microsoft Appears Programmed to Keep Going Down,0.026,0.056,0.891,0.053
6,Updating 4 Portfolio Holdings,0.883,0.163,0.799,0.038
7,This Mighty Software Company Is in Need of a Recharge,-0.077,0.037,0.92,0.042
8,"Windows 11 PC is getting a ton of updates, including live captions, gaming upgrades",0.996,0.111,0.854,0.035
9,Microsoft (MSFT) Eases DRM Barrier for Disc Games on Xbox,0.986,0.085,0.875,0.04
10,10 Long-Term Stocks to Buy According to Billionaire Mario Gabelli,0.998,0.084,0.906,0.01
11,"Warren Buffett's Recent Purchases Are Indirect Bullish Signals For Fintech, Crypto",0.618,0.262,0.738,0.0
12,Cathie Wood is Buying These 10 Growth Stocks,0.998,0.11,0.853,0.037
13,Billionaire Richard Chilton’s Latest Portfolio: Top 10 Stock Picks,0.999,0.108,0.883,0.009
14,Microsoft boosts quarterly dividend by 9.7%,0.681,0.074,0.926,0.0
15,Microsoft announces quarterly dividend increase,0.937,0.084,0.916,0.0
16,"Uber System Breach Culprits Are Likely The Ones Behind Microsoft, Nvidia And Okta Hack",0.964,0.149,0.783,0.068
17,"Despite Market Blizzard, Snowflake Stock Is Hot",0.527,0.159,0.841,0.0
18,3 Top Gaming Stocks to Buy in September,-0.461,0.094,0.784,0.122
19,Will ServiceNow Be Worth More Than Microsoft by 2030?,0.881,0.277,0.676,0.047
