﻿,Titles,Polarity,Positive,Neutral,Negative
0,"Biden Team Vows Fast Response on SolarWinds, Microsoft Hacks",-0.715,0.049,0.89,0.062
1,5 Stocks Top Earners Steven Cohen and David Tepper Have in Common,0.999,0.108,0.879,0.013
2,Dow Jones Hits Record High; Many Tech Stocks Weaken As Yields Rise On Inflation Fears,-0.128,0.062,0.859,0.079
3,UPDATE 1-U.S. government to respond to SolarWinds hackers in weeks -senior official,-0.905,0.027,0.888,0.084
4,7 Of The Best Tech Dividend Stocks,1.0,0.129,0.855,0.016
5,"Microsoft and Google openly feuding amid hacks, competition inquiries",-0.982,0.043,0.834,0.123
6,Technology Stocks Spotlight: Marvell Rises High,0.202,0.076,0.924,0.0
7,"Tech, Growth Stocks Under Pressure As Treasury Yields Rise",0.998,0.11,0.849,0.041
8,Palantir And BlackBerry: 2 Disruptors Trying To Power All Things,0.993,0.101,0.881,0.018
9,"TOTAL (TOT) Partners Microsoft, Focuses on Net-Zero Emissions",0.998,0.194,0.796,0.01
10,Hackers Rushed in as Microsoft Raced to Avert Cyber-Attack,-0.932,0.074,0.845,0.081
11,"Dow Jones Futures: Rising Treasury Yields Hit Tech Stocks After Microsoft, Google Flash Buy Signals; Vaccine Maker Spikes",0.202,0.087,0.913,0.0
12,"Dow Jones Will Rise 7.6% More Thanks Mostly To 8 Stocks, Analysts Say",0.44,0.097,0.903,0.0
13,Fund Managers Press Companies to Address Women’s Job Losses,0.991,0.07,0.899,0.03
14,Madison Strategic Sector Premium Fund (MSP) Q4 2020 Earnings Call Transcript,0.0,0.0,1.0,0.0
15,SolarWinds and Microsoft hacks spark debate over western retaliation,0.128,0.062,0.88,0.058
