﻿,Titles,Polarity,Positive,Neutral,Negative
0,Google Is Said to Discuss Buying Mandiant; Microsoft Bows Out,-0.661,0.075,0.854,0.071
1,"New Console Player Wants to Take Down Sony, Microsoft",-0.361,0.0,0.955,0.045
2,Tech Stocks Roundup: What Will Apple Announce at its First Big Event of 2022?,0.612,0.222,0.778,0.0
3,It’s a job seekers' market right now: Randstad Sourceright CEO,0.993,0.101,0.847,0.051
4,Constellation partners with Microsoft to reduce carbon emissions,0.586,0.211,0.789,0.0
5,Hackers Targeted U.S. LNG Producers in Run-Up to Ukraine War,-0.996,0.075,0.812,0.113
6,"Sector Wars: Tesla Stock Tumbles As Two Leaders Rise, One Gets Sold Into Strength",0.226,0.131,0.776,0.094
7,10 Stocks to Buy Before Interest Rates Rise in March,1.0,0.185,0.79,0.025
8,9 Dividend Stocks to Buy According to Billionaire Dan Loeb’s Third Point,0.999,0.103,0.89,0.007
9,Microsoft and Oracle Join Tech Exodus From Russia,-0.296,0.0,0.891,0.109
10,Falling Stock Prices Make It Harder for Big Tech to Lure Talent,0.992,0.106,0.825,0.07
11,"Stock Market News for Mar 7, 2022",0.724,0.117,0.776,0.107
12,Big Tech Companies Exit Russian Market Amid US Sanctions,0.868,0.079,0.855,0.067
13,10 Tech Stock Picks of Billionaire Mario Gabelli,1.0,0.129,0.852,0.019
14,10 Penny Stocks to Buy in March,1.0,0.11,0.866,0.024
15,10 Derivative Income ETFs to Invest In,1.0,0.14,0.834,0.026
16,4 Red Flags for Zoom Video Communications' Future,-0.202,0.037,0.914,0.05
17,Microsoft unveils fourth data center in India,0.785,0.035,0.965,0.0
