﻿,Titles,Polarity,Positive,Neutral,Negative
0,"Dixon Hubard Feinour &amp; Brown Inc Buys Vanguard Short-Term Government Bond ETF, Intuit Inc, ...",0.994,0.045,0.954,0.002
1,Apple is still bigger than all these companies combined,0.981,0.087,0.908,0.005
2,Dow Jones Futures: Stock Market Rally Finds Support Ahead Of Powell Hearing; Tesla Reverses Higher,0.402,0.119,0.881,0.0
3,The top 50 stocks by market cap in the S&amp;P 500,0.521,0.234,0.766,0.0
4,Market outlook for 2022: 'Focus on things that have real earnings value right now',0.939,0.341,0.659,0.0
5,Will Microsoft (MSFT) Stock Deliver Growth in 2022?,0.0,0.0,1.0,0.0
6,"Big tech is selling-off, households more exposed than ever",0.637,0.056,0.907,0.037
7,Is This Inflationary Period Really Transitory?,-0.44,0.0,0.938,0.062
8,How Do Investors Know When It's Time to Rebalance Their Portfolio?,0.0,0.042,0.93,0.028
9,US STOCKS-Wall Street tumbles as tech stocks extend slide,0.958,0.054,0.929,0.016
10,"Market check: Dow plunges 500+ points, 10-year yield climbs, crypto stocks sell off",-0.738,0.038,0.919,0.043
11,S&amp;P 500 Closes Flat as Tech Turnaround Sparks Rebound,0.969,0.106,0.837,0.057
12,"Alphabet (GOOGL) Adds Trending Section, Game Updates to Stadia",0.991,0.113,0.841,0.046
13,"The Zacks Analyst Blog Highlights: Microsoft Corp., UnitedHealth Group Inc., and The Charles Schwab Corp.",0.998,0.124,0.859,0.017
14,"Market check: Stocks fall in early trading, tech renews declines, Tilray shares soar",-0.34,0.079,0.813,0.108
15,US STOCKS-Wall Street tumbles as tech stocks extend slide,0.985,0.082,0.898,0.02
16,S&amp;P 500 Off Lows as Tech Selling Eases Despite Rising Rate Hike Bets,0.943,0.087,0.864,0.049
17,Itron's (ITRI) Industrial IoT Solutions Witness Strong Traction,0.999,0.177,0.811,0.013
18,BlackBerry (BB) Boosts Water Sustainability With Research Challenge,0.999,0.19,0.796,0.014
19,10 Best Tech Stocks to Buy Now According to Nishkama Capital,0.999,0.142,0.834,0.024
20,US STOCKS-Nasdaq set to open lower as tech stocks extend declines,0.989,0.1,0.881,0.019
21,10 Small-Cap Stocks to Buy According to Billionaire Steve Cohen,0.998,0.09,0.897,0.013
22,"Apple, Microsoft, and 13 More Tech Stocks to Help Investors Forget the Fed",0.0,0.0,1.0,0.0
23,Is Snowflake Stock A Buy Amid Software Sector Volatility?,0.0,0.0,1.0,0.0
24,"Microsoft Is Hitting Home Runs, With The Metaverse On Deck",0.0,0.0,1.0,0.0
25,Microsoft buys another 17 acres to continue growing its Atlanta data center hub,0.402,0.153,0.847,0.0
26,Should WisdomTree U.S. LargeCap ETF (EPS) Be on Your Investing Radar?,0.997,0.141,0.823,0.036
