﻿,Titles,Polarity,Positive,Neutral,Negative
0,Dow Jones Futures: Fed Meeting Looms; What To Do In New Stock Market Correction,0.0,0.0,1.0,0.0
1,10 New Stock Picks of Billionaire Mario Gabelli,0.998,0.105,0.861,0.034
2,10 Best Consumer Discretionary Stocks to Buy Now,0.999,0.098,0.879,0.023
3,Losing Money In Microsoft Stock? This Repair Strategy Can Get You Back To Break-Even,0.202,0.1,0.824,0.076
4,Dow Jones Falls As 10-Year Treasury Yield Surges Ahead Of Fed Meeting,0.202,0.076,0.924,0.0
5,10 Best-Performing Tech Stocks of 2022,1.0,0.123,0.857,0.02
6,3 Reasons You Should Avoid Dividend Reinvestment Programs,-0.125,0.036,0.887,0.077
7,Is There An Opportunity With Microsoft Corporation's (NASDAQ:MSFT) 34% Undervaluation?,1.0,0.16,0.824,0.016
8,What to expect from Salesforce at the 20th Dreamforce,0.245,0.034,0.93,0.036
9,Nvidia Is on Sale and Cathie Wood Is a Big Buyer,0.871,0.085,0.841,0.074
