﻿,Titles,Polarity,Positive,Neutral,Negative
0,"Moderna, Peloton, Microsoft: Stocks That Defined the Week",0.0,0.0,1.0,0.0
1,3 Tech Stocks to Buy Now After Disappointing Jobs Data,1.0,0.132,0.85,0.017
2,The New IBM Chip Just Got a Boost from Biden Bill,0.995,0.093,0.875,0.033
3,"Dow Jones, Nasdaq Trade Near Highs Amid Disappointing Economic Data",0.0,0.0,1.0,0.0
4,Dow Jones Rallies To New High As These 3 Stocks Lead; Nasdaq Charges Higher,0.731,0.237,0.763,0.0
5,"Dow, S&amp;P 500 Close at Records After Jobs Report Falls Short",0.784,0.076,0.868,0.056
6,10 Construction Stocks Under $10,1.0,0.132,0.851,0.018
7,Dow Climbs as April Jobs Scare Tames Taper Tantrum Jitters,-0.142,0.075,0.852,0.074
8,4 Stocks to Watch Amid Rising Adoption of Machine Learning,0.999,0.133,0.862,0.005
9,Earnings Recap: Big Tech and More,0.765,0.208,0.792,0.0
10,"Nintendo Falls After Issuing Chip Warning, Conservative Outlook",0.988,0.089,0.876,0.035
