﻿,Titles,Polarity,Positive,Neutral,Negative
0,Secretive Chinese Committee Draws Up List to Replace U.S. Tech,0.994,0.082,0.893,0.025
1,"Qualcomm Gives Rosy Forecast, Fueled by Push Into New Markets",0.992,0.108,0.852,0.04
2,Microsoft offers employees a different kind of college program than Big Tech competitors,0.718,0.2,0.8,0.0
3,10 New Stock Picks of Billionaire Ken Fisher,1.0,0.135,0.856,0.009
4,"Amazon's (AMZN) AWS Picked by Qualtrics, Customer Base Rises",0.998,0.15,0.844,0.006
5,Microsoft's 3 Swedish Data Hubs Will Run On 100% Green Power,0.439,0.069,0.894,0.037
6,4 Stocks to Buy on Sale,0.906,0.146,0.854,0.0
7,Oracle (ORCL) Cloud Platform Leveraged by Samsung Securities,0.998,0.156,0.826,0.017
8,"Dow Jones Rallies As Home Depot, Walmart Report; Lucid, Rivian Surge; Elon Musk Sells More Tesla Stock",0.357,0.101,0.899,0.0
9,10 Best Cheap Technology Stocks To Invest In,0.999,0.113,0.868,0.019
10,10 Best Large-Cap Stocks to Buy According to Columbus Hill Capital Management,0.999,0.106,0.875,0.019
11,"With EPS Growth And More, Microsoft (NASDAQ:MSFT) Is Interesting",0.999,0.23,0.742,0.028
12,"Dow Jones Futures Rise As Home Depot, Walmart Report Earnings; Lucid, Rivian Set To Surge; Elon Musk Sells More Tesla Stock",0.357,0.106,0.894,0.0
13,4 Stocks to Watch as Videogame Sales Continue to Soar,0.999,0.154,0.815,0.031
14,5G Stocks To Buy And Watch: How The Metaverse Could Give 5G Wireless And 6G A Boost,0.637,0.181,0.819,0.0
15,"Salesforce.com, Roblox Stock Among The 5 Best Tech Stocks To Buy Or Watch Now",0.904,0.379,0.621,0.0
16,The FTC Is Turning Its Attention to Facebook (Again). Should Investors Be Worried?,-0.202,0.095,0.8,0.105
17,Should iShares Russell 1000 ETF (IWB) Be on Your Investing Radar?,0.997,0.123,0.852,0.025
18,Microsoft Rated Outperform by Credit Suisse on Cloud Sales Growth,0.382,0.12,0.88,0.0
19,"Walmart, Home Depot Rise Premarket; Tesla, Pfizer Fall",0.993,0.129,0.852,0.019
20,Microsoft Opens Three Swedish Data Hubs Using Only Green Power,0.33,0.067,0.886,0.048
21,"Dow Jones Futures Fall As Biden, Xi Meet; Elon Musk Sells More Tesla Stock",-0.296,0.0,0.913,0.087
22,"Apple Must Be Stopped and Google’s ‘Crazy,’ Epic Games CEO Says",-0.91,0.062,0.85,0.088
23,"Dow Jones Futures Rise As Biden, Xi Meet; Elon Musk Sells More Tesla Stock",0.0,0.0,1.0,0.0
24,"Dow Jones Futures Rise: Biden, Xi Meeting In Focus; Lucid Motors Jumps On Results; 2 Dow Giants To Report",0.0,0.0,1.0,0.0
