﻿,Titles,Polarity,Positive,Neutral,Negative
0,Bill and Melinda Gates Are Getting Divorced. The Pair Say They Will Continue to Work Together on Their $50 Billion Foundation.,0.153,0.063,0.938,0.0
1,Bill and Melinda Gates are divorcing after 27 years of marriage,0.838,0.065,0.915,0.02
2,Bill and Melinda Gates divorcing after 27 years of marriage,0.494,0.149,0.851,0.0
3,What will Bill and Melinda Gates' divorce mean for their foundation?,0.997,0.117,0.855,0.028
4,Why the stock market might give back its April gains,0.999,0.144,0.827,0.029
5,"Bill, Melinda Gates announce split after nearly 30 years together",0.981,0.122,0.85,0.029
6,Bill and Melinda Gates say they are ending their marriage,-0.422,0.0,0.95,0.05
7,Apple To Face Epic Games' Antitrust Lawsuit Over Unfair App Store Practices Today: Report,0.718,0.07,0.882,0.048
8,Bill and Melinda Gates Announce End of 27-Year Marriage,0.0,0.0,1.0,0.0
9,Here’s Why Microsoft (MSFT) Became a Top Contributor in Baron Fund’s Q1 Portfolio,0.998,0.142,0.843,0.015
10,Dow Racks Up Gains as Cyclicals Run Higher on Reopening Momentum,0.968,0.081,0.877,0.042
11,10 Best High-Yield Dividend Stocks According to Billionaire Mario Gabelli,1.0,0.136,0.837,0.027
12,"Dow Rallies on Bullish Bets in Energy, Materials",0.945,0.079,0.873,0.048
13,"Amazon, Google, Apple, Facebook and Microsoft report are part of Zacks Earnings Preview",1.0,0.166,0.818,0.015
14,Woven Acquisition To Help Slack Rival Microsoft And Google,0.996,0.174,0.812,0.014
15,"Stock market news live updates: Stock futures rise, Dow futures gain 200 points, or 0.6%",0.996,0.106,0.85,0.045
16,My 3 Favorite Robinhood Stocks to Buy Right Now,0.724,0.09,0.91,0.0
17,Bill and Melinda Gates to divorce after 27 years of marriage,-0.026,0.062,0.874,0.064
18,Bill and Melinda Gates to end marriage after 27 years,-0.202,0.045,0.903,0.052
