﻿,Titles,Polarity,Positive,Neutral,Negative
0,"Stocks turn positive to end the week, led by megacap sectors",0.273,0.075,0.925,0.0
1,3 Dividend Growth Stocks to Buy During This Market Correction,1.0,0.171,0.806,0.023
2,Why Microsoft's Dividend Growth Is Still In the Early Innings,0.984,0.156,0.826,0.018
3,"S&amp;P 500 in Best Week Since November 2020, Brushing Off Calls for Fed to Do More",0.651,0.069,0.879,0.053
4,"Thinking about trading options or stock in NVIDIA, Alibaba, Microsoft, Exxon Mobil, or Cisco Systems?",0.924,0.093,0.894,0.013
5,S&amp;P 500 Climbs as Tech Continues Comeback,0.831,0.067,0.893,0.041
6,Microsoft Ads in Windows Could Drive Product Adoption,0.382,0.126,0.874,0.0
7,"Rogers Communications (RCI)-Microsoft Inks Deal, Focus on Digitization",0.997,0.138,0.854,0.008
8,3 Stocks to Hold for the Next 20 Years,0.511,0.084,0.891,0.026
