﻿,Titles,Polarity,Positive,Neutral,Negative
0,Previewing Big Tech Earnings,1.0,0.152,0.836,0.012
1,Is Apex Technology Merging With AvePoint Too Soon?,0.996,0.098,0.868,0.034
2,4 AI Stocks Leading the Pack,0.999,0.133,0.845,0.023
3,Biden administration's $50 billion to help end chip shortage 'is a great first step': Intel CEO,0.995,0.101,0.866,0.033
4,"Dow Climbs Ahead of Busiest Earnings Week as Financials, Tech Rally",0.938,0.078,0.885,0.038
5,"Ocugen Stock Relief Pop Is Great, But It Needs More",0.995,0.106,0.851,0.043
6,7 Great ETFs to Buy to Ride Out Rough Seas,0.998,0.107,0.873,0.02
7,"Intel, American Express, Honeywell All Under Pressure After Earnings, But Snap Rebounds",0.995,0.094,0.837,0.069
8,"Rockefeller Capital: Microsoft, Verizon Top Plays For Earth Day",0.727,0.057,0.912,0.031
9,Intel has 'some challenging times ahead' amid chip shortage: analyst,0.296,0.061,0.939,0.0
10,"Dow Jumps as Bulls Shrug Off Tax Hike Jitters, Swoop in on Financials, Tech",0.818,0.078,0.872,0.05
11,"Stock Market News for Apr 23, 2021",0.994,0.097,0.873,0.029
12,Should you buy Microsoft stock? Here are the key numbers to look at now,0.296,0.031,0.969,0.0
13,Is BlackLine a Buy?,-0.077,0.063,0.852,0.085
14,20 Best Social Media Apps in 2021,1.0,0.14,0.857,0.004
