﻿,Titles,Polarity,Positive,Neutral,Negative
0,EA Revenue Forecast Misses Estimates After Battlefield Flop,0.88,0.092,0.822,0.086
1,AMD Soars After Server-Chip Demand Helps Brighten Forecast,0.985,0.08,0.884,0.036
2,"Dow Jones Futures: Google, AMD Surge Late On Earnings As Market Rally Picks Up Steam",0.494,0.144,0.856,0.0
3,"Google Sales Top Estimates, Showing Strength of Ad Business",0.976,0.074,0.892,0.033
4,"Gaming acquisitions: Sony ‘vastly overpaid’ for Bungie, analyst says",0.743,0.154,0.846,0.0
5,"Truxt Investmentos Ltda. Buys XP Inc, Arco Platform, Sells NVIDIA Corp, Amazon.com Inc, Alphabet Inc",0.994,0.106,0.886,0.008
6,"Mitchell Sinkler &amp; Starr Buys Moody's Corporation, Union Pacific Corp, JPMorgan Chase, ...",0.993,0.06,0.936,0.004
7,Morningstar Investment Management LLC Buys Schwab Intermediate-Term U.S. ...,0.994,0.081,0.913,0.006
8,"Assenagon Asset Management S.A. Buys Apple Inc, Microsoft Corp, Tesla Inc, Sells Amazon. ...",0.999,0.062,0.934,0.004
9,Facebook Parent Meta Attempting to Break Out,0.296,0.099,0.901,0.0
10,Microsoft’s Activision deal will be subject to FTC review: report,0.0,0.0,1.0,0.0
11,"January yielded ‘healthy correction’ for tech stocks, analyst says",0.572,0.148,0.852,0.0
12,"Epic Games invests in Spire Animation's funding round, eyes metaverse boom",0.9,0.072,0.928,0.0
13,"US STOCKS-Wall St eases after two-day surge as Tesla, Microsoft slip",0.857,0.055,0.907,0.039
14,Why Nvidia and Meta Platforms are Partnering Up on Hardware,-0.052,0.036,0.927,0.038
15,7 Reeling Tech Stocks to Pick Up for a Sizable Discount,0.984,0.115,0.784,0.101
16,"Alphinity Investment Management Pty Ltd Buys Accenture PLC, PepsiCo Inc, Merck Inc, Sells ...",0.991,0.051,0.942,0.007
17,Microsoft and Striim Announce Strategic Collaboration for Database Modernization in the Azure Cloud,0.986,0.068,0.924,0.008
18,"Sequoia, Insight Back Startup Building Web Browser for Business",0.704,0.052,0.912,0.036
19,Lessons From 2000: Amid Tech Wreckage Look to These Proven and Durable Winners,-0.052,0.068,0.872,0.061
20,"Stocks of the Week: Microsoft, Acco, Boeing",-0.71,0.028,0.87,0.102
21,"Microsoft Falls on Report FTC, and Not DoJ, Will Review Activision Deal",0.86,0.07,0.897,0.033
22,"Wall Street Opens Mixed as Virus, Rate Concerns Linger; Dow Flat",-0.765,0.048,0.883,0.069
23,"Google, Microsoft-Activision, Tesla, Wordle and Stock Markets - Five Things You Must Know",-0.296,0.0,0.96,0.04
24,Sony Gains on Buying Destiny-Owner Bungie for $3.6 Billion,0.977,0.103,0.873,0.024
25,UPDATE 2-U.S. FTC to review Microsoft's $68.7 bln deal for Activision - Bloomberg News,0.937,0.068,0.909,0.022
26,U.S. FTC to review Microsoft's $68.7 billion deal for Activision - Bloomberg News,0.937,0.07,0.908,0.023
