﻿,Titles,Polarity,Positive,Neutral,Negative
0,Crypto companies spend upwards of $2.4 billion on sports marketing,0.0,0.0,1.0,0.0
1,Amazon’s iRobot Deal Seen Facing Tough FTC Antitrust Review,0.995,0.134,0.8,0.066
2,Who Are Dell's Main Competitors?,0.273,0.1,0.9,0.0
3,Tech Support Fraud Targets Seniors,0.896,0.13,0.741,0.129
4,"A Stock Buyback Tax Is Added to the Inflation Bill. What That Means for Apple, Meta, and Microsoft.",0.178,0.125,0.804,0.071
5,Atlassian Stock Jumps as Results Blow Past Guidance,0.572,0.227,0.773,0.0
6,Analysts Say Buy These 10 Stocks Despite Earnings Miss,0.999,0.111,0.847,0.042
7,Thiel’s Palantir Boosts Hiring While Others Are Cutting Jobs,0.469,0.073,0.867,0.059
8,3 Trillion-Dollar Growth Stocks to Buy Hand Over Fist Right Now,0.778,0.196,0.804,0.0
9,"Meta Delays Job Offers for Summer Interns, Making Gen Z Sweat",0.903,0.093,0.826,0.081
10,Yellow and Golden Entertainment have been highlighted as Zacks Bull and Bear of the Day,1.0,0.154,0.821,0.025
11,Is Microsoft Stock a Buy?,0.318,0.053,0.947,0.0
12,2 Growth Stocks to Buy and Hold Forever,0.772,0.103,0.897,0.0
