﻿,Titles,Polarity,Positive,Neutral,Negative
0,"UPDATE 1-Russian cyber spies attack Ukraine's allies, Microsoft says",-0.956,0.058,0.837,0.105
1,Microsoft Stock: When to Buy if the Selloff Continues?,0.735,0.212,0.788,0.0
2,Microsoft (MSFT) Limits Access to Its Facial Analysis Tools,-0.34,0.071,0.856,0.073
3,"Russian cyber spies attack Ukraine's allies, Microsoft says",-0.956,0.059,0.835,0.106
4,The S&amp;P 500 stocks with the most Buy and Sell ratings,0.0,0.0,1.0,0.0
5,"Russian hacking groups step up cyber espionage on Ukraine allies, Microsoft says",0.077,0.065,0.868,0.068
6,Chinese Analyst Provokes Country To Attack Elon Musk's Popular Starlink Satellite Service,-0.343,0.089,0.83,0.082
7,Alphabet (GOOGL) Updates Google Tasks With Latest Feature,0.994,0.12,0.864,0.016
8,This dividend fund is down only 3% this year vs. the S&amp;P’s 20% decline. Here are the manager’s top stock picks.,0.226,0.101,0.899,0.0
9,3 Stocks Warren Buffett Bought Hand Over Fist as the Market Plummeted,-0.823,0.025,0.86,0.115
10,10 Important Stocks in Billionaire Richard Chilton’s Latest Portfolio,0.999,0.115,0.857,0.029
11,"Market check: Tech stocks mixed, 10-year Treasury yield retreats",0.0,0.0,1.0,0.0
12,3 Dow Stocks Billionaires Are Buying Hand Over Fist,0.91,0.136,0.842,0.023
13,"Market check: Stocks open lower, energy under pressure",0.0,0.0,1.0,0.0
14,Jump on the Metaverse Bandwagon With These 4 Tech Stocks,0.998,0.093,0.905,0.002
15,Apple and Other Tech Stocks Had a Nice Rally. Now They’re Falling Again.,0.66,0.127,0.836,0.037
16,"Meta, Microsoft, Alibaba, Others Form Metaverse Governing Body; Apple's Name Missing",0.967,0.113,0.852,0.035
17,Analysts remain 'unusually bullish' about S&amp;P 500 stocks despite downturn: FactSet,0.917,0.06,0.909,0.031
18,"Microsoft supports Hong Kong start-ups in partnership with Science Park, Cyberport",0.995,0.12,0.868,0.013
