﻿,Titles,Polarity,Positive,Neutral,Negative
0,UPDATE 1-Microsoft says it disrupted attempted hacks by Russian spies,0.791,0.051,0.949,0.0
1,Microsoft says it disrupted attempted hacks by Russian spies,0.791,0.054,0.946,0.0
2,10 Stocks US Senators Are Selling,1.0,0.118,0.844,0.038
3,Will Howard Schultz Stick Around at Starbucks?,0.178,0.126,0.776,0.098
4,"US STOCKS-S&amp;P 500 ends higher, lifted by Microsoft",0.981,0.091,0.861,0.048
5,10 Best ETFs to Invest In for Retirement,1.0,0.137,0.845,0.018
6,Stock Market Today: Dow in Turnaround as Tech Dip-Buyers Emerge,-0.917,0.093,0.796,0.111
7,DOMO Rides on Microsoft Collaboration and Expanding Clientele,0.997,0.148,0.835,0.017
8,7 Virtual Reality Stocks Bringing Web 3.0 to Life,1.0,0.109,0.885,0.006
9,Some Bubbles Stimulate Innovation - Why Microsoft Corporation (NASDAQ:MSFT) May be Undervalued,0.998,0.11,0.874,0.016
10,3 Beaten Down Stocks to Buy For Tactical Rebound Rallies,0.926,0.096,0.81,0.093
11,S&amp;P 500 companies get the most analyst Buy ratings in over a decade,0.981,0.067,0.903,0.03
12,Microsoft (MSFT)-Boeing's Partnership to Boost Aviation Analytics,0.999,0.145,0.853,0.002
13,"Market check: Stocks mixed in early trading, tech gains, oil rebounds",0.0,0.0,1.0,0.0
14,10 Monthly Dividend Stocks to Buy in April,1.0,0.117,0.869,0.015
15,10 Penny Stocks to Buy in April,1.0,0.128,0.86,0.012
16,Should You Still Consider Investing in Microsoft (MSFT)?,0.977,0.084,0.916,0.0
17,12 'Cash Machine' Stocks Will Churn Out $506 Billion This Year,0.665,0.162,0.838,0.0
18,The Most Important Portfolio Management Skill Investors Need To Know: Pyramiding Positions,0.751,0.262,0.738,0.0
19,Should Okta Shareholders Sell After the Recent Cyberattack?,-0.688,0.044,0.808,0.148
20,6 Cheap Dividend Stocks Worth Buying Before They Raise Their Dividends,0.999,0.072,0.92,0.008
21,8 Robinhood Stocks to Buy for April,0.99,0.087,0.853,0.06
