﻿,Titles,Polarity,Positive,Neutral,Negative
0,These 10 Companies Recently Cut Their Profit Forecast,0.999,0.133,0.802,0.065
1,Tech layoffs have surged over the last month,0.0,0.0,1.0,0.0
2,"Discord, the Online Platform Used by Accused Buffalo Shooter, Hires First Lobbyists",-0.882,0.049,0.857,0.094
3,Bill Gates Offers Five Book Ideas for Summer Reading,0.382,0.126,0.874,0.0
4,Stanley Druckenmiller Was Right About These 9 Stocks,0.999,0.12,0.867,0.013
5,"Top Millennial, Gen Z Stocks Shift To Energy Plays; Popular Pick Apple Stock Gains With Buy Now, Pay Later Launch",0.287,0.097,0.903,0.0
6,10 Best ETFs to Invest In For Long Term,1.0,0.168,0.807,0.025
7,Stocks Rise as China Reopening Offsets Rate Fears: Markets Wrap,0.97,0.081,0.867,0.053
8,Banks and Tech Giants Are Losing Skilled Staff to Flexible Fintechs,0.986,0.084,0.88,0.036
