﻿,Titles,Polarity,Positive,Neutral,Negative
0,Microsoft says it warned Bill Gates about flirtatious emails in 2008,-0.55,0.072,0.75,0.178
1,"Cloudflare Partners With Microsoft, Yandex For Quicker, Relevant Search Results",0.984,0.135,0.85,0.015
2,Kevin O’Leary sees ‘trillions’ coming to crypto — but he still loves these income stocks,0.999,0.16,0.828,0.012
3,"Dow Jones Remains Negative, Nasdaq Leads Upside; Microsoft Stock Scores Breakout",0.115,0.173,0.67,0.157
4,"Colin Powell was best known for his roles in Washington, but he was a key figure in Silicon Valley also",0.0,0.0,1.0,0.0
5,Microsoft Earnings Preview: Metrics Investors Should Watch,0.735,0.091,0.909,0.0
6,Xbox celebrates 20th anniversary,0.0,0.0,1.0,0.0
7,PlayStation 5 Breaks Nintendo's 33-Month Streak: What It Could Mean For Video Game Stocks,0.938,0.064,0.922,0.014
8,Why Pete Najarian Just Bought Microsoft Call Options That Expire This Week,0.815,0.046,0.93,0.023
9,"Cloud Breakout Battle: Microsoft, Google Near Buy Points With Q3 Earnings Due",0.178,0.086,0.914,0.0
10,"George Baxter’s Sabrepoint Capital Portfolio: UPWK, MSFT and More",0.999,0.098,0.893,0.009
11,S&amp;P 500 Climbs as Tech in Favor Ahead of Busy Earnings Week,-0.026,0.067,0.868,0.065
12,Microsoft Flexes Strength,-0.451,0.063,0.793,0.144
13,Yahoo Finance Presents: Former Microsoft Chief Xbox Officer Robbie Bach,0.796,0.133,0.867,0.0
14,Cybersecurity Stocks To Buy And Watch: Demand Grows For Next-Gen Security,0.572,0.232,0.667,0.102
15,Microsoft (MSFT) to Wind Up LinkedIn Operation in China,0.995,0.13,0.839,0.031
16,2 Leading Tech Stocks to Buy in 2021 and Beyond,0.778,0.291,0.709,0.0
17,Dow Jones Falls On Weak China Data; Apple Sells Off Ahead Of 'Unleashed' Event,-0.382,0.09,0.729,0.181
18,Cloudflare Stock Continues Climb Following Microsoft Collaboration,0.994,0.179,0.798,0.022
19,"The Zacks Analyst Blog Highlights: Amazon, Microsoft, Google and Box",0.997,0.09,0.898,0.012
20,Dow Jones Futures Fall On Weak China Data; Apple Drops Ahead Of 'Unleashed' Event,-0.382,0.09,0.729,0.181
21,"Dow Jones Futures Fall As Yields Rise, Bitcoin ETF Launching; Microsoft, Tesla Rival Xpeng Are Buys In Market Rally",-0.153,0.0,0.904,0.096
22,"Electric vehicle battery startup ONE backed by BMW, Gates-led firm",0.971,0.085,0.911,0.004
