﻿,Titles,Polarity,Positive,Neutral,Negative
0,10 Stocks You Should Sell Before Recession,0.999,0.094,0.856,0.05
1,How Elon Musk Uses Twitter,-0.494,0.095,0.687,0.218
2,Dow Jones Gains; These Warren Buffett Stocks Charge; Pharma Leader Hit By This Surprise Move,0.202,0.079,0.921,0.0
3,"Stocks reverse course into the close, real estate sector among biggest losers of the day",0.0,0.0,1.0,0.0
4,Best Growth Stocks To Buy And Research,0.881,0.298,0.702,0.0
5,"How one Utah resident skipped college, took on a high-stakes student loan, and succeeded",0.99,0.099,0.844,0.056
6,"MEDIA ADVISORY - Mayor John Tory to attend launch of new Microsoft Canada Headquarters at CIBC SQUARE tomorrow, Tuesday, May 3 at 9:30 a.m. ET",0.942,0.057,0.943,0.0
7,Microsoft announces general availability of Microsoft Defender for Business designed to boost small and medium business (SMB) security,0.998,0.19,0.752,0.058
8,10 Stocks to Buy According to Joshua Pearl’s Hickory Lane Capital Management,1.0,0.112,0.867,0.021
9,"Tesla, Lilly, Microsoft Fight Sell-Off As Indexes Search For Bottom",0.0,0.0,1.0,0.0
10,Stock Market Today: Dow Ends Higher as Wild Tech Swings Continue,0.94,0.093,0.862,0.045
11,11 Best Video Game Stocks To Invest in Now,1.0,0.123,0.866,0.012
12,"Square Enix sells Tomb Raider, other big franchises, for less than 1% of what Microsoft paid for Activision",0.925,0.088,0.871,0.041
13,"Microsoft, Epic, Netflix: The Buying Spree in Video Games Continues",0.71,0.092,0.871,0.037
14,10 Best TSX Stocks To Buy Right Now,0.999,0.096,0.878,0.026
15,"Why Meta ‘isn’t the company that’s building out the metaverse,’ according to a strategist",-0.226,0.0,0.921,0.079
16,Stocks rise modestly at market open,0.0,0.0,1.0,0.0
17,What Investors Missed in Microsoft's Latest Call With Analysts,0.572,0.122,0.805,0.072
18,Dow Jones Rises After Stock Market Sell-Off; 10-Year Treasury Yield Nears New High,0.202,0.087,0.913,0.0
19,These 2 Nasdaq Stocks Have Warren Buffett's Full Attention,0.277,0.04,0.945,0.015
20,Investors Heavily Search Microsoft Corporation (MSFT): Here is What You Need to Know,0.998,0.123,0.866,0.011
21,Dow Jones Futures Fall After Stock Market Sell-Off; 10-Year Treasury Yield Nears New High,0.202,0.096,0.904,0.0
22,Dow Jones Futures Rise After Stock Market Sell-Off; 10-Year Treasury Yield Nears New High,0.202,0.096,0.904,0.0
23,Activision Stock Rises as Warren Buffett Scoops Up More Shares,0.0,0.0,1.0,0.0
24,Activision Stock Jumps As Warren Buffett Reveals $5.6 Billion Stake Ahead of Microsoft Takeover,0.0,0.0,1.0,0.0
25,Should You Invest in the iShares Expanded TechSoftware Sector ETF (IGV)?,0.995,0.114,0.854,0.032
26,Amazon Deepens Gloom for Battered E-Commerce Stocks,0.902,0.081,0.854,0.064
27,"Amazon, Alphabet, Apple, Meta and Microsoft are part of Zacks Earnings Preview",0.998,0.12,0.854,0.027
28,Big Tech Can’t Easily Fix the Stock Market’s Woes This Time,0.329,0.093,0.907,0.0
