﻿,Titles,Polarity,Positive,Neutral,Negative
0,Druckenmiller Sold Big Tech in Bear Market as Soros Dove Back In,0.845,0.04,0.936,0.024
1,3 Stock Winners and Losers of Biden’s Inflation Reduction Act,0.999,0.148,0.818,0.034
2,Microsoft Makes an Embarrassing Admission,-0.599,0.0,0.897,0.103
3,"Microsoft, Salesforce Make Wells Fargo Software Stock List",-0.34,0.0,0.876,0.124
4,15 Small Company Stocks You Should Own Now for the Next Decade,0.998,0.077,0.902,0.02
5,10 Tech Stocks to Buy Before Market Rally Begins,0.999,0.085,0.904,0.012
6,7 Undervalued Robinhood Stocks to Buy Now,0.933,0.079,0.858,0.064
7,"Bill Gates Backed TerraPower Raised $750M For Cheaper Nuclear To Tackle Global Warming, Cut Costs",0.97,0.126,0.835,0.039
8,Korea's SK Inc. invests in Bill Gates-backed nuclear power company TerraPower,0.153,0.034,0.966,0.0
9,Microsoft (MSFT) Says Sony is Blocking Games on Xbox Game Pass,0.96,0.085,0.864,0.051
10,7 Bargain Stocks to Buy Before the Bull Market Returns,0.995,0.095,0.849,0.057
11,Why Microsoft May Be the Safest Big Tech Stock for Your Portfolio,0.19,0.124,0.792,0.084
12,Prediction: 3 Stocks That Could Be Worth More Than Microsoft by 2040,0.318,0.054,0.946,0.0
