﻿,Titles,Polarity,Positive,Neutral,Negative
0,Bill Gates and the Secret Push to Save Biden’s Climate Bill,1.0,0.088,0.883,0.029
1,3 Top Stocks to Invest In Right Now,0.998,0.105,0.872,0.023
2,Why Zoom Video Communications Stock Hit the Skids Tuesday Morning,-0.649,0.083,0.758,0.159
3,Amazon Accuses FTC of Harassing Bezos in ‘Burdensome’ Probe,0.537,0.073,0.872,0.055
4,"Zoom stock is off 80% from peak, and Citi sees ‘new hurdles’ ahead",-0.612,0.0,0.821,0.179
5,We're Lowering Our Investment Rating on This Technology Firm,0.077,0.075,0.925,0.0
6,"Big Tech Helps Big Oil Pump More, Belying Climate Pledges",0.999,0.127,0.819,0.053
7,"Sell Zoom, Says Citi. Competition From Microsoft Means More Downside Ahead.",0.7,0.145,0.855,0.0
8,Paycom (PAYC) Enhances Share Repurchase Program to $1.1B,0.998,0.161,0.833,0.006
9,"Saudi Public Investment Fund Picks Shares In Alphabet, Zoom, Microsoft",0.99,0.176,0.816,0.008
10,"UPDATE 1-Bill Gates, South Korea expand global health partnership",0.979,0.108,0.872,0.021
11,3 Unstoppable Investments Everyone Needs in Their Portfolio,-0.599,0.0,0.795,0.205
12,Zoom stock slashed by Citi amid 'new hurdles to sustaining growth',0.902,0.072,0.875,0.053
13,"These 6 Dividend Stocks Pay $83 Billion a Year, Combined, to Their Shareholders",0.0,0.0,1.0,0.0
14,"Walmart, BHP Group, Philips Rise Premarket; Home Depot, Zoom Fall",0.925,0.08,0.88,0.039
15,Bill Gates urges S.Korea to increase aid for global health,0.985,0.138,0.827,0.035
16,Apple Lays Off Recruiters as Part of Its Slowdown in Hiring,0.663,0.073,0.868,0.059
