﻿,Titles,Polarity,Positive,Neutral,Negative
0,Dow Jones Jumps As Powell Soothes These Fears; Bill Gates Says Elon Musk Could Make Twitter 'Worse',-0.637,0.0,0.785,0.215
1,Powell Gives Tech a Lift by Taking Larger Hikes off the Table,0.98,0.098,0.867,0.035
2,The Stellar Cloud Business Update Bodes Incredibly Well for Nvidia,0.988,0.104,0.896,0.0
3,"AMD Beats on Q1 Earnings &amp; Revenues, Provides Solid '22 View",0.996,0.121,0.858,0.021
4,Dow Jones Climbs Ahead Of Fed Rate Hike Decision; AMD Surges On Earnings,0.0,0.0,1.0,0.0
5,Lockdown Winners From Peloton to Zoom at Risk Even After $218 Billion Rout,0.995,0.122,0.82,0.058
6,Nvidia Stock May Be Worth Buying If It Has Bottomed Out,0.987,0.08,0.912,0.009
7,Goldman Sachs Investment Manager Calls Out ‘Lazy’ ESG Tech Bets,0.985,0.118,0.819,0.064
8,Dow Jones Futures Climb Ahead Of Fed Rate Hike Decision; AMD Surges On Earnings,0.0,0.0,1.0,0.0
9,Microsoft Subject To Dutch Penalties In Russia-Linked Bank Bankruptcy,0.865,0.123,0.804,0.073
10,Bentley University among 1st colleges to take crypto for tuition payments,-0.103,0.0,0.958,0.042
11,Activision CEO Can Pocket Over $500 Million After Microsoft Deal,-0.691,0.0,0.913,0.087
