﻿,Titles,Polarity,Positive,Neutral,Negative
0,"Tech stocks: MATANA is the new FAANG, analyst says",0.999,0.105,0.866,0.029
1,12 Best ARK Stocks To Buy Now,1.0,0.136,0.84,0.024
2,8 Best Stocks to Buy Now According to Under-the-Radar Value Investor,1.0,0.127,0.849,0.024
3,7 Hot Tech Stocks to Buy in September,0.999,0.084,0.895,0.021
4,Microsoft Stock As An Income Play? Here's How Options Help,0.649,0.237,0.705,0.058
5,"Top Stock Reports for Microsoft, Amazon.com &amp; Walmart",0.999,0.172,0.802,0.026
6,Seattle VC Madrona Is Opening Its First Silicon Valley Office,0.851,0.067,0.89,0.043
7,Top 10 Stock Picks of Robert B. Gillam’s McKinley Capital Management,0.998,0.12,0.845,0.035
8,Microsoft's Down 21%: Is Now the Best Time to Buy?,0.654,0.062,0.921,0.017
9,10 Dividend Stocks to Buy According to Jim Simons’ Renaissance Technologies,1.0,0.117,0.88,0.003
10,"Australia demands Apple, Meta, Microsoft share anti-abuse steps, threatens fines",-0.93,0.05,0.867,0.082
