﻿,Titles,Polarity,Positive,Neutral,Negative
0,The highest link to recovery is ‘the mid-cap space’: Advisor,0.0,0.0,1.0,0.0
1,Dow Jones Jumps 150 Points To New High; Tech Stocks Pressure Nasdaq,0.166,0.076,0.924,0.0
2,Influencers with Andy Serwer: Ruth Porat,1.0,0.144,0.826,0.029
3,"Dow Rallies To Record Highs, Tech Stocks Sell Off As Treasury Yields Spike; Apple, Tesla Tumble",0.202,0.07,0.93,0.0
4,A global minimum corporate tax 'may mean that we're paying higher taxes' but we support it: Google CFO,0.0,0.0,1.0,0.0
5,Nokia Announces Partnership With AT&amp;T For 5G Technology,0.952,0.07,0.93,0.0
6,How the cloud market will continue to grow post-pandemic,0.999,0.117,0.882,0.001
7,Amazon CTO Werner Vogels: AWS will erase the line ‘between physical and digital’,0.994,0.099,0.89,0.011
8,Take-Two Interactive Has This Ace Up Its Sleeve,0.823,0.165,0.802,0.032
9,"NSA, Homeland Security Push Service to Mitigate Cyber-Attacks",0.962,0.09,0.842,0.068
10,"Google will spend $7 billion and add 10,000+ jobs in 2021: Alphabet CFO Ruth Porat",0.998,0.125,0.871,0.005
11,"CFOs optimistic but expect fewer workers, less office space in 2021: Deloitte survey",0.908,0.069,0.894,0.037
12,"Zacks Market Edge Highlights: VOO, Microsoft, Apple, Union Pacific and Bank of America",0.997,0.102,0.877,0.021
13,Apple's 'I Am a Mac' Guy Now Wants You To Buy A PC Instead,0.936,0.072,0.895,0.033
14,"Beyond WallStreetBets, Analyst Sees GameStop Benefiting From These 3 Factors",0.994,0.135,0.843,0.022
