﻿,Titles,Polarity,Positive,Neutral,Negative
0,7 Safe Stocks to Snap Up If the Volatile Market Has You Scared,0.999,0.139,0.781,0.08
1,"UPDATE 1-U.S. antitrust regulators seek more data from Activision, Microsoft on planned deal",0.937,0.088,0.912,0.0
2,Microsoft (MSFT) Dips More Than Broader Markets: What You Should Know,0.988,0.098,0.88,0.022
3,"U.S. antitrust regulators seek more data from Activision, Microsoft on planned deal",0.937,0.092,0.908,0.0
4,Alphabet's (GOOGL) Latest Move to Boost Subsea Cable Efforts,0.997,0.128,0.867,0.005
5,DXC Technology (DXC) Selected by GEFA Bank to Digitize Services,0.997,0.124,0.876,0.0
6,Sony Entertainment to Buy Jade Raymond’s Haven Gaming Studio,0.98,0.105,0.867,0.028
7,S&amp;P 500 Cuts Losses to End Flat as Tech Finds Dip-Buyers Late Into Close,-0.967,0.063,0.828,0.11
8,S&amp;P 500 Slips as Tech Wobbles on Aggressive Fed Rate Hike Fears,-0.946,0.064,0.829,0.107
9,"7 Tech Stocks to Buy as Apple, Intel, and Microsoft Lead Russia Boycotts",0.998,0.097,0.841,0.062
10,Who will be the first trillionaire? Study predicts Elon Musk in 2024.,0.997,0.115,0.876,0.009
11,"Russia’s Invasion Is Accelerating Splinternet, French Envoy Says",-0.965,0.045,0.874,0.081
12,10 Tech Stocks to Buy According Billionaire Chase Coleman,0.999,0.11,0.863,0.027
13,Does Sony Finally Have Its Answer to Microsoft's Gaming Buying Spree?,0.93,0.164,0.821,0.016
14,Baron Funds: “Microsoft (MSFT) is Positioned to Deliver 13%-15% Organic Growth Over the Next 3 Years”,0.997,0.176,0.806,0.018
15,Dow Jones Futures: What To Do After Four Market Days That Changed Everything,-0.157,0.0,0.922,0.078
16,Should WisdomTree U.S. Total Dividend ETF (DTD) Be on Your Investing Radar?,0.997,0.143,0.824,0.033
17,Is WisdomTree U.S. LargeCap Dividend ETF (DLN) a Strong ETF Right Now?,0.998,0.137,0.842,0.02
18,Should SPDR Portfolio S&amp;P 500 ETF (SPLG) Be on Your Investing Radar?,0.995,0.115,0.857,0.028
19,Quantumscape Stock Needs to Mature a Little More Before It Is a Buy,0.997,0.113,0.856,0.031
20,Dow Jones Futures Fall After Four Market Days That Changed Everything,-0.157,0.0,0.922,0.078
21,"The stock market is depressed, and apparently that's great: Morning Brief",0.994,0.086,0.859,0.055
22,Get Microsoft Office Home &amp; Business For Mac For A Great Price,0.989,0.132,0.839,0.029
23,China requires Microsoft's Bing to suspend auto-suggest feature,0.7,0.053,0.927,0.02
24,Dow Jones Futures Fall: Four Market Days That Changed Everything; What To Do Now,-0.157,0.0,0.922,0.078
