﻿,Titles,Polarity,Positive,Neutral,Negative
0,Box Forecasts Annual Sales Growth of Up to 17% in 2025,0.852,0.078,0.868,0.055
1,Rogers and Microsoft announce strategic alliance to revolutionize hybrid workplace communications and power 5G innovation across Canada with Azure,0.999,0.133,0.864,0.003
2,MongoDB (MDB) Expands Multi-Year Partnership With AWS,0.997,0.127,0.871,0.002
3,"Russia-Ukraine war: Financial sector 'on high alert' for cyberattacks, Crowdstrike CEO says",-0.612,0.061,0.76,0.178
4,10 Penny Stocks with Upcoming Growth Catalysts,1.0,0.139,0.837,0.024
5,Rajiv Jain’s GQG Partners Portfolio: 10 Dividend Stock Picks,1.0,0.115,0.876,0.009
6,9 Best Clean Energy Stocks To Buy Today,1.0,0.165,0.824,0.012
7,Microsoft announces new research and technology to make hybrid work work,0.998,0.106,0.884,0.01
8,Rebuilding social capital is the next great leadership imperative,0.998,0.138,0.823,0.039
