﻿,Titles,Polarity,Positive,Neutral,Negative
0,"The Nasdaq Just Hit 15,000 for the First Time — Without the Help of Apple and Microsoft",-0.128,0.0,0.968,0.032
1,"Amazon, Apple, Microsoft CEOs coming to the White House: What to expect",0.9,0.087,0.846,0.067
2,"Best Buy proving that work-from-home life has changed its earnings power, maybe forever",0.999,0.168,0.82,0.011
3,"The Nasdaq Just Hit 15,000 — Without the Help of Apple and Microsoft. Why that’s Good News.",-0.128,0.0,0.968,0.032
4,ETFs to Buy as Microsoft at Record High on Office 365 Price Hike,0.994,0.094,0.887,0.019
5,"Fired From Google After Critical Work, AI Researcher Mitchell to Join Startup",0.984,0.125,0.813,0.062
6,Microsoft Expands Xbox Cloud Gaming to Consoles,0.586,0.046,0.954,0.0
7,Duke Energy Teams With Accenture and Microsoft to Develop First-of-its-kind Methane-emissions Monitoring Platform,0.999,0.153,0.836,0.01
8,"S&amp;P 500, Nasdaq Hover at Fresh Record Highs as Energy Powers Ahead",0.982,0.109,0.851,0.041
9,"Dow Jones Rallies As Tesla Hits Buy Point; Best Buy, Palo Alto Surge On Earnings",0.637,0.149,0.851,0.0
10,Duke Energy (DUK) to Co-Develop Methane Detection Platform,0.997,0.184,0.807,0.009
11,What Is Facebook's Latest Update To Legacy App?,-0.287,0.031,0.927,0.042
12,"Dow Jones Futures Rally As Tesla Hits Buy Point; Best Buy, Palo Alto Surge On Earnings",0.637,0.167,0.833,0.0
13,Long-Term Leader Pool Stock On Starting Block To Make New Splash,0.0,0.0,1.0,0.0
14,"CEOs of Apple, Microsoft, Amazon to meet with Biden over cybersecurity: report",0.44,0.097,0.903,0.0
