﻿,Titles,Polarity,Positive,Neutral,Negative
0,How GameStop Investors Can Make Their Lives Much Easier,0.403,0.107,0.789,0.104
1,Is Oracle a Bet on the Cloud Worth Taking?,0.998,0.107,0.877,0.016
2,"Here's How Top U.S. Companies Stack Up on Risk Factors, Post-Earnings",-0.997,0.063,0.806,0.132
3,The 7 Best Reddit Penny Stocks to Snap Up in August,0.999,0.094,0.878,0.029
4,The Delta Variant Has Upended Plans to Return to the Office. What’s Next—and How to Invest.,0.927,0.288,0.712,0.0
5,Tiger Global’s Top 10 Stocks Picks and Performance,1.0,0.111,0.87,0.02
6,$4 Trillion In Stock Market Gains Are Still Up For Grabs,0.599,0.176,0.824,0.0
7,Big Tech's Q2 Results Are Poking The Regulatory Bear,0.646,0.091,0.825,0.085
8,"Stock Market News for Aug 6, 2021",0.998,0.12,0.849,0.032
9,10 Best Stocks to Buy According to Billionaire Daniel Sundheim,1.0,0.13,0.853,0.018
10,There's Still Time! $4 Trillion In Gains Coming From These Stocks,0.599,0.176,0.824,0.0
11,"Dow Jones Futures: Market Rally Eyes Jobs Report With Several Earnings Movers; Apple, Microsoft Trade Bullishly",0.153,0.078,0.922,0.0
12,2 Vanguard ETFs I'm Going to Hold Forever,0.878,0.194,0.806,0.0
13,Bukalapak Jumps 25% on Debut After Indonesia’s Biggest IPO,0.982,0.105,0.869,0.026
