﻿,Titles,Polarity,Positive,Neutral,Negative
0,Broadcom (AVGO) Rumored to be in Talks to Acquire VMware,0.997,0.113,0.872,0.015
1,10 Biggest Software Companies,0.0,0.0,1.0,0.0
2,6 Tech Stocks To Buy Today According To Billionaire David Tepper,0.997,0.077,0.906,0.017
3,"Zoom earnings top estimates, stock rises premarket",0.984,0.089,0.874,0.037
4,Dow Jones Falls As Snap Plunges 36% On Profit Warning,0.128,0.115,0.791,0.095
5,Microsoft Corporation (MSFT) is Attracting Investor Attention: Here is What You Should Know,0.998,0.12,0.869,0.011
6,Dow Jones Futures Fall As Snap Plunges 30% On Profit Warning,0.128,0.13,0.762,0.108
7,1 Green Growth Stock to Buy After Tesla's ESG-Index Exile,-0.103,0.022,0.95,0.028
8,Is WisdomTree U.S. LargeCap Dividend ETF (DLN) a Strong ETF Right Now?,0.998,0.137,0.847,0.016
9,The Playbook: The return to the office hits a stumbling block,0.077,0.042,0.958,0.0
10,Microsoft EVP Charlie Bell restructures cybersecurity teams,0.178,0.091,0.909,0.0
11,"Zoom Jumps on Sales Forecast, Signaling Success of New Products",0.998,0.147,0.828,0.025
12,"Dow Jones Futures Fall, Tech Futures Sell Off As Snap Crashes 30% On Q2 Warning",-0.296,0.0,0.901,0.099
