﻿,Titles,Polarity,Positive,Neutral,Negative
0,"Stocks end the day off session lows, Apple and Nvidia lead market laggards",-0.077,0.159,0.667,0.174
1,"Dow Jones, Nasdaq Trade At Intraday Lows As Correction Worsens",0.0,0.0,1.0,0.0
2,Will Apple and Microsoft Finally Give Way in the Stock Market's Downturn?,-0.743,0.0,0.92,0.08
3,A Top Hedge Fund Manager Admits His Tech Mistakes and Says Recession Is Already Here,-0.788,0.0,0.715,0.285
4,"Microsoft Stock Call Ratio Backspread Offers Upside Potential, Little Downside Risk",-0.052,0.112,0.731,0.158
5,"Stock Market Today: Dow Extends Losing Streak as Fed, Inflation Jitters Bite",-0.938,0.076,0.824,0.1
6,"Alphabet, Apple, Microsoft look to ditch passwords, Google unveils new hardware",0.361,0.106,0.894,0.0
7,S&amp;P 500 Slips in Wild Trading as Intraday Bounce Fades,0.078,0.065,0.868,0.068
8,10 Energy Stocks with Over 3% Dividend Yield,0.999,0.151,0.807,0.042
9,"Markets: Stocks fall, U.S. dollar index hits 20-year high",0.0,0.0,1.0,0.0
10,Meta (FB) Tests Digital Collectibles to Share NFTs on Instagram,0.995,0.089,0.891,0.021
11,Microsoft’s ZeniMax Delays Two Xbox Games Until 2023,0.751,0.085,0.854,0.061
12,10 Best Automotive Stocks To Invest In Now,1.0,0.108,0.876,0.017
13,"Zacks Market Edge Highlights: Meta Platforms, Amazon, Alphabet, Microsoft, and Tesla",0.998,0.101,0.864,0.036
14,"Zacks Earnings Trends Highlights: Apple, Microsoft, Amazon, Meta and Alphabet",0.995,0.103,0.869,0.028
15,Is WisdomTree U.S. Total Dividend ETF (DTD) a Strong ETF Right Now?,0.998,0.136,0.848,0.016
16,"Google is so nervous about what its newest bot will say, it made the app invitation-only",0.0,0.0,1.0,0.0
