﻿,Titles,Polarity,Positive,Neutral,Negative
0,"4 Top Stock Trades for Tuesday: Bitcoin, AAPL, MSFT, PLTR",0.985,0.109,0.827,0.064
1,IBM Posts Best Sales Growth in 10 Years on Cloud Demand,0.984,0.09,0.877,0.033
2,"Mkd Wealth Coaches, Llc Buys iShares MSCI EAFE ETF, Stellantis NV, iShares MSCI Intl Quality ...",0.999,0.117,0.879,0.004
3,"Baker Boyer National Bank Buys Dimensional U.S. Core Equity 2 ETF, Dimensional World ex U.S. ...",0.993,0.049,0.948,0.004
4,Dow Jones Futures: Has The Stock Market Bottomed? Fed Meeting Up Next,-0.402,0.0,0.886,0.114
5,"Apple earnings: 'The big question' is about supply chain disruptions, analyst says",0.997,0.111,0.868,0.021
6,Exiled Cloud Emperor Alibaba Stock Could Be On Its Way Back Home,0.762,0.091,0.822,0.087
7,Apple and Other Large-Cap Tech Stocks Provide No Shelter From the Selloff—Except for One,0.477,0.114,0.886,0.0
8,"FedEx, Microsoft reveal second offering from partnership",0.802,0.233,0.767,0.0
9,Market check: Stocks bounce back slightly after Nasdaq drops 4%,0.0,0.0,1.0,0.0
10,"Apple, QCOM Stock Among The 5 Best Tech Stocks To Buy Or Watch Now",0.904,0.379,0.621,0.0
11,"Large-Cap Tech Stocks Provide No Shelter From the Selloff, With One Exception",0.477,0.114,0.886,0.0
12,S&amp;P 500 Follows Nasdaq Into Correction; Fear Index Up,0.0,0.0,1.0,0.0
13,"Websterrogers Financial Advisors, Llc Buys AvalonBay Communities Inc, Equity Residential, Essex ...",0.996,0.085,0.91,0.005
14,"Corepath Wealth Partners Llc Buys Janus Henderson Short Duration Income ETF, Microsoft Corp, ...",0.998,0.177,0.814,0.009
15,"Sage Private Wealth Group, Llc Buys CME Group Inc, Intercontinental Exchange Inc, ARK ...",0.999,0.125,0.871,0.004
16,"National Mutual Insurance Federation of Agricultur Buys Apple Inc, Meta Platforms Inc, ...",0.988,0.057,0.938,0.006
17,"EFG Asset Management (Americas) Corp. Buys Tesla Inc, Microsoft Corp, Dick's Sporting Goods ...",0.998,0.098,0.898,0.004
18,Leon Cooperman’s Performance in 2021: 10 Best Stock Picks,1.0,0.161,0.828,0.011
19,January’s Tech-Stock Winners Are the Takeover Targets,0.542,0.191,0.809,0.0
20,Momentum in Azure Cloud to Aid Microsoft's (MSFT) Q2 Earnings,0.997,0.152,0.843,0.006
21,"Top Research Reports for Microsoft, Visa &amp; Cisco",0.999,0.192,0.746,0.062
22,"Microsoft stock dives to lead the Dow's decliners, as it closes in on bear-market territory",-0.557,0.025,0.897,0.078
23,Will Activision Boost Microsoft's Metaverse Ambitions?,0.0,0.0,1.0,0.0
24,ETFs in Focus Ahead of Big Tech Q4 Earnings,0.999,0.128,0.844,0.029
25,Tech Stocks Roundup: The Battle for the Metaverse — Let the Games Begin,0.612,0.222,0.778,0.0
26,Downward Slide for Stocks Continues to Start the Week,0.459,0.13,0.87,0.0
27,"Microsoft, Johnson &amp; Johnson, Verizon Earnings: 3 Things to Watch",0.802,0.071,0.877,0.052
28,More of the Same to Start a New Trading Week,0.996,0.129,0.864,0.007
29,Microsoft Earnings: What to Look For From MSFT,0.382,0.11,0.89,0.0
30,"Tech M&amp;A will be ‘incredibly active’ in 2022, Union Square Advisors co-founder says",0.998,0.11,0.872,0.018
31,"Stock market ‘not giving any due respect’ to earnings beats, strategist says",0.0,0.0,1.0,0.0
32,Microsoft's Activision Blizzard Deal Won't Hurt Sony's PlayStation Business,-0.273,0.0,0.967,0.033
33,"Zacks Industry Outlook Highlights: Microsoft, Salesforce, Intuit and Cadence Design Systems",1.0,0.145,0.833,0.021
34,Tech Stocks Need Some Good News. Microsoft Earnings Could Bring It.,0.511,0.148,0.852,0.0
35,FedEx and Microsoft announce new cross-platform logistics solution for e-commerce,0.999,0.124,0.862,0.014
36,Dow Jones Futures Fall As Market Correction Shows No Mercy; Fed Meeting Leads 5 Big Catalysts,-0.115,0.0,0.935,0.065
37,"Apple, Microsoft, Tesla and McDonald's are part of Zacks Earnings Preview",0.998,0.121,0.848,0.031
38,Tesla (TSLA) Headlines Busiest Week of Earnings So Far,0.999,0.137,0.846,0.018
39,Is SPDR MSCI USA StrategicFactors ETF (QUS) a Strong ETF Right Now?,0.993,0.085,0.896,0.019
40,Should SPDR S&amp;P 500 ETF (SPY) Be on Your Investing Radar?,0.995,0.112,0.857,0.031
41,7 Hot Stocks to Buy That Definitely Are Worth the Love,0.999,0.118,0.865,0.017
42,Walmart and IKEA are among the 243 most ambitious companies on reducing emissions,0.542,0.197,0.721,0.082
43,Walmart and IKEA among the 243 most ambitious companies on reducing emissions,0.542,0.197,0.721,0.082
44,FedEx and Microsoft Team Up on eCommerce Logistics Service,0.983,0.149,0.823,0.028
45,"IBM’s Pension Slashed Stakes in Apple, Microsoft, and Tesla. It Bought GE.",0.0,0.0,1.0,0.0
46,Dow Jones Futures Rise After Market Correction Shows No Mercy; Fed Meeting Leads 5 Big Catalysts,-0.115,0.0,0.935,0.065
