﻿,Titles,Polarity,Positive,Neutral,Negative
0,What New Metaverse ETFs Mean for Investors,0.896,0.135,0.865,0.0
1,Polestar Is an Intriguing Pick Out of the Electric Vehicle Crowd,0.996,0.095,0.898,0.007
2,"T. Rowe Price Exchange-Traded Funds, Inc. Buys Microsoft Corp, Amazon. ...",0.996,0.053,0.943,0.003
3,Microsoft Stock Flashes New Buy Opportunity; Is This The Time?,0.586,0.186,0.814,0.0
4,"Apple stock 'is here to stay,' Santosh Rao says",0.0,0.0,1.0,0.0
5,Tenable hires cloud industry veteran as chief marketing officer,0.0,0.0,1.0,0.0
6,Heavyweight Companies Continue to Participate in NFTs,0.984,0.088,0.904,0.008
7,"Apple has even more room to ‘build on this incredible ecosystem,' analyst explains",0.0,0.0,1.0,0.0
8,10 Cheap Growth Stocks to Buy Today,1.0,0.128,0.852,0.02
9,IBM Stock Will Be a Good Fit for the 2022 Macro Environment,0.999,0.158,0.835,0.006
10,Microsoft (MSFT) Changes Logo &amp; Name for Xbox Game Pass for PC,0.995,0.087,0.909,0.005
11,5 giant stocks are driving the S&amp;P 500 to records: Goldman Sachs,-0.636,0.041,0.903,0.056
12,"Dow Jones Falls As Apple Hits New Highs; Tesla Skids, Rivian Called 'Most Remarkable' Truck Of The Year",0.0,0.0,1.0,0.0
13,10 Best Tech Stocks to Buy According to Noam Gottesman’s Man GLG,1.0,0.12,0.859,0.021
14,Dow Jones Futures Rise As Apple Eyes New Highs; Rivian's 'Most Remarkable' Truck Of The Year,0.34,0.094,0.906,0.0
15,S&amp;P 500 Companies Bought Record $234.5 Billion in Shares,0.557,0.097,0.88,0.023
16,3 Investors Pick Their Top Wealth-Building Stocks,0.743,0.149,0.851,0.0
17,"Alibaba, Baidu Continue To Gain Cloud Market Share At The Cost Of Huawei, Tencent",0.981,0.113,0.855,0.031
18,UPDATE 1-UK antitrust regulator looks into Microsoft's $16 bln Nuance deal,0.975,0.129,0.871,0.0
19,UK antitrust regulator looks into Microsoft's $16 billion Nuance deal,0.975,0.134,0.866,0.0
20,"Harley-Davidson, Lucid, Arena, Apple Rise Premarket",0.952,0.091,0.868,0.041
21,Microsoft Gains on Report UK Regulator to Look Into Nuance Deal,0.979,0.141,0.842,0.017
22,"Dow Jones Futures Rise With Fed Set To Speed Up Inflation Fight; Apple, Tesla, Rivian In Focus",0.0,0.0,1.0,0.0
