﻿,Titles,Polarity,Positive,Neutral,Negative
0,"Center For Asset Management LLC Buys Apple Inc, iShares 1-3 Year Treasury Bond ETF, iShares 1-3 ...",0.999,0.124,0.868,0.008
1,Tesla stock is 'a confidence gauge' for markets: Strategist,0.965,0.077,0.901,0.022
2,"Dow Jones Gains As Inflation Explodes; Tesla Stock, Rivian Charge Higher; Covid Test Stock Plunges",0.202,0.116,0.804,0.08
3,Alphabet (GOOGL) Boosts Workspace Efforts with New Updates,0.997,0.151,0.834,0.014
4,Microsoft hires key Apple engineer to design server chips - Bloomberg News,0.649,0.04,0.96,0.0
5,Microsoft Hires Key Apple Engineer to Work on Custom Chips,0.907,0.049,0.929,0.022
6,"Heartwood Wealth Advisors LLC Buys SPDR Portfolio S&amp;P 500 High Dividend ETF, iShares MSCI ...",0.999,0.119,0.872,0.008
7,Amazon must improve this if it wants the stock price to go up: analyst,0.979,0.148,0.79,0.062
8,"Stock Market Pares Gains As Inflation Hits 40-Year High; Microsoft, Tesla Lead",0.718,0.261,0.739,0.0
9,3 Bear Markets to Buy as Traders Adjust,0.998,0.12,0.844,0.037
10,SONY to Reportedly Continue the Production of PS4 in 2022,0.998,0.143,0.835,0.022
11,Shark Tank’s Kevin O’Leary thinks 2022 is the year of NFTs,0.966,0.059,0.926,0.014
12,Cognizant (CTSH) &amp; Uptake Collaborate to Create Uptake Fusion,0.998,0.17,0.829,0.002
13,How Meta Platforms Is Targeting These 2 Tech Giants,0.361,0.052,0.948,0.0
14,Why C3.ai Is a Top Tech Stock to Watch in 2022,0.459,0.096,0.857,0.047
15,"Dow Jones Rallies As Inflation Hits Highest Level Since 1982; Apple, Tesla Climb",0.0,0.0,1.0,0.0
16,10 Tech Stocks to Buy According to Select Equity Group,0.998,0.079,0.907,0.014
17,Sensata (ST) Boosts System Performance With Smart Contactors,0.999,0.164,0.833,0.004
18,"Dow Jones Futures Rally As Inflation Hits Highest Level Since 1982; Apple, Tesla Climb",-0.44,0.0,0.879,0.121
19,"Struggling Nurses, Retail Workers Want Tech Tools, But Fear They Won’t Adapt Fast Enough",-0.439,0.061,0.877,0.062
20,CDW is a Solid Bet for Investors: Here are the Reasons Why,0.999,0.182,0.811,0.007
21,Microsoft announces new research and technology to empower millions of frontline workers,0.999,0.157,0.825,0.018
22,Dow Jones Futures Rise Ahead Of Key Inflation Report; Jefferies Slides On Sales Miss,-0.44,0.0,0.861,0.139
23,Magic Leap Goes After Medical Customers With Augmented Reality Headset,0.99,0.085,0.885,0.03
24,Will Zoom Stock Keep Falling in 2022?,0.586,0.202,0.798,0.0
25,Should SPDR Portfolio S&amp;P 500 Growth ETF (SPYG) Be on Your Investing Radar?,0.999,0.18,0.785,0.035
26,6 Stocks to Buy According to Dan Juran’s Rings Capital,0.979,0.059,0.932,0.009
27,GameStop: The Shorts Have Left the Building,0.997,0.105,0.869,0.026
28,U.K. Begins Examination of Microsoft’s Planned Nuance Acquisition,0.649,0.118,0.882,0.0
29,U.K. Begins Review of Microsoft’s Planned Purchase of Nuance,0.649,0.118,0.882,0.0
30,"RVW Wealth, LLC Buys iShares ESG Screened S&amp;P Mid-Cap ETF, iShares iBonds Dec 2026 Term ...",1.0,0.111,0.884,0.005
31,Report: Microsoft is losing members of its augmented reality team to Meta,0.0,0.0,1.0,0.0
