﻿,Titles,Polarity,Positive,Neutral,Negative
0,10 Best Stocks to Buy According to Yale Finance Professor,0.997,0.079,0.895,0.026
1,"Stocks close in on a losing month, energy and utilities sectors lead intraday gains",0.465,0.025,0.963,0.013
2,Hedge Funds Continue to Load Up on These 10 Growth Stocks Despite Recession Fears,0.999,0.111,0.856,0.033
3,10 Tech Stocks Hedge Funds are Buying Despite Rising Interest Rates,0.998,0.1,0.859,0.041
4,10 Best Dividend Stocks to Buy According to Diamond Hill Capital,1.0,0.15,0.841,0.009
5,"Workday (WDAY) Vs. Microsoft's (MSFT) LinkedIn: Companies ""Selling Shovels"" in a High Turnover Environment",1.0,0.131,0.852,0.017
6,3 Quantum Computing Stocks That Could 10X by 2030,0.997,0.11,0.873,0.018
7,An Ominous Month Looms For Battered Nasdaq Bulls,0.284,0.1,0.803,0.097
8,"The Zacks Analyst Blog Highlights General Motors, Ford , Honda, Toyota and Stellantis",0.999,0.157,0.823,0.02
9,Zoom's Business Has 1 Glaring Issue,0.785,0.086,0.914,0.0
10,NetEase Acquires France’s Quantic Dream in Gaming Expansion,0.968,0.122,0.81,0.068
