﻿,Titles,Polarity,Positive,Neutral,Negative
0,"Markets: ‘People are starting to come back in and get some interest,’ strategist says",0.999,0.119,0.832,0.048
1,Here's Why This Analyst Remained Bullish On Microsoft,0.984,0.158,0.824,0.019
2,Microsoft Has Plunged This Year. An Analyst Says It’s Time to Buy.,0.71,0.237,0.763,0.0
3,10 Best Tech Stocks to Buy Now According to Joe Dimenna’s Zweig-DiMenna Partners,1.0,0.116,0.855,0.029
4,7 Tech Stocks Due for a Stunning Short Squeeze,0.999,0.144,0.787,0.068
5,"Bill Gates Sells $940 Million of CN Rail Stock, Trimming Stake to 9%",0.791,0.064,0.895,0.041
6,"Markets: Nasdaq aims to pare losses, Tesla stock rises amid Twitter deal doubts",0.0,0.0,1.0,0.0
7,"Stocks open higher amid choppy trading week, bitcoin rebounds",0.949,0.045,0.938,0.017
8,Tech CEOs respond to stocks being shellacked this week,0.996,0.106,0.866,0.028
9,Dow Jones Rallies; Twitter Plunges After Elon Musk Says Deal 'On Hold',0.0,0.0,1.0,0.0
10,Microsoft Corporation (MSFT) Is a Trending Stock: Facts to Know Before Betting on It,0.999,0.126,0.866,0.008
11,Dow Jones Futures Rebound; Twitter Plunges After Elon Musk Says Deal 'On Hold',0.0,0.0,1.0,0.0
12,Salesforce Looks To Assist Employees For Access To Abortions Following Roe v. Wade,0.971,0.143,0.805,0.052
13,Raging Nasdaq Selloff Nears $1 Trillion Weekly Loss,-0.948,0.09,0.805,0.105
