﻿,Titles,Polarity,Positive,Neutral,Negative
0,Oracle Stock Soared to a New High on Speculation About Defense Cloud Contract,0.511,0.185,0.815,0.0
1,7 ESG Stocks to Add to Your Portfolio,1.0,0.186,0.8,0.014
2,"Tech Deals, Data Come Under Fire in Biden’s Sweeping Order",0.992,0.091,0.865,0.045
3,How Jeff Bezos Became the World’s Richest Man,0.915,0.112,0.888,0.0
4,UPDATE 1-U.S. judge ends Amazon challenge to $10 bln cloud contract after Pentagon cancellation,0.974,0.132,0.815,0.052
5,The 7 Best Tech Stocks to Buy in July,1.0,0.126,0.862,0.012
6,CIBC Announces Multi-Year Agreement to Use Microsoft’s Cloud-Based Platform,0.996,0.185,0.809,0.006
7,Top 10 Cloud Stocks to Buy on the Next Dip -- Part II,0.852,0.213,0.787,0.0
8,10 Best Vanguard Stocks to Buy Now,1.0,0.129,0.85,0.021
9,"Dow Jones Leads, Nasdaq Struggles As Stocks Bounce; Biden Order Targets Big Tech Stocks; GM, Ford Rally",-0.402,0.0,0.863,0.137
10,"Dow Jones Leads Rebounding Futures, Biden Order Targets Big Tech Stocks; GM, Moderna Rally",0.0,0.0,1.0,0.0
11,BIG3 Names Microsoft As The League's Official Technology Partner And Jersey Patch Sponsor,0.997,0.13,0.859,0.011
12,Will Nintendo's New OLED Switch Boost Sales?,0.178,0.078,0.922,0.0
13,"Hot Stocks Apple, Microsoft, Nvidia Lead Lower-Risk Tech Play Near Buy Point",-0.052,0.138,0.67,0.192
14,Tech Stocks Roundup: Jim Cramer Says FAANG Is Not Dead,0.202,0.083,0.917,0.0
