﻿,Titles,Polarity,Positive,Neutral,Negative
0,Microsoft (MSFT) Gains As Market Dips: What You Should Know,0.989,0.09,0.898,0.012
1,"Dow Jones Futures: Market Rally Retreats On Economic Data, 'Hurricane Dimon'",0.318,0.119,0.881,0.0
2,Oracle Wins Regulatory Approvals for $28 Billion Cerner Takeover,0.919,0.074,0.887,0.039
3,"Affirm faces BNPL headwinds, Microsoft launches new laptop, United Airlines expands pilot training",0.202,0.08,0.833,0.086
4,"Market check: Stocks gain, meme stocks weaken ahead of GME earnings",0.296,0.056,0.944,0.0
5,10 Dividend Stocks to Buy According to Sean Murphy’s Game Creek Capital,0.999,0.095,0.885,0.019
6,9 Dividend Stocks to Buy According to Hari Hariharan’s NWI Management,1.0,0.122,0.874,0.004
7,Microsoft launches Surface Laptop Go 2 for students and businesses,0.993,0.082,0.894,0.025
8,S&amp;P 500 Slips as Stumbling Banks Offset Dip-Buying in Tech,0.954,0.099,0.833,0.068
9,10 Best Stocks to Buy in 2022 According to Billionaire Julian Robertson’s Tiger Management,0.999,0.089,0.905,0.006
10,10 Stocks to Buy According to GuardCap Asset Management,1.0,0.136,0.836,0.029
11,Microsoft launches compact Surface Laptop Go 2 for students and businesses,0.989,0.089,0.89,0.021
12,Microsoft's Surface Laptop Go 2 Speeds Things up With a Faster Processor and Keeps a Sleek Design,0.875,0.164,0.836,0.0
13,Is Salesforce A Buy Or Sell As Software Growth Stocks Struggle,0.361,0.111,0.889,0.0
14,7 Tech Stocks to Buy That Pay Solid Dividends,0.999,0.098,0.884,0.017
