﻿,Titles,Polarity,Positive,Neutral,Negative
0,UPDATE 1-U.S. directs agencies to apply patches to Microsoft servers,0.955,0.129,0.808,0.063
1,Microsoft (MSFT) Outpaces Stock Market Gains: What You Should Know,0.996,0.126,0.874,0.0
2,Apple expected to announce new products in late April,0.45,0.022,0.972,0.006
3,Microsoft to Acquire Nuance Communications for $19.7 Billion: What You Should Know,0.823,0.164,0.797,0.039
4,"IBD Stock Research Screener Shows Facebook, FedEx, Logitech And BlackRock In Buy Ranges",0.0,0.0,1.0,0.0
5,Nuance Communications Stock Hits 80-Plus Relative Strength Rating On Microsoft Buyout,0.84,0.138,0.862,0.0
6,Analog Devices (ADI) Bolsters Climate Pledge With New Goals,0.998,0.18,0.801,0.02
7,Amazon stock may be 70% undervalued and the company worth $3 trillion: analyst,0.998,0.166,0.812,0.022
8,Microsoft (MSFT) Set to Acquire Nuance Communications for $19.7B,0.999,0.161,0.837,0.002
9,Microsoft is updating its MacBook Air competitor for the work from home age,0.888,0.051,0.92,0.028
10,"Nancy Pelosi’s Husband Bought Roblox, Microsoft Stock",0.296,0.087,0.913,0.0
11,Microsoft's $20 Billion Bet on Nuance,0.823,0.143,0.823,0.034
12,Biden Hears 310 Companies Urge Speed on Climate: ‘Raise the Bar’,0.922,0.076,0.877,0.047
13,"J&amp;J, Nvidia, Bitcoin, GameStop - 5 Things You Must Know Tuesday",0.691,0.147,0.853,0.0
14,"Nvidia, Microsoft, Bitcoin, GameStop - 5 Things You Must Know Tuesday",0.701,0.196,0.804,0.0
15,"Millions of connected devices have security flaws, study shows",0.586,0.107,0.833,0.06
