﻿,Titles,Polarity,Positive,Neutral,Negative
0,"Is Shopify Stock A Buy? Here's What SHOP Chart, Earnings Show",0.0,0.0,1.0,0.0
1,"Microsoft Amps Up Hardware Push With 5G Phone, Pro Laptop",-0.403,0.059,0.884,0.057
2,Microsoft debuts Surface Duo 2 dual-screen Android phone with larger displays and 5G,0.992,0.096,0.875,0.029
3,Microsoft reveals its Surface Laptop Studio — its most powerful Surface ever,0.982,0.061,0.929,0.011
4,"Microsoft debuts Surface Pro 8 with bigger screen, upgraded Surface Pro X and Surface Go 3",0.996,0.078,0.915,0.007
5,Microsoft Introduces Five New Surface Devices,0.0,0.0,1.0,0.0
6,"After Today's Fed Meeting, Investors Are Stuck With Contradictory Reports On Evergrande And The Debt Ceiling",0.822,0.082,0.843,0.075
7,Dow Jones Rallies On Evergrande News Ahead Of Fed Decision; FedEx Dives On Earnings,0.0,0.0,1.0,0.0
8,Dow Jones Futures Rally On Evergrande News Ahead Of Fed Decision; FedEx Dives On Earnings,0.0,0.0,1.0,0.0
9,3 Top Cloud Computing Stocks to Buy Right Now,0.649,0.099,0.901,0.0
10,2 Growth Stocks to Buy Hand Over Fist If the Market Crashes,0.382,0.133,0.867,0.0
