﻿,Titles,Polarity,Positive,Neutral,Negative
0,Twitter Held Discussions for $4 Billion Takeover of Clubhouse,0.957,0.069,0.912,0.018
1,Dow Jones Drifts Lower While S&amp;P 500 Leads Market; Microsoft Trades In Buy Zone,-0.235,0.0,0.903,0.097
2,Dow Slides As Market Struggles; Apple Retakes Key Benchmark; This Sign Buoys Cruise Stocks,0.0,0.0,1.0,0.0
3,Accenture: Enhanced Cloud Capabilities Through Cygni Acquisition,0.999,0.195,0.778,0.027
4,"Okta Expects 30% Annual Growth to 2024, Boosted by New Markets",0.992,0.095,0.875,0.03
5,3 Stocks to Invest in Augmented Reality,0.361,0.054,0.946,0.0
6,Unknown Billionaire Phill Gross’ Top 10 Stock Picks,0.999,0.137,0.808,0.055
7,"Dow Falls As Treasury Yields Continue To Drop; Apple Reverses, Tesla Skids",0.202,0.067,0.933,0.0
8,"Amazon, JPMorgan Chase looking for talent beyond ‘college graduate pond’: Gerald Chertavian",0.997,0.216,0.77,0.015
9,"Dow Rises, Tech Stocks Fall As Treasury Yields Flatten; Apple, Tesla Drop",0.202,0.067,0.933,0.0
10,Scott+Scott Attorneys at Law LLP Investigates Microsoft Corp.’s Directors and Officers for Breach of Fiduciary Duties – MSFT,0.743,0.09,0.858,0.052
11,"Dow Jones Today Climbs, Nasdaq Lags; NetEase, Tencent Dive, Cruise Lines Rally On Covid News, Earnings",0.0,0.0,1.0,0.0
12,4 Must-Buy AI Stocks on Coronavirus Crisis Triggered Automation,0.999,0.123,0.87,0.007
13,"Dow Jones Today, Futures Flat, Small Caps Rise; Apple Faces Test, Cruise Lines Rally On Covid News",0.25,0.091,0.909,0.0
14,Facebook Resolved 530M User Data Leak Issue,0.026,0.042,0.916,0.042
15,Is Salesforce Stock A Buy? Digital Transformation Powerhouse Struggles Amid Slack Deal,0.649,0.24,0.76,0.0
16,"Tech Stocks Roundup: Square, Shopify and Marvell Shares Rise",0.202,0.091,0.909,0.0
17,Apple and Microsoft Are Top Tech to Watch as Earnings Begin,0.202,0.083,0.917,0.0
