﻿,Titles,Polarity,Positive,Neutral,Negative
0,Microsoft commits to spend $20 billion to on cybersecurity over five years,0.849,0.067,0.89,0.043
1,"'No-brainer' for White House to seek private sector help on critical infrastructure, ex-NSA hacker explains",0.974,0.064,0.91,0.025
2,"Top tech, energy, banking CEOs meet with Biden at the White House",0.0,0.0,1.0,0.0
3,Who is Andy Jassy? Amazon's new CEO visits the White House,0.37,0.091,0.836,0.073
4,"Microsoft: Say It Out Loud, It’s All About the Cloud",0.996,0.139,0.861,0.0
5,"UPDATE 2-Cyber threats top agenda at White House meeting with Big Tech, finance executives",0.948,0.083,0.885,0.032
6,The U.S. is bringing ‘a knife to a gun fight’ in cybersecurity conversations: Prevailion CEO,-0.422,0.0,0.912,0.088
7,"Former Microsoft, Amazon exec sentenced for $5.5 million in PPP fraud",-0.73,0.104,0.794,0.102
8,"S&amp;P 500 Closes Just Shy of 4,500 Amid Record Climb",0.962,0.09,0.867,0.043
9,Analyst expects $300B growth opportunity in cloud security,0.997,0.115,0.832,0.053
10,Major CEOs heading to the White House today- here's what to expect,0.34,0.076,0.924,0.0
11,25 Best Board Games for Families,1.0,0.141,0.836,0.022
12,Alphabet's (GOOGL) Updates Meet With Echo Notification Feature,0.998,0.151,0.845,0.004
13,Microsoft (MSFT) Cloud Gaming Coming to Latest Xbox Consoles,0.995,0.12,0.87,0.01
14,"S&amp;P 500, Nasdaq Continue Record Run as Financials, Energy Shine",0.973,0.096,0.862,0.042
15,Here's How Much You'd Have If You Invested $1000 in Microsoft a Decade Ago,0.999,0.166,0.807,0.028
16,3 Reasons DigitalOcean Could Turn Into a Top Cloud Computing Platform,0.637,0.07,0.93,0.0
17,Microsoft’s (NASDAQ:MSFT) Office365 Price Increases Will Support Future Growth and Margins,0.998,0.148,0.837,0.016
18,4 Stocks to Track in a Thriving Video Gaming Industry,0.999,0.135,0.846,0.019
19,"Cyberattacks Draw Tech, Bank CEOs to White House for Brainstorm",0.99,0.102,0.877,0.021
20,Tech Executives to Meet  With Biden to Discuss Cybersecurity,-0.153,0.0,0.922,0.078
