﻿,Titles,Polarity,Positive,Neutral,Negative
0,"Top Research Reports for Microsoft, CVS Health &amp; Lockheed Martin",0.999,0.15,0.805,0.044
1,Sony accuses Microsoft of misleading claims over ‘Call of Duty’ game,0.0,0.0,1.0,0.0
2,Stock Market Today: Dow Racks Up Gains as Tech Shines on Cooling Yields,0.893,0.087,0.851,0.062
3,7 Tech Stocks to Buy With Superior Fundamentals,0.998,0.083,0.897,0.02
4,Microsoft: how it tops other tech firms when it comes to managing water scarcity,-0.84,0.052,0.897,0.052
5,“Super Bubble” is Yet to Burst: Jeremy Grantham’s Warning and His 10 Favorite Stocks,1.0,0.148,0.832,0.019
6,BlueDrive Global Investors’ Latest Portfolio: Top 7 Stock Picks,0.999,0.088,0.897,0.015
7,"The Zacks Analyst Blog Highlights NVIDIA, Microsoft, Apple and Alphabet",0.995,0.104,0.824,0.072
8,Senator Attacks Big Tech Lobbying For Delaying Antitrust Bill,0.952,0.101,0.851,0.048
9,L1 Capital International Views Microsoft (MSFT) as an Advantageously Positioned Business,0.993,0.128,0.855,0.017
10,Uber's Infamous Co-founder Wins Microsoft As First US Investor For His Dark Kitchen Startup,0.968,0.113,0.854,0.033
11,Apple vs Microsoft: Which Stock Is the Better Long-Term Investment?,0.917,0.269,0.731,0.0
12,"Pichai Says Google ‘Pro-Competitive,’ Sees Vibrant Tech Market",0.94,0.076,0.885,0.04
13,Tencent Set to Double Ubisoft Stake in Latest Overseas Gambit,0.968,0.077,0.871,0.052
14,Microsoft invests in Travis Kalanick’s CloudKitchens start-up,0.612,0.084,0.877,0.039
15,India's Flooded Tech Hub Faces Fresh Chaos as More Rain Is Forecast,-0.975,0.07,0.836,0.094
