﻿,Titles,Polarity,Positive,Neutral,Negative
0,3 Reasons Why Microsoft Is a Stellar Long-Term Hold,0.999,0.154,0.821,0.025
1,From Microsoft to WeWork: A look at the major companies moving into 830 Brickell,0.511,0.055,0.945,0.0
2,"Amazon Shares Could Nearly Triple From Here, One Analyst Says",0.877,0.218,0.714,0.068
3,Dow futures Little Changed Following Mixed Session,0.946,0.073,0.898,0.029
4,"Financier Chanos Sees Golden Opportunity For Amazon, Microsoft, Google",0.361,0.098,0.902,0.0
5,America's tech giants have a new responsibility in the post-Roe world,-0.698,0.047,0.908,0.046
6,"Activision to Buy Studio, Aiding Warcraft Game, VentureBeat Says",0.973,0.107,0.841,0.052
7,Walmart Continues To Consolidate Metaverse Presence With Latest Acquisition Of Memomi,0.99,0.143,0.85,0.007
8,"Stock Market Today: Dow Climbs, But Powell's Tough Inflation Talk Stokes Fears",-0.959,0.106,0.763,0.132
9,S&amp;P 500 Flat as Powell Reiterates Inflation Fight Despite Slip in U.S. Growth,-0.912,0.118,0.748,0.134
10,"McCormick cuts outlook, General Mills tops earnings estimates, Shopify stock split goes into effect",0.0,0.0,1.0,0.0
11,JPMorgan Piles On With Estimate Cuts Before Earnings: Tech Watch,0.906,0.088,0.833,0.08
12,"Amazon Cloud Unit on Course for $3 Trillion Value, Redburn Says",0.977,0.103,0.852,0.045
13,Tech Sell-Off: 2 Growth Stocks to Buy and 1 to Sell,-0.599,0.026,0.884,0.09
14,Microsoft: Taking a Fresh Look at the Charts,-0.649,0.031,0.851,0.119
15,This Analyst Explains Why He Sees Amazon's Cloud Unit Reaching A Valuation Of $3T,0.968,0.145,0.799,0.056
16,Wall Street’s favorite stock sector has potential upside of 43% as we enter the second half of 2022,-0.153,0.081,0.812,0.107
17,Dow Jones Futures Rise After Market Rally Flashes Very Bearish Signal; 5 Stocks To Watch,-0.71,0.0,0.84,0.16
18,Dow Jones Futures Fall After Market Rally Flashes Very Bearish Signal; 5 Stocks To Watch,-0.796,0.0,0.787,0.213
19,7 Best Nancy Pelosi Stocks to Buy Now,1.0,0.136,0.828,0.036
20,These companies' values soared during the pandemic. Here's how they are faring in 2022's turbulent market.,0.402,0.101,0.899,0.0
21,Sony Takes a Leap Into PC Gaming Gear With New Inzone Brand,0.982,0.082,0.891,0.027
