﻿,Titles,Polarity,Positive,Neutral,Negative
0,Microsoft (MSFT) Gains But Lags Market: What You Should Know,0.986,0.092,0.881,0.027
1,What caused Amazon’s outage? Will there be more?,-0.599,0.0,0.874,0.126
2,Flint Capital completes 18 investments out of $100M second fund,0.0,0.0,1.0,0.0
3,7 Overlooked Stocks to Buy Before Wall Street Catches On,1.0,0.135,0.839,0.026
4,Can Microsoft (MSFT) Become a $3 Trillion Company?,0.382,0.115,0.885,0.0
5,Crowdstrike CEO: Companies are 'losing trust' in Microsoft and others amid deluge of cyber threats,-0.296,0.098,0.74,0.163
6,"Stock Market News for Dec 8, 2021",0.997,0.151,0.808,0.041
7,Microsoft's (MSFT) Nuance Buyout Faces EU Antitrust Scrutiny,0.996,0.12,0.877,0.003
8,"Nuance Communications, Inc. -- Moody's announces completion of a periodic review of ratings of Nuance Communications, Inc.",0.997,0.091,0.858,0.05
9,DXC Technology Enables Copa Airlines’ Transformation by Modernizing and Migrating Passenger Service System with Cloud Right™ Approach,0.997,0.104,0.873,0.023
10,"Dow Jones Futures Rise On Omicron Vaccine News; Google, Microsoft In Buy Range, Tesla China Sales Strong",0.0,0.0,1.0,0.0
11,Should Investors Worry After Microsoft's CEO Sells 838K Shares?,0.71,0.088,0.893,0.019
12,Microsoft settles with DOJ over immigration-related discrimination claims,0.459,0.101,0.858,0.041
13,UPDATE 1-U.S. settles with Microsoft over immigration-related discrimination claims,0.936,0.104,0.867,0.029
