﻿,Titles,Polarity,Positive,Neutral,Negative
0,"Dow Jones Futures: Stock Market Rally Below Key Levels, Bitcoin Near Lows; More Bad Tesla News",-0.572,0.0,0.793,0.207
1,"Google Puts Tools Rivaling Microsoft, Slack at Center of I/O",0.976,0.071,0.908,0.02
2,Why Telos Stock Fell Today,0.026,0.091,0.836,0.073
3,Amazon Extends Pause on Police Use of Facial Recognition Tech,0.574,0.094,0.828,0.078
4,Bill Gates to speak at U.S. Chamber event on Wednesday,0.0,0.0,1.0,0.0
5,This isn’t the first time Bill Gates has damaged his reputation,0.988,0.122,0.779,0.099
6,10 Best Staffing Company Stocks to Buy,1.0,0.135,0.844,0.021
7,Dow Ends Deeper in Red on Late-Selling as Tech Pares Gains,0.965,0.095,0.849,0.056
8,Tesla is the 'biggest short in the market': strategist,0.0,0.0,1.0,0.0
9,"S&amp;P 500 Flat as Reopening Stocks Gain, but Energy Loses Power",0.98,0.113,0.837,0.05
10,10 Best Active Stocks to Buy Now,1.0,0.15,0.828,0.022
11,10 Best Dividend Stocks to Buy According to Billionaire Kerr Neilson,1.0,0.135,0.842,0.023
12,Big Tech races to clean up act as cloud energy use grows,0.0,0.0,1.0,0.0
