﻿,Titles,Polarity,Positive,Neutral,Negative
0,Dow Jones Slips; Microsoft Drops Amid Bill Gates News; Bitcoin Sinks On Elon Musk Tweets,-0.296,0.0,0.913,0.087
1,Dow Jones Slips As Tech Stocks Fall Again; Microsoft Stock Drops Amid Bill Gates Revelations,0.0,0.0,1.0,0.0
2,Apple Begins App Store Defense in Epic Antitrust Fight,0.942,0.052,0.921,0.026
3,Market volatility to ‘continue through the summer’: People's United Advisors CIO,0.997,0.109,0.876,0.015
4,BOX (BOX) Strengthens Clientele With Latest Collaboration,0.997,0.13,0.861,0.009
5,Dow Slips as Wall Street Continues to Back Value Over Growth,0.963,0.108,0.813,0.079
6,The 3 Smartest Stocks to Buy in a Reopening Economy,0.572,0.087,0.913,0.0
7,"Colonial Pipeline regains control, Bill Gates latest, Tax Day arrives",0.0,0.0,1.0,0.0
8,10 Best Dividend Stocks on Robinhood,1.0,0.138,0.844,0.019
9,10 Best Safe Dividend Stocks To Buy According to Billionaire Dan Loeb,1.0,0.147,0.827,0.026
10,"Dow Eases From Lows, But Remains Under Pressure as Tech Bleeds",0.852,0.074,0.858,0.068
11,Microsoft is extending its Teams app to regular consumers,0.992,0.094,0.879,0.027
12,10 Best AI Stocks under $50,1.0,0.122,0.861,0.017
13,"France embraces Google, Microsoft in quest to safeguard sensitive data",0.985,0.092,0.896,0.012
14,3 Robinhood Stocks to Buy Right Now That Are Better Than Dogecoin,0.62,0.203,0.797,0.0
15,Is Microsoft's Move Into Healthcare the First of Many for Big Tech?,0.0,0.0,1.0,0.0
16,"Elon Musk and Bitcoin, AT&amp;T and Discovery - 5 Things You Must Know",-0.296,0.0,0.927,0.073
17,PRESS DIGEST- Wall Street Journal - May 17,0.827,0.096,0.887,0.017
18,"Microsoft Board Had Gates Probed for Relationship, DJ Says",0.972,0.08,0.917,0.003
19,Bill Gates says investigation into affair ‘in no way related’ to leaving Microsoft board,-0.103,0.028,0.929,0.043
20,Silicon Valley reboots its relationship with the US military,-0.681,0.028,0.852,0.12
