﻿,Titles,Polarity,Positive,Neutral,Negative
0,Apple Posted Another Great Quarter. The Next One Might Not Be As Good.,-0.153,0.0,0.918,0.082
1,Apple Sales Top Estimates on Strong iPhone and Services Demand,0.681,0.068,0.882,0.05
2,"Why Snowflake, Datadog, and HubSpot Soared Today",0.511,0.142,0.858,0.0
3,Apple CEO ‘deserves a lot of credit’ amid supply chain issues: Analyst,0.178,0.082,0.918,0.0
4,Microsoft Receives an Important Green Light,-0.723,0.042,0.865,0.092
5,Activision Blizzard Stockholders Approve Proposed Microsoft Transaction,0.998,0.198,0.776,0.027
6,10 Best Stocks Under $20 According to Billionaire Andreas Halvorsen’s Viking Global,0.996,0.066,0.921,0.014
7,"Stocks today: Tesla lags, Meta jumps, Boeing declines, Pinterest pops",0.0,0.0,1.0,0.0
8,"Stock Market News for Apr 28, 2022",0.994,0.129,0.827,0.044
9,Dow Jones Rallies As Facebook Soars 18% On Earnings; Apple Earnings Due,0.0,0.0,1.0,0.0
10,10 Stocks You Should Sell According to Motley Fool,0.999,0.116,0.838,0.045
11,This New Type of Battery Could Change the World,0.999,0.118,0.852,0.03
12,Wall Street Is Betting That Microsoft-Activision Deal Will Fail,0.959,0.095,0.827,0.078
13,Dow Jones Futures Jump As Facebook Soars On Earnings; Apple Earnings Due,0.0,0.0,1.0,0.0
14,5 Green Flags For Microsoft's Future,0.0,0.0,1.0,0.0
15,Dow Jones Futures Signal Strong Market Bounce As Facebook Surges On Earnings; ARK Stock Teladoc Crashes,0.477,0.147,0.853,0.0
16,"U.S. GDP, Apple &amp; Amazon Earnings, Yen Slump - What's Moving Markets",0.994,0.106,0.832,0.062
17,"Apple Profits Should Top Estimates, But the Outlook May Disappoint. Blame China.",0.318,0.091,0.909,0.0
18,Which Metaverse Stocks Hold the Most Promise?,0.996,0.085,0.891,0.024
