﻿,Titles,Polarity,Positive,Neutral,Negative
0,"Oracle Reports Sales That Meet Estimates, Touts Cerner’s Growth",0.997,0.137,0.846,0.016
1,Google closes $5.4B acquisition of Reston cybersecurity firm Mandiant,0.881,0.12,0.88,0.0
2,Goldman Sachs Is Preparing Layoffs. Tech Isn’t the Only Industry Cutting Jobs.,-0.273,0.0,0.975,0.025
3,10 Stocks to Buy Now According to Billionaire David Tepper,1.0,0.123,0.848,0.029
4,3 Meme Stocks to Buy With Surprisingly Superior Fundamentals,0.999,0.165,0.801,0.035
5,"U.S. DOJ short-selling probe looks at trading in Amazon, Microsoft, JPM - Bloomberg News",0.402,0.049,0.929,0.022
6,"DOJ Short-Selling Probe Eyes Bets on Amazon, Microsoft and JPMorgan",0.984,0.084,0.873,0.043
7,4 Growth Stocks to Buy and Hold Forever,0.555,0.177,0.717,0.106
8,Amazon Shares Get Back to Their Winning Ways,0.978,0.105,0.839,0.056
9,Billionaire DE Shaw’s Latest Portfolio: Top 10 Stock Picks,0.999,0.122,0.857,0.021
10,10 Best Penny Stocks to Buy in September,0.999,0.1,0.868,0.032
11,"Exelixis' XL092/ Atezolizumab Shows Encouraging Efficacy, Safety In Heavily Pretreated Cancer Patients",0.969,0.127,0.84,0.032
12,12 Best Reddit Stocks To Invest In,1.0,0.104,0.875,0.021
13,Clovis Oncology's Flagship Ovarian Cancer Drug Improves Progression-Free Survival As First-Line Maintenance,0.978,0.122,0.854,0.025
14,"BeiGene's Tislelizumab Shows Non-Inferiority In Overall Survival, Safety Vs Standard Treatment In Solid Tumors",0.97,0.144,0.802,0.054
15,Hersha Hospitality Sells Two West Coast Properties For $125M,0.967,0.128,0.845,0.027
16,"Akoustis Posts Record Q4 Revenue Aided By XBAW RF Filter Solutions To 5G Mobile, Automotive Markets",0.984,0.168,0.797,0.034
17,10 Tech Stocks to Buy According to Billionaire Jim Simons’ Renaissance Technologies,0.999,0.118,0.858,0.024
18,Johnson &amp; Johnson Reaches $300M Settlement In Australian Pelvic Mesh Lawsuit,-0.595,0.085,0.82,0.095
19,Amgen's Lumakras Cuts Risk Of Progression By 34% In KRAS-Mutated Lung Cancer Patients,0.908,0.131,0.784,0.085
20,Burger King To Shell Out $400M To Ramp Up Sales In US,0.992,0.183,0.809,0.007
21,Five-Year Data For Merck's Keytruda Plus Chemo Shows Sustained Survival Benefit In Lung Cancer Patients,-0.936,0.087,0.779,0.133
22,"Nissan Extends Production Halt In St Petersburg Plant, Russia: Reuters",0.893,0.112,0.84,0.048
23,Merck's Keytruda Combo Trial Fails To Meet Primary Goal In Liver Cancer,0.899,0.127,0.805,0.068
24,Regeneron's Bispecific Antibodies Show Encouraging Anti Tumor Activity,0.948,0.127,0.826,0.047
25,3 Dividend Stocks That Billionaires Warren Buffett and George Soros Both Own,0.178,0.055,0.909,0.036
26,An Established Giant: The Possible Reason Why Disney (DIS) is Priced Higher Than Netflix (NFLX),1.0,0.149,0.836,0.014
27,5 Stocks Ken Griffin Bought Hand Over Fist as the Market Plunged,0.0,0.0,1.0,0.0
28,"Microsoft's Mazhari on Asia Digitization, Ambition",0.0,0.0,1.0,0.0
