﻿,Titles,Polarity,Positive,Neutral,Negative
0,Dow Jones Futures: Market Rally Nearing Lows Amid Russia's Ukraine Invasion; 5 Stocks Holding Up,-0.202,0.0,0.904,0.096
1,"Oil prices: $150 a barrel ‘is probably in the cards,’ strategist says",-0.128,0.076,0.811,0.112
2,Apple workers to begin returning to the office on April 11,0.0,0.0,1.0,0.0
3,Microsoft completes $19.7B acquisition of Nuance,0.44,0.104,0.896,0.0
4,Crypto companies buck trend of financial sanctions against Russia,0.974,0.062,0.905,0.033
5,Microsoft Makes a Big Move Into AI-Driven Healthcare,0.718,0.092,0.88,0.027
6,Facebook Gaming Is Overrun With Strange Videos and Scams,0.986,0.083,0.869,0.048
7,"Market check: Financial, tech, travel stocks under pressure",0.0,0.0,1.0,0.0
8,Labor Chief: More U.S. Firms Will Follow Microsoft Out of Russia,-0.895,0.04,0.869,0.091
9,Microsoft Will Suspend All New Sales of Products and Services in Russia,-0.969,0.052,0.856,0.092
10,"Microsoft to suspend all sales, services in Russia",0.187,0.052,0.904,0.043
11,"Microsoft Joins FAANG Peers In Russia Boycott, Suspends New Sales",-0.625,0.054,0.762,0.184
12,How tech giants like Apple benefit from cutting off Russia,-0.44,0.078,0.752,0.169
13,Dow Jones Sells Off Despite Strong Jobs Report; Russia Seizes Ukrainian Nuclear Power Plant,0.0,0.0,1.0,0.0
14,Microsoft and Pepsi top list that scores greenhouse gas-emissions progress. Tesla and others are ‘failing’,0.0,0.0,1.0,0.0
15,Market strategist: Commodities have a ‘geopolitical premium priced in’,0.511,0.133,0.867,0.0
16,UPDATE 2-Microsoft suspends sales in Russia as Western sanctions tighten,-0.904,0.029,0.884,0.088
17,Microsoft suspends sales in Russia as Western sanctions tighten,-0.904,0.029,0.882,0.089
18,Microsoft Vaults Further Into Health-Care Services With Closing of Nuance Deal,0.971,0.114,0.833,0.053
19,"Microsoft completes acquisition of Nuance, ushering in new era of outcomes-based AI",0.998,0.181,0.816,0.003
20,Dow Jones Futures Sell Off Despite Strong Jobs Report; Russia Seizes Ukrainian Nuclear Power Plant,0.0,0.0,1.0,0.0
21,"Apple, Nvidia Join — Microsoft Just Misses — This Exclusive Club",0.637,0.154,0.846,0.0
22,Meet the couple who fell in love on a Google Doc,0.691,0.147,0.813,0.04
23,Microsoft and Pepsi top this list that scores greenhouse gas emissions progress. Tesla and others are ‘failing’,0.0,0.0,1.0,0.0
