﻿,Titles,Polarity,Positive,Neutral,Negative
0,‘It was simply a lucky bet.’ Barry Diller denies accusations of insider trading on Activision deal that netted trio gains of $60 million,0.985,0.084,0.893,0.023
1,Amazon stock split isn't the tech giant's only important news,0.992,0.153,0.847,0.0
2,Adaptive Biotechnologies (ADPT) Rises on Restructuring Plans,0.995,0.12,0.872,0.008
3,"Stocks open lower, oil rises as Russia-Ukraine ceasefire talks stall",0.0,0.0,1.0,0.0
4,"Where Apple, Amazon, Alphabet, Meta and Microsoft Shares Now Stand",-0.128,0.097,0.749,0.154
5,How Many Microsoft Corporation (NASDAQ:MSFT) Shares Do Institutions Own?,0.994,0.089,0.892,0.019
6,9 Stocks to Buy According to Robert W. Koehn’s Ivy Lane Capital,0.999,0.118,0.863,0.019
7,"Dow Jones Sells Off After Key Inflation Report; Amazon Jumps On Stock Split, Buyback",-0.128,0.139,0.697,0.164
8,Is it Still Worthy to Invest in Microsoft (MSFT)?,0.991,0.099,0.884,0.017
9,"Dow Jones Futures Sell Off Ahead Of Key Inflation Report; Amazon Jumps On Stock Split, Buyback",-0.128,0.112,0.757,0.131
10,Amazon stock split: Will the tech giant join the Dow Jones Industrial Average?,0.976,0.103,0.89,0.007
11,"This Promising Tech Stock Is a Bargain Compared to Adobe, Microsoft",0.697,0.156,0.771,0.072
12,The 7 Best Meme Stocks to Buy Now for March 2022,1.0,0.179,0.785,0.036
13,These 2 Issues Are Weighing Heavily on Block Stock,0.454,0.066,0.873,0.061
14,Amazon stock split sends shares soaring,0.979,0.101,0.874,0.024
15,"Japan Tech Giants Sony, Nintendo Join Growing Exodus from Russia",-0.836,0.056,0.866,0.079
16,What will Mandiant's $5.4B sale to Google mean for its local operations? Here's what we know.,0.671,0.074,0.926,0.0
