﻿,Titles,Polarity,Positive,Neutral,Negative
0,"Air Taxi Start-Up Vertical Aerospace to Go Public With Funding From American Airlines, Others",0.836,0.121,0.879,0.0
1,June 15 at 12PM EDT: AvePoint-Apex Technology Fireside Chat With IPO Edge,0.978,0.056,0.938,0.006
2,Dow Jones Up Despite Inflation Surge; AMC Stock Dives As GameStop Collapses; Microsoft Gains,0.226,0.137,0.723,0.141
3,"Replay – Corporate Video Content is King, But It’s Lost on Google and LinkedIn:  Issuer Pixel CEO Offers a Solution",0.994,0.129,0.836,0.035
4,Microsoft's Xbox Gaming Is Expanding to Connected TVs and Streaming Devices,0.807,0.14,0.86,0.0
5,Microsoft Prepares To Stream Xbox Games: Report,0.875,0.047,0.947,0.006
6,Should You Consider Investing in Microsoft (MSFT)?,0.995,0.13,0.848,0.023
7,Verizon Launches Commercial Private 5G In US: Reuters,0.964,0.087,0.907,0.006
8,S&amp;P 500 Rides Falling Yields to Record Highs as Bond Bears Cower,0.939,0.068,0.896,0.036
9,Microsoft To Introduce Xbox Gaming On TVs Without The Console,0.969,0.074,0.904,0.022
10,"Microsoft, Nintendo, Ubisoft Gear Up For 2021 Virtual E3 Gaming Showcase: Bloomberg",0.987,0.084,0.907,0.009
11,Ireland Inc bets big multinational footprint can see off tax overhaul,0.967,0.091,0.85,0.059
12,Zoom (ZM) Launches Phone Appliances With Poly and Yealink,0.999,0.156,0.842,0.002
13,3 Dividend-Paying Tech Stocks to Buy Right Now,0.71,0.104,0.896,0.0
14,"Microsoft plans to tap smart TVs, streaming devices for Xbox games",0.962,0.09,0.884,0.026
15,Microsoft Wants to Offer Xbox Gaming on TVs Without the Console,0.96,0.079,0.897,0.024
16,Google Boosts Submarine Cable Efforts: How are Others Placed?,0.999,0.148,0.836,0.016
17,Microsoft Developing a Cloud Version of Its Xbox Games,0.511,0.193,0.807,0.0
18,5 Stocks to Watch on Continued Demand for Cloud Computing,0.999,0.152,0.843,0.005
19,"How Apple, Amazon, Microsoft, Google and Facebook Can Unlock New Profit Engines",0.0,0.0,1.0,0.0
20,"Microsoft, Nintendo Ready Game Announcements for Subdued, Virtual E3",0.996,0.085,0.896,0.019
21,"Here's How Apple, Amazon, Microsoft, Google and Facebook Can Keep Their Mojo",0.0,0.0,1.0,0.0
