﻿,Titles,Polarity,Positive,Neutral,Negative
0,Square Enix Stock Gains On Takeover Rumors: Bloomberg,-0.875,0.041,0.884,0.075
1,Lego is an ‘all-star’ when it comes to reputation: The RepTrak Company CEO,0.637,0.149,0.851,0.0
2,Next 5 Recommendations for Our April Fool's Portfolio!,-0.422,0.049,0.849,0.102
3,Better Buy: Amazon vs. Microsoft,0.925,0.295,0.679,0.026
4,Next 5 Recommendations for Our April Fool's Portfolio!,-0.422,0.049,0.849,0.102
5,10 Best Job Search Websites of 2021,1.0,0.138,0.857,0.005
6,Dow Jones Futures Rise As Treasury Yields Rebound Fades After Stock Market Rally; 3 Giants Flash Buy Signals,0.361,0.171,0.829,0.0
7,"Zacks.com featured highlights include: East West Bancorp, HCA Healthcare, Microsoft and T. Rowe Price",0.999,0.193,0.797,0.01
8,"Dow Jones Futures Rise, Techs Fall As Treasury Yields Rebound After Stock Market Rally; 3 Giants Flash Buy Signals",0.361,0.171,0.829,0.0
9,Final Fantasy Maker Jumps on Report It Could Be M&amp;A Target,0.973,0.099,0.88,0.021
