﻿,Titles,Polarity,Positive,Neutral,Negative
0,7 Nasdaq Stocks With Superior Fundamentals,0.999,0.12,0.833,0.047
1,Microsoft’s Activision deal faces in-depth probes in Brussels and London,0.0,0.0,1.0,0.0
2,Netflix Estimates Ad-Supported Tier Will Reach 40 Million Viewers by Late 2023,0.202,0.094,0.839,0.066
3,7 Quantum Computing Stock Picks to Beat the September Market Slump,0.999,0.095,0.883,0.023
4,Sistas Unite to Welcome Keynote Speakers Taraji. P Henson and Bevy Smith for 5th Annual SIS Summit,0.991,0.14,0.85,0.009
5,"At US$252, Is Microsoft Corporation (NASDAQ:MSFT) Worth Looking At Closely?",0.999,0.195,0.774,0.031
6,Lumen Technologies names former Microsoft exec as new CEO,0.586,0.064,0.936,0.0
7,Microsoft’s Former Sustainability Chief Explains Why Private Equity Can Help Win the Race Against Climate Change: Q&amp;A,0.997,0.109,0.846,0.045
8,Dow Jones Reverses On Another Key Inflation Report After CPI Sparks Market Plunge,0.0,0.0,1.0,0.0
9,10 Best Tech Stocks to Buy Now According to Billionaire Steve Cohen,1.0,0.17,0.812,0.018
10,10 Penny Stocks With High Growth Potential,0.999,0.123,0.856,0.021
11,"Amazon, Microsoft, and Alphabet Have Partnered With This Cloud Stock. Is It a Buy?",0.861,0.149,0.781,0.07
12,Dow Jones Futures Fall Ahead Of Another Key Inflation Report After CPI Sparks Market Plunge,0.0,0.0,1.0,0.0
13,10 Best Stocks to Buy Now According to Billionaire Bill Gates,1.0,0.144,0.843,0.013
14,Stock Market's $1.6 Trillion One-Day Implosion Reveals A Problem,-0.305,0.089,0.74,0.172
15,New Investor? Buy These 2 Growth Stocks,-0.318,0.0,0.874,0.126
