﻿,Titles,Polarity,Positive,Neutral,Negative
0,LinkedIn Testing Paid Online Events as Potential New Moneymaker,0.845,0.061,0.907,0.032
1,"Dow Jones Gains As Pelosi Makes Infrastructure Move;  AMD, This Energy Stock Among 4 Flashing Buy Signs; Tesla Stock Surges",0.382,0.11,0.89,0.0
2,Cloud Giant Microsoft Eyes Breakout As The 'Great Reshuffle' Grows,0.402,0.119,0.881,0.0
3,The Competition Is On. Microsoft’s New Phone Features To Compete With Zoom,0.414,0.077,0.872,0.051
4,S&amp;P 500 Makes Sluggish Start to Week as Rallying Yields Weigh on Tech,0.898,0.099,0.836,0.065
5,3 Reasons to Buy AMD Stock Over Nvidia,0.968,0.266,0.718,0.016
6,"Dow Jones Rise, Techs Fall As Rising Treasury Yields, China Power Curbs Test Market Rally",0.296,0.099,0.901,0.0
7,"S&amp;P 500 Flat as Tech Stumble Offsets Surge in Energy, Financials",0.964,0.106,0.842,0.052
8,"Dow Jones Rise, But Techs Tumble As Rising Treasury Yields, China Power Curbs Test Market Rally",0.296,0.099,0.901,0.0
9,Google Cloud Fires Up Cloud War With Commission Cut: CNBC,0.402,0.052,0.91,0.039
10,3 Stocks to Tap the Trending Cloud Gaming Market,0.998,0.121,0.87,0.009
11,"Dow Jones Futures Pare Gains, Techs Fall After Market Rally Revives; Tesla FSD Beta Opens",-0.422,0.0,0.891,0.109
12,"Oils, Gannett, Rise in Premarket; Facebook Falls",0.836,0.087,0.852,0.061
13,Alphabet Weaker as Report Says it is Slashing Fee on Cloud Sales,-0.681,0.047,0.87,0.083
