﻿,Titles,Polarity,Positive,Neutral,Negative
0,"Dow Jones Futures: Market Rally Gets Win As CDC Lifts Mask Mandate; Apple, Microsoft Hit Resistance As Bitcoin, Tesla, Square Fall; Disney, Coinbase Lead Earnings Movers",0.0,0.0,1.0,0.0
1,Microsoft Shows Resilience Amid Tech Stock Swoon,0.44,0.132,0.868,0.0
2,Microsoft Stock Could Have 50% Upside. Here’s Why.,0.527,0.155,0.845,0.0
3,Microsoft Stock Shows Resilience Amid Tech Stock Swoon,0.785,0.233,0.767,0.0
4,"As Epic nears conclusion of case, Apple pushes back at experts",0.477,0.188,0.812,0.0
5,Discord to Let Users Sell Tickets for Virtual Events,0.919,0.073,0.879,0.048
6,Google wins cloud deal from SpaceX for Starlink internet service,0.957,0.11,0.866,0.024
7,"Dow Jones Today Chases Nasdaq As Chips Lead Futures Higher; Tesla Snubs Bitcoin; Yeti, PLBY Group Score Q1 Wins",0.0,0.0,1.0,0.0
8,"Mars and Microsoft work together to accelerate Mars' digital transformation and reimagine business operations, Associate experience and consumer engagement",1.0,0.182,0.813,0.004
9,Amazon’s Alexa Gets Biggest Auto Rollout in Six-Year Ford Deal,0.996,0.116,0.874,0.011
10,Investing in high growth stocks in the U.S. and Asia during tense times,0.796,0.081,0.919,0.0
11,"Twitter Picks Up Acquisition Pace, Driven by New Product Push",0.993,0.073,0.897,0.03
12,Biden Signs Order to Boost Cybersecurity After Pipeline Hack,0.888,0.099,0.815,0.085
