﻿,Titles,Polarity,Positive,Neutral,Negative
0,Top 10 Stocks to Buy According to Charles Pollnow’s Triple Frond Partners,0.999,0.128,0.854,0.019
1,"Dow Jones Rallies With China Set For Evergrande Collapse; Microsoft, Nvidia Offer Entries; Meme Stock Surges",0.382,0.106,0.894,0.0
2,"BOX's Content Cloud Picked by NASA, Johnson Space Center",0.996,0.145,0.841,0.015
3,"Customers Throng Best Buy Stores On News Of Limited PlayStation, Xbox Availability: Bloomberg",0.758,0.119,0.783,0.099
4,Microsoft Remains a Top-Notch Dividend Stock,0.963,0.248,0.752,0.0
5,Microsoft (MSFT) Rolls Out New Surface Products: Key Takeaways,0.993,0.083,0.906,0.012
6,"FDA approves booster shots, Facebook CTO steps down, White House’s chip shortage meeting",0.0,0.0,1.0,0.0
7,Apple (AAPL) Rumored to Launch AR-Supported Headset in 2H22,0.997,0.125,0.875,0.0
8,How Universities and Colleges Protect Against Cyber Attacks,0.914,0.123,0.78,0.097
9,1 Recent IPO in the Red-Hot Pet Industry,0.727,0.08,0.92,0.0
10,Fed Gives Bond-Buy Tapering Signal Without Timeline: 5 Picks,1.0,0.176,0.811,0.013
11,Microsoft Keeps Surface in Its Place,0.431,0.168,0.832,0.0
12,"White House to host Intel, Apple, Microsoft execs to discuss chip shortage",0.052,0.066,0.873,0.06
