﻿,Titles,Polarity,Positive,Neutral,Negative
0,U.S. Republican National Committee says its data not accessed in hack,-0.178,0.028,0.926,0.046
1,UPDATE 1-U.S. Republican National Committee says its data not accessed in hack,-0.178,0.027,0.928,0.044
2,These 2 Stock Giants Have Quietly Risen Toward All-Time Highs,0.665,0.052,0.948,0.0
3,"Dow Jones Futures Fall: Amazon, Shopify Lead 5 Techs In Buy Zones; Tesla Falls As China, Energy Stocks Hit Hard",-0.153,0.13,0.753,0.116
4,Jeff Bezos Hits Wealth Record of $211 Billion on Pentagon Move,0.992,0.135,0.857,0.007
5,"Dow Jones Futures: Amazon, Shopify Lead 5 Techs Entering Buy Zones; Tesla Reverses In Market Rally As Didi, Energy Stocks Hit Hard",-0.153,0.179,0.66,0.16
6,Pentagon to rebid Jedi cloud contract,0.0,0.0,1.0,0.0
7,TIMELINE-The fight by Microsoft and Amazon for the Pentagon's cloud contract,0.997,0.173,0.775,0.052
8,The fight by Microsoft and Amazon for the Pentagon's cloud contract,0.997,0.174,0.774,0.052
9,Amazon stock rides to record as JEDI deal gets canceled on new CEO’s first day,0.859,0.253,0.747,0.0
10,TIMELINE-Pentagon's cloud deal latest Trump move halted by Biden,0.997,0.173,0.774,0.052
11,Microsoft and Amazon could both come out on top now that Project JEDI is dead,0.97,0.086,0.874,0.04
12,"Pentagon Reboots $10B JEDI Cloud Contract, To Seek Proposals For Joint Warfighter Cloud Capability Contract: CNBC",-0.772,0.071,0.832,0.097
13,Pentagon scraps $10B JEDI cloud contract award to Microsoft,0.402,0.114,0.886,0.0
14,"Record Everything in U.S. Stock Market, Including Retail Froth",0.987,0.117,0.849,0.034
15,Microsoft’s ‘JEDI’ Contract Canceled in a Big Win for Amazon,0.599,0.129,0.871,0.0
16,"Bonds spook stocks, Microsoft loses Jedi contract, China crashes DiDi, Southwest cancels flights ahead of Elsa",0.0,0.0,1.0,0.0
17,Is Amazon stock ready for blast-off before Jeff Bezos reaches space?,0.993,0.1,0.878,0.022
18,"Pentagon Cancels JEDI Contract, Sets Stage For Microsoft-Amazon Rematch",0.66,0.265,0.735,0.0
19,"Can Google, Tesla, Microsoft, CrowdStrike, PayPal Keep The Tech Train Rolling?",0.422,0.183,0.817,0.0
20,Pentagon abruptly cancels $10 billion JEDI cloud contract,0.103,0.093,0.851,0.057
21,Pentagon calls off $10B JEDI cloud contract,0.0,0.0,1.0,0.0
22,S&amp;P 500 Cuts Losses as Tech Finds Feet Into Close,0.816,0.124,0.767,0.109
23,"Pentagon undoes Trump's $10 billion JEDI deal for Microsoft, reviving Amazon bid",0.968,0.121,0.835,0.044
24,"UPDATE 4-Pentagon undoes Trump's $10 billion JEDI deal for Microsoft, reviving Amazon bid",0.968,0.119,0.837,0.044
25,Synnex Defends Its Role In Friday Cybersecurity Attacks,-0.989,0.031,0.823,0.146
26,Microsoft (MSFT) Eyes Bigger Share as Video Gaming Thrives,0.998,0.108,0.881,0.011
27,"Pentagon May Split $10B Computing Pact Between Microsoft, Amazon",0.178,0.086,0.914,0.0
28,10 Best SPACs to Buy According to SoftBank’s Masayoshi Son,1.0,0.111,0.882,0.007
29,S&amp;P 500 Falls on Fears Rapid Growth Nearing Peak,-0.606,0.093,0.81,0.097
30,Nintendo Unveils New Switch With Bigger Screen for $350,0.99,0.116,0.857,0.027
31,10 Best Dividend Stocks to Buy According to James Parsons’ Junto Capital Management,1.0,0.127,0.863,0.01
32,"Dow Jones Futures: Crude Oil Prices Rise As Divided OPEC+ Postpones Talks; Didi IPO Crashes As Apple, Tech Titans Drive Market Rally",-0.671,0.0,0.792,0.208
33,Big Tech Antitrust Battle Continues: Risks And Opportunities For Investors,-0.681,0.035,0.813,0.152
