﻿,Titles,Polarity,Positive,Neutral,Negative
0,Bitcoin’s reflecting a new dimension of thinking about cryptocurrency: Rayliant Global Advisors CIO,-0.318,0.0,0.897,0.103
1,"Gundlach: Bitcoin, crypto 'poster child' of speculative, 'funny money' market",0.967,0.082,0.879,0.039
2,Apple v. Epic: Apple is ready to defend itself from anticompetition claims,0.128,0.048,0.952,0.0
3,Will 2021’s ‘Digital Acceleration’ Bring Back the Once Great IBM?,0.985,0.075,0.903,0.022
4,Should You Consider Investing in Microsoft (MSFT)?,0.996,0.123,0.861,0.016
5,Dow Jones Up 250 Points Despite Plunging Disney Stock; Nasdaq Leads Stock Market Rebound,0.09,0.066,0.934,0.0
6,Tech Fights Claim That Foreign-Worker Spouses Help Take Jobs,0.996,0.138,0.812,0.051
7,"S&amp;P 500 Ends Week in Red Despite Signs Tech, Value Can Co-Exist",0.995,0.117,0.863,0.02
8,Dow Jones Rallies As Disney Dives On Earnings; Tesla Looks To Rebound From Key Support,0.103,0.1,0.815,0.085
9,S&amp;P 500 Racks Up Gains as Tech Turnaround Continues After Recent Rout,0.995,0.122,0.858,0.02
10,Here Are The Leaders In Cloud Computing Spending — Maybe,0.494,0.246,0.625,0.129
11,"Dow Jones Futures Set To Extend Market Rally Rebound, But What To Do Now? Disney, Coinbase Lead Earnings Movers",0.0,0.0,1.0,0.0
12,Apple and Microsoft’s Rivalry Had Cooled. Now It’s Back and Getting Testier,-0.096,0.068,0.865,0.068
13,4 Reasons You Shouldn't Invest Like Billionaires Do,-0.664,0.0,0.734,0.266
