﻿,Titles,Polarity,Positive,Neutral,Negative
0,"Google, Facebook, Microsoft top EU lobbying spending - study",0.859,0.063,0.887,0.05
1,Zoom Sinks as Forecast Fuels Post-Pandemic Letdown Fears,0.988,0.098,0.892,0.01
2,Mario Gabelli is Dumping These 15 Stocks,1.0,0.112,0.845,0.043
3,Amazon's (AMZN) AWS Clientele Expands With Sun Life's Selection,0.997,0.156,0.828,0.016
4,Alphabet Beats Rivals With 65% Gain in Longest Rally Since 2009,0.99,0.139,0.861,0.0
5,"Dow Jones Turns Positive As Nasdaq, S&amp;P 500 Hit New Highs; 3 Breakout Stocks To Watch",0.0,0.0,1.0,0.0
6,"Zoom Video, Crowdstrike, Consumer Confidence: 3 Things to Watch",0.983,0.101,0.862,0.038
7,Even Delta Could Not Harm Salesforce,0.991,0.079,0.914,0.007
8,This Week's Earnings Report,0.999,0.136,0.851,0.013
9,4 Stocks to Benefit From the Potential of Quantum Computing,0.998,0.102,0.889,0.009
