﻿,Titles,Polarity,Positive,Neutral,Negative
0,Weekly Roundup,0.818,0.268,0.732,0.0
1,"Dow Jones Futures: Apple Earnings, Fed Rate Hike Headline Huge Market Week; What To Do Now",0.727,0.295,0.705,0.0
2,"Caveday virtual spaces guide workers to boost 'monotasking,' co-founder says",0.361,0.116,0.884,0.0
3,Progressive Caucus Asks Schumer to Set Vote on Antitrust Bills,-0.908,0.072,0.837,0.091
4,"Inflation: The Fed 'doesn't have the guts' to raise interest rates by 6 to 7%, strategist says",-0.492,0.0,0.861,0.139
5,"Tech stocks: Where to find 'safety,' according to one analyst",0.997,0.083,0.892,0.025
6,Previewing Big Tech Earnings Ahead of a Huge Week for Wall Street,0.999,0.109,0.851,0.039
7,"Grief, stress and 'dumptrucks of cash.' For Triangle firms in Ukraine, war becomes part of daily business",0.361,0.204,0.689,0.107
8,Analysts Remain Cautious Over SAP Post Q2 Results,0.979,0.12,0.812,0.069
9,10 Stocks to Buy Before Their Earnings Reports,1.0,0.135,0.848,0.017
10,"Apple and Microsoft Earnings, or the Fed: What Matters More Next Week?",0.25,0.103,0.828,0.069
11,"Expect Two Shallow Recessions, Plus a Quick End to the Fed’s Moves to Raise Interest Rates",-0.382,0.0,0.885,0.115
12,Microsoft To Block This Vital MS Office Feature Soon,0.677,0.118,0.795,0.087
13,It’s the end of ‘fantasyland’ for Big Tech and its workers,0.178,0.115,0.814,0.071
14,"Stocks mixed, Treasury yields down, Snap stock plummets",0.0,0.0,1.0,0.0
15,"Market check: Dow leads indices, energy stocks gain, wheat futures fall",0.0,0.0,1.0,0.0
16,Microsoft job listings subside as the tech giant slows hiring,0.178,0.048,0.911,0.041
17,10 Stocks to Buy Now According to David Einhorn’s Greenlight Capital,1.0,0.112,0.861,0.027
18,"‘People will freak out’: The cloud boom is coming back to Earth, and that could be scary for tech stocks",-0.361,0.048,0.84,0.112
19,"Amazon, Alibaba, Others Miss Registration Deadline In Indonesia: Bloomberg",0.865,0.122,0.807,0.07
20,7 Undervalued Cybersecurity Stocks to Buy Now,0.999,0.14,0.828,0.032
21,"Does Netflix Have a ""Hidden Agenda"" With Microsoft?",0.0,0.0,1.0,0.0
22,7 Growth Stocks to Buy on the Dip,0.999,0.115,0.868,0.017
23,7 Best Nasdaq Stocks to Buy in July,1.0,0.177,0.777,0.045
24,7 Seriously Undervalued Tech Stocks to Buy Now,0.99,0.078,0.861,0.061
