﻿,Titles,Polarity,Positive,Neutral,Negative
0,7 Tech Stocks Trading at a Terrific Discount Right Now,0.978,0.102,0.812,0.086
1,These 10 Stocks Are Making Headlines on Tuesday,0.985,0.073,0.894,0.033
2,IBM’s Red Hat Taps Product and Technology Chief as New Leader,0.978,0.097,0.865,0.038
3,Energy price decline may be attributed to 'a little bit of confusion': Strategist,0.527,0.167,0.833,0.0
4,7 Best OTC Stocks to Buy Now for July 2022,1.0,0.179,0.814,0.007
5,"Starbucks launches second AmazonGo collaboration, Microsoft cuts employees",0.44,0.094,0.906,0.0
6,Microsoft and Gopuff Are Latest Tech Firms to Cut Jobs,-0.44,0.02,0.902,0.078
7,Dow Futures Tick Higher Ahead of Key Inflation Print,0.896,0.07,0.891,0.039
8,Microsoft Trims Workforce as Part of ‘Strategic Realignment’,-0.402,0.0,0.866,0.134
9,"Microsoft Isn’t Immune to a Potential Recession, Morgan Stanley Warns",0.0,0.0,1.0,0.0
10,Stock Market Today: Dow Falls on Energy Wobble Ahead of Inflation Data,0.03,0.084,0.824,0.092
11,Market check: Energy stocks in the red as dollar strengthens,0.273,0.149,0.851,0.0
12,"S&amp;P 500 Gives Up Gains as Energy Slips, Financials Lose Steam",-0.771,0.072,0.835,0.093
13,JFrog (FROG) Collaborates With Microsoft Teams for Artifactory,0.998,0.172,0.807,0.021
14,"Dow Jones Falls As Treasury Yields, Oil Prices Tumble On Recession Fears",-0.586,0.074,0.697,0.23
15,Some beaten-down tech stocks are now 'outright cheap': JPMorgan,0.995,0.122,0.864,0.014
16,10 Best Data Center Stocks To Invest In,0.999,0.115,0.872,0.013
17,Why the U.K. Inquiry Into the Microsoft-Activision Blizzard Deal Didn't Disturb Investors,-0.649,0.022,0.885,0.093
18,"Dow Jones Futures Slide As Treasury Yields, Oil Prices Tumble On Recession Fears",-0.477,0.134,0.651,0.215
19,3 Supercharged Tech Stocks to Buy Without Hesitation,0.647,0.104,0.843,0.052
20,Microsoft Goes on Offensive in Europe to Combat Cloud Concerns,0.34,0.149,0.779,0.071
21,"Delta, Amazon, Wells Fargo Join Effort to Push for More US Computer Education",0.977,0.089,0.875,0.036
22,"Microsoft Cuts Jobs in Structural Adjustment, Plans More Hiring",0.905,0.082,0.876,0.042
