﻿,Titles,Polarity,Positive,Neutral,Negative
0,Microsoft (MSFT) Outpaces Stock Market Gains: What You Should Know,0.995,0.111,0.889,0.0
1,Facebook crosses $1 trillion mark after judge dismisses FTC antitrust suit,0.0,0.0,1.0,0.0
2,"Facebook Rises After Lawsuit Dismissal, Hits $1 Trillion Value",0.966,0.101,0.851,0.048
3,Is Salesforce Stock A Buy? Slack Deal Synergies Key For Digital Transformation Leader,0.361,0.088,0.912,0.0
4,IBM Hybrid Cloud platform Senior VP on expanding 5G,0.999,0.113,0.884,0.003
5,Three Long-Term Leaders Test Breakouts On Cybersecurity Partnership For Hybrid Era Of Work,0.318,0.119,0.881,0.0
6,"Top Research Reports for Microsoft, Nike &amp; BlackRock",0.999,0.17,0.789,0.042
7,Small Companies to Invest in 2021,1.0,0.166,0.822,0.012
8,Microsoft has evaded the antitrust scrutiny of its rivals playing the White Knight,-0.44,0.0,0.927,0.073
9,Microsoft Has a $2 Trillion Valuation. Why One Analyst Just Raised His Target Price.,0.0,0.0,1.0,0.0
10,"Dow Jones Falls As Boeing Drags, But Nasdaq Hits New High As Tech Stocks Rally",-0.262,0.071,0.815,0.114
11,Microsoft Overbought After Windows 11 Event,0.97,0.101,0.842,0.057
12,"NVIDIA Extends Arm Support, Collaborates With Google Cloud For AI-on-5G Lab, Introduces New HGX A100 Systems To Drive Industrial AI",0.987,0.12,0.87,0.01
13,"The Zacks Analyst Blog Highlights: Google, Microsoft, Amazon and Oracle",0.999,0.122,0.868,0.01
14,Microsoft Corporation's (NASDAQ:MSFT) Stock's On An Uptrend: Are Strong Financials Guiding The Market?,0.999,0.155,0.838,0.007
15,Nvidia Gains On Support From Arm Customers To Buy Chip Designer,0.955,0.105,0.873,0.022
16,4 Dow Stocks Billionaire Money Managers Can't Stop Buying,0.62,0.225,0.775,0.0
