﻿,Titles,Polarity,Positive,Neutral,Negative
0,Dow Jones Slips As Nasdaq Leads; AMC Rallies Despite Insider Selling; New Leader Explodes,0.0,0.0,1.0,0.0
1,Dow Extends Losses In Mixed Stock Market; Biogen Soars 50% After FDA Nod,0.681,0.187,0.813,0.0
2,"As Nvidia Stock Breaks Out, Cloud And Chip Stocks GOOGL, MSFT, AMAT Set Up",0.296,0.084,0.916,0.0
3,Williams (WMB) Signs MoU With Microsoft on Clean Energy Goals,0.999,0.19,0.806,0.004
4,Dow Jones Falls But These 3 Key Stocks In Buy Range; Biogen Rallies Ahead Of FDA Decision,0.0,0.0,1.0,0.0
5,Microsoft’s Growth Spurt Isn’t Over. Morgan Stanley Says the Street Is Too Bearish.,0.743,0.201,0.799,0.0
6,"S&amp;P 500 Swings Between Gains, Losses to End Flat; Biogen Soars",0.818,0.093,0.823,0.084
7,10 Small-Cap AI Stocks,1.0,0.131,0.862,0.008
8,Google fined $270M from France over ad practices,0.982,0.085,0.862,0.053
9,China’s firewall is spreading globally,-0.802,0.026,0.86,0.113
10,G7 Agrees to Minimum 15% Corporate Tax: Reuters,0.958,0.145,0.802,0.052
11,3 Stocks to Track in a Thriving Video Gaming Industry,0.999,0.133,0.856,0.011
12,We Spent 7 Months Testing the New PlayStation and Xbox Consoles. We Have a Winner.,0.412,0.165,0.835,0.0
13,Microsoft Gains As Morgan Stanley Reiterates Bullish Outlook,0.99,0.171,0.82,0.009
14,"Zacks Industry Outlook Highlights: Logitech, LG Display, Immersion, Microsoft and Zoom Video",0.999,0.124,0.857,0.019
15,"Tesla Falls Premarket; AMC Entertainment, GameStop Rise",0.968,0.075,0.908,0.017
16,"Netflix No Longer Fits in FAANG, But Here's Who Does",0.477,0.205,0.731,0.064
17,Tech Shares Weaker After Richest Nations Agree On Minimum Corporate Tax,0.938,0.109,0.833,0.057
18,New Renewable Fuel Might be 3 Times More Powerful Than Gasoline,1.0,0.14,0.832,0.028
