﻿,Titles,Polarity,Positive,Neutral,Negative
0,Tesla Rival Nio Halts Factory Amidst Chip Shortage,-0.875,0.078,0.813,0.109
1,‘Tech stocks are going to do vey well going forward’: Expert,0.0,0.0,1.0,0.0
2,7 Sector Index Funds To Keep On Your Radar,0.999,0.09,0.905,0.005
3,Facebook to Start Reopening Silicon Valley Offices in May,0.899,0.062,0.922,0.016
4,"Dow Rallies, Tech Stocks Reverse Lower As Treasury Yields Jump; Boeing At New Buy Point, While Tesla Slides",0.202,0.07,0.93,0.0
5,"Dow, Tech Stocks Rally As Treasury Yields Jump; Boeing At New Buy Point, While Tesla Slashes Losses",0.202,0.07,0.93,0.0
6,Sierra Wireless Resumes Production After Ransomware Recovery,0.637,0.081,0.863,0.056
7,"The Zacks Analyst Blog Highlights: Dynatrace, NVIDIA, Apple, Cerence and Microsoft",1.0,0.14,0.844,0.016
8,4 Stocks That Could Set You Up for Life,0.943,0.165,0.835,0.0
9,Apple Acquired The Highest Number Of AI Startups In Last 5 Years,0.897,0.043,0.951,0.006
10,"GameStop, Elon Musk, Microsoft and Discord, Ford - 5 Things You Must Know",0.66,0.204,0.729,0.068
