﻿,Titles,Polarity,Positive,Neutral,Negative
0,Apple Joins Fellow Tech Giants in Putting a Lid on Hiring,-0.888,0.048,0.897,0.054
1,"IBM Posts Highest Sales Growth in a Decade, Cuts Cash-Flow Estimate",0.929,0.068,0.889,0.042
2,Microsoft (MSFT) Dips More Than Broader Markets: What You Should Know,0.993,0.115,0.86,0.025
3,IBM Second-Quarter Earnings Advance on 9% Sales Growth,0.637,0.119,0.847,0.034
4,What's Going On With Apple Stock Today,0.968,0.149,0.819,0.032
5,"Apple to Slow Hiring as Economy Softens, Report Says",0.382,0.106,0.894,0.0
6,Netflix Q2 earnings preview: What to expect as Morgan Stanley warns of 'streaming recession',0.224,0.083,0.835,0.083
7,A Comprehensive Guide to Video-Gaming ETFs,0.999,0.132,0.845,0.023
8,PC Sales Weakness To Weigh On Microsoft's June-Quarter Report,-0.318,0.0,0.892,0.108
9,UPDATE 1-Microsoft president sees 'new era' of stagnating labor pool,0.963,0.092,0.853,0.056
10,4 Megacap Tech Stocks That I Am Bullish on Right Now,0.178,0.141,0.754,0.106
11,Billionaire Daniel Sundheim’s D1 Capital Portfolio: Top 10 Stock Picks,1.0,0.146,0.833,0.021
12,Is This Warren Buffett Stock Worth Buying Right Now?,0.361,0.168,0.751,0.081
13,Netflix Stock Has a Lot to Prove This Week,-0.273,0.0,0.89,0.11
14,Dow Jones Rallies As Earnings Season Continues; Goldman Sachs Jumps On Earnings,0.0,0.0,1.0,0.0
15,Economic Recession is Crushing These 10 Hedge Funds,0.992,0.102,0.827,0.071
16,10 New Stock Picks of Bruce Kovner’s Caxton Associates,1.0,0.114,0.87,0.017
17,10 Best Stocks to Buy According to DE Shaw,0.999,0.105,0.868,0.027
18,12 Best Environmental Stocks to Invest In,1.0,0.128,0.861,0.011
19,10 Blue Chip Stocks To Buy Now According To Billionaire Andreas Halvorsen,1.0,0.12,0.851,0.029
20,Dow Jones Futures Rally As Earnings Season Continues; Goldman Sachs Jumps On Earnings,0.0,0.0,1.0,0.0
21,Microsoft president sees 'new era' of stagnating labor pool,0.963,0.092,0.852,0.056
22,"From the editor: Amid parade of tech expansions, the first steps of enormous Microsoft campus proceed quietly",0.0,0.0,1.0,0.0
23,These 3 Stocks Have Underperformed the Market This Year. Is Now the Time to Buy?,0.807,0.125,0.875,0.0
24,What the newest high-end AR devices will cost,0.0,0.0,1.0,0.0
25,"Cut the meetings, make more friends",0.859,0.388,0.612,0.0
