﻿,Titles,Polarity,Positive,Neutral,Negative
0,"Microsoft: Cloud Strength Can Help Mitigate Persisting FX Headwinds, Says 5-Analyst",0.99,0.108,0.873,0.019
1,Microsoft (MSFT) Dips More Than Broader Markets: What You Should Know,0.979,0.089,0.875,0.036
2,The Road to Better Tech Is Strewn With Losers… Here’s How to Find the Next Winner,0.966,0.089,0.836,0.075
3,Here's Why We Think Microsoft (NASDAQ:MSFT) Might Deserve Your Attention Today,0.999,0.191,0.794,0.015
4,Microsoft (MSFT) Teams Gets Multi-Language Support and More,0.995,0.126,0.865,0.009
5,Why Activision Blizzard Stock Gained 17% in the First Half of 2022,0.844,0.146,0.854,0.0
6,Penny Pritzker details Chicago’s 'massively vibrant' tech industry,1.0,0.157,0.787,0.056
7,"Earnings Season Preview: Stocks Need Solid Profit Boost To Challenge Recession Bets, Bear Market Slump",-0.735,0.039,0.809,0.152
8,"Market check: Nasdaq falls, U.S. dollar at highest level since 2002",0.0,0.0,1.0,0.0
9,Market check: Stocks open lower as investors brace for earnings,0.0,0.0,1.0,0.0
10,"Dow Jones Falls, Tech Stocks Dive Ahead Of Earnings Season; Elon Musk Seeks To Terminate Twitter Deal",0.296,0.091,0.909,0.0
11,10 Best Stocks to Buy for Long Term According to ValueAct Capital,0.998,0.079,0.912,0.008
12,3 Companies That Might Acquire DocuSign,-0.542,0.0,0.935,0.065
13,Dow Jones Futures Fall Ahead Of Earnings Season; Elon Musk Seeks To Terminate Twitter Deal,0.296,0.091,0.909,0.0
14,Tech Earnings Are Coming. 6 Reasons to Brace for Even More Pain.,-0.572,0.059,0.796,0.145
15,Should You Throw In The Towel On These Once-Prized Stocks?,0.44,0.206,0.7,0.093
16,2 of the Best Growth Stocks to Buy if Inflation Has Peaked,0.681,0.117,0.854,0.028
