﻿,Titles,Polarity,Positive,Neutral,Negative
0,Top 10 Stocks To Buy According To Billionaire James Dinan,1.0,0.126,0.843,0.032
1,"Concentrum Wealth Management Buys Apple Inc, Confluent Inc, Invesco DB Base Metals Fund, Sells ...",1.0,0.153,0.838,0.009
2,"RBA Wealth Management, LLC Buys UnitedHealth Group Inc, Microsoft Corp, Prologis Inc, Sells ...",0.998,0.122,0.863,0.015
3,Dow Jones Up As Stock Market Rally Keeps Rolling; Google Parent Alphabet Surges As PayPal Sinks,0.0,0.0,1.0,0.0
4,Will Amazon Earnings Follow the Trend?,0.44,0.206,0.794,0.0
5,"ETFs: Investors ‘taking sector bets on long-term growth,’ GTS principal says",0.0,0.116,0.792,0.092
6,"Omicron led to 'short but shallow economic damage,' market strategist says",0.0,0.0,1.0,0.0
7,Top 10 Stock Picks of Christopher Lyle’s SCGE Management,0.999,0.109,0.876,0.016
8,"Provident Wealth Management, LLC Buys iShares Core MSCI Emerging Markets ETF, First Trust ...",0.999,0.139,0.854,0.007
9,"SlateStone Wealth, LLC Buys People's United Financial Inc, KeyCorp, SPDR NYSE Technology ETF, ...",0.999,0.126,0.869,0.005
10,"Concorde Asset Management, LLC Buys BTC BlackRock Short Maturity Bond ETF, British American ...",0.999,0.103,0.892,0.005
11,"Payrolls report 'temporary blip in a strong recovery,' strategist says",0.0,0.0,1.0,0.0
12,Stocks turn green amid Big Tech earnings rollout,0.0,0.0,1.0,0.0
13,"UPDATE 1-Melinda French Gates no longer plans to give most of wealth to Gates Foundation, WSJ reports",0.802,0.072,0.901,0.027
14,7 Web 3.0 Plays That Could Be the Best Plays You Ever Make,1.0,0.175,0.805,0.02
15,10 Dividend Stocks in Crispin Odey’s Hedge Fund Portfolio,0.999,0.119,0.863,0.019
16,"Google’s cloud business ‘really not gaining share’ against Microsoft, Amazon: Analyst",0.999,0.15,0.819,0.031
17,How Sony's Bungie Acquisition Affects Microsoft Gaming,0.0,0.0,1.0,0.0
18,"Nasdaq Rises on Google Earnings, Stock Split as Other Indexes Waver",0.0,0.0,1.0,0.0
19,Gaming earnings: EA forecast misses expectations,0.0,0.0,1.0,0.0
20,Microsoft Stock Is Slipping. GlaxoSmithKline’s CEO Bought Up Shares.,0.0,0.0,1.0,0.0
21,Better Buy: Microsoft vs. Sony,0.361,0.063,0.937,0.0
22,"Melinda French Gates no longer plans to give most of wealth to Gates Foundation, WSJ reports",0.7,0.061,0.911,0.027
23,"Riversedge Advisors, Llc Buys iShares National Muni Bond ETF, VanEck High Yield Muni ETF, ...",0.992,0.06,0.92,0.019
24,"Cim Investment Management Inc Buys iShares Core S&amp;P 500 ETF, iShares Core S&amp;P Mid-Cap ...",0.996,0.058,0.937,0.005
25,Could the Dow Finally Beat the Nasdaq in 2022?,0.0,0.0,1.0,0.0
26,Here Are The 10 Stocks Members Of Congress Are Loading Up On,-0.382,0.0,0.898,0.102
27,Members Of Congress Load Up On Their 10 Favorite Stocks,-0.382,0.0,0.898,0.102
28,Is Nvidia Stock Too Expensive?,0.889,0.148,0.852,0.0
29,Is It Too Late to Buy Microsoft Stock?,0.44,0.137,0.781,0.082
30,3 Stocks I Am Buying During This Tech Selloff,0.459,0.235,0.644,0.121
31,How long can the Microsoft and Sony gaming truce last?,-0.372,0.086,0.812,0.102
32,Why Sony's Jump for Bungie Makes Videogame Sense,0.0,0.0,1.0,0.0
33,Sony Raises Forecast After Profit Beats on Spider-Man Boost,-0.726,0.058,0.879,0.063
34,Zuckerberg's Metaverse Gets Quiet Rollout in Facebook-Wary D.C.,0.972,0.089,0.844,0.067
35,Microsoft's Gaming Ambitions and COVID-19 Stocks,0.0,0.0,1.0,0.0
36,"Gryphon Financial Partners LLC Buys Microsoft Corp, iShares S&amp;P 500 Growth ETF, iShares ...",0.998,0.073,0.921,0.005
37,"Insight 2811, Inc. Buys Vanguard Short-Term Government Bond ETF, Alerian MLP ETF, iShares 20+ ...",0.997,0.072,0.924,0.004
38,Were Hedge Funds Right About Apple Inc. (AAPL)?,0.996,0.091,0.896,0.013
39,Were Expert Investors Right About Microsoft Corporation (MSFT)?,0.999,0.13,0.859,0.011
40,Big tech should reimburse victims of online scams - British lawmakers,-0.985,0.046,0.838,0.116
