﻿,Titles,Polarity,Positive,Neutral,Negative
0,Why tech stocks may continue to get pummeled,0.966,0.088,0.87,0.042
1,Trimming 2 Winners and Adding to 2 Others,0.44,0.139,0.861,0.0
2,Stock Market Today: Dow Plunges 1200 Points in Tech Selloff After Inflation Report,0.959,0.096,0.888,0.015
3,"Why Intel, Microsoft, and HP Stocks Flopped Today",-0.681,0.021,0.903,0.076
4,What Is the Next Big Meme Stock to Buy? Our 3 Top Picks.,0.998,0.134,0.855,0.012
5,10 Dividend Stocks to Buy According to Billionaire Stanley Druckenmiller’s Duquesne Capital,0.999,0.104,0.89,0.006
6,Better Buy: Apple vs. Microsoft,0.557,0.046,0.954,0.0
7,"Dow Jones Dives 700 Points On Hot Inflation Report; Apple, Tesla Drop",0.0,0.0,1.0,0.0
8,"Dow Jones Dives 600 Points On Hot Inflation Report; Apple, Tesla Drop",0.0,0.0,1.0,0.0
9,Bill Gates says he’s taken the brunt of COVID conspiracy abuse because people don’t know Anthony Fauci outside the U.S.,-0.986,0.094,0.776,0.13
10,"Midday Movers: Tech Stocks, Cheniere, Twitter and More",0.489,0.061,0.896,0.042
11,Dow Jones Futures Rally Ahead Of Key Inflation Data,0.0,0.0,1.0,0.0
12,Robinhood Investors Refuse To Give Up On 10 Losing Stocks,0.171,0.174,0.712,0.114
13,10 Best Quality Stocks to Buy Now,0.999,0.118,0.852,0.03
14,Meta Seeks Out Secrets From Over 100 Companies to Win Antitrust Suit,0.303,0.061,0.88,0.06
15,"Lumen Technologies CEO Jeff Story to step down, to be succeeded by Kate Johnson from Microsoft",0.0,0.0,1.0,0.0
16,U.S. Stocks Tumble After Higher Than Expected August Inflation; Nasdaq Down 4%,0.886,0.094,0.859,0.047
17,"CORRECTED (OFFICIAL)-Energy Impact Partners gets ADIA, Microsoft backing for first European fund",0.983,0.105,0.882,0.013
18,'Challenge' to maintain world's focus on global health after COVID-19: Bill Gates,0.887,0.102,0.832,0.066
