﻿,Titles,Polarity,Positive,Neutral,Negative
0,Dow Jones Futures: Market Sells Off Amid Yellen Default Warning; Growth Stocks On Track For Worst Week Since Coronavirus Crash,-0.893,0.09,0.45,0.46
1,Microsoft revamps Surface products amid renewed hardware push,0.44,0.135,0.8,0.065
2,"Microsoft to allow Epic Games, Amazon storefronts on its app store",-0.02,0.041,0.928,0.03
3,"Dow Jones Dives; Schumer Makes Move As Yellen Issues Warning; Microsoft Falls, Tesla Makes Stand",-0.791,0.0,0.643,0.357
4,Epic Games is coming to Microsoft’s online app store,0.511,0.147,0.853,0.0
5,"Tech sector leads selloff, Amazon launches home robot, Ford doubles down on EV",0.0,0.0,1.0,0.0
6,Salesforce.com Among The 5 Best Tech Stocks To Buy Or Watch Now,0.904,0.379,0.621,0.0
7,Why These 10 Stocks Are on the Move on Tuesday,0.992,0.096,0.868,0.036
8,Jim Simons’ Quant Hedge Fund is Buying These 10 Stocks,1.0,0.095,0.883,0.022
9,Early Facebook Investor Says These 3 FAANG Names Will Outperform Because Of Next-Gen Tech,0.978,0.102,0.893,0.005
10,"Strong Earnings Reports, Supply Chain Woes, and Big Tech News",0.318,0.141,0.859,0.0
11,Microsoft Allows Epic Games on Its App Store Without Fee,0.478,0.082,0.853,0.065
12,Amazon Announces Smart Thermostat in Partnership With Honeywell,-0.796,0.047,0.888,0.065
13,"Dow Jones Dives On Janet Yellen Warning, Stocks Sell Off As Bond Yields Rise",-0.402,0.071,0.751,0.178
14,Microsoft Breaks Support,0.077,0.045,0.918,0.037
15,10 Stocks to Sell According to Julian Robertson’s Tiger Management,0.997,0.075,0.888,0.038
16,"Treasury Yields Hit Highest Level Since June, Weighing On Tech Sector In Particular",0.998,0.119,0.804,0.077
17,9 Best Clean Energy Stocks To Buy Today,1.0,0.158,0.822,0.02
18,9 Stocks Better than Apple (AAPL) According to Hedge Funds,1.0,0.11,0.865,0.025
19,Wall Street Opens Lower on Inflation Fears; Nasdaq Down 1.4%,0.938,0.089,0.861,0.051
20,"Tech Stocks Roundup: Cramer on Salesforce, Amazon, Facebook, Zoom",0.511,0.185,0.815,0.0
21,UPDATE 1-Microsoft CEO says failed TikTok deal 'strangest thing I've worked on',0.963,0.085,0.881,0.034
22,Microsoft CEO says failed TikTok deal 'strangest thing I've worked on',0.963,0.086,0.88,0.034
