﻿,Titles,Polarity,Positive,Neutral,Negative
0,"Sara-Bay Financial Buys Cerence Inc, Public Service Enterprise Group Inc, Welltower Inc, Sells ...",0.992,0.06,0.933,0.007
1,China's Attempt To Kill The Oil Rally Is Bound To Fail,-0.993,0.059,0.844,0.097
2,Dow Jones Dives 450 Points As Stock Sell-Off Accelerates; Banks Fall But Chip Stocks Rally,0.0,0.0,1.0,0.0
3,"Former employee sues Nuance Communications, alleging fraud",-0.883,0.0,0.627,0.373
4,"The Zacks Analyst Blog Highlights: The Trade Desk, QuickLogic Corp., Microsoft and Monolithic Power Systems, Inc.",1.0,0.161,0.811,0.028
5,"Market check: Stocks choppy in intraday trading, tech stocks turn green",0.0,0.0,1.0,0.0
6,Microsoft Stock Soared ~50% in 2021; How Much Higher Can It Go?,0.994,0.117,0.873,0.011
7,"Data-driven digital business is ‘in its first chapter,’ NetApp CEO says",-0.34,0.0,0.909,0.091
8,Acuity Brands (AYI) Partners Microsoft to Boost Technology,0.998,0.157,0.84,0.003
9,SAP Reports Upbeat Preliminary Q4 Results Driven by Cloud,0.998,0.111,0.889,0.0
10,"Dow Jones Sells Off As Citigroup, JPMorgan Tumble On Earnings",-0.178,0.088,0.793,0.119
11,Is the Market Undervaluing This Gaming Stock?,0.178,0.143,0.728,0.128
12,10 Best Stocks To Buy According To Terry Smith’s Fundsmith LLP,1.0,0.137,0.842,0.02
13,Pure Storage (PSTG) Unit Boosts TeleMessage's Compliant Solutions,0.999,0.171,0.81,0.019
14,Senator John Hickenlooper Latest Portfolio: Stocks to Watch,1.0,0.134,0.857,0.009
15,"Dow Jones Futures Fall After Market Sell-Off; Citigroup, JPMorgan Slide On Earnings",0.25,0.111,0.889,0.0
16,How To Buy Stocks: This Research Tool Helps Investors Evaluate Winning Stocks,0.572,0.179,0.821,0.0
17,Prediction: Amazon Stock Will Be Worth More Than Apple in 10 Years,0.697,0.139,0.819,0.042
18,Types of Stocks,0.681,0.228,0.772,0.0
19,2 Monster Metaverse Stocks to Buy for the Long Haul,0.727,0.091,0.909,0.0
20,Bull vs. Bear: Could Tesla Be the Best-Performing S&amp;P 500 Stock of 2022?,0.477,0.137,0.788,0.076
21,4 Reasons Meta Platforms Is Poised to Grow in 2022,0.178,0.068,0.889,0.043
22,Microsoft commits to outside review of sexual harassment policies,-0.542,0.0,0.881,0.119
