﻿,Titles,Polarity,Positive,Neutral,Negative
0,Biden Names Tech Foe Jonathan Kanter as DOJ Antitrust Chief,0.977,0.09,0.849,0.061
1,Microsoft (MSFT) Earnings Expected to Grow: Should You Buy?,0.996,0.12,0.837,0.043
2,Sneakers aren’t the only hot sellers in the resale market: StockX,0.937,0.086,0.875,0.038
3,10 Best Stocks to Buy According to Billionaire Steve Cohen,1.0,0.131,0.85,0.019
4,10 Best Stocks to Buy According to Billionaire Paul Tudor Jones,1.0,0.127,0.858,0.015
5,50 Funny Things to Ask Alexa and Google,0.999,0.126,0.857,0.017
6,"Best Tech Stocks To Buy Or Watch Now: DocuSign, Asana Among 5 Top Software Stocks Leading The Market",0.94,0.452,0.548,0.0
7,10 software stocks with sales expected to increase up to 174% through 2023,0.0,0.0,1.0,0.0
8,"S&amp;P 500 Makes Comeback as Airlines, Banks Shine",0.976,0.084,0.886,0.03
9,Lawmakers discuss responses to brazen ransomware attacks,-0.44,0.0,0.828,0.172
10,10 Cheap Monthly Dividend Stocks to Buy Now,1.0,0.152,0.832,0.016
11,Meet AMD's Next Big Growth Driver,0.357,0.034,0.95,0.016
12,"Earnings Pace Picks Up Later Today With Chipotle, Netflix Expected To Report",0.998,0.127,0.794,0.079
13,S&amp;P 500 Stages Rebound on Dip-Buying Activity,0.931,0.075,0.878,0.047
14,Salesforce's (CRM) $27.7B Slack Buyout Deal Nears Closure,0.996,0.141,0.859,0.0
15,Google Cloud Pitches Security Tools to Aid Government Business,0.993,0.187,0.762,0.051
16,"The Zacks Analyst Blog Highlights: Zoom, Five9, Cisco and Microsoft",0.999,0.144,0.845,0.01
17,Quantum Computing is Set to Transform Tech: 5 Stocks to Watch,0.999,0.153,0.829,0.018
18,UPDATE 1-U.S. and allies accuse China of global hacking spree,0.964,0.095,0.825,0.079
19,Microsoft Securing its Position with Cybersecurity Investments,0.999,0.165,0.807,0.028
