﻿,Titles,Polarity,Positive,Neutral,Negative
0,"Market check: Nasdaq stocks stage comeback, Dow and S&amp;P 500 close near all-time highs",0.0,0.0,1.0,0.0
1,Amazon (AMZN) Boosts AWS Portfolio with New EC2 Instances,0.999,0.164,0.826,0.01
2,Market strategist: The issue with tech stocks is ‘simply one of valuation’,0.511,0.125,0.824,0.051
3,"Stolper Co Buys Apple Inc, Berkshire Hathaway Inc, JPMorgan Chase, Sells Ardagh Metal Packaging ...",0.995,0.086,0.9,0.014
4,Morgan Stanley has an 'overweight' rating on these 3 stocks yielding up to 9.1% — nail them down in case inflation soars even higher,0.992,0.117,0.85,0.033
5,"S&amp;P 500 Rides Tech, Energy Rally as Powell Soothes Tightening Fears",0.39,0.089,0.841,0.07
6,Apple's Tim Cook made $98M in 2021 — how that compares to other tech CEOs,0.999,0.095,0.893,0.013
7,19 Giant Stock Winners Now Cost You $1 Trillion On The Way Down,0.44,0.112,0.888,0.0
8,Dow Jones Slides Ahead Of Powell Testimony; Tesla China Sales Strong; Rivian Misses Production Target,-0.171,0.0,0.926,0.074
9,"Junson Asset Management (Hong Kong) Ltd Buys Smartsheet Inc, Meta Platforms Inc, Microsoft ...",0.998,0.096,0.896,0.008
10,"Apple’s Loss in Cloud Gaming Could Benefit Nvidia, Amazon, and Microsoft",0.0,0.0,1.0,0.0
11,Recalibrated Fed expectations have ‘shaken the confidence of markets’: Strategist,0.586,0.105,0.895,0.0
12,Prediction: These Will Be 3 of the Biggest Stocks by 2032,0.606,0.248,0.752,0.0
13,Cadence (CDNS) Solution Boosts Efficiency of Rodelta Pumps,0.999,0.187,0.803,0.011
14,Sonos (SONO) Gets a Favorable Ruling in the Patent Case,0.997,0.125,0.857,0.018
15,2 Surefire Metaverse Stocks You Can Buy Right Now,0.791,0.364,0.636,0.0
16,Dow Jones Futures Turn Lower Ahead Of Powell Testimony; Tesla China Sales Strong; Rivian Misses Production Target,0.273,0.147,0.756,0.098
17,Dow Jones Futures Rise Ahead Of Powell Testimony; Tesla China Sales Strong; Rivian Misses Production Target,-0.171,0.0,0.926,0.074
18,Why Microsoft Surged by 51.2% in 2021,0.0,0.0,1.0,0.0
19,19 Mega-Winning Stocks Now Cost You $1 Trillion On The Way Down,0.44,0.112,0.888,0.0
20,IBM Buys Australian Analytics Firm Envizi in Environmental Push,0.832,0.095,0.839,0.066
21,10 Oil and Gas Stocks in Billionaire Steve Cohen’s Portfolio,1.0,0.151,0.844,0.005
22,10 Best Low Cost Tech Stocks to Buy Right Now,1.0,0.167,0.814,0.019
23,Should iShares MSCI USA Min Vol Factor ETF (USMV) Be on Your Investing Radar?,0.993,0.102,0.868,0.031
24,Should Invesco S&amp;P 500 Top 50 ETF (XLG) Be on Your Investing Radar?,0.997,0.132,0.837,0.031
25,Huawei Ranks No. 5 in U.S. Patents in Sign of Chinese Growth,0.976,0.071,0.897,0.032
26,Dow Jones Futures Rise: Stock Market Rally Finds Support Ahead Of Powell Hearing; Tesla Reverses Higher,0.402,0.119,0.881,0.0
