﻿,Titles,Polarity,Positive,Neutral,Negative
0,"Acas, Llc Buys Vanguard Extended Market Index ETF, Vanguard High Dividend Yield Indx ETF, ...",0.997,0.07,0.922,0.008
1,World Bank chief takes swipe at Microsoft's $69 billion gaming deal as poor countries struggle,0.942,0.094,0.843,0.062
2,World Bank chief takes swipe at Microsoft's $69 bln gaming deal as poor countries struggle,0.942,0.093,0.845,0.062
3,"Dow Jones Futures: Market Correction Extends Losses, Apple Breaks Support; Four Stocks In Beat-Up Sector Worth Watching",-0.25,0.107,0.73,0.163
4,Sony Stock Has Tumbled. Why Investors Are Worried About Microsoft’s Activision Deal.,-0.273,0.0,0.9,0.1
5,"Dow Jones Reverses Gains, Trades Lower; Oil Prices Continue Higher As Yields Cool",0.026,0.101,0.802,0.097
6,Metaverse barriers to entry are ‘rather high:’ CoinDesk Global Macro Editor,-0.148,0.05,0.909,0.04
7,Why Microsoft's Activision Blizzard deal could be bad for gamers,0.987,0.084,0.884,0.032
8,Microsoft's bid for Activision Blizzard comes with 2 big legal hurdles,-0.979,0.047,0.893,0.06
9,Stock Market Trades Flat After Tuesday's Sell-Off; PG And MSFT Gain,0.0,0.0,1.0,0.0
10,"Stocks Inch Higher, Oil's Rally Continues",0.459,0.13,0.87,0.0
11,"Hudson Capital Management LLC Buys JPMorgan Equity Premium Income ETF, Wells Fargo, Bank of ...",0.993,0.068,0.924,0.008
12,"Newbridge Financial Services Group, Inc. Buys Apple Inc, NVIDIA Corp, NXP Semiconductors NV, ...",0.996,0.043,0.945,0.012
13,"If the Fed wanted to stop inflation, it would need to hike rates to nearly 6%: expert",0.951,0.066,0.901,0.032
14,Microsoft: All Eyes on the Metaverse Arena,0.996,0.13,0.855,0.014
15,Microsoft's Activision Acquisition: What Happens Next?,0.0,0.0,1.0,0.0
16,Oracle (ORCL) Cloud Selected by Xerox to Support New Ventures,0.998,0.144,0.852,0.005
17,Facebook may be forced to respond to Microsoft's acquisition of Activision: analyst,0.385,0.048,0.918,0.034
18,GameStop stock sinks toward 11-month low as Microsoft-Activision merger poses ‘walled garden’ risk,-0.296,0.07,0.791,0.139
19,Microsoft-Activision deal expected to close in FY 2023,0.0,0.0,1.0,0.0
20,3 Key Questions About Microsoft’s Deal to Buy Activision—Including Who It Could Hurt,0.077,0.053,0.947,0.0
21,"Apple, Amazon, Disney Could Snatch Up Game Makers EA, Take-Two",0.422,0.045,0.955,0.0
22,SONY Stock: Why Sony Is Being Called a ‘Loser’ of the Microsoft-Activision Deal,-0.925,0.036,0.906,0.058
23,"S&amp;P 500 Ends Lower as Tech Recovery Fades, Banks Slump",0.802,0.081,0.856,0.063
24,5 ETFs to Cash in on Microsoft-Activision Deal,0.997,0.101,0.875,0.024
25,Future of work: Zoom CFO describes the future of hybrid jobs at the company,1.0,0.148,0.848,0.004
26,Stocks Creep Higher; Housing Starts Beat Estimates,0.459,0.13,0.87,0.0
27,Plexus (PLXS) Likely to Miss Q1 Guidance on Supply Chain Woes,0.998,0.141,0.84,0.019
28,"Microsoft 'is looking forward' with Activision Blizzard acquisition, analyst explains",0.999,0.12,0.851,0.029
29,Progress Software (PRGS) Q4 Earnings &amp; Revenues Top Estimates,0.998,0.144,0.856,0.0
30,The Metaverse Investment Playbook,0.998,0.115,0.872,0.013
31,"Stock Market News for Jan 19, 2022",0.987,0.092,0.873,0.035
32,"Sony stock slides after Microsoft deal, SoFi stock pops after U.S. regulator approves bank charter",0.996,0.112,0.868,0.02
33,"Ti-trust, Inc Buys Vanguard Total Stock Market ETF, iShares Core U.S. ...",0.974,0.05,0.943,0.007
34,"Emerald Advisors, LLC Buys KraneSharesBosera MSCI China A 50 Connect Index ET, Vanguard Total ...",0.997,0.067,0.927,0.005
35,"Cardinal Capital Management, Inc. Buys Alimentation Couche-Tard Inc, Sony Group Corp, Medtronic ...",0.99,0.06,0.934,0.005
36,"APCM Wealth Management for Individuals Buys Tesla Inc, Xtrackers S&amp;P 500 ESG ETF, iShares ...",0.999,0.12,0.876,0.004
37,"Adirondack Retirement Specialists, Inc. Buys IDT Corp, Camping World Holdings Inc, Semler ...",0.982,0.067,0.925,0.008
38,Why the Microsoft-Activision Merger Is Bad News for GameStop,-0.103,0.096,0.789,0.114
39,13 Best Cloud Stocks To Buy Now,1.0,0.136,0.855,0.009
40,Videogame Sales Continue to Thrive: 3 Solid Stocks to Buy,0.999,0.173,0.815,0.012
41,"Dow Jones Futures Rise After Stock Market Sell-Off; Bank Of America, Morgan Stanley Report",0.34,0.124,0.876,0.0
42,Sony Shares Fall Sharply After News of Microsoft Deal for Activision Blizzard,0.178,0.074,0.875,0.051
43,Microsoft’s Activision Bid Is a Hit With Wall Street. Here’s What Analysts Are Saying.,-0.128,0.094,0.789,0.116
44,Microsoft-Backed Fund Raises $200 Million for Climate Startups,0.983,0.105,0.867,0.029
45,Why Microsoft's Activision Blizzard deal could mean better games,0.947,0.105,0.814,0.081
46,Microsoft Is Becoming the Berkshire Hathaway of Tech,0.0,0.0,1.0,0.0
47,Activision Blizzard could be paid up to $3 billion if Microsoft buyout deal is terminated,0.34,0.041,0.924,0.035
