﻿,Titles,Polarity,Positive,Neutral,Negative
0,Ukraine Latest: Russia Says That It Will Open Sea Corridors,-0.998,0.081,0.806,0.114
1,'This is a world of volatility': Global Fund Executive Director,0.977,0.072,0.882,0.046
2,10 Dividend Stocks to Buy According to Andreas Halvorsen’s Viking Global,1.0,0.122,0.859,0.019
3,"Retail, energy stocks higher as markets extend gains",0.0,0.0,1.0,0.0
4,Bill Gates and Pfizer’s CEO Don’t Want the World to Ignore Covid-19,-0.712,0.041,0.835,0.125
5,Amazon (AMZN) Boosts Cloud Offerings With EC2 C7g Instances,0.998,0.164,0.836,0.0
6,9 Stocks to Buy in 2022 According to Mark Massey’s AltaRock Partners,0.999,0.117,0.871,0.012
7,Stocks edge higher as investors await Fed minutes,0.991,0.081,0.906,0.013
8,Microsoft (MSFT) Azure Extends Limited Access to OpenAI Models,0.998,0.157,0.828,0.015
9,3 Unstoppable Investments Everyone Needs in Their Portfolio,0.202,0.096,0.904,0.0
10,Broadcom Might Pay About $60 Billion for VMware,-0.103,0.036,0.922,0.043
11,"EA Plans to Sell or Merge: Will AAPL, AMZN, DIS Show Interest?",0.999,0.157,0.822,0.021
12,Big Tech Lobbies EU to Send Ukraine Equipment Destroyed by War,0.775,0.081,0.867,0.052
