﻿,Titles,Polarity,Positive,Neutral,Negative
0,UPDATE 2-Microsoft says new breach discovered in probe of suspected SolarWinds hackers,-0.967,0.062,0.828,0.11
1,Microsoft says new breach discovered in probe of suspected SolarWinds hackers,-0.957,0.063,0.83,0.106
2,Microsoft: Poised for More Cloud Boosted Growth,0.996,0.144,0.856,0.0
3,Amazon Scoops Wickr Chat App Used By Government Agencies,0.599,0.081,0.876,0.043
4,LinkedIn Subscribes To EU's Online Hate Speech Code: Reuters,-0.946,0.075,0.785,0.14
5,Dow Jones Leads As Nike Vaults; Stock Market Heads For Big Weekly Gains,0.0,0.0,1.0,0.0
6,How the new Google Store compares to Apple's,0.995,0.099,0.874,0.027
7,AMD Is a Good Tech Stock Trading at a Discount,1.0,0.176,0.804,0.02
8,"As U.S. Government Plots Investments, Semiconductor Stocks Face Up To Chip Shortage",-0.511,0.0,0.863,0.137
9,Dow Jones Rallies As Nike Surges 15% On Earnings; Tesla Stock Reverses Lower,-0.296,0.0,0.891,0.109
10,Microsoft (MSFT) Rolls Out Windows 11: Major Takeaways,0.998,0.12,0.874,0.006
11,10 Best Dividend Stocks to Buy According to Billionaire Izzy Englander,0.999,0.092,0.891,0.017
12,"Dow Jones Rallies, Tech Stocks Fall As Nike Surges 15% On Earnings; Tesla Stock Races Higher Again",0.0,0.0,1.0,0.0
13,"Dow Jones Today Leads, Stocks Turn Mixed; Nike, Virgin Galactic Spike; Netflix, Splunk, NetApp Get Upgrades",-0.103,0.086,0.811,0.104
14,"Break Up Amazon, Make More Money",0.998,0.14,0.82,0.04
15,Microsoft Tops $2 Trillion Market Cap: ETFs in Focus,0.999,0.16,0.819,0.021
16,10 Best Dividend Stocks to Buy and Hold According to Tiger Cub Lee Ainslie,1.0,0.109,0.881,0.01
17,"Dow Jones Today Leads Futures Higher As Nike Spikes On Earnings; Netflix, Splunk, NetApp Get Upgrades",0.0,0.0,1.0,0.0
18,Here Comes The Third $2 Trillion Company After Microsoft And Apple,0.361,0.111,0.889,0.0
19,Google takes on Apple with first retail store opening in NYC,0.981,0.105,0.874,0.021
20,4 Stocks to Track Amid Growing Demand for PaaS,0.999,0.137,0.861,0.002
21,Apple’s Car Obsession Is All About Taking Eyes Off the Road,0.999,0.103,0.864,0.032
