﻿,Titles,Polarity,Positive,Neutral,Negative
0,Best Stocks &amp; ETF for the Trillion-Dollar Metaverse,0.997,0.171,0.821,0.008
1,"What's Going on With Pinterest, Upwork, and Microsoft?",0.0,0.0,1.0,0.0
2,Earnings-Palooza: 4 FAANG Stocks and More,-0.886,0.019,0.848,0.133
3,Dow Jones Rallies As Apple Reverses Higher; Tesla Sinks On Autopilot Probe; China Stocks Dive,0.34,0.121,0.819,0.06
4,Dow Jones Fights As Apple Rallies Off Lows; Tesla Sinks On Autopilot Probe; China Stocks Dive,0.0,0.114,0.732,0.154
5,"S&amp;P 500, Dow Cuts Losses to Close at Record Highs Ahead of Powell",0.986,0.117,0.828,0.055
6,Microsoft's Latest Anti-Piracy Weapon Is Ethereum,0.942,0.086,0.886,0.028
7,Has Microsoft (MSFT) Outpaced Other Computer and Technology Stocks This Year?,0.995,0.141,0.854,0.004
8,S&amp;P 500 Cuts Losses to Clinch Record Highs,0.982,0.121,0.816,0.063
9,"Retail Kicks Off Final Stretch Of Earnings Season Amid A Slew Of Manufacturing, Retail, And Housing Data",0.998,0.108,0.813,0.079
10,Microsoft (MSFT) Boasts Earnings &amp; Price Momentum: Should You Buy?,0.999,0.134,0.863,0.003
11,"Dow Jones Futures Fall On China Data, Tesla Autopilot Probe, Nvidia, DocuSign Near Buys In Choppy Market Rally",0.0,0.0,1.0,0.0
12,"Huge Pension Makes Big Bets in Apple, Microsoft, Shopify, and Tilray Stock",0.0,0.0,1.0,0.0
13,"The Economics of Gaming Consoles (SNE, MSFT)",0.0,0.0,1.0,0.0
