﻿,Titles,Polarity,Positive,Neutral,Negative
0,Ken Fisher Sold These 10 Stocks Before Entering 2022,1.0,0.136,0.824,0.04
1,Morgan Stanley Pounds the Table on Microsoft Stock,0.994,0.135,0.849,0.015
2,"Stocks' Decline Steepens on Bullard Rate Comments, Inflation Data",0.0,0.0,1.0,0.0
3,3 Wildly Oversold Nasdaq Stocks to Buy,0.999,0.127,0.847,0.026
4,"Market check: Stocks mixed after inflation print, Fed rate hike uncertainty",-0.153,0.0,0.909,0.091
5,Twilio and Datadog Are Reminder of Software’s Growth Bona Fides,0.994,0.136,0.825,0.04
6,McDonald’s Metaverse Trademarks Signal Growing Interest in Metaverse Innovation,0.995,0.115,0.876,0.009
7,S&amp;P 500 Slips as Fed's Bullard Rate Hike Call Rattles Stocks,0.991,0.112,0.843,0.044
8,Market check: Stocks choppy as investors digest hot inflation,0.977,0.097,0.888,0.015
9,Expect a Big Tech Stock Rebound as Earnings Reignite Wall Street Spirits,0.999,0.144,0.822,0.034
10,"Inflation Hits 7.5%, 40-Year High, Pushing Stocks Lower",0.637,0.234,0.766,0.0
11,S&amp;P 500 Falls as Tech Stumbles After Fed's Bullard Talks Up Larger Hikes,0.991,0.112,0.844,0.045
12,YouTube Plans to Make Gaming Videos Immersive in Metaverse Push,0.988,0.097,0.876,0.027
13,Leading organizations form the Carbon Call to address reliability and interoperability in carbon accounting for the planet,1.0,0.147,0.827,0.026
14,10 Worst Performing Hedge Funds of 2021,0.999,0.125,0.807,0.067
15,3 Dividend-Paying Tech Stocks to Buy Right Now,0.832,0.199,0.749,0.052
16,10 Best Cryptocurrencies to Invest In For Beginners in 2022 According to Reddit,0.999,0.108,0.873,0.019
17,"If your job doesn’t give you purposeful work, you owe it to yourself to find one that will",0.625,0.293,0.605,0.102
18,"Canadian business leaders lack comprehensive data strategy to drive growth and innovation, according to new research",0.996,0.11,0.882,0.008
19,Sony Develops Toughest AI Opponent Ever for New Gran Turismo Game,0.996,0.166,0.804,0.029
