﻿,Titles,Polarity,Positive,Neutral,Negative
0,Big Tech Rebounds as Bulls See Buying Opportunity in Selloff,0.974,0.115,0.857,0.028
1,Microsoft Surface Pro 8 review: A bigger screen and great performance come at a price,0.996,0.079,0.902,0.019
2,US STOCKS-Wall Street ends sharply higher as Big Tech roars back,0.9,0.081,0.865,0.055
3,"Scared of Facebook whistleblower fallout? Look at these tech stocks, analyst says",0.94,0.078,0.884,0.037
4,"US STOCKS-Microsoft, Apple and other techs roar back as Wall Street rebounds",0.9,0.082,0.865,0.053
5,"Salesforce.com, Bill.com Among The 5 Best Tech Stocks To Buy Or Watch Now",0.904,0.379,0.621,0.0
6,Microsoft Action Key,0.0,0.0,1.0,0.0
7,"Tech Stocks Roundup: Facebook Shutdown, Whistleblower Accusations",0.612,0.231,0.769,0.0
8,Billionaire Lee Cooperman’s 10 Large-Cap Stock Picks,0.999,0.102,0.873,0.025
9,Here's what to expect from Microsoft's newly launched Windows 11,0.0,0.0,1.0,0.0
10,"Dow Jones Surges 475 Points After Market Sell-Off; Apple, Microsoft Bounce",0.0,0.0,1.0,0.0
11,Oracle (ORCL) JEDI Lawsuit Appeal Quashed by the Supreme Court,0.997,0.128,0.85,0.021
12,"Dow Jones Rallies After Market Sell-Off; Apple, Microsoft Bounce",0.0,0.0,1.0,0.0
13,4 GARP Stocks to Scoop Up for Maximum Returns,1.0,0.205,0.794,0.002
14,Three Days In Trading Microsoft,0.986,0.1,0.88,0.019
15,3 No-Brainer Stocks Wall Street Loves,0.0,0.0,1.0,0.0
16,"Deccan Value Investors’ Top Stock Picks: Facebook, Herbalife and More",0.999,0.112,0.88,0.008
17,"Could This Tiny Company Take on Amazon, Microsoft, and Google... And Win?",0.25,0.053,0.947,0.0
18,Tech Stock Portfolio: 10 Stock Picks from Andrew Immerman and Jeremy Schiffman’s Palestra Capital Management,0.999,0.08,0.907,0.013
19,Dow Jones Futures Fall As Stock Market Sell-Off Worsens; These 5 Tech Giants Tumble,-0.625,0.0,0.758,0.242
