﻿,Titles,Polarity,Positive,Neutral,Negative
0,"Tech Stocks Escape From Correction Territory, but Rising Rates Keep the Pressure On",0.273,0.097,0.841,0.061
1,Don’t Overlook the ‘Golden Opportunity’ in Alteryx Stock,0.999,0.129,0.842,0.03
2,7 Mega-Cap Stocks Standing Above the Fray,1.0,0.128,0.844,0.028
3,7 Recession-Proof Stocks to Buy,0.997,0.094,0.853,0.053
4,Dow Jones Futures Rise After Fed Chief Powell Triggers Clear Market Break; What You Should Do Now,0.128,0.136,0.742,0.122
5,Enterprise Use Of Augmented Reality Blazing A Path For Consumer Smart Glasses,0.765,0.248,0.752,0.0
6,3 Robinhood Stocks That Still Look Like Bargains,0.245,0.107,0.805,0.088
7,FireEye Is Likely to Slip Still Lower in the Weeks Ahead,-0.586,0.0,0.914,0.086
8,Top 10 S&amp;P 500 Stocks by Index Weight,0.382,0.135,0.865,0.0
