﻿,Titles,Polarity,Positive,Neutral,Negative
0,SAP Seeks to Raise Fees on Largest Software Partners,0.996,0.093,0.87,0.037
1,Here's what Amazon's stock split could mean to you,0.987,0.127,0.863,0.01
2,10 Stock Picks of Julian Robertson’s Tiger Management,0.999,0.125,0.864,0.011
3,5 Cloud Stocks to Buy for Sky-High Gains,0.999,0.131,0.857,0.011
4,"Tech Walls Off Russia Like Never Before, Posing New Risks for U.S.",-0.993,0.068,0.833,0.099
5,Oracle Moves Sideways as Robust Outlook Follows Q3 Earnings Miss,0.986,0.114,0.856,0.03
6,"Apple, Google and Microsoft Oppose Texas Order on LGBT Youth",-0.918,0.048,0.876,0.076
