﻿,Titles,Polarity,Positive,Neutral,Negative
0,Big Tech Looks To Buy Beaten Down Innovation-Fueled Entrants,0.993,0.159,0.831,0.01
1,"Hamilton Capital, LLC Buys Vanguard S&amp;P 500 Value ETF, iShares Core S&amp;P Mid-Cap ETF, ...",0.997,0.074,0.921,0.006
2,"Maytus Capital Management, LLC Buys ServiceNow Inc, Datadog Inc, Elastic NV, Sells Salesforce. ...",0.991,0.047,0.949,0.004
3,Take-Two Stock Falls on Earnings. The CEO Sees No ‘Significant Impact’ From Microsoft-Activision Merger.,-0.06,0.0,0.947,0.053
4,"QuantumScape Stock Could Go in Any Direction, So Tread Carefully",0.984,0.103,0.841,0.056
5,Take-Two Revenue Forecast Misses Estimates on Thin Game Slate,0.976,0.098,0.846,0.055
6,10 Best Dividend Stocks Billionaire Paul Tudor Jones Is Buying,1.0,0.148,0.849,0.003
7,10 Low Beta Dividend Stocks with High Yields,0.998,0.095,0.879,0.026
8,Meta has 'dark days' ahead: analyst,0.511,0.097,0.825,0.078
9,"Benjamin Edwards Inc Buys Apple Inc, NextEra Energy Inc, Microsoft Corp, Sells ISHARES TRUST, ...",0.998,0.061,0.932,0.007
10,"Tesla, Nvidia, Microsoft Regroup As Uptrend Looks To Firm Up",0.572,0.227,0.773,0.0
11,TBJ Plus: The 9 most admired companies in NC; Torry Holt delivers Super Bowl trophy; Fat bikes return to Wrightsville Beach,0.354,0.144,0.77,0.085
12,"The stock market 'is squeezing out some of the excesses at this point,' portfolio manager says",0.494,0.11,0.89,0.0
13,"Apple ‘cannot let Amazon get hold of Peloton,’ analyst says",0.66,0.162,0.838,0.0
14,Analyst Pounds the Table on Microsoft Stock,0.997,0.155,0.834,0.011
15,"Hasbro names Microsoft exec to head digital gaming division, Dungeons &amp; Dragons subsidiary",0.511,0.185,0.815,0.0
16,"Amazon, Alphabet, Apple, Facebook and Microsoft are part of Zacks Earnings Preview",0.998,0.109,0.854,0.037
17,Dow Jones Futures Rise With Market Rally At Key Point; Peloton Soars On Buyout Buzz,0.649,0.185,0.815,0.0
18,7 Tech Stocks to Add to Your Buy List After Their A+ Earnings,0.998,0.103,0.842,0.055
