﻿,Titles,Polarity,Positive,Neutral,Negative
0,AMD Soars After Data-Center Chip Sales Fuel Upbeat Forecast,0.99,0.101,0.851,0.048
1,How Activision's CEO Will Benefit From Microsoft Buyout,-0.691,0.0,0.913,0.087
2,"Goldman’s Koch Sees Recession, Hopes It’s Shallow: Milken Update",0.998,0.095,0.855,0.05
3,The Money-Making Opportunity of the Century,1.0,0.126,0.833,0.04
4,Activision Blizzard Unveils Warcraft Mobile Game and Cancels Another,0.867,0.07,0.881,0.049
5,Why Arista Networks Stock Was Falling Today,0.07,0.134,0.749,0.117
6,"With interest rates rising, it’s time to focus on MANG stocks instead of FAANG, according to Jefferies",0.637,0.206,0.794,0.0
7,Microsoft's Xbox Is Hammering the PlayStation 5,0.866,0.092,0.908,0.0
8,Dow Jones Falls Ahead Of Fed Meeting; 7 Key Earnings Movers,0.0,0.0,1.0,0.0
9,"Big Tech stocks offer ‘prime buying opportunities,’ strategist says",0.273,0.089,0.859,0.052
10,MICROSOFT DEEPENS INVESTMENT IN CANADA WITH THE OPENING OF NEW HEADQUARTERS AND EXPANSION OF OPERATIONS TO EMPOWER ECONOMIC GROWTH,0.999,0.158,0.839,0.003
11,Dow Jones Futures Turn Higher Ahead Of Fed Meeting; 7 Key Earnings Movers,0.0,0.0,1.0,0.0
12,Dow Jones Futures Drop Ahead Of Fed Meeting; 7 Key Earnings Movers,0.0,0.0,1.0,0.0
13,Traders Face Up to Reality as Nasdaq 100 Profit Forecasts Drop,0.886,0.082,0.846,0.071
14,Amazon Looks Like a Bargain at Pre-Pandemic Prices,0.995,0.124,0.842,0.034
15,T. Dallas Smith On Leadership: ‘Leaders must lead with certainty’ even if others don’t see the vision (podcast),0.0,0.0,1.0,0.0
