﻿,Titles,Polarity,Positive,Neutral,Negative
0,Stocks Close Lower After S&amp;P 500 Hits New High; These Stocks Break Out,-0.604,0.0,0.795,0.205
1,Clubhouse Discusses Funding at About $4 Billion Value,0.962,0.079,0.912,0.009
2,Dow Jones Trims Early Loss As Nasdaq Leads; These 3 Growth Stocks Soar,-0.273,0.0,0.909,0.091
3,Dow Turns Positive As Tesla Reverses; 3 Tech Giants In Buy Range After Breakouts,0.296,0.084,0.916,0.0
4,"S&amp;P 500  Flirts With Record, But 'Overbought' Jitters Keep Lid on Gains",0.994,0.13,0.822,0.048
5,"Dow Jones Today, Stocks Slack, But BP Trips Oil Rally; Microsoft, Masco, GreenBox In Buy Ranges",-0.296,0.0,0.919,0.081
6,5 Top Advanced ML Stocks Poised to Gain From Automation Trend,0.999,0.14,0.844,0.017
7,5 Enterprise Software Stocks to Buy Amid Rise in Digital Spending,1.0,0.187,0.799,0.014
8,"Dow Jones Today, Futures Slack As Europe Rallies; Microsoft, Masco, GreenBox In Buy Ranges; Cara Joins S&amp;P 600",-0.296,0.0,0.919,0.081
9,Artificial Intelligence Stocks To Buy And Watch Amid Rising AI Competition,0.927,0.362,0.638,0.0
10,Two Companies Will Reach $2 Trillion Next (Tesla Isn't One),0.706,0.196,0.804,0.0
11,3 Blockchain Stocks to Buy in 2021,-0.402,0.03,0.898,0.072
12,Dow Futures Signal Modest Losses; 3 Tech Giants Break Out Above Buy Points,-0.296,0.0,0.919,0.081
