﻿,Titles,Polarity,Positive,Neutral,Negative
0,Self-driving tech firm Aurora mulls sale to Apple or Microsoft - Bloomberg News,-0.519,0.045,0.913,0.043
1,Self-Driving Tech Company Floats Possible Sale to Apple or Microsoft,0.976,0.087,0.855,0.058
2,Long-Term Analyst: Don’t Play the “Fool’s Game” of Timing the Market and Buy These 10 Stocks,1.0,0.135,0.859,0.005
3,Microsoft's (MSFT) Activision Buyout Under Further UK Scrutiny,0.976,0.092,0.848,0.06
4,Stock Market Today: Dow Extends Weekly Slump as Europe Energy Concerns Dent Stocks,0.939,0.086,0.863,0.052
5,"Microsoft confirms Xbox game pass pilot in Colombia and Ireland, Amazon and Google slam cloud changes",0.0,0.0,1.0,0.0
6,S&amp;P 500 in U-Turn as European Energy Crisis Fears Mount on Gazprom Delay,0.7,0.086,0.843,0.071
7,Influencers with Andy Serwer: Chris Blackwell,0.612,0.102,0.898,0.0
8,US Deals Heavy Blow to China Tech Ambitions With Nvidia Chip Ban,0.98,0.073,0.897,0.03
9,"Amazon, Microsoft, and Alphabet Have Partnered With This AI Stock. Is It a Buy?",0.477,0.193,0.807,0.0
10,3 High-Flying Stocks That Billionaires Warren Buffett and George Soros Both Love,0.882,0.237,0.763,0.0
11,Qualcomm and Meta teaming to build future VR headsets,0.988,0.077,0.91,0.014
12,U.K. Competition Watchdog Gives Final Clearance to Norton-Avast Merger,0.958,0.11,0.858,0.033
