﻿,Titles,Polarity,Positive,Neutral,Negative
0,12 Best Blue-Chip Stocks Right Now,1.0,0.106,0.88,0.014
1,"Dow Jones Today, Stocks Mixed As Oil Slides; Tesla Upgraded, BioNTech Rallies On Q2 Blowout",0.0,0.0,1.0,0.0
2,Were Hedge Funds Right About Apple Inc. (AAPL)?,0.998,0.108,0.872,0.021
3,Were Hedge Funds Right About Microsoft Corporation (MSFT)?,0.997,0.086,0.899,0.015
4,"Dow Jones Today, Futures, Global Markets Mixed As Oil Slides; Tesla Upgraded, BioNTech Rallies On Q2 Blowout",0.0,0.0,1.0,0.0
