﻿,Titles,Polarity,Positive,Neutral,Negative
0,Microsoft Considers Pursuing a Deal for Cybersecurity Firm Mandiant,0.494,0.071,0.865,0.064
1,Minority-focused ETF created with NAACP vision in mind,0.785,0.22,0.78,0.0
2,Microsoft reportedly pursuing deal for cybersecurity company Mandiant,0.402,0.172,0.828,0.0
3,Should You Sell Your Beaten-Down Stocks As the Market Tumbles?,0.0,0.0,1.0,0.0
4,"Sentinel Pension Advisors Inc Buys Invesco BulletShares 2024 Corporate Bond ETF, Focus ...",0.994,0.052,0.944,0.004
5,"CORDA Investment Management, LLC. Buys iShares iBonds Dec 2025 Term Corporate ETF, Corning Inc, ...",0.991,0.064,0.931,0.005
6,"4 Dow Jones Stocks To Buy And Watch In February 2022: Apple Rallies, American Express Breaks Out",0.758,0.179,0.759,0.061
7,Bill Gates Writes Book on How to Make Covid-19 the Last Pandemic,0.893,0.132,0.756,0.113
8,"US STOCKS-Wall Street climbs as Apple, bank stocks jump",0.969,0.078,0.887,0.035
9,Take-Two Interactive stock slips after ‘Grand Theft Auto’ maker reports mixed earnings,0.0,0.0,1.0,0.0
10,Flapmax Partners with Microsoft to Scale Africa's Digital Ecosystem,0.999,0.17,0.827,0.002
11,10 Best Performing Hedge Funds of 2021,1.0,0.134,0.844,0.021
12,Nvidia Is Still a Buy Despite the Failed Arm Acquisition,0.989,0.087,0.879,0.034
13,S&amp;P 500 Climbs as Tech Strength Prevails Despite Surging U.S. Bond Yields,0.944,0.08,0.876,0.044
14,Microsoft Mulls Bid for Cybersecurity Firm Mandiant - Reports,0.968,0.129,0.852,0.019
15,Microsoft’s Strength in the Metaverse Goes Far Beyond the HoloLens,0.998,0.106,0.875,0.019
16,Microsoft Stock ‘Still a Strong Buy.’ Earnings Growth Is One Reason.,0.71,0.219,0.781,0.0
17,"Welch Capital Partners Llc Buys Hilton Grand Vacations Inc, InnovAge Holding Corp, Fidelity ...",0.993,0.082,0.912,0.006
18,Dow Jones Rallies; Drug Giant Pfizer Slides On Earnings,0.0,0.0,1.0,0.0
19,"S&amp;P 500 Climbs as Tech Finds Footing, Banks Ride Rising US Yields",0.834,0.082,0.856,0.061
20,Take-Two Stock Falls. CEO Sees No ‘Significant Impact’ From Microsoft-Activision Merger.,-0.06,0.0,0.947,0.053
21,Dow Jones Futures Rise; Drug Giant Pfizer Slides On Earnings,0.0,0.0,1.0,0.0
22,Does Microsoft (NASDAQ:MSFT) Have A Healthy Balance Sheet?,0.985,0.131,0.755,0.114
23,Dow Jones Futures Flat; Drug Giant Pfizer Slides On Earnings,0.0,0.0,1.0,0.0
24,Can Zoom Thrive in a Post-Pandemic World?,0.637,0.118,0.825,0.056
25,7 Stocks to Buy After January’s Wild Market Rout,1.0,0.163,0.777,0.061
26,"Prime Capital Investment Advisors, LLC Buys Consumer Discretionary Select Sector SPDR, Walmart ...",0.993,0.048,0.941,0.011
27,"Claraphi Advisory Network, LLC Buys Pacer US Cash Cows 100 ETF, Alpine 4 Holdings Inc, Marvell ...",0.998,0.07,0.923,0.007
28,"Summit Financial, LLC Buys Microsoft Corp, PowerShares QQQ Trust Ser 1, First Trust Preferred ...",0.998,0.076,0.919,0.005
