﻿,Titles,Polarity,Positive,Neutral,Negative
0,Why Immersion Stock Plunged on Tuesday,-0.19,0.203,0.605,0.192
1,Hedge Funds Blindsided by China Risk With Gensler Urging Caution,0.878,0.054,0.91,0.035
2,Hamburg's Data Watchdog Warns Government Against Zoom,0.459,0.063,0.884,0.053
3,"Microsoft Invests in Rubrik, Partners to Protect Customers from Ransomware",-0.977,0.055,0.853,0.092
4,Alphabet (GOOGL) Boosts Google Meet Reach With Latest Update,0.998,0.137,0.857,0.006
5,Why The Shelf Pattern Is The Perfect Pyramiding Tool In Growth Stocks,0.527,0.124,0.876,0.0
6,Big Tech flies too much. It’s time for these companies to practice what they preach to help stop climate change,-0.542,0.038,0.873,0.089
7,3 Great Stocks for Your IRA,0.875,0.177,0.785,0.037
