﻿,Titles,Polarity,Positive,Neutral,Negative
0,"Activision Union Bid Will Go to a Vote, Labor Board Orders",0.928,0.081,0.861,0.059
1,Tech companies gear up to report earnings next week,0.0,0.0,1.0,0.0
2,"Microsoft: The Quality Will Shine Through Again in F3Q22 Earnings, Says Analyst",0.991,0.112,0.866,0.022
3,Market sell-off indicates investors think the Fed is ‘behind the curve’: Strategist,0.459,0.077,0.923,0.0
4,Markets check: Stocks extend losses as Dow eyes worst day of 2022,-0.71,0.0,0.796,0.204
5,Previewing Tech Earnings After Netflix's Fiasco,0.999,0.126,0.852,0.022
6,Microsoft eyes expansion in West Midtown as it designs Atlanta campus,0.0,0.0,1.0,0.0
7,Army’s $22 Billion Spending Estimate for Microsoft Goggles Risks a 50% Cut,-0.742,0.046,0.893,0.062
8,Stakes are high as megacap companies highlight big earnings week,0.947,0.078,0.876,0.046
9,Microsoft (MSFT) to Report Q3 Earnings: What's in the Cards?,0.999,0.164,0.819,0.018
10,Dow Jones Slides After Stock Market Sell-Off; 7 Key Earnings Movers,0.0,0.0,1.0,0.0
11,Analysts Are Increasing Prices Targets of These 10 Tech Stocks,0.999,0.096,0.886,0.017
12,Dow Jones Futures Fall After Stock Market Sell-Off; 7 Key Earnings Movers,0.0,0.0,1.0,0.0
13,iCheap? Even Uber Pays Better Than Apple,0.202,0.073,0.927,0.0
14,Even Uber Pays Better Than Apple,0.202,0.073,0.927,0.0
15,This Company Is a Cash-Generating Machine,-0.422,0.051,0.876,0.074
16,"Alibaba joins Meta, Microsoft to share low-carbon technology patents on Earth Day",0.997,0.117,0.861,0.022
17,Microsoft Pays Top Dollar for Bug Bounties,0.796,0.154,0.778,0.068
