﻿,Titles,Polarity,Positive,Neutral,Negative
0,Mandiant Executive Cautions Against Russia-Cyberattack Panic,-0.998,0.053,0.799,0.148
1,"Apple, Amazon, Microsoft or Tesla: Which Will Reach $5 Trillion First?",0.039,0.063,0.937,0.0
2,Roblox Tumbles as Results Show Growth Slowing After Pandemic,0.983,0.095,0.861,0.044
3,Billionaire Richard Chilton is Dumping These 10 Stocks,0.988,0.054,0.926,0.019
4,Berkshire Hathaway Bought Roughly $1 Billion in Activision Blizzard Ahead of Microsoft Acquisition,0.296,0.091,0.909,0.0
5,"Washington, D.C. to drop mask mandate, COVID infections drop",0.0,0.0,1.0,0.0
6,ATVI Stock Alert: Why The Big Buffett Bet That Has Activision Blizzard Trending Today,0.994,0.119,0.881,0.0
7,10 Best Robinhood Stocks To Buy Right Now,1.0,0.145,0.831,0.024
8,Berkshire Hathaway Bought $1B Worth Activision Blizzard Stock Before Microsoft Lapped It Up,0.936,0.122,0.834,0.044
9,Fearful of the Russo-Ukrainian Conflict? History Says It’s a Buying Opportunity,0.625,0.095,0.814,0.091
10,"Warren Buffett’s Berkshire Hathaway bought $1 billion of Activision shares, just weeks before Microsoft’s surprise acquisition",0.039,0.065,0.883,0.052
11,Databricks Is Undeterred by Wall Street's Skepticism of the Software Industry,0.988,0.096,0.859,0.045
12,Here's What Microsoft's Activision Blizzard Purchase Could Mean for Electronic Arts,0.0,0.0,1.0,0.0
13,Should iShares Russell Top 200 ETF (IWL) Be on Your Investing Radar?,0.994,0.117,0.857,0.026
14,"Marriott, Intel, Rivian Rise Premarket; Weber, Gap Fall",0.927,0.069,0.905,0.026
