﻿,Titles,Polarity,Positive,Neutral,Negative
0,Big Tech's Best Growth Days May Be Behind It,1.0,0.17,0.816,0.014
1,ETFs to Stack as Reopening Poses No Hindrance for Big Tech,0.999,0.148,0.826,0.027
2,Big Tech Stocks Flash Red Flag to Regulators After Q1 Earnings Splash,0.999,0.113,0.861,0.026
3,‘Technology is the largest single growth trend of our lifetime’: Expert,0.0,0.0,1.0,0.0
4,GOOGL Stock Is Worth Much More Based On Its Massive Free Cash Flow,0.994,0.086,0.895,0.018
5,Top 10 Value Stocks to Invest In According to ValueAct Capital,1.0,0.115,0.865,0.02
6,TikTok Names ByteDance’s Chew as New CEO; Pappas Named COO,-0.786,0.055,0.887,0.058
7,7 Battery Stocks Powering a Green Road Trip,0.999,0.109,0.854,0.037
8,"Stock Market Rally Navigates Earnings From Apple, Tesla, Google, Facebook, Microsoft, Amazon",0.0,0.0,1.0,0.0
9,Earnings beat expectations at a record rate: Morning Brief,-0.459,0.0,0.85,0.15
10,Apple Trial Threatens to Reveal App Store's Commission Bounty,0.991,0.091,0.85,0.059
11,Stock market news live updates: Stock futures retreat after S&amp;P 500 logs new record high,0.989,0.101,0.846,0.053
12,Tech Giants Have Ramped Up Stock Buybacks. Apple Is the Champ.,0.0,0.0,1.0,0.0
13,Allscripts Healthcare Solutions Inc (MDRX) Q1 2021 Earnings Call Transcript,0.0,0.0,1.0,0.0
14,"Amazon Blowout, China Crackdown, Palladium $3k - What's Moving Markets",-0.991,0.07,0.827,0.103
15,Big Tech’s surging growth stuns Wall Street,0.802,0.135,0.814,0.051
