﻿,Titles,Polarity,Positive,Neutral,Negative
0,Dow Jones Futures: Fed Chief Powell On Tap As Market Starts To Doubt Rate Hikes Amid Russia's Ukraine Invasion,0.0,0.0,1.0,0.0
1,Ballmer-funded UO institute to address 'dire' Oregon workforce shortage,0.273,0.087,0.913,0.0
2,"Dow Jones Futures: Stocks Fall, Oil Spikes Amid Russia's Ukraine Invasion; Fed Chief Powell On Tap",-0.572,0.0,0.837,0.163
3,Why Microsoft Has Teamed Up With Amazon,-0.103,0.044,0.904,0.052
4,"Salesforce Raises Revenue Forecast on Slack, Product Expansion",0.983,0.1,0.872,0.029
5,Microsoft Has Sad News,-0.806,0.0,0.795,0.205
6,Interested in Investing in Restaurants?,0.382,0.063,0.938,0.0
7,7 Metaverse Stocks to Make a Move on Right Now,0.999,0.082,0.893,0.025
8,"S&amp;P 500 Slips on Soaring Oil, Falling Financials Amid Russia Invasion",-0.73,0.063,0.86,0.076
9,Accenture and Microsoft to Assist Mount Sinai Health System on Five-Year Transformation Journey to Cloud,1.0,0.174,0.813,0.013
10,Dow Jones Slides As Russia Hammers Ukraine; Oil Prices Surge Above $100 A Barrel,-0.296,0.0,0.896,0.104
11,10 Cybersecurity Stocks to Watch Amid Russian Invasion of Ukraine,0.999,0.098,0.869,0.033
12,Dow Jones Futures Slide As Russia Hammers Ukraine; Oil Prices Surge Above $100 A Barrel,-0.296,0.0,0.891,0.109
13,Microsoft Says Son of CEO Satya Nadella Has Died at 26,0.95,0.118,0.82,0.062
14,Zoom Falls on Lackluster Outlook as Pandemic-Led Boom Tapers,0.935,0.102,0.858,0.04
