﻿,Titles,Polarity,Positive,Neutral,Negative
0,Microsoft Hires Chief Product Officer for Parts of Security Unit,0.961,0.124,0.822,0.054
1,"Microsoft, Workday Among Wells Fargo Favored Software Stocks",0.25,0.105,0.895,0.0
2,Best ETFs for High Inflation and Rising Rates,0.996,0.16,0.831,0.009
3,How can I stop the pain and make money in this nightmarish market? BofA says this is the ‘best hope’ for bulls in 2022,0.998,0.147,0.831,0.022
4,Microsoft Has a Nice Surprise for Employees,0.039,0.023,0.977,0.0
5,Apple Shows AR/VR Headset to Board in Sign of Progress on Key Project,0.956,0.047,0.928,0.025
6,Microsoft woos Brussels as battle over the cloud intensifies,-0.852,0.044,0.804,0.152
7,7 of the Biggest Bargain Stocks to Buy Right Now,0.995,0.098,0.843,0.059
8,Bill Gates’ 2022 Portfolio: 7 Stocks to Sell,0.999,0.142,0.836,0.022
9,Citrix Systems (CTXS) Announces Partnership With Microsoft,0.997,0.131,0.865,0.004
10,9 Stocks Under $20 to Buy Today According to Nishkama Capital,0.999,0.079,0.908,0.012
11,Dow Jones Sells Off After Stock Market Dive; Cisco Plunges 12% On Earnings,-0.44,0.0,0.854,0.146
12,10 Stocks Under $30 to Invest in According to Bruce Kovner’s Caxton Associates,0.999,0.082,0.908,0.01
13,10 Best Stocks to Buy Now According to Billionaire Ken Fisher,1.0,0.146,0.819,0.035
14,12 Best DOW Stocks To Buy According To Hedge Funds,1.0,0.117,0.868,0.015
15,Billionaire Stanley Druckenmiller’s 2022 Portfolio: 10 Value Stock Picks,1.0,0.151,0.821,0.028
16,Is Microsoft a Buy After Its Latest Earnings Report?,0.586,0.147,0.853,0.0
