﻿,Titles,Polarity,Positive,Neutral,Negative
0,Salesforce CEO Marc Benioff on the company's record first quarter,0.0,0.0,1.0,0.0
1,Dow Jones Slips; Meme-Mania Sends WWE Stock Flying As AMC Is Slammed; Microsoft Gains,0.0,0.0,1.0,0.0
2,Corporate Video Content is King – But It’s Lost on Google and LinkedIn: Thursday 12 ET Issuer Pixel CEO Offers a Solution,0.994,0.129,0.836,0.034
3,Dow Jones Slips; Meme-Mania Sends WWE Stock Flying As AMC Is Slammed; Microsoft Gains,0.382,0.088,0.912,0.0
4,"Alphabet, Microsoft Featured In This IBD Screen; Are They Hot Stocks To Buy?",0.0,0.0,1.0,0.0
5,"Alphabet, Microsoft Feature In This IBD Screen; Are They Hot Stocks To Buy?",0.0,0.0,1.0,0.0
6,"Alphabet, Microsoft Featured In This IBD Screen; Are They Hot Stocks To Buy?",0.0,0.0,1.0,0.0
7,Here are the hottest stock sectors for Wall Street right now — and analysts’ favorite ways to play them,0.929,0.351,0.604,0.045
8,ClearBridge Reduced its Microsoft (MSFT) Position,0.992,0.119,0.859,0.022
9,"S&amp;P Flat as Tech Gives Up Some Gains, Financials Slip",0.873,0.105,0.806,0.089
10,3 Top Tech Stocks to Buy During a Recession,0.863,0.191,0.769,0.04
11,10 Best Tech and Dividend Stocks to Buy According to Billionaire Chase Coleman,1.0,0.102,0.885,0.012
12,S&amp;P 500 Flat as Falling Yields Lift Tech But Weigh on Financials,0.957,0.134,0.761,0.104
13,Is Snowflake Stock A Buy? Software Maker Sets Path To $10 Billion In Revenue By 2028,0.0,0.0,1.0,0.0
14,10 Best Dividend Stocks to Buy Now According to Billionaire Kerr Neilson,1.0,0.129,0.847,0.024
15,"Hacker Known as Max Is 55-Year-Old Woman From Russia, U.S. Says",0.817,0.058,0.887,0.054
16,"Tech stocks that soared during pandemic are far from played out, says $9.5 billion fund manager",0.0,0.0,1.0,0.0
