﻿,Titles,Polarity,Positive,Neutral,Negative
0,Stanley Druckenmiller's Top 6 Trades of the 1st Quarter,0.997,0.141,0.822,0.038
1,Apple will face a critical test when CEO Tim Cook testifies at the Epic trial,0.879,0.079,0.845,0.076
2,Amazon Halts Police's Use Of Facial Recognition Software: Reuters,-0.318,0.112,0.771,0.117
3,S&amp;P 500 Ends Well Above Lows on Chip-Led Rebound in Tech,-0.262,0.076,0.851,0.073
4,UPDATE 1-Soccer-La Liga deepens ties with Microsoft to try to lift revenues,0.988,0.104,0.869,0.026
5,"Ampere Says Microsoft, Tencent Are Customers, Unveils New Design",0.992,0.109,0.876,0.014
6,LaLiga teams up with Microsoft to digitally transform football globally and reimagine a new era in sports,0.999,0.189,0.81,0.001
7,S&amp;P 500 Off Lows as Traders Buy Dip in Chips to Boost Tech,0.028,0.077,0.848,0.075
8,Are Options Traders Betting on a Big Move in Microsoft Corporation (MSFT) Stock?,0.986,0.099,0.882,0.019
9,Dow Jones Futures Signal Sharp Losses For Market Rally As Bitcoin Crashes; More Bad Tesla News But Target Earnings Strong,-0.625,0.073,0.694,0.233
10,"Attention, Growth Stock Investors: Price Matters",0.289,0.07,0.864,0.066
11,"Dow Jones Futures Fall Sharply: Stock Market Rally Below Key Levels, Bitcoin Hits New Lows; More Bad Tesla News",-0.572,0.0,0.783,0.217
12,These Are the Safest Dividend Stocks in the World,0.743,0.108,0.864,0.028
13,Bill Gates’ leadership roles likely to stay intact despite recent allegations,0.171,0.053,0.947,0.0
