﻿,Titles,Polarity,Positive,Neutral,Negative
0,Billionaire Ken Fisher’s 10 Favorite Tech Stocks,0.996,0.109,0.875,0.015
1,Dow Futures Tick Higher Following Market Sell-Off,0.052,0.065,0.87,0.065
2,Microsoft is expanding its cybersecurity offerings,0.992,0.138,0.787,0.076
3,10 Dividend Stocks For Beginners,1.0,0.142,0.837,0.021
4,Is Microsoft Stock A Buy Or Sell After Software Giant's March-Quarter Report?,0.586,0.128,0.872,0.0
5,"Stock Market Today: Dow Slides as Tech, Energy Lead Sea of Red on Wall Street",0.856,0.087,0.855,0.058
6,Microsoft launches cybersecurity services amid talent shortage,0.681,0.22,0.723,0.058
7,"S&amp;P 500 Slips Below Key 4,000 Level as Selloff Intensifies",0.744,0.097,0.832,0.071
8,"FedEx has 'lucrative backdoor' to bigger role in e-commerce, says Citi",0.831,0.077,0.88,0.043
9,Tech stock headwinds leading to ‘more downside’ for the Nasdaq: Strategist,0.743,0.226,0.774,0.0
10,Miami F1 race a big boon for the sport — and for big brands,1.0,0.14,0.852,0.008
11,"Stocks: S&amp;P 500 touches 52-week low, Microsoft market cap dips below $2 trillion",0.0,0.0,1.0,0.0
12,"Market check: Dow falls 500+ points, bitcoin sells off",0.0,0.0,1.0,0.0
13,Dow Jones Dives As Stock Market Correction Worsens; Bitcoin Tumbles And Yields Climb,-0.691,0.0,0.84,0.16
14,Dow Jones Futures Dive As Stock Market Correction Worsens; Bitcoin Tumbles And Yields Jump,-0.832,0.0,0.784,0.216
15,3 Dividend-Paying Tech Stocks to Buy in May,0.876,0.153,0.831,0.016
16,4 Blue-Chip Stocks to Buy for May 2022,0.999,0.124,0.834,0.042
17,Linkedin Founder Reid Hoffman: Elon Musk has some good ideas for improving Twitter,0.993,0.117,0.875,0.008
18,"Yahoo Finance Presents: Reid Hoffman, Greylock Partner &amp; LinkedIn Co-Founder",0.0,0.0,1.0,0.0
19,Alibaba Is an Unstoppable Force Meeting an Immovable Object,-0.42,0.079,0.846,0.075
20,Recession Watch heats up as Fed moves to tamp down inflation: Morning Brief,0.995,0.1,0.828,0.072
