﻿,Titles,Polarity,Positive,Neutral,Negative
0,7 Virtual Reality Stocks to Buy for the Big Metaverse Move,0.999,0.101,0.856,0.044
1,"Focused Eaton Vance Fund Soars In Up Markets, Minimizes Pullbacks",0.84,0.305,0.649,0.046
2,"The Future of AI Is Exciting, But C3.ai Is Expensive and Risky",0.998,0.133,0.804,0.062
3,Will FAANG stocks get routed because of the Federal Reserve?,0.996,0.147,0.816,0.037
4,How A Dividend-Buyback Combo Could Lead Microsoft's Stock Higher,0.077,0.088,0.845,0.067
5,"Dow Jones Falls 100 Points; Biden, Xi Talk; Affirm Skyrockets On Earnings",0.0,0.0,1.0,0.0
6,"Dow Jones Rally Fades; Biden, Xi Talk; Affirm Skyrockets On Earnings",0.0,0.0,1.0,0.0
7,7 Cathie Wood Stock Favorites to Keep on Your Radar,1.0,0.152,0.819,0.029
8,Boost Your Portfolio With These 3 Promising Tech Stocks,0.997,0.131,0.858,0.01
9,"Stock Market News for Sep 10, 2021",0.931,0.076,0.87,0.054
10,"Microsoft Stock Near Record Highs, But Is It Too Extended To Buy?",0.026,0.044,0.956,0.0
11,"Best Mutual Funds Betting Billions On Microsoft, Shopify, Facebook, GOOGL Stock",0.718,0.273,0.727,0.0
