﻿,Titles,Polarity,Positive,Neutral,Negative
0,Alphabet (GOOGL) Updates Google Meet With Recent Capability,0.999,0.146,0.844,0.011
1,7 A-Rated Tech Stocks to Buy and Hold Now,1.0,0.143,0.823,0.034
2,Qualcomm Is Plotting a Return to Server Market With New Chip,0.986,0.081,0.89,0.029
3,7 Stocks That Win When the Fed Hikes Interest Rates,1.0,0.153,0.83,0.017
4,"Browser Startups Take Aim at Google Chrome, Apple Safari",-0.55,0.0,0.871,0.129
5,Big Tech Has a Message for Schumer: We Come Bearing Gifts,0.991,0.07,0.904,0.025
6,Top 10 Stock Picks of Murray Stahl’s Horizon Asset Management,1.0,0.143,0.845,0.012
7,5 Companies Most at Risk of Biden’s Stock Buyback Tax,0.99,0.091,0.864,0.045
8,7 Speculative Stocks to Buy If You Believe the Rumors,0.997,0.102,0.854,0.044
9,"The Zacks Analyst Blog Highlights Microsoft, Sony, Activision Blizzard, Nintendo and Electronic Arts",0.999,0.105,0.867,0.029
10,Browsers Are Back in the Antitrust Hot Seat,-0.55,0.0,0.876,0.124
11,"Zacks Market Edge Highlights: Merck, PepsiCo, Honeywell, Microsoft and PNC Financial",0.999,0.122,0.838,0.039
