﻿,Titles,Polarity,Positive,Neutral,Negative
0,"Dow Jones Drops As Apple, Microsoft Weigh; Stock Market Hit Hard Despite Growth Stock Winners",-0.202,0.0,0.921,0.079
1,S&amp;P 500 in Second-Weekly Loss as Caution Sets in Ahead of Fed Meeting,-0.933,0.038,0.887,0.076
2,6 of the Best Penny Stocks to Snap Up on Robinhood,0.999,0.129,0.823,0.048
3,"ServiceNow (NOW), Microsoft Expand Partnership With New App",0.998,0.174,0.816,0.01
4,Dow Jones Slides As Apple Sells Off; 4 Top Growth Stocks To Buy And Watch,0.402,0.114,0.886,0.0
5,Has Microsoft (MSFT) Outpaced Other Computer and Technology Stocks This Year?,0.994,0.136,0.864,0.0
6,Wells Fargo (WFC) Taps Cloud Services of Microsoft &amp; Google,0.998,0.151,0.837,0.012
7,AI will ‘exacerbate’ wealth inequality and help ultra-rich: Ex-Google exec,0.99,0.094,0.881,0.025
8,Dow Jones Falls As Apple Slides; 4 Top Growth Stocks To Buy And Watch,0.402,0.119,0.881,0.0
9,"S&amp;P 500 Sinks as Materials, Tech Weigh",0.925,0.09,0.853,0.057
10,10 Stocks That Raised Their Dividend in 2021,0.999,0.09,0.889,0.021
11,"Dow Jones Today, Stocks Slip Into Witching Day; Snap Gets Some Zynga; Invesco-State Street Deal Chatter",-0.44,0.0,0.873,0.127
12,Girish Kumar’s TenCore Partners is Investing in These 10 Technology Stocks,1.0,0.114,0.867,0.02
13,How A.I. will exacerbate inequality between rich &amp; poor: Kai-Fu Lee,0.477,0.119,0.881,0.0
14,Why This 1 Computer and Technology Stock Could Be a Great Addition to Your Portfolio,0.999,0.17,0.828,0.002
15,"Stock Market News for Sep 17, 2021",-0.331,0.07,0.863,0.067
16,BlackBerry (BB) Curbs Cyber Threats With Encoded Group Phone Calls,0.999,0.185,0.795,0.02
17,"Dow Jones Today, Futures Point To Weak Start In Witching Day; ZoomInfo Upgraded; Invesco-State Street Deal Chatter",-0.44,0.0,0.873,0.127
18,"Cybercrime Is on the Rise. Here’s How to Fight It, Microsoft’s President Says.",-0.402,0.071,0.788,0.141
19,Microsoft To Launch Office 2021 On Oct 5,0.906,0.095,0.884,0.021
20,"Amazon, Microsoft Swoop In on $24 Billion India Farm-Data Trove",0.996,0.105,0.851,0.044
