﻿,Titles,Polarity,Positive,Neutral,Negative
0,Bill Gates and Melinda French Gates share post-divorce philanthropic plans,0.836,0.212,0.788,0.0
1,7 Top Companies Reveal Their Plans for Metaverse Mania,1.0,0.128,0.862,0.01
2,Fund manager RFP opens for Mission-Driven Bank Fund,0.996,0.11,0.885,0.005
3,3 Tips I Follow During a Downturn in the Market,-0.128,0.0,0.96,0.04
4,"Amazon's (AMZN) AWS Gets Picked by Meta, Grows Clientele",0.998,0.129,0.87,0.002
5,"Dow Jones Rallies, But Stock Market Sell-Off Worsens; Apple Slides On Weak iPhone Demand",-0.743,0.0,0.722,0.278
6,10 Dividend Stocks to Buy According to Murray Stahl’s Horizon Asset Management,0.999,0.133,0.859,0.007
7,"NFT craze breathes life into first ETF, investors seek to 'connect and create'",0.996,0.116,0.86,0.024
8,"Dow Jones Bounces, But Stock Market Sell-Off Worsens; Apple Slides On Weak iPhone Demand",-0.743,0.0,0.722,0.278
9,Chase Coleman’s Tiger Global Management Portfolio: 10 New Stock Picks,0.995,0.069,0.916,0.015
10,MicroVision Is a Buy on Autonomous Driving Technology Growth,0.999,0.14,0.83,0.03
11,10 Dividend Stocks to Buy According to Bernard Horn’s Polaris Capital,0.998,0.092,0.898,0.01
12,CVS Health and Microsoft Announce New Strategic Alliance to Reimagine Personalized Care and Accelerate Digital Transformation,0.999,0.188,0.803,0.009
13,"Dow Jones Futures Bounce, But Stock Market Sell-Off Worsens; Apple Slides On Weak iPhone Demand",-0.743,0.0,0.711,0.289
14,Amadeus Ponders the Metaverse in Next Phase of Microsoft Partnership,0.987,0.075,0.908,0.017
15,Microsoft's CEO Just Sold $285 Million in Stock: Should Investors Panic?,0.177,0.146,0.783,0.072
16,"Dow Jones Futures Rise, Tech Futures Fall After Market Rally's Bearish Reversal; Apple Retreats, Snowflake Jumps",-0.66,0.0,0.876,0.124
17,The Biggest Problems With Facebook's Meta Transition,0.214,0.027,0.973,0.0
18,"Dow Jones Futures Rise After Market Rally's Bearish Reversal On U.S. Omicron Case; Apple Falls, Snowflake Jumps",-0.494,0.0,0.928,0.072
19,Amazon (AMZN) Gains Competitive Edge with Graviton3 Instances,0.996,0.133,0.848,0.02
