﻿,Titles,Polarity,Positive,Neutral,Negative
0,CrowdStrike Stock Has Some Juice Left As It Battles Microsoft,0.997,0.135,0.818,0.047
1,"Microsoft Xbox Chief Is Looking for Acquisitions in Social, Casual Games",0.962,0.1,0.841,0.059
2,14 Stocks to Buy According to Daniel Kim’s Blackcrane Capital,0.999,0.105,0.871,0.024
3,100 Best ESG Companies Combine Superior Stock Ratings With Social Values,0.844,0.252,0.748,0.0
4,7 Best ESG Stocks to Buy for Holistic Profitability,0.999,0.131,0.82,0.048
5,"Dow Jones Falls As Bitcoin Hits Record High; 3 Key Earnings Movers Include PayPal, Roblox",0.0,0.0,1.0,0.0
6,"Dow Jones Futures Fall As Bitcoin Hits Record High; 3 Key Earnings Movers Include PayPal, Roblox",0.0,0.0,1.0,0.0
7,Should WisdomTree U.S. LargeCap ETF (EPS) Be on Your Investing Radar?,0.997,0.134,0.839,0.027
8,7 Stocks to Buy That Could Be the Next Trillion-Dollar Company,0.999,0.104,0.868,0.028
9,"Nvidia's Omniverse is being used to predict forest fires, set up cell networks, and teach cars to drive",0.989,0.068,0.915,0.018
