﻿,Titles,Polarity,Positive,Neutral,Negative
0,Netflix inks deal with Microsoft to build advertising platform,0.55,0.165,0.835,0.0
1,Netflix Makes an Important Technology Choice,0.542,0.101,0.899,0.0
2,Job layoffs circulate throughout tech industry,0.977,0.079,0.889,0.032
3,Netflix partners with Microsoft on ad-supported streaming plan,0.0,0.0,1.0,0.0
4,Netflix teams up with Microsoft for ad-supported streaming tier,0.891,0.128,0.858,0.015
5,Netflix Picks Microsoft as Partner for Ad-Supported Streaming Services,0.0,0.0,1.0,0.0
6,A Sad Bill Gates Makes a Huge Announcement,0.026,0.123,0.758,0.118
7,Netflix names Microsoft as partner for ad-supported platform,0.0,0.0,1.0,0.0
8,Dow Futures Slip Ahead of Major Bank Earnings,0.061,0.058,0.886,0.057
9,Netflix Partners With Microsoft for New Advertising-Backed Option,0.9,0.178,0.822,0.0
10,Netflix Picks Microsoft as Partner for Ad-Supported Streaming Service,0.986,0.104,0.854,0.042
11,Netflix rises after choosing Microsoft as partner to roll out ad-supported tier,0.993,0.11,0.861,0.03
12,Netflix names Microsoft as partner for ad-supported subscription plan,0.93,0.106,0.869,0.025
13,Apple Isn’t Recession-Proof. Why 1 Analyst Sees 15% Downside For The Stock.,0.477,0.195,0.722,0.083
14,Bill Gates donates $20 bln to his foundation,0.912,0.12,0.841,0.04
15,Stock Market Today: Dow Ends Lower as High Inflation Stokes Rate Hike Fears,-0.932,0.068,0.843,0.089
16,Google slows pace of hiring as tech sector braces for more uncertainty,0.985,0.075,0.898,0.028
17,"Market check: Stocks move lower, Tesla stock clings to gains",0.0,0.0,1.0,0.0
18,Scams Lurk in Ads on Google Searches for Student Loan Relief,0.171,0.083,0.83,0.088
19,Dow Jones Dives On Hot Inflation Report,0.0,0.0,1.0,0.0
20,"Google to slow hiring after bringing on 10,000 new workers in second quarter",0.0,0.0,1.0,0.0
21,"Apple, Amazon, Tesla stocks dive into the red after inflation data",-0.077,0.053,0.903,0.045
22,Dow Jones Futures Dive On Hot Inflation Report,-0.296,0.0,0.905,0.095
23,Dow Jones Futures Rise Ahead Of Key Inflation Report,0.0,0.0,1.0,0.0
24,Google Is the Latest Tech Company to Slow Hiring,0.608,0.069,0.931,0.0
25,7 Nasdaq Stocks to Sell Now,0.987,0.099,0.815,0.086
26,Why These 3 Cloud Companies Will Continue to Take Market Share,0.494,0.244,0.756,0.0
27,"Google to Slow Hiring for Rest of 2022, Joining Other Tech Companies",0.608,0.061,0.939,0.0
