﻿,Titles,Polarity,Positive,Neutral,Negative
0,Mohamed El-Erian says the Fed's inflation screwup will 'go down in history' — but he's using these 3 stocks to take advantage,0.996,0.115,0.839,0.046
1,"Dow Jones Futures: These Sectors Lead Market Rotation As Tesla Falls, Software Skids; 3 Stocks In Buy Zones",-0.166,0.078,0.81,0.111
2,10 Stocks that Tripled in 2021,0.999,0.13,0.843,0.027
3,Huge Annualized Returns Available On Microsoft Stock For High-Risk Options Traders,0.952,0.266,0.734,0.0
4,US STOCKS-Nasdaq tumbles for second day as Big Tech loses ground,0.99,0.11,0.861,0.028
5,Microsoft Receives Cloud Revenue Boost From Pentagon,0.459,0.15,0.85,0.0
6,Amazon's (AMZN) AWS Clientele Expands With adidas' Selection,0.997,0.122,0.876,0.002
7,7 Best Video Game Stocks to Buy for the Year End,0.999,0.121,0.835,0.044
8,S&amp;P 500 Ekes Out Gain After Cutting Losses as Tech Eases Off Lows,0.973,0.104,0.859,0.037
9,9 Stock Picks of ESG Investor Jeffrey Ubben,0.999,0.099,0.884,0.017
10,Why is a third H-1B lottery under way?,0.0,0.0,1.0,0.0
11,"S&amp;P 500 Cuts Losses as Tech Selloff Eases, Cyclicals Shine",0.991,0.124,0.837,0.039
12,"Market check: Stocks mixed as tech remains under pressure, crude oil dips",0.0,0.0,1.0,0.0
13,"Dow Jones Rises; Tesla Rival Jumps On Strong Sales; Best Buy, Zoom Dive On Earnings",0.511,0.125,0.875,0.0
14,Alphabet's (GOOGL) Google Updates Gmail With Material You,0.998,0.161,0.825,0.014
15,"Dow Jones Futures Rise; Tesla Rival Jumps On Strong Sales; Best Buy, Zoom Dive On Earnings",0.818,0.238,0.762,0.0
16,Is It Too Late to Buy Microsoft?,0.991,0.132,0.807,0.061
17,Is SPDR MSCI USA StrategicFactors ETF (QUS) a Strong ETF Right Now?,0.995,0.095,0.89,0.016
18,EU Lawmakers Pass Strict New Rules Affecting Big U.S. Tech,-0.581,0.071,0.853,0.076
19,Shareholders May Be More Conservative With Microsoft Corporation's (NASDAQ:MSFT) CEO Compensation For Now,0.997,0.125,0.849,0.025
20,"Biden's SPR Release, Zoom Earnings, Turkey Trouble - What's Moving Markets",-0.969,0.065,0.843,0.092
21,Zoom Slumps as Growth in Large Clients User Base Falls Short,0.951,0.098,0.878,0.024
22,Dow Jones Futures Rise: Stock Market Rally Diverges As Tech Stocks Sell Off; Zoom Slides Despite Earnings Beat,0.0,0.0,1.0,0.0
23,Dow Jones Futures Fall: Stock Market Rally Diverges As Tech Stocks Sell Off; Zoom Slides Despite Earnings Beat,0.0,0.0,1.0,0.0
