﻿,Titles,Polarity,Positive,Neutral,Negative
0,Mandiant (MNDT) Stock Rallies 16% on Google Takeover Report,0.997,0.171,0.807,0.022
1,"Benchmark Remains Bullish On Take-Two Interactive Software, Thanks To Sony and Microsoft",0.942,0.1,0.873,0.028
2,Google Has A New Cybersecurity Game Plan To Keep Hackers at Bay,0.681,0.108,0.855,0.037
3,EXPLAINER-Will Big Tech cloud companies cut off Russia?,0.912,0.062,0.893,0.045
4,Apple launches new iPad Air with M1 chip and 5G connectivity,0.958,0.089,0.892,0.02
5,Petco Jumps Despite Market Declines; Google Buys Mandiant,0.914,0.218,0.746,0.036
6,Google Beats Microsoft To Make Cloud Cybersecurity Acquisition,0.402,0.13,0.87,0.0
7,Google Makes a Big Cyber Defense Move,0.681,0.108,0.855,0.037
8,"U.S. equity markets ‘being treated as a safe haven,’ strategist says",-0.34,0.0,0.921,0.079
9,Microsoft launches free hub for startup founders,0.226,0.076,0.924,0.0
10,3 Reasons to Buy This Monster Tech Stock Now,-0.681,0.035,0.838,0.127
11,S&amp;P 500 Slips as Wild Trading Continues After U.S. Ban on Russia Oil,0.9,0.073,0.884,0.043
12,"Top Analyst Reports for Microsoft, Amazon &amp; NVIDIA",0.999,0.175,0.786,0.039
13,S&amp;P 500 Turns Positive in Wild Trading as U.S. Unveils Ban on Russia Energy,0.983,0.111,0.844,0.045
14,4 Tech Giants to Watch During This Correction,0.71,0.216,0.784,0.0
15,Dow Jones Falls As Biden Set To Ban Imports Of Russian Oil,-0.557,0.0,0.847,0.153
16,Dow Jones Futures Climb As Biden Set To Ban Imports Of Russian Oil,-0.361,0.079,0.787,0.135
17,10 Stocks to Buy Under $20 According to Ken Fisher,0.999,0.119,0.881,0.0
18,"The Zacks Analyst Blog Highlights Apple, Microsoft and Intel",0.974,0.082,0.863,0.055
19,Dow Jones Futures Extend Losses As Russia-Ukraine War Continues; Oil Prices Climb Again,0.0,0.0,1.0,0.0
20,Dow Jones Futures Rise As Russia-Ukraine War Continues; Oil Prices Climb Again,0.0,0.0,1.0,0.0
21,Reston cyber company Mandiant reaches $5.4B deal to sell to Google,0.772,0.106,0.894,0.0
22,Cloudflare Rebuffs Ukraine Requests to Stop Working With Russia,-0.932,0.072,0.831,0.097
23,Yahoo Finance Presents: Nasdaq CEO Adena Friedman,1.0,0.163,0.824,0.013
24,UPDATE 2-Google to buy cybersecurity firm Mandiant for $5.4 bln,0.878,0.053,0.947,0.0
25,Google to Buy Cybersecurity Firm Mandiant for $5.4 Billion,0.974,0.091,0.858,0.05
26,PayPal Is Still too Risky to Buy Yet,0.995,0.103,0.857,0.04
27,"‘If we didn’t do it, no one would’: Suzanne Shank is paving a path for U.S. companies to put women and people of color in power",0.0,0.0,1.0,0.0
28,Estee Lauder Edges Higher on Shutting All Operations in Russia,-0.155,0.039,0.919,0.042
29,10 Stocks to Buy According to Peter Simmie’s Bristol Gate Capital,1.0,0.117,0.875,0.008
30,"New Gaming Console Player Wants to Take Down Sony, Microsoft",-0.361,0.0,0.955,0.045
