﻿,Titles,Polarity,Positive,Neutral,Negative
0,S&amp;P 500 Hits Bear Market Territory,0.0,0.0,1.0,0.0
1,Microsoft to acquire cybersecurity startup Miburo,-0.527,0.0,0.805,0.195
2,10 Best REIT ETFs to Buy Now,1.0,0.134,0.842,0.023
3,Dow Futures Higher Ahead of Fed’s Interest Rate Decision,0.942,0.094,0.872,0.034
4,"Top Research Reports for Microsoft, Amgen &amp; Honeywell",0.999,0.161,0.785,0.054
5,Stock Market Today: Dow Slides as Fears of Big Fed Hike Run High Ahead of Decision,0.985,0.113,0.831,0.056
6,"Stocks: Oracle rises, Fedex soars, consumer staples lag",-0.557,0.043,0.905,0.052
7,"4 Dow Jones Stocks To Watch In June: Apple, Microsoft Rebound",0.691,0.186,0.716,0.098
8,Is a Stock Split Overdue for These 2 Stocks?,0.575,0.121,0.832,0.047
9,Travel stocks mixed following report of dip in online bookings for May,0.0,0.0,1.0,0.0
10,S&amp;P 500 Stutters as Surging Treasury Yields Point to Hawkish Fed,0.973,0.105,0.837,0.058
11,7 Stocks to Jump on During Any Market Correction,0.999,0.138,0.782,0.08
12,Sony Heightens Microsoft Xbox Rivalry With Latest Move,0.984,0.152,0.815,0.033
13,10 Popular Penny Stocks on Robinhood,0.995,0.067,0.918,0.015
14,Baron Funds: “Microsoft (MSFT) Can Compound Revenue in the Low Double Digits for the Next 3 Years”,0.987,0.109,0.876,0.015
