﻿,Titles,Polarity,Positive,Neutral,Negative
0,"Microsoft building its first Washington computer, server recycling center, records show",0.361,0.116,0.884,0.0
1,"No exodus here: As companies ditch their S.F. headquarters, fintech leases historic new HQ",0.0,0.0,1.0,0.0
2,Zoom Shares Rally as Profits Top Guidance,0.0,0.0,1.0,0.0
3,Dow Jones Futures: What To Do As Stock Market Rebounds; 6 Top Stocks To Buy And Watch,-0.296,0.0,0.901,0.099
4,Workers at Activision Blizzard-owned game publisher vote to unionize,0.637,0.191,0.809,0.0
5,Activision Union Gets Legal Recognition in Gaming First,0.965,0.089,0.853,0.057
6,Markets in the green as energy and financial stocks lead gains,0.34,0.098,0.902,0.0
7,"UPDATE 2-Videogame publisher Activision illegally threatened staff, U.S. agency says",0.861,0.071,0.887,0.042
8,"Activision Illegally Threatened Staff, Labor Officials Find",-0.891,0.054,0.875,0.07
9,Why Roku Stock Tumbled on Monday,0.318,0.079,0.882,0.039
10,Meta’s future-focused policy leader is missing a key problem in its present-day metaverse,0.8,0.311,0.642,0.047
11,"Stock Market Today: Dow Makes Strong Start to Week as Banks, Tech Shine",0.935,0.099,0.84,0.061
12,Tiger Cub Chase Coleman is Selling These 10 Tech Stocks,1.0,0.114,0.859,0.027
13,"Tech stock environment has ‘drastically changed,’ strategist says",0.0,0.0,1.0,0.0
14,Electronic Arts Stock Jumps On Report of Takeover Interest In FIFA Video Game Maker,-0.402,0.0,0.903,0.097
15,Market check: Stocks rally after teasing bear market,0.0,0.0,1.0,0.0
16,Dow Jones Rallies As Stock Market Looks To Rebound; VMware Surges On Broadcom Talks,-0.402,0.0,0.895,0.105
17,10 Best Dividend Stocks to Buy According to Noam Gottesman’s GLG Partners,1.0,0.118,0.869,0.013
18,10 Best Dividend Stocks According to Richard Chilton’s Chilton Investment Company,1.0,0.145,0.846,0.009
19,EA Stock Rises on Reports the Videogame Maker is Pursuing a Sale or Merger,0.092,0.055,0.908,0.037
20,Dow Jones Futures Rally As Stock Market Looks To Rebound; VMware Surges On Broadcom Talks,-0.402,0.0,0.886,0.114
21,Zoom’s 85% Selloff Has Analysts Calling for a Rally,0.995,0.098,0.874,0.028
22,4 Dow Stocks Billionaire Money Managers Bought Hand Over Fist in the First Quarter,0.824,0.141,0.815,0.044
23,It’s Zoom Earnings Day. Here’s What to Expect.,-0.103,0.085,0.814,0.101
