﻿,Titles,Polarity,Positive,Neutral,Negative
0,10 Best Fidelity Funds to Buy Now,1.0,0.128,0.849,0.023
1,Top 10 Stock Picks of Osman Ozsan’s Deuterium Capital Management,0.997,0.089,0.874,0.037
2,SNAP Might Cease Development of Pixy Flying Selfie Drone,0.977,0.09,0.858,0.052
3,Will Microsoft Beat Sony in the Console War?,-0.606,0.017,0.915,0.069
4,Nasdaq Bear Market: 3 Top Stocks Billionaires Can't Stop Buying,0.296,0.084,0.879,0.037
5,Want a Green Portfolio? Buy These 3 ESG Growth Stocks,0.422,0.063,0.938,0.0
