﻿,Titles,Polarity,Positive,Neutral,Negative
0,Microsoft (MSFT) Dips More Than Broader Markets: What You Should Know,0.989,0.092,0.902,0.006
1,DocuSign Rival Adobe Stock Breaks Out After Inking Deal With All 50 States,0.527,0.15,0.85,0.0
2,"Top Stock Reports for Microsoft, JPMorgan &amp; Honeywell",0.999,0.189,0.74,0.071
3,"Facebook Pushes Into Audio to Compete With Clubhouse, Twitter",0.983,0.095,0.879,0.026
4,"Microsoft to test Xbox cloud gaming on PCs, Apple mobile devices",0.863,0.084,0.907,0.009
5,"Microsoft Unveils Xbox Cloud Gaming for Windows 10 PCs, iOS",0.0,0.0,1.0,0.0
6,"Strong Earnings from Coca-Cola Start Week, with IBM on Way Ahead of Netflix Tomorrow",0.999,0.119,0.827,0.054
7,Bill Gates’ Top 10 High Dividend Stocks,1.0,0.153,0.832,0.016
8,The Biggest Risks to Big Tech's Continued Dominance,-0.273,0.072,0.842,0.087
9,India’s Razorpay Triples Valuation to $3 Billion With Funding,0.984,0.089,0.904,0.007
10,"China’s Internet Stocks Face More Pain, Global Investors Say",0.975,0.071,0.893,0.036
11,Zoom seeks to stay ahead of Microsoft with $100m for start-ups,-0.202,0.045,0.902,0.053
