﻿,Titles,Polarity,Positive,Neutral,Negative
0,"Stocks search for direction into the close, Treasury yields invert deeper",0.202,0.07,0.93,0.0
1,7 Quantum Computing Stocks to Buy for the Next 10 Years,0.998,0.088,0.903,0.009
2,"Microsoft Sales Will Be Crimped by Strong Dollar, Analyst Warns",-0.296,0.0,0.913,0.087
3,Stock Market Today: Dow in Weekly Win Despite Slip as Strong Jobs Fuel Fed Fears,0.645,0.06,0.892,0.048
4,Twitter (TWTR) Trims Talent Acquisition Team to Cut Costs,0.921,0.075,0.872,0.053
5,Tech Investors Should Brace for More Pain as Earnings Season Dawns,-0.572,0.059,0.796,0.145
6,S&amp;P 500 Cuts Losses to Inch Higher Following Stronger Jobs Data,0.918,0.086,0.853,0.062
7,Dividend Stocks Can Help During Recession. Here’s What to Look For.,-0.66,0.0,0.802,0.198
8,"Market check: Stocks fall, jobs report weighs on bond market",0.0,0.0,1.0,0.0
9,Dow Jones Drops On Strong Jobs Report; Twitter Tumbles On Elon Musk Doubts,0.273,0.129,0.784,0.086
10,10 Cheap ETFs to Invest in For Beginners,1.0,0.124,0.861,0.015
11,Piper Sandler Sees Microsoft Poised To Cross $100B Annualized Run-Rate Benchmark,0.971,0.14,0.796,0.064
12,Nancy Pelosi Stock Portfolio: 10 Latest Stocks To Consider,1.0,0.115,0.848,0.037
13,Dow Jones Futures Drop After Strong Jobs Report; Twitter Tumbles On Elon Musk Doubts,0.103,0.105,0.806,0.089
14,10 Best Dividend Stocks to Buy Now in July,0.735,0.316,0.602,0.083
15,7 Best Biotech Stocks to Buy in July 2022,0.999,0.119,0.835,0.046
16,Should You Really Be Buying Stocks Right Now?,0.971,0.273,0.713,0.014
17,Amazon and Others Continue a Tradition Like No Other,0.997,0.124,0.84,0.036
18,Score Deal Days Savings On VBA Training And Lifetime Access To Microsoft Office,0.995,0.149,0.851,0.0
