﻿,Titles,Polarity,Positive,Neutral,Negative
0,Aramco Selling $12.4 Billion Stake in Pipeline Rights Unit,0.991,0.13,0.865,0.006
1,Today’s Most-Shorted Stocks to Trade,0.998,0.124,0.838,0.038
2,7 Excellent Index Funds With Juicy Dividends for Income Investors,1.0,0.107,0.889,0.005
3,LinkedIn Denies Data Breach Allegations: Report,-0.178,0.051,0.894,0.054
4,CrowdStrike Stock: Partnership With Amazon Seen As Growth Driver,0.511,0.185,0.815,0.0
5,"Dow Jones Today Defends Gains, Nasdaq Slips As Inflation Data Surges; Honeywell Upgraded, Boston Beer In Buy Range",0.0,0.0,1.0,0.0
6,Here's How Much a $1000 Investment in Microsoft Made 10 Years Ago Would Be Worth Today,0.998,0.152,0.819,0.03
7,"Dow Jones Today Trims Gains As Nasdaq Lags Ahead Of Inflation Data; Honeywell Upgraded, Boston Beer In Buy Range",-0.026,0.0,0.945,0.055
8,"Dow Jones Today Eyes New High, Nasdaq Lags Ahead Of Inflation Data; Honeywell Upgraded, Boston Beer In Buy Range",-0.026,0.0,0.945,0.055
9,"Dow Jones Futures Rise After Tech Leaders Break Out, Set Up; What To Do Now",0.71,0.228,0.772,0.0
10,Blockchain ETF Lets Investors Cash In On Bitcoin's Resurging Popularity,-0.557,0.0,0.816,0.184
11,"The Zacks Analyst Blog Highlights: Goldman Sachs, Dow, Chevron and Microsoft",0.999,0.123,0.863,0.014
12,"Stock Market Rally Gains Steam As Apple, Microsoft, Google, Facebook Lead Tech Revival: Weekly Review",-0.052,0.086,0.822,0.092
13,"Dow Jones Futures Rise, Nasdaq Futures Fall After Tech Leaders Break Out, Set Up; What To Do Now",0.71,0.228,0.772,0.0
14,UPDATE 1-LinkedIn says some user data extracted and posted for sale,-0.077,0.028,0.943,0.029
15,LinkedIn says some user data extracted and posted for sale,-0.077,0.027,0.944,0.029
16,Nasdaq Composite Gains Momentum in April: 5 Top Picks,1.0,0.15,0.841,0.01
17,Sony’s Obsession With Blockbusters Is Stirring Unrest Within PlayStation Empire,0.999,0.103,0.869,0.028
18,Is Apple Or Microsoft The Better Buy Right Now?,0.993,0.118,0.862,0.02
