﻿,Titles,Polarity,Positive,Neutral,Negative
0,10 Best Stocks Under $10 According to Billionaire Daniel Och’s OZ Management,0.999,0.115,0.863,0.021
1,"2 ""Wide Moat"" Stocks That Can Help You Beat Inflation",-0.422,0.12,0.737,0.143
2,Michael Burry's 'mother of all crashes' warning is still in play — but here are 3 stocks he's bullish on,0.998,0.135,0.839,0.026
3,Investors should ‘fasten their seat belts’ this earnings season: Wall Street Alliance Group Partner,0.0,0.0,1.0,0.0
4,"Salesforce.com, UPST Stock Among The 5 Best Tech Stocks To Buy Or Watch Now",0.904,0.379,0.621,0.0
5,Here's How Microsoft Is Using Artificial Intelligence,-0.318,0.025,0.93,0.045
6,10 Tech Stocks to Buy According to Billionaire David Tepper,0.998,0.075,0.906,0.019
7,Dow Jones Falls As Tesla Climbs On Record China Sales; 3 Tech Giants Eye New Buy Points,-0.296,0.0,0.879,0.121
8,Dow Jones Rallies As Tesla Climbs On Record China Sales; 3 Tech Giants Eye New Buy Points,0.0,0.0,1.0,0.0
9,PowerSchool opens first digital learning lab at UC Davis,0.0,0.0,1.0,0.0
10,Dow Jones Futures Rally As Tesla Climbs On Record China Sales; 3 Tech Giants Eye New Buy Points,0.0,0.0,1.0,0.0
11,Dow Jones Futures Edge Up As Tesla Climbs On Record China Sales; 3 Tech Giants Eye New Buy Points,0.0,0.0,1.0,0.0
12,Google Will Show Its Cloud Customers Their Carbon Footprint,0.946,0.087,0.859,0.054
13,Here's Why Nvidia's Cloud Gaming Service Is the Real Deal,0.755,0.128,0.872,0.0
14,Dow Jones Futures Rally As Tesla Climbs On Strong China Sales,0.511,0.125,0.875,0.0
15,Become A Certified Microsoft Azure Pro With This $20 Prep Bundle,0.926,0.066,0.922,0.012
16,Former AWS exec Charlie Bells starts new role at Microsoft after agreement,0.527,0.197,0.739,0.064
17,Former AWS exec Charlie Bell starts new role at Microsoft after agreement,0.527,0.197,0.739,0.064
