﻿,Titles,Polarity,Positive,Neutral,Negative
0,Chat App Discord Is Worth $15 Billion After New Funding,0.43,0.081,0.854,0.065
1,Green Across the Board at Closing Bell,0.997,0.143,0.834,0.023
2,"Microsoft Plans $60 Billion Share-Buyback Program, Raises Dividend",0.0,0.0,1.0,0.0
3,"Dow Jones Futures: Stock Market Rally Flashes Several Buys, Including Microsoft, Palantir, Devon Energy",0.494,0.208,0.792,0.0
4,25 Largest ETFs by Assets Under Management,1.0,0.101,0.877,0.022
5,"Tech Giants Used ‘Loopholes’ to Duck Merger Reviews, FTC Says",0.983,0.08,0.888,0.032
6,Goldman Sachs on Apple: Delta variant will make iPhone sales 'challenging',0.984,0.092,0.873,0.035
7,When will Amazon stock skyrocket again?,0.872,0.09,0.849,0.061
8,10 Cheap Small-Cap Stocks to Buy,1.0,0.123,0.864,0.013
9,S&amp;P 500 Snaps Losing Streak as Energy Boost Coaxes Bulls From Hiding,0.84,0.071,0.884,0.045
10,"Wells Fargo picks Microsoft, Google as cloud service providers",0.823,0.063,0.937,0.0
11,Stock Market Today With Jim Cramer: Microsoft Buyback Shows It Has Lots of Cash,0.0,0.0,1.0,0.0
12,Microsoft announces $60B stock buyback plan,0.0,0.0,1.0,0.0
13,BOX Gets Picked by Lotte for Secured Content Collaboration,0.997,0.164,0.83,0.006
14,Former Amazon Cloud Executive Joins Microsoft to Lead Security,0.963,0.118,0.882,0.0
15,Microsoft shares edge higher on $60 billion buyback program,0.956,0.102,0.87,0.029
16,Microsoft shares edge higher on $60 bln buyback program,0.956,0.101,0.87,0.029
17,Dow Jones Advances As Apple Falls To Key Level; Microsoft Jumps On Buyback Plan,0.402,0.114,0.886,0.0
18,"Does Microsoft's Dividend Bump, Buyback Make the Stock a Buy?",0.34,0.112,0.888,0.0
19,Oracle Is Aiming For The Cloud,0.996,0.124,0.858,0.019
20,"Microsoft's stock peeks into record territory after dividend raised, new $60 billion buyback program announced",0.527,0.053,0.947,0.0
21,Microsoft Continues to Look Bullish: How to Play the Stock,0.807,0.211,0.789,0.0
22,"Microsoft (MSFT) Reveals New Repurchase Plan, Bumps Dividend",0.998,0.159,0.832,0.01
23,4 Stocks to Watch Out For on Consistent Demand for Video Games,0.999,0.139,0.838,0.023
24,"Microsoft unveils $60 billion stock buyback plan, appoints Brad Smith as Vice Chair",0.296,0.095,0.905,0.0
25,"Dow Jones Today, Stocks Open Flat With Empire State Data, Goldman/GreenSky Deal, ThoughtWorks IPO And Microsoft Dividend In Focus",0.0,0.0,1.0,0.0
26,Akerna CEO Jessica Billingsley Discusses Acquisition of 365 Cannabis,0.999,0.113,0.88,0.007
27,10 Technology Stocks to Buy According to Mario Gabelli,1.0,0.134,0.855,0.012
28,"Microsoft, Las Vegas Sands, AMC: What to Watch When the Stock Market Opens Today",-0.296,0.0,0.872,0.128
29,Microsoft will now let you kill your passwords for good,0.867,0.04,0.949,0.011
30,"Dow Jones Today Lags, Futures Mixed: Empire State Data, Import Prices, Goldman/GreenSky Deal, Microsoft Dividend In Focus",0.0,0.0,1.0,0.0
31,Dow Jones Futures: Microsoft Flashes Buy Signal Amid Bearish Market Rally Trend; Chinese Economic Data Weakens,-0.691,0.0,0.725,0.275
32,Microsoft Plans to Buy Back Up to $60 Billion in Stock,0.99,0.11,0.875,0.015
33,This is the ’single largest danger’ of A.I. according to expert Kai-Fu Lee,-0.997,0.058,0.777,0.164
34,These Fundamentals Suggest that Microsoft (NASDAQ:MSFT) Investors might be Overpaying on the Stock,0.999,0.153,0.8,0.046
35,Dow Jones Futures Rise As Microsoft Flashes Buy Signal Amid Bearish Market Rally Trend; Chinese Economic Data Weakens,-0.026,0.04,0.917,0.043
36,"Microsoft Stock Supports Nasdaq, Dow Futures Gain On Oil, Energy",-0.178,0.152,0.711,0.137
37,Qualcomm CEO Says Many Others Want Arm to Remain Independent,0.99,0.096,0.895,0.008
38,Influencers with Andy Serwer: Kai-Fu Lee,0.477,0.086,0.914,0.0
39,"Jim Cramer on Apple, Crypto, Gensler, Macau, Microsoft, Rivian: Watch Live",0.0,0.0,1.0,0.0
40,Wall Street Opens Flat to Lower as Economic Fears Persist; Dow Down 15 Pts,0.929,0.086,0.877,0.036
41,I Could Take Very Nice Profits With Microsoft: Here's Why I'm Not,0.0,0.0,1.0,0.0
42,U.S. Pres Biden to meet executives on COVID-19 mandate,0.794,0.063,0.901,0.036
43,Dow Jones Futures Rise: Stock Market Rally Continues Bearish Trend; Chinese Economic Data Weakens,-0.064,0.091,0.804,0.105
44,"Premarket Movers Wednesday - Wynn, Microsoft, Las Vegas Sands, Apple",0.0,0.0,1.0,0.0
45,"5 Stocks To Watch For September 15, 2021",0.986,0.137,0.843,0.021
46,"Microsoft, Citrix, Weber Rise Premarket;  Wynn Resorts Falls",0.977,0.097,0.884,0.019
47,"Microsoft Stock Boosts Nasdaq, Dow Futures Slip Lower On Growth Concerns",-0.178,0.152,0.711,0.137
48,"U.S. Futures Edge Higher; Microsoft Buyback, Industrial Production in Focus",-0.794,0.061,0.866,0.073
