﻿,Titles,Polarity,Positive,Neutral,Negative
0,Dow Jones Futures: Market Rebounds Powerfully On Russia Invasion Sanctions; These Stocks Soar,-0.468,0.056,0.786,0.157
1,"Asana Tells a Growth Story, But it’s Not One Investors Want to Hear",0.998,0.141,0.841,0.018
2,How to Win With Game Stocks,0.999,0.123,0.849,0.027
3,"Digital Sleuths Track Clues in Hacks on Ukrainian Government, Banks",-0.993,0.058,0.833,0.109
4,7 Low Volatility Stocks to Buy Right Now for Steady Returns,1.0,0.161,0.781,0.058
5,"As QuantumScape Stock Rallies, Is It a Good Time to Buy?",0.988,0.101,0.851,0.048
6,"Market check: Stocks rally from lows, tech rebounds",0.0,0.0,1.0,0.0
7,"Tech stocks ‘are way oversold,’ Wedbush’s Dan Ives says",0.296,0.053,0.947,0.0
8,"Market check: Nasdaq, S&amp;P 500 reverse losses in late trading",-0.491,0.071,0.854,0.075
9,Reston's Mandiant is making big moves. Will a sale be one of them?,0.459,0.039,0.961,0.0
10,"For Microsoft's Morrisville expansion, March 1 is important date",0.772,0.125,0.849,0.026
11,Crypto 'will be a multi-chain world': Ava Labs president,0.996,0.091,0.901,0.007
12,Russia may be primed to hack America’s infrastructure,-0.852,0.089,0.819,0.091
13,Are tech stocks now a screaming buy?,0.904,0.068,0.893,0.039
14,Time for Cyber Security ETFs Amid Russia-Ukraine Tensions?,0.998,0.129,0.829,0.043
15,"Would Apple, Amazon and others go through with their billion-dollar-plus new campuses? Not sure anymore.",0.775,0.172,0.828,0.0
16,Salesforce.com Is a Great SaaS Buy Under $200/Share,0.997,0.1,0.872,0.028
17,Microsoft (MSFT) Down 5.5% Since Last Earnings Report: Can It Rebound?,0.999,0.136,0.839,0.025
18,Here's How Analysts View Zoom Ahead Of Its Quarterly Results,0.883,0.08,0.88,0.039
19,S&amp;P 500 Shrugs Off Russia Invasion to Stage Turnaround as Big Tech Shines,0.994,0.154,0.797,0.05
20,S&amp;P 500 Turns Positive Amid Dip-Buying in Tech After Russia Invades Ukraine,0.997,0.175,0.782,0.043
21,Big Tech Tumbles. Nasdaq 100 Enters a Bear Market After Russia Attacks Ukraine.,0.296,0.048,0.925,0.027
22,Dow Jones Dives As Russia Attacks Ukraine; Tesla Collapses,-0.459,0.0,0.864,0.136
23,The Excitement Is Over for GameStop Stock,0.984,0.081,0.887,0.032
24,Dow Jones Futures Dive As Russia Attacks Ukraine; Tesla Collapses,-0.459,0.0,0.864,0.136
25,4 Red Flags for Salesforce's Future,0.202,0.031,0.969,0.0
26,The 7 Best Web 3.0 Stocks to Buy for March 2022,0.999,0.115,0.84,0.045
27,What Microsoft's Acquisition of Activision Blizzard Means For Its Gaming Future,0.998,0.126,0.863,0.012
