﻿,Titles,Polarity,Positive,Neutral,Negative
0,Netflix and Disney+ Are About to Get Ads. What It Means for Streaming Stocks.,0.477,0.201,0.679,0.12
1,10 Blue Chip Stocks To Buy Now According To Billionaire Andreas Halvorsen,0.998,0.092,0.895,0.013
2,These ETFs are capitalizing on the luxury goods boom,0.977,0.047,0.948,0.005
3,"Google, Microsoft Search Engine Users Fall Prey To Malvertising",-0.979,0.093,0.75,0.157
4,Big Tech stocks face difficulty beyond rising rates,0.052,0.138,0.734,0.128
5,"Company News for Sep 16, 2022",0.986,0.229,0.771,0.0
6,Dow Jones Sells Off As FedEx Plunges 23% On Profit Warning,0.402,0.217,0.681,0.102
7,"Software Growth Stocks: Adobe Pays Record Multiple, Twilio Sets Restructuring",0.026,0.096,0.812,0.092
8,Here is What to Know Beyond Why Microsoft Corporation (MSFT) is a Trending Stock,0.998,0.119,0.87,0.011
9,Dow Jones Futures Sell Off As FedEx Plunges 20% On Profit Warning,0.402,0.227,0.667,0.107
10,"Dow Jones Futures Fall, FedEx Dives; Stock Market Set To Break Key Level As Bull Case Turns Bearish",0.0,0.0,1.0,0.0
11,Analysts Totally Blow It On 12 Gutsy Stock Recommendations,-0.477,0.0,0.86,0.14
12,Here's How Gaming Companies Are Going to Be Making More Money,0.402,0.074,0.926,0.0
13,"Down 25%, Is Microsoft Stock a Buy?",0.778,0.154,0.786,0.059
14,Microsoft - Activision Deal Draws More Regulatory Attention,0.925,0.141,0.783,0.076
15,2 Cryptocurrencies That Could Overtake Bitcoin,0.477,0.166,0.762,0.072
16,Dow Jones Futures Signal Break Of Key Level As FedEx Dives; Stock Market Bull Case Turns Bearish,0.0,0.0,1.0,0.0
17,Tech giants have bigger problems than rising interest rates: Morning Brief,0.985,0.086,0.862,0.053
18,Adobe Pays $20 Billion to Acquire a Burgeoning Competitor,0.296,0.091,0.909,0.0
