﻿,Titles,Polarity,Positive,Neutral,Negative
0,"Livingston Group Asset Management CO (operating as Buys Blackstone Inc, Microsoft Corp, ...",0.999,0.086,0.909,0.005
1,Market check: Stocks lose steam into session close,-0.296,0.0,0.872,0.128
2,7 Big Tech Stocks Likely to Outperform the Nasdaq in 2022,1.0,0.134,0.845,0.021
3,YF+ investment idea of the day: Microsoft,0.957,0.091,0.896,0.013
4,"US STOCKS-Wall St slips as chipmakers, Tesla weigh; Netflix jumps",0.599,0.046,0.909,0.045
5,"Morgan Jess S &amp; Co Inc Buys Wells Fargo, PowerShares QQQ Trust Ser 1, NVIDIA Corp, Sells ...",0.996,0.084,0.911,0.005
6,"Bright Rock Capital Management, Llc Buys Visa Inc, Roper Technologies Inc, American Express Co, ...",0.999,0.118,0.878,0.004
7,7 Metaverse Stocks That Future-Thinking Investors Need to Know About,1.0,0.118,0.867,0.014
8,Technology companies are outperforming expectations as the Fed lowers the boom,0.422,0.139,0.798,0.063
9,Billionaire Ken Fisher’s Performance in 2021: 15 Best Performing Stocks,1.0,0.176,0.812,0.012
10,3 Social Media Stocks to Buy Into the Fed’s Rate-Hike Jitters,0.954,0.095,0.815,0.09
11,"Looking to shakeup the cloud market, Google is offering startups 1 year of free access to Google Cloud",0.25,0.153,0.766,0.08
12,"Looking to shake up the cloud market, Google is offering startups 1 year of free access to Google Cloud",0.25,0.153,0.766,0.08
13,"Exclusive: The cloud boom isn’t over yet, Harris Poll suggests",0.0,0.0,1.0,0.0
14,7 Top Stocks With 10X Potential in 2022 For Your Portfolio,1.0,0.173,0.793,0.034
15,ETFs to Tap on Microsoft Solid Fiscal Q2 Earnings,0.994,0.099,0.872,0.028
16,"ServiceNow earnings beats estimates, stock rallies",0.993,0.124,0.864,0.013
17,"Market check: Stocks rise in early trading, Tesla shares fall, Robinhood declines",0.0,0.0,1.0,0.0
18,"GitLab Shares Gain After JPMorgan Upgrade, Thanks To Microsoft &amp; ServiceNow",0.925,0.116,0.837,0.047
19,"Dow Jones Surges Amid Stock Market Volatility; Tesla Skids On Earnings, Apple Earnings Due",0.0,0.0,1.0,0.0
20,4 Stock Winners and 4 Losers in the Microsoft-Activision Deal,0.998,0.109,0.84,0.051
21,"Company News for Jan 27, 2022",0.984,0.221,0.731,0.048
22,3 Stocks I Never Expect to Sell,0.823,0.111,0.864,0.025
23,Is Microsoft (MSFT) Still a Worthy Stock Investment?,0.996,0.142,0.854,0.004
24,Market Sell-Off: 2 Growth Stocks to Buy in Tough Times,-0.103,0.0,0.931,0.069
25,"Dow Jones Futures Rise Amid Stock Market Volatility; Tesla Falls On Earnings, Apple Earnings Due",-0.296,0.0,0.901,0.099
26,"Software stock sell-off looks overdone, ServiceNow CEO suggests",0.999,0.143,0.843,0.014
27,Microsoft Should Play Antitrust Game Well,-0.572,0.0,0.887,0.113
28,Why Activision Blizzard Is Worth Buying Even After the Microsoft Acquisition,0.625,0.267,0.733,0.0
29,"Have $2,000? 2 Market Crash-Ready Stocks to Buy",0.586,0.286,0.611,0.103
30,Dow Jones Futures Volatile After Fed Chief Powell Wipes Out Market Gains; Tesla Leads Earnings Movers,0.0,0.0,1.0,0.0
31,Better Metaverse Stock: Nvidia or Unity?,0.671,0.143,0.857,0.0
32,Investors Are Getting Increasingly Nervous About Microsoft’s Activision Deal,0.649,0.249,0.751,0.0
33,Investors Are Getting More Nervous About Microsoft’s Activision Deal,0.649,0.249,0.751,0.0
34,"Blue Bell Private Wealth Management, Llc Buys iShares Core S&amp;P 500 ETF, Apple Inc, ...",1.0,0.105,0.89,0.005
35,Dow Jones Futures Fall After Fed Chief Powell Wipes Out Market Gains; Tesla Leads Earnings Movers,0.0,0.0,1.0,0.0
