﻿,Titles,Polarity,Positive,Neutral,Negative
0,"Dow Jones Futures: Market Rally, Microsoft, Google, Nvidia, Sea At Inflection Points; Tesla FSD Beta Opens Up",0.296,0.037,0.963,0.0
1,EU Questions Microsoft Peers Following Slack's Complaint,-0.259,0.05,0.893,0.057
2,Focus On A Few Best Ideas Fuels Hot Fund's Success,0.796,0.299,0.701,0.0
3,3 must-have skills to land a job in this super competitive market,0.727,0.09,0.829,0.08
4,Microsoft At Key Levels,0.0,0.0,1.0,0.0
5,BOX Adds Deep Scanning Feature to Box Shield to Stop Ransomware,0.994,0.159,0.796,0.044
6,The return of JEDI: Why the sequel to military’s cloud contract could cost much more than the $10 billion original,0.402,0.169,0.732,0.1
7,BlackBerry (BB) &amp; Deloitte to Secure Software Supply Chains,0.997,0.189,0.765,0.046
8,Microsoft Windows 11: What Investors Need to Know,0.542,0.139,0.807,0.054
9,"Paul Marshall and Ian Wace’s Stock Picks: Biogen Inc (BIIB), Apple Inc (AAPL) and More",0.999,0.079,0.902,0.019
10,"If You Invested $1,000 in AMD in 2014, This Is How Much You Would Have Today",0.802,0.141,0.859,0.0
11,Microsoft and IBM: Add These (Reinvented) Old-School Tech Stocks to Your List,0.273,0.104,0.896,0.0
12,"In Grove Park, Microsoft will try to succeed where Big Tech often fails",-0.511,0.0,0.907,0.093
13,Dow Jones Futures: Treasury Yields Rise Ahead Of Key Jobs Report For Market Rally,0.202,0.096,0.904,0.0
14,"Dow Jones Futures, Treasury Yields Rise Ahead Of Key Jobs Report For Market Rally; These Leaders Flash Buy Signals",0.202,0.096,0.904,0.0
15,10 Boring Stocks That Make Money,0.999,0.113,0.852,0.035
16,What concerns Michael Dell the most about A.I.,0.96,0.092,0.901,0.007
17,"Billionaire Richard Chilton’s Portfolio: Microsoft (MSFT), Home Depot (HD) and More",1.0,0.106,0.879,0.015
18,7 Oil and Gas Stocks to Buy According to Billionaire Leon Cooperman,1.0,0.134,0.849,0.017
