﻿,Titles,Polarity,Positive,Neutral,Negative
0,EA Pares Gains After Retraction of Report on Amazon Prepping Bid,0.959,0.089,0.854,0.057
1,"Stock Market Today: Dow Sheds 1,000 Points as Tough Talking Powell Tanks Tech",0.813,0.067,0.873,0.06
2,5 Stocks That Warren Buffett Is Betting on Now,0.998,0.097,0.873,0.03
3,Electronic Arts Stock Rises on Unconfirmed Report of Amazon Interest. EA Has No Comment.,0.863,0.156,0.814,0.031
4,Let's See Why Software Is Softening,0.422,0.059,0.914,0.027
5,S&amp;P 500 Slumps as Powell Triggers Ugly Tech Selloff,0.788,0.068,0.872,0.06
6,Bill Gates Portfolio: Top 10 Dividend Stock Picks,0.999,0.124,0.848,0.028
7,10 Stock Picks of Late Julian Robertson’s Tiger Management,1.0,0.12,0.869,0.011
8,"EA stock pops on reported Amazon takeover interest, which would mark latest in string of big videogame mergers",0.0,0.0,1.0,0.0
9,Synopsys (SNPS) Boosts Shareholders' Wealth With $240M ASR Deal,0.999,0.2,0.8,0.0
10,Twilio Hackers Target DoorDash: Report,0.843,0.086,0.865,0.049
11,Electronic Arts Shoots Higher on Amazon Bid Report,0.967,0.106,0.853,0.04
12,Paul Allen’s $1 Billion Art Collection Heads to Auction,0.422,0.135,0.865,0.0
