﻿,Titles,Polarity,Positive,Neutral,Negative
0,7 Warren Buffett Stocks to Buy After Berkshire’s Annual Meeting,1.0,0.134,0.832,0.033
1,Microsoft Jumps the Sustainability Tracking Product Bandwagon With Latest Launch,0.975,0.153,0.832,0.014
2,3 Beaten Down Tech Stocks Trading at Attractive Buying Levels,0.998,0.125,0.844,0.031
3,"Top Research Reports for Microsoft, Micron Technology &amp; UBS",0.998,0.138,0.8,0.062
4,"Microsoft, Goldman Sachs up the stakes in the battle for top talent",0.052,0.131,0.748,0.121
5,Living Off Dividends in Retirement: 10 Best Stocks To Consider,1.0,0.162,0.821,0.017
6,2 Top Metaverse Stocks Ready for a Bull Run,0.968,0.182,0.818,0.0
7,"Stocks climb as retail earnings roll in, meme stocks gain",0.0,0.0,1.0,0.0
8,"Gaming: Take-Two reports mixed earnings, stock jumps",0.99,0.094,0.866,0.04
9,Dow Jones Jumps But Walmart Dives On Earnings Miss; Twitter Falls On Musk Tweet,-0.153,0.0,0.929,0.071
10,BlackRock’s Latest Portfolio 2022: Top 10 Stock Picks,1.0,0.143,0.828,0.029
11,"AAPL, GOOGL, MSFT Push Universal Password-Free Sign-Ins",0.612,0.263,0.737,0.0
12,Dow Jones Futures Jump As Walmart Dives On Earnings Miss; Twitter Falls On Musk Tweet,-0.153,0.0,0.926,0.074
13,3 Dividend Stocks to Buy on Sale,-0.056,0.138,0.715,0.147
14,The Do’s and Don’ts of Onboarding ‘Buddies’,0.273,0.139,0.861,0.0
15,"Microsoft To Boost Pay, Stock Compensation To Beat Inflation, Compete With Other Big Tech",0.987,0.145,0.842,0.014
16,Nextdoor announces first API partnership with Microsoft to deliver hyperlocal neighborhood content to users,0.995,0.111,0.889,0.0
17,5 Beaten-Down Blue-Chip Stocks to Buy Now,0.999,0.117,0.862,0.021
18,Amazon replaces Microsoft as Seattle area's top corporate giver,0.262,0.089,0.911,0.0
19,Google and PayPal are hiding most of their carbon footprint in their bank accounts,0.0,0.0,1.0,0.0
