﻿,Titles,Polarity,Positive,Neutral,Negative
0,"Dow Jones Futures: Split Market Rally Returns As Apple, Nvidia Lead Tech Sell-Off; Janet Yellen Backs Off Rate Hike Warning",0.202,0.06,0.94,0.0
1,A Positive Earnings Backdrop,0.999,0.119,0.863,0.019
2,Bill and Melinda Gates are divorcing after 27 years,0.34,0.074,0.926,0.0
3,Activision Blizzard earnings crush expectations thanks to ‘Call of Duty’ and mobile growth,0.971,0.087,0.874,0.038
4,"Dow Jones Falls, Nasdaq Leads Downside As Janet Yellen Warns Of Rising Interest Rates",0.751,0.27,0.73,0.0
5,S&amp;P 500 Falls After Yellen Triggers Rate Hike Jitters,0.963,0.096,0.845,0.059
6,S&amp;P 500 Slips on Tech Wreck as Yellen Stokes Inflation Jitters,0.983,0.108,0.849,0.044
7,10 Best Streaming Stocks to Buy Now,1.0,0.114,0.875,0.012
8,10 Best Dividend Stocks to Buy According to Billionaire Philippe Laffont,1.0,0.177,0.789,0.034
9,10 Best Dividend Stocks to Buy According to Billionaire Stan Druckenmiller,1.0,0.121,0.846,0.033
10,Bill and Melinda Gates announce divorce after 27-years of marriage,0.998,0.139,0.842,0.019
11,UPDATE 1-Melinda Gates sees U.S. government donating COVID vaccine doses soon,0.978,0.092,0.901,0.008
12,10 Best Augmented Reality Stocks to Buy Now,1.0,0.146,0.845,0.008
13,4 Stocks to Watch Amid Skyrocketing Demand for Cloud Gaming,0.999,0.144,0.848,0.007
14,"Gates Divorce, Ethereum and Pfizer: 5 Things You Must Know Tuesday",0.077,0.076,0.859,0.065
15,Bill and Melinda Gates to Divorce With $146 Billion at Stake,0.998,0.097,0.89,0.013
16,Sony Strikes Deal to Get Discord Onto PlayStations Next Year,0.964,0.138,0.78,0.082
