﻿,Titles,Polarity,Positive,Neutral,Negative
0,Cramer: ‘Stop freaking out’ about inflation — here's how to profit from soaring costs,0.999,0.18,0.783,0.037
1,Top Investors’ Stock Portfolio: 10 Mid-cap Stocks To Buy,0.999,0.098,0.886,0.016
2,Intel CEO: My job is to win Apple back,0.996,0.129,0.868,0.003
3,3 Growth Tech Stocks to Buy Before Earnings and Hold for Years,0.995,0.121,0.855,0.024
4,Why Intel is in turnaround mode,0.991,0.106,0.834,0.06
5,Zoom meetings will offer 'better experience' than face-to-face: CEO,0.943,0.069,0.887,0.044
6,Microsoft warns hackers behind SolarWinds attack are targeting cloud services,-0.202,0.063,0.852,0.085
7,Is Microsoft (MSFT) A Smart Long-Term Buy?,0.998,0.131,0.867,0.003
8,Microsoft Says Russian Hackers Are Targeting Global Technology Supply Chains,0.795,0.091,0.837,0.072
9,"S&amp;P 500, Dow Close at Record Highs as Tesla Accelerates to Join $1T Club",0.968,0.076,0.893,0.031
10,Microsoft Earnings: What to Look For From MSFT,0.382,0.115,0.885,0.0
11,"Nasdaq Leads Stock Market Higher As Tesla Rallies, PayPal Denies Pinterest Reports",0.0,0.0,1.0,0.0
12,This Is Why Microsoft Is The Best ESG Company Now,0.0,0.0,1.0,0.0
13,Microsoft Warns Against Russian Hackers,-0.751,0.091,0.797,0.112
14,"Tech Giants' Earnings Roster on Oct 26: GOOGL, MSFT &amp; More",0.999,0.138,0.846,0.016
15,ServiceNow (NOW) to Report Q3 Earnings: What's in the Offing?,0.995,0.124,0.876,0.0
16,4 Earnings I'm Watching This Week,0.25,0.077,0.923,0.0
17,S&amp;P 500 Rises to Record Ahead of Big Tech Earnings; Tesla Hits $1T Market Cap,0.981,0.084,0.892,0.024
18,Obama Stock Portfolio: 10 Stocks to Consider,1.0,0.131,0.838,0.031
19,"What Makes Microsoft (MSFT) a Good Fit for ""Trend Investing""",0.999,0.168,0.825,0.007
20,"Stock Market News for Oct 25, 2021",0.996,0.132,0.829,0.039
21,5 Nasdaq Stocks Could Send the Market Soaring -- or Plunging -- This Week,0.745,0.085,0.915,0.0
22,"Dow Jones Futures: Tesla Jumps On Hertz Deal As PayPal, Trump Stock DWAC Rally; Apple Leads 7 Key Earnings",0.318,0.091,0.909,0.0
23,100 Best ESG Stocks Combine Performance And Value With Values,0.844,0.252,0.748,0.0
24,"Inspirational Quotes: Billie Jean King, Clint Eastwood And Others",-0.103,0.15,0.636,0.214
25,"Microsoft Is Best ESG Company, Checks Boxes For Environmental, Social, Governance",0.0,0.0,1.0,0.0
26,"Apple, Microsoft, Alphabet, Facebook and Amazon are part of Zacks Earnings Preview",0.998,0.087,0.89,0.023
27,UPDATE 1-Latest Russian cyberattack targeting hundreds of U.S. networks -Microsoft,0.646,0.052,0.906,0.042
28,Microsoft Says Russian Hackers Are at It Again. They Are Targeting the Tech Supply Chain.,-0.691,0.0,0.926,0.074
29,10 Biggest Price Target Changes For Monday,0.972,0.101,0.888,0.011
30,Microsoft says Russian group has targeted hundreds of U.S. networks,-0.832,0.0,0.91,0.09
31,"Walmart Stock Trades at a Discount, Espcially Given Its Latest Moves",0.994,0.104,0.864,0.033
32,Zoom Stock Could Easily Be on Its Way to New Highs From Here,0.999,0.144,0.811,0.046
33,Twitter CEO Jack Dorsey is right to scare everyone about hyperinflation: Morning Brief,0.999,0.116,0.846,0.037
34,Retirement Stock Portfolio: 10 Safe Tech Stocks To Consider,1.0,0.158,0.818,0.024
35,Russian Hackers Targeting Tech Supply Chain in Defiance of Biden,-0.25,0.096,0.807,0.098
36,"Amazon, Microsoft execs join effort to promote Seattle's 2026 World Cup bid",0.0,0.0,1.0,0.0
