﻿,Titles,Polarity,Positive,Neutral,Negative
0,Amazon CTO: Data center workers deserve credit for ‘keeping the lights on’ during COVID-19,0.979,0.083,0.901,0.016
1,"Dow Jones Leads Market Lower As Nasdaq, S&amp;P 500 Reverse Earlier Gains; Two Chip Stocks Form Alternative Entries",-0.296,0.0,0.916,0.084
2,"UPDATE 1-Microsoft hack fallout substantial for Dutch servers, watchdog says",-0.052,0.073,0.846,0.081
3,Dow Jones Falls As Nasdaq Rallies; Apple Stock Up As Tech Rebounds; Moderna Pops On This,0.0,0.0,1.0,0.0
4,"Microsoft hack fallout substantial for Dutch servers, watchdog says",-0.052,0.075,0.842,0.083
5,Billionaire Masayoshi Son’s Top 10 Stock Picks for 2021,1.0,0.137,0.847,0.016
6,Dow Jones Falls On Weak Retail Sales; Nasdaq Rallies As These Tech Stocks Lead,-0.542,0.0,0.8,0.2
7,Billionaire Izzy Englander’s Top 10 Stock Picks,1.0,0.126,0.841,0.034
8,S&amp;P 500 Eases From Record High as Tech Fights to Hold Gains Ahead of Fed,-0.968,0.06,0.849,0.091
9,"If You Invested $1,000 In Microsoft 10 Years Ago, Here's How Much You'd Have Now",0.983,0.084,0.911,0.005
10,Microsoft announces expiration of its exchange offers,0.894,0.065,0.889,0.045
11,"The Zacks Analyst Blog Highlights: Microsoft, Caterpillar, Target, Square and Freeport-McMoRan",0.997,0.117,0.865,0.018
12,Nokia (NOK) Inks Multiple Deals for Cloud-Based 5G Solutions,0.999,0.166,0.818,0.017
13,Best Tech Stocks To Buy Or Watch Now: 5 Growth Stocks Holding Up Well Amid Tech Sell-Off,0.94,0.452,0.548,0.0
14,"3 Stocks That Pass the Warren Buffett ""Tides"" Test",0.44,0.151,0.849,0.0
15,"Huawei to Start Demanding 5G Royalties From Apple, Samsung",0.649,0.089,0.831,0.081
16,From Amazon Towards Microsoft — Why 'Tide Is Shifting In The Cloud Arms Race',0.979,0.083,0.908,0.01
