﻿,Titles,Polarity,Positive,Neutral,Negative
0,Microsoft Shares Rise on Upbeat 2023 Sales Growth Forecast,-0.953,0.055,0.879,0.065
1,"Microsoft Earnings Dented by Cloud Slowdown, Videogame Sales Drop",0.0,0.099,0.802,0.099
2,"Dow Jones Futures Rise On Google, Microsoft Earnings After Stocks Skid; Fed Rate Hike Looms",-0.178,0.0,0.931,0.069
3,7 Dow Stocks Trading at a Huge Discount Right Now,1.0,0.164,0.791,0.045
4,"Microsoft Misses Targets Amid Unfavorable Exchange Rates, PC Sales Weakness",-0.807,0.0,0.672,0.328
5,Google Reassures Wall Street With Ad Business Showing Resilience,0.813,0.095,0.819,0.086
6,Microsoft stock jumps after ‘shockingly robust’ forecast calls for continued strong cloud growth,0.153,0.134,0.746,0.119
7,Microsoft Stock Turns Higher After Robust 2023 Outlook Offsets Q4 Earnings Miss,0.273,0.072,0.928,0.0
8,"Alphabet’s Earnings Missed, but Ad Revenue Was Better Than Feared",0.296,0.109,0.891,0.0
9,"Microsoft, Alphabet Miss; Chipotle, T.I. Beat in Q2",0.997,0.133,0.815,0.051
10,"Stocks to watch in after hours: Microsoft, Google, Chipotle, Boyd Gaming, Visa",0.997,0.14,0.826,0.034
11,Microsoft is 'significantly outperforming' most tech and software companies: Analyst,0.178,0.059,0.941,0.0
12,Microsoft (MSFT) Misses Q4 Earnings and Revenue Estimates,0.994,0.092,0.898,0.01
13,Microsoft's cloud business misses estimates as economy weakens,-0.273,0.0,0.861,0.139
14,"Google beats on ad revenue expectations, Microsoft slows hiring",0.978,0.076,0.896,0.027
15,"Dow Jones Futures: Market Rally Stumbles As Fed Rate Hike Looms; Google, Microsoft Headline Earnings Movers",-0.178,0.0,0.931,0.069
16,Microsoft stock falls on earnings and revenue miss,0.977,0.115,0.834,0.051
17,"Microsoft blames slowing growth on strong dollar, PC market contraction",-0.511,0.0,0.777,0.223
18,US STOCKS-Indexes drop as Walmart profit warning spooks investors,0.894,0.093,0.825,0.082
19,"Microsoft Sales Growth Slows on Tepid Demand, Strong Dollar",-0.969,0.057,0.863,0.08
20,Tech stocks have ‘a narrative that’s changing almost every single week’: Strategist,0.671,0.118,0.882,0.0
21,UPDATE 5-Microsoft soothes market fears with forecast for double-digit revenue growth,0.963,0.087,0.855,0.058
22,Microsoft soothes market fears with forecast for double-digit revenue growth,0.963,0.088,0.854,0.059
23,Apple And Microsoft's Strengths And Weaknesses Ahead Of Their Earnings - Analyst's Take,0.983,0.134,0.836,0.03
24,Earnings Await the Bell,0.796,0.108,0.892,0.0
25,Wall Street cuts price targets on Microsoft and Alphabet ahead of earnings,0.976,0.106,0.836,0.058
26,"Market indices decline into the red, Walmart drags stocks lower",-0.25,0.0,0.909,0.091
27,Dow Futures Lift Ahead of Fed Rate Decision,0.914,0.07,0.903,0.027
28,US STOCKS-Indexes drop after Walmart profit warning; Nasdaq down 2%,-0.36,0.077,0.836,0.087
29,"Stock Market Today: Dow Stumbles as Consumer, Tech Struggle; Fed Decision Eyed",0.992,0.135,0.805,0.059
30,S&amp;P 500 Falls as Walmart Warning Stokes Recession Fears; Tech Earnings Eyed,0.976,0.121,0.806,0.074
31,General Motors earnings have been ‘one stumble after another’: Analyst,0.0,0.0,1.0,0.0
32,Nascent U.S. stock rally hangs in balance as Wall St awaits megacap earnings,0.848,0.084,0.855,0.061
33,Market check: Walmart warnings drags retail stocks down,0.0,0.0,1.0,0.0
34,Is Microsoft (NASDAQ:MSFT) Using Too Much Debt?,0.997,0.173,0.715,0.111
35,ETFs in Focus Ahead of Big Tech Q2 Earnings,0.998,0.117,0.863,0.02
36,4 Stocks I'm Watching Closely This Week,0.0,0.0,1.0,0.0
37,"Dow Jones Falls As Walmart Plunges On Profit Warning; Alphabet, Microsoft Earnings Due",0.128,0.124,0.773,0.103
38,Microsoft to report earnings amid crucial week for Big Tech,0.981,0.074,0.903,0.023
39,Analysts Are Downgrading These 10 Stocks After Weak Earnings Reports,0.968,0.068,0.876,0.056
40,Shopify to Lay Off 10% of Workforce. The Stock Is Plunging.,0.459,0.154,0.779,0.067
41,3 Big Tech Stocks Reporting Today - All Expected to Grow This Quarter,0.996,0.129,0.798,0.073
42,"Dow Jones Futures Fall As Walmart Plunges On Profit Warning; Alphabet, Microsoft Earnings Due",0.128,0.124,0.773,0.103
43,Microsoft's Precarious Chart Position Calls for Caution With Earnings on Tap,-0.25,0.0,0.905,0.095
44,7 Seriously Undervalued Small-Cap Growth Stocks to Buy Now,1.0,0.143,0.824,0.033
45,Microsoft to Maintain Earnings Growth Through Cloud Strength,0.0,0.0,1.0,0.0
46,These 2 Cloud Players Are Teaming Up Against AWS,0.612,0.2,0.8,0.0
