﻿,Titles,Polarity,Positive,Neutral,Negative
0,"Nasdaq hits session lows, megacap stocks among biggest market laggards",0.0,0.0,1.0,0.0
1,SCOTUS abortion ruling: Employers expand mental health benefits for workers following decision,0.382,0.069,0.931,0.0
2,"Markets: ‘You’re getting closer to a bottom,’ strategist says",0.807,0.187,0.813,0.0
3,Market check: Stocks under pressure as software sector drags down Nasdaq,-0.357,0.0,0.873,0.127
4,"Top 5 U.S. companies losing a total of $260 billion in market cap, led by Apple and Amazon",-0.527,0.048,0.857,0.095
5,Why Netflix and others affirmed support for transgender workers after Roe fell,0.996,0.119,0.829,0.052
6,Patti Payne: Change is on the menu for the Barking Frog,0.273,0.022,0.978,0.0
7,Microsoft’s $22 Billion Combat Goggles Get Crucial Field Test With US Army Forces,-0.586,0.066,0.866,0.068
8,Alphabet's (GOOGL) Google Adds More Free Game Demos to Stadia,0.998,0.164,0.803,0.033
9,"Microsoft, Netflix offer LGBTQ care in addition to abortion travel benefits",0.923,0.417,0.583,0.0
10,"Tencent Targets Metaverse After Overseas Opportunities, EV To Drive Growth",0.987,0.145,0.834,0.021
11,Hewlett Packard (HPE) Adds Red Hat to GreenLake Ecosystem,0.997,0.161,0.836,0.003
12,"Investors Seek More Transparent Tax, Disclosure Norms From Microsoft and Cisco",0.976,0.147,0.802,0.051
13,7 Growth Stocks to Buy After the Market Crash,0.998,0.096,0.85,0.054
14,Microsoft faces investor call to publish global tax affairs,0.285,0.061,0.903,0.036
