﻿,Titles,Polarity,Positive,Neutral,Negative
0,Everyone Is Talking About the Metaverse. These Companies Have an Early Lead.,0.0,0.0,1.0,0.0
1,Airbnb Says It Will Allow Sexual-Assault Victims to Sue Company,-0.977,0.048,0.854,0.097
2,"Earnings Roundup: Starbucks, Alphabet, Shopify",0.595,0.106,0.894,0.0
3,"Amazon's (AMZN) AWS Picked by Wyndham, Customer Base Rises",0.997,0.124,0.874,0.002
4,"If you own an S&amp;P 500 fund, you might want to consider replacing it with this better-performing dividend-stock fund",0.296,0.179,0.707,0.114
5,5 Top Tech Stocks to Buy During a Recession,-0.907,0.054,0.751,0.196
6,Microsoft (NASDAQ:MSFT) Could Be A Buy For Its Upcoming Dividend,0.997,0.132,0.832,0.037
