﻿,Titles,Polarity,Positive,Neutral,Negative
0,"Dow Jones, Nasdaq Rally As Yields Also Climb; Netflix Scores Earnings Beat",0.0,0.0,1.0,0.0
1,Xbox Mini Fridge Goes From Meme to Holiday Sales Hit,-0.919,0.054,0.837,0.109
2,Helping Your Kid Pay for College? Check Out This Podcast.,-0.7,0.0,0.871,0.129
3,Microsoft (MSFT) Earnings Expected to Grow: Should You Buy?,0.998,0.143,0.805,0.053
4,"SoftBank Weighs Stake in Ampere, Valuing Chipmaker at $8 Billion",0.177,0.07,0.862,0.068
5,Microsoft’s former Xbox chief wasn’t sure if the first console would ‘see the light of day’,0.981,0.065,0.91,0.025
6,Goldman Sachs Stock Portfolio: Top 10 Stocks,0.999,0.091,0.888,0.021
7,Valley CEOs maintain big pay ratios over rank-and-file employees,0.0,0.0,1.0,0.0
8,"If You'd Invested $1,000 in Microsoft in 2014, This Is How Much You Would Have Today",0.84,0.127,0.873,0.0
9,Dow Jones Rallies As Bitcoin ETF Debuts; 4 Tech Stocks To Buy And Watch,0.0,0.0,1.0,0.0
10,Microsoft to Start Taking Xbox Mini Fridge Preorders Next Week,0.296,0.037,0.963,0.0
11,Dow Jones Futures Rally As Bitcoin ETF Debuts; 4 Tech Stocks To Buy And Watch,0.0,0.0,1.0,0.0
12,Cloudflare Stock Is Soaring: Is It a Buy?,0.937,0.227,0.773,0.0
