﻿,Titles,Polarity,Positive,Neutral,Negative
0,Facebook’s Profit Engine Is Proving Irresistible for Investors,0.82,0.095,0.824,0.08
1,5 Stocks Set to 10x Next Year,0.999,0.134,0.798,0.068
2,Microsoft President Brad Smith on the future of work,0.973,0.094,0.906,0.0
3,"The Best Mutual Funds Bet On Tech Stocks Nvidia, Salesforce, Microsoft, Google, Netflix",0.832,0.306,0.694,0.0
4,"Alphabet shares briefly top $3,000 for first time",0.527,0.101,0.899,0.0
5,U.S. sets goal to drive down cost of removing CO2 from atmosphere,0.731,0.061,0.907,0.032
6,"Wall Street Clinches Records as Jobs Report, Covid Optimism Spurs Bullish Bets",0.845,0.055,0.902,0.043
7,Diebold Nixdorf names Microsoft exec Borden to its board,0.318,0.133,0.867,0.0
8,Just Buy QuantumScape Stock With This Smart Money Caveat,0.998,0.134,0.835,0.031
9,Bill Gates and other ultra-rich depend on ‘millions of poor people’: billionaire Tom Steyer,0.998,0.146,0.827,0.026
10,"S&amp;P 500 Eases From Record, But Positive Jobs, Covid Update Stoke Optimism",0.915,0.095,0.829,0.076
11,The Smartest Stocks to Buy With $500 Right Now,0.927,0.249,0.751,0.0
12,FAANG is Dead. Long Live MANAMANA,0.202,0.153,0.847,0.0
13,"The Zacks Analyst Blog Highlights: Sony, Nintendo, Microsoft, Activision Blizzard and Electronic Arts",0.999,0.11,0.875,0.014
14,It’s Crystal Clear Why Microsoft Is No.1 Again,0.991,0.073,0.912,0.015
15,Why some business leaders are ‘missing the point of America’,0.995,0.197,0.744,0.059
16,Tech Stocks Roundup: Microsoft Launches New Tools For Metaverse,0.612,0.24,0.76,0.0
