﻿,Titles,Polarity,Positive,Neutral,Negative
0,Microsoft May Duck House Antitrust Push as Republicans Cry Foul,0.994,0.079,0.89,0.032
1,"Dow Jones Slips As Indexes Close Near Lows, But These 5 Stocks Score Breakouts",-0.796,0.0,0.722,0.278
2,"Amazon, Microsoft, Google, Facebook Strive To Turn Carbon Neutral By Massively Investing On Cleaner Energy Procurement: WSJ",0.978,0.098,0.877,0.026
3,"Dow Jones Slips, Nasdaq Hits New High As Tesla Rallies; 2 Breakouts To Watch",0.0,0.0,1.0,0.0
4,Hush-Hush NSA Lifts Veil on How Businesses Help Fight Hacks,0.992,0.094,0.868,0.038
5,Microsoft needs to impress a lot of people with Windows 11,0.998,0.105,0.874,0.021
6,"Software startup Sprinklr shares fall in NYSE debut, valued at $3.7 billion",0.981,0.14,0.852,0.009
7,"Raiders’ Nassib top-selling jersey, Vegas gambles on comeback, Buffett exits Gates Foundation",0.881,0.059,0.912,0.029
8,Microsoft Is Now Worth $2 Trillion. Why One Analyst Says It Won’t Stop There.,0.0,0.0,1.0,0.0
9,Microsoft’s big Windows 11 event is coming up — here's what to expect,0.954,0.064,0.894,0.043
10,These FANG Stocks Are Best-Positioned To Hold Covid-Era Gains,0.402,0.105,0.895,0.0
11,Dow Jones Reverses As Tesla Stock Surges; Apple Approaches New Buy Point,-0.296,0.0,0.885,0.115
12,Microsoft Windows 11: what to expect,0.0,0.0,1.0,0.0
13,Microsoft Tops $2 Trillion Market Cap: Where to From Here?,0.0,0.0,1.0,0.0
14,"Dow Jones Today, Stocks Mixed As PMI Data Slips; Tesla Jumps As Bitcoin Rebounds, Microsoft Joins The $2 Trillion Club",0.0,0.0,1.0,0.0
15,S&amp;P 500 Flat as Tech Takes Breather; Fed's Bostic Talks Up Earlier Rate Hikes,0.945,0.093,0.85,0.057
16,NSA Opens Arms to Private Sector in Hopes of Curbing Hacks,0.992,0.093,0.868,0.038
17,"Dow Jones Today, Futures Strengthen Ahead Of PMI Data; IHS Markit In Buy Range As Microsoft Joins The $2 Trillion Club",0.0,0.0,1.0,0.0
18,US STOCKS-Nasdaq set to open at record high ahead of business activity data,0.97,0.079,0.901,0.02
19,"Dow Jones Futures Rise As Market Rally Takes Big Step; Microsoft Hits $2 Trillion, Bitcoin Rebounds",0.0,0.0,1.0,0.0
20,"Sprinklr Prices Downsized IPO At $16/Share, Trading Begins Today",0.981,0.132,0.854,0.014
21,"Amazon Cloud, Salesforce Forge Closer Alliance to Combine Products",0.967,0.121,0.879,0.0
22,4 Stocks to Buy as Nasdaq Hits Record High on Tech Rally,1.0,0.17,0.808,0.022
23,Microsoft Playing the Long Game with Improved Xbox Services,0.974,0.086,0.91,0.004
24,"Premarket Movers Wednesday: Microsoft, Carvana, MicroStrategy",0.0,0.0,1.0,0.0
25,"MicroSoft, Under Armour and Shake Shack Rise Premarket",0.977,0.093,0.891,0.016
26,Microsoft Gains On Price Upgrade From Wedbush,0.965,0.131,0.869,0.0
27,"Microsoft, Becomes the Second Company after Apple with $2 Trillion Valuation",0.965,0.11,0.859,0.031
28,Tech Giants Risk Fresh Tumult as Congress Hefts Antitrust Hammer,0.998,0.129,0.821,0.05
29,"Dow Jones Futures Rise As Market Rally Takes Big Step; Microsoft Hits $2 Trillion, Bitcoin Rebounds",0.0,0.0,1.0,0.0
