﻿,Titles,Polarity,Positive,Neutral,Negative
0,Why GameStop Couldn't Hold Onto Its Gains Today,-0.586,0.034,0.906,0.06
1,Microsoft Jumps After Bullish Pre-Earnings Assessments,0.296,0.109,0.891,0.0
2,Microsoft (MSFT) Stakes Claim In Metaverse With $75 billion Activision Blizzard (ATVI) Purchase,0.979,0.106,0.889,0.005
3,"Legacy Financial Group LLC Buys FT Cboe Vest Fund of Deep Buffer ETFs, Invesco BulletShares ...",0.994,0.077,0.911,0.012
4,"Alpha Omega Group, Inc. Buys First Trust US Equity Opportunities ETF, CION Invt Corp, Sells ...",0.995,0.113,0.879,0.008
5,"AAFMAA Wealth Management &amp; Trust LLC Buys Caterpillar Inc, Target Corp, PowerShares QQQ ...",1.0,0.184,0.81,0.006
6,"‘Call of Duty’ will stay on Sony’s PlayStation console after Activision deal, Xbox boss promises",-0.34,0.05,0.851,0.099
7,Analysis-Microsoft faces challenge cleaning up Activision Blizzard’s culture,0.992,0.105,0.842,0.053
8,"With Activision Blizzard deal, Microsoft’s Game Pass is now a huge problem for Sony",0.979,0.078,0.888,0.035
9,7 Bear Market Stocks to Buy If You See Trouble Ahead,1.0,0.135,0.845,0.02
10,What does the Microsoft-Activision deal mean for Sony?,0.625,0.141,0.859,0.0
11,7 Tech Stocks That Are Ticking Time Bombs You Need to Diffuse,1.0,0.134,0.833,0.033
12,Tech Stocks Need a Life Raft. Earnings Season Could Be It.,0.0,0.0,1.0,0.0
13,"Stock market drop 'is an opportunity for some names,' strategist explains",0.999,0.13,0.84,0.031
14,"Northstar Advisory Group, LLC Buys iShares Core S&amp;P 500 ETF, iShares 1-3 Year Credit Bond ...",0.997,0.073,0.924,0.004
15,"Radnor Capital Management, LLC Buys Microsoft Corp, Apple Inc, International Business Machines ...",0.99,0.044,0.95,0.006
16,"SevenBridge Financial Group, LLC Buys iShares Core S&amp;P 500 ETF, iShares 1-3 Year Credit ...",0.998,0.063,0.931,0.006
17,Why GameStop Stock Is Rising Today,0.691,0.115,0.838,0.047
18,"Vaccine mandates ‘a real pressure point’ for companies, BCG global chair says",0.599,0.154,0.846,0.0
19,10 Best Dividend Stocks According to Thomas Steyer’s Farallon Capital,1.0,0.13,0.86,0.01
20,Microsoft 'pulled up a megayacht' for Activision Blizzard employees,0.958,0.1,0.83,0.07
21,Microsoft’s Earnings Are Next Week. The Street Is Upbeat.,0.557,0.13,0.87,0.0
22,Morgan Stanley Picks Sony As 'Research Tactical Idea',0.475,0.07,0.88,0.05
23,2 Stocks to Buy and 1 to Sell Going Into Fed Action Fears,0.996,0.112,0.824,0.064
24,3 Reasons Why Decentraland Will Continue to Do Well in 2022,0.998,0.094,0.896,0.01
25,"S&amp;P 500 Turns Negative as Bid in Financials, Tech Fades",-0.743,0.048,0.889,0.063
26,What the Microsoft-Activision mega deal means for Big Tech regulation,0.422,0.128,0.872,0.0
27,Google Team That Keeps Services Online Rocked by Mental Health Crisis,0.997,0.1,0.819,0.081
28,This Is the Best Thing to Happen to Activision,0.876,0.178,0.797,0.025
29,Tech continued to lead US office leasing activity in 2021 but vacancy remains elevated,0.0,0.0,1.0,0.0
30,10 Best Dividend Stocks to Buy According to Cliff Asness’ AQR Capital Management,1.0,0.116,0.876,0.009
31,Dow Jones Rebounds After Stock Market Sell-Off Worsens; Apple Tests Key Level; Netflix Earnings Up Next,-0.44,0.0,0.868,0.132
32,"Docusign, Zoom, Moderna become the worst performing Nasdaq stocks",-0.625,0.0,0.823,0.177
33,10 Retail Stocks to Buy According to Greg Poole’s Echo Street Capital,0.999,0.109,0.878,0.013
34,Cadence's (CDNS) Palladium Z2 Solution Utilized by Microchip,0.997,0.126,0.87,0.003
35,Here’s Why You Must Consider Buying Microsoft (MSFT)’s Shares,0.986,0.106,0.894,0.0
36,10 Stocks to Sell According to Billionaire Daniel Sundheim,0.996,0.076,0.893,0.031
37,Dow Jones Futures Rise After Stock Market Sell-Off Worsens; Apple Tests Key Level; Netflix Earnings Up Next,-0.44,0.0,0.873,0.127
38,"PTC Expands USAF Partnership, Inks 5-Year Definitive Contract",0.999,0.204,0.792,0.004
39,GameStop stock suffers another 7-day losing streak as Microsoft-Activision merger poses ‘walled garden’ risk,-0.296,0.072,0.784,0.144
40,3 Red Flags for Microsoft's Future,0.691,0.069,0.931,0.0
41,Cary firm's $60M raise bolsters Triangle's status in quantum computing,0.0,0.0,1.0,0.0
42,Microsoft Shows Meta Won’t Own the ‘Verse,0.0,0.0,1.0,0.0
43,Dow Jones Futures Rise After Correction Extends Losses; Four Stocks In Beat-Up Sector Worth Watching,-0.25,0.107,0.73,0.163
44,Microsoft-Activision deal gives merger speculators a new darling,0.985,0.112,0.852,0.036
45,Here Are the 3 Best Growth Stocks to Buy for 2022,0.915,0.212,0.788,0.0
46,Can Google Disrupt Amazon and Microsoft's Cloud Dominance?,0.382,0.102,0.898,0.0
47,"Sony Expects Activision Games to Remain on PlayStation, WSJ Reports",0.911,0.076,0.888,0.036
48,Microsoft Hears Its Call to Duty,0.361,0.235,0.645,0.12
