﻿,Titles,Polarity,Positive,Neutral,Negative
0,Chinese Professor Lands $3.4 Billion Fortune With SenseTime IPO,0.996,0.121,0.841,0.038
1,The Five Best Dow Jones Stocks Of 2021,0.637,0.189,0.811,0.0
2,AMC Entertainment is Yahoo Finance's 2021 top trending ticker,0.994,0.09,0.874,0.035
3,"Jordan Park Group LLC Buys Meta Platforms Inc, Invesco Senior Loan ETF, BTC iShares U.S. ...",0.996,0.054,0.943,0.003
4,Tech Megacaps Had a Big 2021. What’s Ahead for 2022.,0.73,0.096,0.881,0.023
5,"Is Microsoft (MSFT) a Solid Growth Stock? 3 Reasons to Think "" Yes """,0.998,0.183,0.804,0.013
6,"Tesla 'ranks no. 1’ in future capability with autonomy, chip building: Innovation expert",0.382,0.085,0.915,0.0
7,"S&amp;P 500 Snaps Record Run After Briefly Topping 4,800",0.41,0.08,0.852,0.068
8,"Palantir Stock Is Temporarily Short on Fans, Not Fundamentals",0.995,0.117,0.821,0.063
9,Microsoft (MSFT) Up 54% YTD: Will the Rally Continue in 2022?,0.999,0.158,0.839,0.003
10,S&amp;P 500 Eases From Record as Tech Stumble Offsets Rebound in Travel Stocks,0.907,0.11,0.819,0.071
11,Is Oracle's (ORCL) Cloud Strategy Headed the Right Direction?,0.998,0.132,0.85,0.017
12,U.S. judge dismisses claims that LinkedIn overcharged advertisers,-0.968,0.034,0.849,0.116
13,3 Stocks You Can Keep Forever,0.202,0.023,0.977,0.0
14,Dow Jones Rises As Tesla Eyes New Buy Point; 5 Top Stocks To Buy And Watch,0.202,0.07,0.93,0.0
15,Dow Jones Futures Rise As Tesla Eyes New Buy Point; 5 Top Stocks To Buy And Watch,0.202,0.073,0.927,0.0
16,"Apple Stock Just Got Safer, and With a Better Growth Profile, According to These Analysts",0.026,0.118,0.769,0.113
17,Will Fiverr Recover in 2022?,0.382,0.178,0.822,0.0
18,Dow Jones Futures Rally: Tesla Tops New Buy Point; 5 Top Stocks To Buy And Watch,0.0,0.0,1.0,0.0
19,These were the top Boston-area tech stories of 2021,0.599,0.126,0.874,0.0
20,"GuidePath Tactical Allocation Fund Buys Laboratory Corp of America Holdings, Alphabet Inc, The ...",0.994,0.052,0.944,0.004
21,"Advisors' Inner Circle Fund III Buys Petroleo Brasileiro SA Petrobras, Devon Energy Corp, ...",0.993,0.05,0.946,0.004
22,"M3Sixty Funds Trust Buys Datadog Inc, Ford Motor Co, GoodRx Holdings Inc, Sells Snap Inc, ...",0.998,0.114,0.881,0.005
23,"Fiera Capital Global Equity Fund  Buys Microsoft Corp, TJX Inc, LVMH Moet Hennessy Louis Vuitton SE",0.982,0.068,0.924,0.008
24,Top Investing Headlines of 2021,0.153,0.086,0.847,0.068
25,Dow Jones Futures: Tesla Tops New Buy Point; 5 Top Stocks To Buy And Watch,0.0,0.0,1.0,0.0
