﻿,Titles,Polarity,Positive,Neutral,Negative
0,"Activision Retaliated Against Workers, Union’s Complaint Claims",-0.989,0.039,0.832,0.129
1,"Tesla, Apple, Microsoft, Peloton: All of tech companies hitting the brakes on hiring",0.995,0.088,0.865,0.047
2,10 Value Stocks to Buy in 2022 According to Ken Fisher,1.0,0.142,0.836,0.022
3,3 Nasdaq 100 Stocks to Beat the Market,0.991,0.11,0.849,0.041
4,Microsoft’s Dollar Alarm Raises New Worry for Software Stocks,0.802,0.095,0.818,0.087
5,Microsoft breaks with Amazon and Starbucks on unions in vow to voluntarily recognize labor: ‘We have a lot to learn’,0.85,0.08,0.859,0.061
6,Here's How Analysts Reacted To Microsoft's Outlook Revision,0.982,0.117,0.852,0.032
7,Stock Market Today: Dow Slips on Fears Strong Jobs Data to Power Fed Hikes,-0.949,0.062,0.848,0.091
8,"Stock Market Rally Falls As Fed Signals More Big Rate Hikes; Salesforce, Tesla In Focus: Weekly Review",-0.296,0.141,0.66,0.199
9,Activision Blizzard (ATVI) Announces Availability of Diablo Immortal,0.998,0.156,0.818,0.026
10,Tesla and Microsoft Stock Are Why One Manager Predicts More Market Pain,0.796,0.281,0.678,0.041
11,"Tesla and Apple drive down tech stocks, Coinbase among biggest crypto laggards",0.202,0.054,0.91,0.035
12,Strong Dollar Is Latest Headache for Pricey Software Stocks,0.971,0.086,0.853,0.061
13,Dow Jones Sells Off After Jobs Report; Tesla Tumbles On Elon Musk Warning,0.226,0.187,0.692,0.121
14,Dow Jones Drops After Jobs Report; Tesla Skids On Elon Musk Warning,0.226,0.187,0.692,0.121
15,"Unlike Peers, Microsoft Shows Boldness By Acknowledging Unionization",0.964,0.147,0.809,0.043
16,Dow Jones Futures Extend Losses After Jobs Report; Tesla Skids On Elon Musk Warning,-0.202,0.171,0.633,0.196
17,Dow Jones Futures Fall Ahead Of Jobs Report; Tesla Skids On Elon Musk Warning,-0.273,0.0,0.913,0.087
18,Dow Jones Futures Fall: 'Super Bad' Elon Musk Warning Hits Tesla; Market Rally Awaits Jobs Report,-0.402,0.0,0.866,0.134
19,"Bulls Have the Advantage, But Economic Uncertainty Isn't Going Away",-0.361,0.0,0.898,0.102
20,Elon Musk Has a Bad Feeling. His Gloomy Outlook Adds to Recession Worries.,0.836,0.261,0.739,0.0
21,Apple stock suffers first ‘death cross’ chart pattern since the pandemic,-0.103,0.064,0.859,0.077
22,Dow Jones Futures: Tesla Falls On 'Super Bad' Elon Musk Warning; Market Rally Awaits Jobs Report,-0.402,0.0,0.866,0.134
23,Strong Dollar Is Latest Headache for Pricey Software Stocks,0.976,0.087,0.854,0.059
24,First Salesforce and Now Microsoft Lower Guidance Because of a Strong U.S. Dollar,0.848,0.19,0.754,0.057
25,Microsoft president weighs in on rising popularity of unions,0.0,0.0,1.0,0.0
26,Bitcoin Rises as Cost-Cutting and Layoffs Reverberate Through Crypto Industry,-0.872,0.039,0.889,0.073
