﻿,Titles,Polarity,Positive,Neutral,Negative
0,Dow Jones Falls; Senate Approves Debt Ceiling Hike; Tesla Slips On Elon Musk Move,-0.361,0.0,0.902,0.098
1,Why Microsoft Stock Dropped Today,0.153,0.059,0.897,0.044
2,"Dow Jones Futures: Stock Market At Turning Point As Fed Decision Looms; Microsoft, Google, Tesla, Nvidia At Key Levels",0.0,0.0,1.0,0.0
3,Dow Jones Falls As Microsoft Dives; Tesla Slips On Elon Musk Move; Schumer Makes Debt Ceiling Push,-0.361,0.0,0.902,0.098
4,3 Stocks That Can Make You Rich in Just a Few Years,0.999,0.124,0.836,0.041
5,Morgan Stanley Argues Investors Are Overlooking Leading Data Platform Solutions Position,0.671,0.068,0.89,0.042
6,Don’t Run! Be Ready to Buy Into Twilio Stock.,0.999,0.157,0.801,0.041
7,7 Post-Covid Software Stocks to Snatch at a Steep Discount,1.0,0.148,0.804,0.048
8,10 Healthcare Stocks to Buy Now According to Billionaire Louis Bacon,0.999,0.102,0.877,0.021
9,Analyzing The Videogame Spending And Winners,0.691,0.035,0.955,0.01
10,Stocks in defensive setup ahead of Fed announcement,0.0,0.0,1.0,0.0
11,"Dow Falls As Apple, Microsoft Weigh; Nasdaq Loses Support As Growth Stocks Sell Off",0.103,0.113,0.792,0.096
12,Microsoft Loses $100 Billion in Value After Inflation Data,-0.599,0.082,0.821,0.097
13,"Principal Exchange-Traded Funds Buys Apple Inc, Microsoft Corp, Amazon.com Inc, Sells ,",0.985,0.062,0.93,0.009
14,"Stocks End Lower, Led By Big Tech, as Fed Meeting Looms",0.202,0.025,0.975,0.0
15,These 2 Stocks Are Focusing on the Metaverse in Entirely Different Ways,0.0,0.0,1.0,0.0
16,Dow Jones Reverses On Hot Inflation Report; Fed Meeting Looms; Tesla Skids As Musk Sells More Shares,0.357,0.094,0.906,0.0
17,Oracle (ORCL) Cloud Infrastructure Platform Leveraged by Wipro,0.998,0.139,0.854,0.006
18,Microsoft in 5 Charts: Is It a Buy?,0.791,0.095,0.905,0.0
19,10 Cheap Growth Stocks to Buy According to Billionaire Steve Cohen,0.998,0.091,0.896,0.013
20,Dow Jones Futures Fall On Hot Inflation Report As Fed Meeting Looms; Tesla Drops As Musk Sells More Shares,0.357,0.097,0.903,0.0
21,5 Top Stock Decliners for Tuesday Amid Market Selloff,0.0,0.0,1.0,0.0
22,"Dow Jones Futures Dip Ahead Of Fed Meeting, Inflation Data; Tesla Drops As Musk Sells More Shares",0.072,0.1,0.81,0.089
23,3 Environmentally Friendly Alternatives to Bitcoin,0.374,0.079,0.879,0.042
24,"Microsoft Stock Slides, Leading Big Cap Tech Names Lower, As Fed Meeting Looms",-0.361,0.0,0.901,0.099
25,"Citi Expects Intel, AMD To Beat Q4 Guidance - Read Why",0.859,0.076,0.877,0.047
26,"Point72 Asset Management Buys International Business Machines Corp, Activision Blizzard Inc, ...",0.999,0.062,0.932,0.005
