﻿,Titles,Polarity,Positive,Neutral,Negative
0,"Silverleafe Capital Partners, LLC Buys Amazon. ...",0.998,0.076,0.917,0.008
1,Blackbaud (BLKB) Buys EVERFI for $750M: Major Takeaways,0.998,0.134,0.862,0.004
2,"Qualcomm, Microsoft partner on metaverse chip for AR glasses",0.975,0.091,0.909,0.0
3,Billionaire Daniel Sundheim’s Portfolio: 10 New Stock Picks,0.999,0.094,0.896,0.01
4,"At CES, Chipmakers Show Off Plans to Go After Each Other’s Turf",0.985,0.092,0.856,0.052
5,"At CES, Qualcomm Unveils Deals With Car Makers, AR Chips for Microsoft",0.0,0.0,1.0,0.0
6,"Market check: Stocks mixed in intraday trading, Pinterest shares plummet",0.052,0.081,0.845,0.074
7,The Challenges of Debt in Today's Market,-0.855,0.138,0.702,0.159
8,"Apple stock ‘is overpriced right now, and significantly so’: Strategist",0.599,0.182,0.818,0.0
9,‘The economy is fragile’ and the Fed must act accordingly: Commerce Street Capital CEO,0.422,0.088,0.912,0.0
10,Meta's Oculus is a financial ‘rounding error' but shows 'the march toward the metaverse’: Analyst,0.382,0.075,0.925,0.0
11,"3 Reasons to Buy Snowflake, and 1 Reason to Sell",-0.016,0.034,0.93,0.036
12,Dow Jones Hits Record High As Yields Rise; Apple Eyes New High; Tesla Sets Up For Another Breakout,0.226,0.079,0.921,0.0
13,5 Unbeatable Dividend Growth Stocks for 2022,1.0,0.196,0.793,0.011
14,OPI Partners with Xbox to Announce Gaming-Inspired Spring 2022 Collection,1.0,0.162,0.834,0.004
15,Dow Jones Futures Rally As Yields Rise; Apple Eyes New High; Tesla Sets Up For Another Breakout,0.0,0.0,1.0,0.0
16,What Will Be The Next $3 Trillion Company?,0.511,0.158,0.842,0.0
17,InMode Is Bringing a Paradigm Shift to Cosmetic Procedures,0.273,0.142,0.765,0.093
18,Is Microsoft (MSFT) A Smart Long-Term Buy?,0.987,0.104,0.896,0.0
19,Gaming in the Metaverse: BOTS Announces Strategic Investment in XR Casino,0.802,0.037,0.963,0.0
20,3 Top Cloud Stocks to Buy in January,0.377,0.105,0.895,0.0
