﻿,Titles,Polarity,Positive,Neutral,Negative
0,These 3 Tech Giants Have Made Big Acquisitions in 2022,1.0,0.193,0.798,0.008
1,Microsoft is planting the seeds for cloud gaming supremacy,0.99,0.096,0.888,0.017
2,Can Elon Musk and Jamie Dimon Predict the Future?,-0.153,0.109,0.774,0.117
3,HoloLens Creator’s Departure Won’t Derail Microsoft’s Metaverse Ambitions,0.983,0.073,0.897,0.031
4,"Activision Blizzard Chief Takes Positive Step Towards Union Taking Cues From Microsoft, Amazon",0.984,0.199,0.769,0.032
5,Meta takes another subtle step toward a much-hyped metaverse,0.0,0.0,1.0,0.0
6,Stock Market Today: Dow Falls on Tech Wreck as Yields Hitch Ride on Inflation Wave,-0.679,0.082,0.826,0.092
7,Activision Blizzard Agrees to Union Negotiations With CWA,0.979,0.113,0.833,0.054
8,Activision Blizzard to Negotiate Agreement With Union,0.402,0.144,0.856,0.0
9,Microsoft Makes an Important Decision About Russia,0.202,0.118,0.802,0.08
10,S&amp;P 500 Slumps as Surprise Jump in Inflation to Keep Fed on Rate Hike Trail,0.597,0.086,0.838,0.075
11,Microsoft Could Be Halting TV Advertising to Cut Costs,0.226,0.065,0.889,0.046
12,15 Best Penny Stocks To Invest In,0.999,0.109,0.865,0.027
13,10 Best Stocks to Buy According to Billionaire Chris Rokos,0.999,0.096,0.893,0.011
14,"Market check: Dow falls 500+ points, Nasdaq in the red",0.0,0.0,1.0,0.0
15,These 2 High-Growth Stocks Could Power the Bull Market's Next Record Run,-0.38,0.035,0.881,0.084
16,10 Best Technology Stocks to Buy for Long Term,1.0,0.142,0.822,0.036
17,It’s Warren Buffett Versus Big Tech in Iowa’s Latest Wind-Farm Debate,0.991,0.103,0.857,0.04
18,The Era of Descending Capital Costs Planted Seeds for Tomorrow,0.994,0.088,0.861,0.051
19,Will Big Tech or Bitcoin Be Regulated?,-0.671,0.054,0.758,0.188
20,Why Big Businesses Could Dominate AR in the Near Future,0.395,0.062,0.905,0.032
21,Meta Retracts From AR Glasses Project Shortly After Dumping Smartwatch Project,0.982,0.126,0.852,0.022
