﻿,Titles,Polarity,Positive,Neutral,Negative
0,Tech Stocks In Focus: Here Are The Most Trusted Tech Companies,0.769,0.282,0.718,0.0
1,Who are Microsoft's (MSFT) Main Competitors?,0.0,0.0,1.0,0.0
2,"Dear Sumit Sharma, Our Readers Have Serious Questions About MicroVision",0.996,0.078,0.905,0.017
3,Microsoft’s Excellent Quarterly Results Show Consistently High FCF Margins,0.997,0.107,0.879,0.014
4,7 Potential Targets That SPACs and Smart Investors Should Be Watching,1.0,0.114,0.861,0.025
5,Could Walmart Become The Next Tech Giant?,0.997,0.123,0.848,0.029
6,UPDATE 1-U.S. judge says Google request for Microsoft documents is relevant,0.832,0.054,0.914,0.032
7,"Retail Traders Buy the Dip in Big Tech, Unfazed by Earnings",0.979,0.086,0.887,0.027
8,Why Oracle Stock Could Be Volatile In August,0.998,0.101,0.887,0.012
9,"Stock Market Rally Pauses Near Highs Amid Earnings From Apple, Microsoft, Tesla, Amazon, Google, Facebook",0.178,0.078,0.922,0.0
10,"Billionaire Charles Koch: 'Cannabis Prohibition Is Counterproductive,' Uses $25M To Support For Legalization",0.995,0.109,0.853,0.038
11,The Future of Video Email Marketing is Here with verbMAIL,0.996,0.1,0.897,0.003
12,Here's How Much a $1000 Investment in Microsoft Made 10 Years Ago Would Be Worth Today,0.999,0.163,0.81,0.028
13,"Here’s how the 6 Big Tech stocks now rank, from worst to first",0.811,0.197,0.803,0.0
14,Google says Microsoft balking at turning over documents in antitrust fight,0.758,0.065,0.892,0.043
