﻿,Titles,Polarity,Positive,Neutral,Negative
0,NC Tech Association highlights 7 Triangle startups as ones to watch,0.0,0.0,1.0,0.0
1,Is Apple The Most Overpriced Tech Stock Right Now? Dan Niles Weighs In,0.978,0.114,0.861,0.025
2,ContextLogic Offers a Solid Play for Cautious Investors,0.997,0.13,0.833,0.036
3,"Microsoft's Ascension, Facebook's Metamorphosis",0.655,0.292,0.708,0.0
4,"This Strategy Bets On Microsoft Stock Extending Gains, But Limits Risk",0.572,0.133,0.794,0.073
5,Google Strikes Deal With CME as Exchange Moves to Cloud,-0.153,0.042,0.907,0.051
6,Prediction: These Will Be the 10 Largest Stocks by 2035,0.758,0.183,0.817,0.0
7,"Google To Bid For Pentagon Cloud Computing Contract; Oracle, IBM May Join Too",0.855,0.096,0.855,0.049
8,10 Stocks To Buy Now According To Stamos Capital,0.998,0.092,0.893,0.015
9,The Top Cloud Stock I'm Buying Right Now,0.889,0.313,0.687,0.0
10,"The Zacks Analyst Blog Highlights: Chevron, Microsoft, Dow, McDonald's and Home Depot",1.0,0.134,0.857,0.009
11,10 Stocks To Buy According To Ronald Hua’s QTRON Investments,0.999,0.087,0.888,0.024
