﻿,Titles,Polarity,Positive,Neutral,Negative
0,7 Tech Stocks Set for Strong Gains in February,1.0,0.127,0.85,0.024
1,Does Microsoft's Acquisition of Activision Blizzard Make Sense?,0.776,0.129,0.847,0.025
2,Is Microsoft's Acquisition of Activision Blizzard a Wise Move?,0.599,0.173,0.747,0.081
3,Microsoft Cryptic Tweet Gets ShibArmy Excited,0.872,0.054,0.911,0.035
4,Don’t Ignore the Risk While Investing in Shiba Inu,0.992,0.125,0.808,0.067
5,"Tech stocks ‘in for tumultuous times’ similar to March of 2000, Lux Capital founder says",0.0,0.0,1.0,0.0
6,Dow Jones Rises After Stock Market Sell-Off As Treasury Yields Retreat,0.202,0.083,0.917,0.0
7,Dow Jones Futures Reverse Higher After Stock Market Sell-Off As Treasury Yields Retreat,0.202,0.079,0.921,0.0
8,These Companies Are Winning the Metaverse Race,0.0,0.0,1.0,0.0
9,Inflation fears are overblown — five reasons why you need to buy the dip in stocks,0.077,0.121,0.773,0.106
10,Dow Jones Futures Extend Losses After Stock Market Sell-Off As Treasury Yields Retreat,0.202,0.087,0.913,0.0
11,"Is the ""Halo"" TV Show a New Frontier for Gaming Stocks?",0.178,0.07,0.867,0.063
12,Here's What Sony's Bungie Acquisition Could Reveal for Its Future,-0.226,0.05,0.875,0.075
13,Five reasons why you need to buy the dips when inflation fears trigger panic in the stock market,0.077,0.121,0.773,0.106
