﻿,Titles,Polarity,Positive,Neutral,Negative
0,"Chevron deepens carbon-capture push with Microsoft, Schlumberger linkage",0.586,0.173,0.827,0.0
1,3 Reasons NVIDIA's Gaming Growth Is Legit,-0.296,0.038,0.89,0.072
2,Steady Rise in ESG Investing to Boost These 5 Stocks,0.996,0.086,0.894,0.019
3,"Gold in $1,600 Territory As U.S. Bond Yields, Dollar Spike Again",0.765,0.05,0.913,0.037
4,Re-opening rotation trades are rocking the market: Morning Brief,0.998,0.101,0.853,0.046
5,"Chevron to build California carbon capture plant with Microsoft, Schlumberger",-0.228,0.054,0.892,0.054
6,Forget Penny Stocks! Buy These High-Quality Stocks Instead,0.77,0.148,0.801,0.051
7,Nintendo To Upgrade Switch Consoles With Larger Samsung OLED Displays In Time For Holidays: Report,0.95,0.068,0.918,0.014
8,Nintendo Plans Switch Model With Bigger Samsung OLED Display,0.996,0.117,0.854,0.029
