﻿,Titles,Polarity,Positive,Neutral,Negative
0,Stock Market Today: Dow Climbs but Tough Talking Powell Keeps Lid on Gains,-0.026,0.074,0.856,0.07
1,"S&amp;P 500 Rises in Choppy Trade as Banks Shine, Big Tech Wavers",0.941,0.099,0.841,0.06
2,"Got $5,000? These 2 Stocks Are No-Brainer Buys.",0.896,0.183,0.817,0.0
3,1 High-Conviction Growth Stock Down Over 46% to Buy Now,0.814,0.16,0.818,0.022
4,10 Best Penny Stocks to Buy in September,1.0,0.18,0.804,0.016
5,"The Zacks Analyst Blog Highlights Microsoft, CVS Health, Lockheed Martin, Berkshire Hathaway and Mitsubishi UFJ Financial Group",0.998,0.128,0.851,0.022
6,"Alibaba Co-Founder Downsizes Exposure To Alphabet, Microsoft, Twitter For Other Bets Including Blockchain",0.953,0.13,0.809,0.061
7,Sony says Microsoft 'Call of Duty' offer 'inadequate',-0.852,0.031,0.883,0.087
