﻿,Titles,Polarity,Positive,Neutral,Negative
0,Microsoft Unveils $60 Billion Buyback; Smith Is Named Vice Chair,0.897,0.088,0.899,0.013
1,"UPDATE 1-Microsoft announces share buyback of up to $60 bln, ups dividend",0.866,0.109,0.873,0.017
2,"Video Game Spending Hit Record for August, Boosted by Consoles",0.927,0.069,0.894,0.037
3,Microsoft announces quarterly dividend increase and new share repurchase program,0.976,0.099,0.894,0.007
4,Microsoft (MSFT) Gains As Market Dips: What You Should Know,0.994,0.109,0.882,0.008
5,Dow Jones Futures: Stock Market Rally Continues Bearish Trend As Apple Unveils iPhone 13,0.0,0.0,1.0,0.0
6,Stock Market Today: Dow Drops as Brief Boost From CPI Data Fades,0.999,0.154,0.802,0.044
7,Dow Jones Dips As Apple Unveils New iPhone; GE Stock Falls As Reopening Plays Falter; 3 Stocks Pass Buy,0.25,0.087,0.913,0.0
8,"Dow Jones Falls 325 Points, But Microsoft Stock Stands Tall; Footwear Maker Surges After Investor Day",-0.103,0.0,0.935,0.065
9,Microsoft stock rallies as Morgan Stanley ‘conservatively estimates’ a 10% dividend hike soon,0.542,0.127,0.873,0.0
10,"Dow Jones Pares Loss As Microsoft, Apple Stock Lead Upside; Nasdaq Reverses Higher",0.0,0.0,1.0,0.0
11,Microsoft Trades Tightly At Highs,0.681,0.157,0.843,0.0
12,"Microsoft Likely to Hike Dividend by 10% Within Days, Analyst Says",0.542,0.17,0.83,0.0
13,4 Stocks Insiders Are Selling,0.984,0.086,0.908,0.006
14,"5 Midday Stock Movers for Tuesday: Moderna, Microsoft, Apple, Salesforce",0.25,0.052,0.92,0.027
15,5 Stocks to Watch as Cloud-Based Platform Service Demand Rises,0.999,0.133,0.857,0.009
16,10 Biggest Price Target Changes For Tuesday,0.979,0.116,0.871,0.013
17,Dow Jones Futures Reverse Lower As Apple iPhone 13 Set To Debut,-0.296,0.0,0.905,0.095
18,Akerna To Acquire 365 Cannabis For $17M,0.91,0.078,0.922,0.0
19,2 Top Warren Buffett Stocks to Buy Right Now,0.934,0.225,0.775,0.0
20,Microsoft Backs Startup That Helps Fight Fake Online Images,0.927,0.12,0.819,0.061
21,Square Joins Cryptocurrency Non-Aggression Pact on Patent Suits,0.986,0.095,0.86,0.046
22,COVID-19 may cause Gates Foundation to fall short on reaching ambitious 2030 goals,0.975,0.103,0.84,0.057
