﻿,Titles,Polarity,Positive,Neutral,Negative
0,Warren Buffett says these are the very best businesses to own,0.996,0.122,0.862,0.017
1,10 Best Stocks to Buy According to Billionaire Ken Fisher,0.999,0.107,0.864,0.029
2,Apple stock is making an impressive move into the new iPhone reveal,0.985,0.091,0.894,0.015
3,Every organization needs to up cyber protection: Microsoft President,-0.103,0.072,0.844,0.084
4,How Tesla’s battery technology is giving it an edge over the competition,0.408,0.06,0.94,0.0
5,"How to Invest in Microsoft for Less Than the Cost of ""NBA 2K22""",0.0,0.0,1.0,0.0
