﻿,Titles,Polarity,Positive,Neutral,Negative
0,"Why The Trade Desk, Magnite, PubMatic, and Criteo Stocks Were Down Double Digits This Week",0.361,0.062,0.906,0.033
1,Back-to-school spending to reach a new high this year: Deloitte,0.0,0.0,1.0,0.0
2,Netflix Could Rally After Its Microsoft Advertising Deal,-0.296,0.0,0.961,0.039
3,"Analyst slams Netflix-Microsoft ad agreement, says deal conceals 'hidden agenda'",0.967,0.079,0.869,0.052
4,Bill Gates has big plans for giving away his wealth. Here’s how he plans to spend it,0.999,0.162,0.828,0.009
5,Buy Microsoft Stock Before the Price Rises,0.997,0.113,0.862,0.025
6,"Why The Trade Desk, Roku, and Other Digital Advertising Stocks Got Crushed Today",0.477,0.089,0.876,0.035
7,Wall Street Criticizes Netflix's Choice Of Microsoft As Advertising Partner,-0.318,0.0,0.901,0.099
8,"Netflix earnings: What to expect on ads, subscriber growth, and more",-0.599,0.128,0.573,0.3
9,Netflix (NFLX) Partners With Microsoft for Its Ad-Supported Tier,0.994,0.126,0.832,0.042
10,Unity Software (U) Announces Merger Agreement With ironSource,0.995,0.11,0.869,0.022
11,Is Netflix Stock a Buy Before Earnings?,0.741,0.142,0.858,0.0
12,"U.S. dollar holds strong amid market sell-off, all S&amp;P 500 sectors in the red",0.0,0.0,1.0,0.0
13,"If you believe in Amazon, its stock is now a bargain after falling 34% this year",0.763,0.127,0.849,0.024
14,Upstart Amazon Union Pauses NYC Campaign as Momentum Fades,-0.899,0.065,0.873,0.062
15,Twelve and Alaska Airlines to collaborate with Microsoft to advance sustainable aviation fuel derived from recaptured CO2 and renewable energy,0.991,0.077,0.907,0.016
16,"Microsoft, Alaska Airlines Back CO2-to-Jet-Fuel Technology",0.0,0.0,1.0,0.0
17,Netflix Surprised Everyone by Picking Microsoft as Its Partner for Ad-Supported Streaming,0.0,0.0,1.0,0.0
18,Influencers with Andy Serwer: Roger McNamee,-0.542,0.0,0.911,0.089
