﻿,Titles,Polarity,Positive,Neutral,Negative
0,"AT&amp;T To Migrate 5G Mobile Network To Microsoft Cloud, Microsoft To Acquire AT&amp;T's Network Cloud Platform, Engineering, Lifecycle Management Software",0.94,0.087,0.889,0.024
1,Microsoft exec says U.S. government secretly seeks Americans’ data thousands of times a year,0.0,0.0,1.0,0.0
2,Slack Juices Up Hybrid Work Race With New Features: Bloomberg,0.936,0.091,0.899,0.01
3,Powerful Digital Shift Keeps The Fire Going For Hot Covid Stocks,0.0,0.0,1.0,0.0
4,FBI Muscles Up Against Hackers With Breaches Going ‘Bananas’,0.692,0.083,0.841,0.076
5,Slack CEO on Microsoft's Windows 11: 'I don't think it's a fair tactic',0.0,0.0,1.0,0.0
6,"Goldman Sachs, AmEx Lead The Best Dow Jones Stocks So Far This Year",0.0,0.0,1.0,0.0
7,UPDATE 1-U.S. lawmakers say it is time to boost privacy protections around cloud data,0.896,0.076,0.879,0.045
8,Google and Microsoft End Their Five-Year Cease-Fire,0.598,0.079,0.844,0.077
9,Microsoft's (MSFT) Cloud Gaming Comes to Windows 10 PCs &amp; iOS,0.998,0.122,0.872,0.006
10,AT&amp;T to run core 5G network on Microsoft's cloud,0.978,0.079,0.921,0.0
11,Here's What Bill Gates Has to Say About Bitcoin,0.931,0.195,0.784,0.02
12,REFILE-AT&amp;T to run core 5G network on Microsoft's cloud,0.976,0.077,0.919,0.004
13,"AT&amp;T to run its mobility network on Microsoft's Azure for Operators cloud, delivering cost-efficient 5G services at scale",0.999,0.142,0.855,0.003
14,REFILE-AT&amp;T to run core 5G network on Microsoft's cloud,0.978,0.077,0.923,0.0
15,"AT&amp;T to run its mobility network on Microsoft's Azure for Operators cloud, delivering cost-efficient 5G services at scale",0.999,0.142,0.855,0.003
16,Slack Unveils New Tools in Heated Competition on Hybrid Work,0.975,0.098,0.898,0.005
17,Microsoft executive says U.S. overuses secret orders for Americans' data,0.863,0.083,0.871,0.046
18,"Microsoft, Google Terminate Six-Year Pact On Lawsuits As They Set For Open Battle: FT",0.784,0.107,0.814,0.079
19,Digital Transformation Giving Cloud Business a Boost: 4 Picks,0.999,0.163,0.819,0.018
20,3 Unstoppable Stocks to Buy and Hold for Years,0.807,0.14,0.86,0.0
21,These 3 Winners Look Ready for a Stock Split,0.807,0.186,0.754,0.06
22,Best Dividend Stocks July 2021,0.999,0.171,0.823,0.006
23,"Google-Microsoft Truce Crumbles Amid Feud Over Cloud, Ad Tech",0.061,0.078,0.844,0.078
24,Big Tech vs Big Tech,-0.273,0.05,0.873,0.076
25,Microsoft and Google end six-year truce on legal battles,-0.785,0.026,0.876,0.098
