﻿,Titles,Polarity,Positive,Neutral,Negative
0,Three Risks All Investors Need To Consider In 2022,-0.988,0.077,0.814,0.109
1,Top 10 Meme Stocks of 2021 and How They’ll Fare in 2022,1.0,0.129,0.845,0.026
2,These companies' values soared since the start of Covid-19,0.0,0.0,1.0,0.0
3,Apple Leads Big Tech Lower as Investors Reconsider Fed Moves,0.985,0.097,0.863,0.04
4,A look at insider stock sales among Portland-area companies in 2021 (Photos),0.0,0.0,1.0,0.0
5,10 Best Technology Stocks to Buy According to Billionaire Dan Loeb,0.995,0.071,0.905,0.023
6,S&amp;P 500 Wobbles as Big Tech Wreckage Offsets Shine in Cyclicals,0.989,0.13,0.835,0.034
7,Why NET Stock Dipped Sharply,0.999,0.162,0.807,0.031
8,IBM Watson Health Helps Enterprises Implement COVID-19 Testing,0.997,0.152,0.825,0.022
9,Is Chobani's Employee Stock Ownership Plan a Model for Other Companies?,0.296,0.037,0.963,0.0
10,Oracle's (ORCL) Growing Cloud Region Footprint to Aid Prospects,0.998,0.128,0.872,0.0
11,China-Backed Hackers Manipulate Microsoft Server Software Security Glitch: WSJ,-0.813,0.087,0.791,0.122
12,3 Dividend Stocks That Have Raised Their Payouts by More Than 40% in 5 Years,0.791,0.167,0.833,0.0
13,Tesla Investors Contemplate a Post-Musk Future Where EVs are Commonplace,0.983,0.081,0.877,0.042
14,"Apple Joins Microsoft, Google in Delaying Office Return as Omicron Looms",0.194,0.049,0.898,0.053
15,"Point72 Asset Management Buys International Business Machines Corp, Activision Blizzard Inc, ...",0.999,0.062,0.932,0.005
