﻿,Titles,Polarity,Positive,Neutral,Negative
0,10 Latest Stock Picks of Legendary Investor Julian Robertson’s Tiger Management,1.0,0.121,0.871,0.008
1,Time to Buy Salesforce on the Tech Dip,0.996,0.108,0.87,0.022
2,Notable South Florida office deals of 2021,-0.25,0.0,0.927,0.073
3,Why Carbon Credit ETFs Surged More than 100% in 2021,0.985,0.117,0.876,0.008
4,DXC Technology (DXC) Offers Full PSS Support to Copa Airlines,0.997,0.139,0.861,0.0
5,10 Stocks to Buy According to Billionaire Paul Tudor Jones,0.999,0.106,0.873,0.021
6,10 Best Stocks to Buy Now According to Quant Billionaire Jim Simons’ Fund,0.999,0.121,0.872,0.008
7,Microsoft leads $27 million early-stage funding in crypto startup Palm NFT Studio,0.923,0.059,0.934,0.008
8,5 Ways Advisors Can Increase Sales on Life Insurance,0.743,0.258,0.742,0.0
9,Microsoft leads $27 mln early-stage funding in crypto startup Palm NFT Studio,0.923,0.059,0.934,0.008
10,Here’s What Makes Microsoft Corp. (MSFT) A Great Long-Term Investment,0.993,0.148,0.827,0.025
11,10 Stocks Redditors are Buying for 2022,0.999,0.118,0.861,0.021
12,2 Top Growth Stocks to Buy Right Now and Hold for the Long Term,0.956,0.2,0.8,0.0
13,Should You Sell Stocks Right Now?,0.075,0.031,0.969,0.0
14,3 Top Stocks That Look Overvalued but Are Still No-Brainer Buys,0.382,0.054,0.916,0.03
15,Want Exposure to the Buy-Now-Pay-Later Space With Less Risk? Try This Stock,0.09,0.083,0.917,0.0
