﻿,Titles,Polarity,Positive,Neutral,Negative
0,7 Best Reddit Stocks to Buy Now,1.0,0.166,0.805,0.029
1,"Lyft Lays Off About 60 Employees, Folds Its Car Rentals for Riders",-0.103,0.09,0.798,0.112
2,"UPMC, Microsoft in data-analytics partnership",0.898,0.314,0.686,0.0
3,How to be a Long-Term Stock Investor,0.999,0.143,0.835,0.022
4,Why Netflix’s Earnings Weren’t Enough to Restore Investor Confidence,0.186,0.065,0.935,0.0
5,Arista and Juniper Stock Get Double-Downgraded. An Analyst Sees Slower Networking Demand.,0.134,0.206,0.611,0.183
6,"House votes on same-sex marriage, Activision Blizzard studio unionizes, Daily Harvest recalls ingredient",-0.751,0.0,0.833,0.167
7,"Stocks on the move: Salesforce, Disney, UnitedHealth, Netflix",0.0,0.0,1.0,0.0
8,"Market check: Stocks flat at open, bitcoin price jumps",0.0,0.0,1.0,0.0
9,SS&amp;C Technologies (SSNC) Expected to Beat Earnings Estimates: Should You Buy?,0.998,0.137,0.817,0.047
10,10 Best Roth IRA Stocks to Buy and Hold for Long Term,0.999,0.136,0.855,0.008
11,Oracle and Microsoft Agree to Deepen Interoperability of Cloud Platforms,0.0,0.0,1.0,0.0
12,"Top Millennial, Gen Z Picks Shift To Dividend-Paying Stocks; Tesla Still No. 1, Bitcoin Popular Despite 'Crypto Winter' Worries",0.287,0.097,0.903,0.0
13,Is Netflix Stock a Buy After Subscriber Number Surprise?,-0.865,0.076,0.709,0.215
14,Oracle and Microsoft Announce Availability of Oracle Database Service for Microsoft Azure,0.998,0.085,0.906,0.009
15,"Google, Oracle Data Centers Suffer Outages Hit By Record Heat Wave In Britain",0.332,0.101,0.815,0.085
16,Netflix Gives a Preview of the Stranger Things From the Dollar Strength,0.202,0.074,0.874,0.052
17,China's NetEase recruits Microsoft Xbox talent for new video games studio in Seattle,0.98,0.072,0.905,0.023
18,"Netflix Cheers, Tesla Earnings Due, Putin's Promise - What's Moving Markets",0.995,0.125,0.806,0.069
