﻿,Titles,Polarity,Positive,Neutral,Negative
0,8 Mining Stocks to Buy Today According to Kerr Neilson’s Platinum Asset Management,0.998,0.105,0.869,0.025
1,Elon Musk trying to buy Twitter is exciting: Okta co-founder,0.982,0.099,0.883,0.018
2,IBM Posts Sales That Top Estimates on Hybrid-Cloud Momentum,0.988,0.102,0.864,0.035
3,Snowflake Could Have a Lot Further to Fall,0.938,0.097,0.828,0.075
4,Microsoft (MSFT) Earnings Expected to Grow: What to Know Ahead of Next Week's Release,0.997,0.123,0.84,0.038
5,Microsoft Explores a Potentially Risky New Market,0.422,0.118,0.882,0.0
6,"‘Zero-Day’ Hacks Hit Record in 2021, Google Researchers Say",-0.897,0.084,0.814,0.102
7,Microsoft Makes Goldman List of Strong Software Stocks,-0.67,0.0,0.718,0.282
8,Stock Market Today: Dow Rallies on Tech Strength as Earnings Season Heats Up,0.98,0.105,0.848,0.047
9,Intel CEO the highest paid CEO in 2021,0.0,0.0,1.0,0.0
10,"S&amp;P 500 Jumps as Dip-Buyers Return to Tech Ahead of Netflix, IBM Earnings",0.954,0.085,0.872,0.044
11,4 Stocks on My Radar This Week,0.735,0.163,0.837,0.0
12,"Metaverse: How retail, real estate and hospitality could benefit",0.993,0.118,0.882,0.0
13,Here is What to Know Beyond Why Microsoft Corporation (MSFT) is a Trending Stock,0.998,0.125,0.867,0.008
14,10 Best SPACs to Buy Now According to Glenn Dubin’s Highbridge Capital,1.0,0.122,0.864,0.014
15,10 Favorite Stocks of Billionaire Leon Cooperman,1.0,0.124,0.862,0.014
16,Top 10 Undervalued Tech Stocks,0.999,0.102,0.879,0.019
17,3 Cybersecurity Stocks to Consider Now,0.999,0.108,0.884,0.008
18,7 Cheap Stocks to Buy Before the Next Breakout,0.999,0.135,0.799,0.066
19,3 Top Stocks That Just Went on Sale,0.84,0.166,0.784,0.05
20,"Sega Reboots Crazy Taxi, Jet Set Radio to Chase Fortnite Riches",0.995,0.114,0.85,0.036
