﻿,Titles,Polarity,Positive,Neutral,Negative
0,"Dow Jones Futures: Market Rally Steps Up As Apple Leads, But Be Wary; 5 Key Earnings",0.925,0.237,0.763,0.0
1,"Rodgers &amp; Associates, LTD Buys Vanguard Mid-Cap Growth ETF, iShares Russell 2000 Growth ...",0.996,0.099,0.892,0.009
2,"Tillar-Wenstrup Advisors, LLC Buys VanEck Investment Grade Floating Rate ETF, Union Pacific ...",0.994,0.063,0.932,0.005
3,"Americana Partners, LLC Buys Adobe Inc, Apple Inc, Meta Platforms Inc, Sells Amazon. ...",0.997,0.062,0.933,0.005
4,"Saybrook Capital  Buys Vanguard S&amp;P 500 ETF, Cisco Systems Inc, Microsoft Corp",0.992,0.079,0.915,0.006
5,"Wipfli Financial Advisors Llc, Buys Dimensional Emerging Core Equity Market ETF, Vanguard ...",0.996,0.089,0.906,0.005
6,"Dow Jones Rallies As Apple Stuns Wall Street; Tech Stocks Lead, Robinhood Surges",0.579,0.162,0.783,0.055
7,3 Stocks to Buy Now That Are Winning on Earnings,0.995,0.115,0.845,0.04
8,The Outlook for Tech Stocks in a Rising Rate Environment,0.998,0.088,0.881,0.031
9,Dow Jones Struggles As Apple Stuns Wall Street; Tech Stocks Lead; Robinhood Rallies,0.758,0.31,0.578,0.112
10,Is It Time To Buy High-Growth Stocks?,0.995,0.166,0.81,0.024
11,"Value, Growth, or Momentum: What Kind of Investor are You?",1.0,0.192,0.784,0.024
12,"Marathon Asset Mgmt Ltd Buys Microsoft Corp, Thermo Fisher Scientific Inc, Mastercard Inc, ...",0.999,0.1,0.895,0.005
13,Apple and Microsoft Lead Gains as Tech Stocks Stage Comeback,0.975,0.107,0.838,0.055
14,"35 AGs, DoJ, Microsoft agree with Epic: They say Apple blunts competition",0.226,0.076,0.872,0.052
15,"Market check: Stocks mixed, Apple shares rise, yield curve contracts",0.0,0.0,1.0,0.0
16,"Stock Market Whipsaws Lower On Hawkish Fed, Tesla; Apple, Microsoft Earnings Strong: Weekly Review",0.273,0.147,0.756,0.098
17,Electronic Arts (EA)-Lucasfilm Announce Three Star Wars Games,0.992,0.111,0.843,0.046
18,S&amp;P 500 Ends Week in Green as Apple Leads Tech Resurgence,-0.375,0.073,0.866,0.061
19,Is Microsoft Stock a Buy Now?,0.34,0.068,0.932,0.0
20,Microsoft Stock: Slow and Steady Leads to a $2 Trillion Market Cap (And Rising),0.09,0.066,0.934,0.0
21,What Microsoft's Big Deal Means for Metaverse Investors,0.026,0.066,0.868,0.065
22,Start Your Investing Resolutions Off Right With This Classic Stock Bundle,-0.338,0.066,0.828,0.106
23,Microsoft Is Now the Dominant Force in Gaming,-0.042,0.021,0.956,0.023
24,Dow Jones Futures Fall On Fed Fears Despite Apple Gains; Tesla Plunge Signals End For These Stocks,-0.296,0.0,0.901,0.099
25,3 Metaverse Stocks to Buy Right Now,0.422,0.141,0.859,0.0
26,IBM Stock: Bear vs. Bull,-0.077,0.069,0.85,0.081
27,Dow Jones Futures Fall Even As Apple Pops; Tesla Plunge Signals End For These Stocks,-0.296,0.0,0.901,0.099
28,3 Popular Robinhood Stocks to Buy in This (Almost) Stock Market Correction,-0.226,0.054,0.854,0.091
29,"Microsoft Stock: Nadella's Co. Helps Chipotle, Home Depot, FedEx Solve Supply-Chain Woes",0.09,0.066,0.934,0.0
30,"Forget AWS: Microsoft Helps Chipotle, Home Depot, FedEx Solve Supply-Chain Woes",0.09,0.066,0.934,0.0
