﻿,Titles,Polarity,Positive,Neutral,Negative
0,US STOCKS-Technology stocks lift S&amp;P 500 to record high in listless session,0.985,0.072,0.918,0.01
1,Is Microsoft (MSFT) A Great Investment Choice?,0.999,0.138,0.862,0.0
2,"UPDATE 1-Harris to meet Microsoft, AirBnB, other companies on Biden agenda -White House",0.937,0.101,0.872,0.028
3,'I’m Dedicated’: Bill Gates Commits $1.5 Billion for Climate Projects,0.572,0.113,0.887,0.0
4,"Harris to meet Microsoft, AirBnB, other companies on Biden agenda -White House",0.937,0.104,0.867,0.029
