﻿,Titles,Polarity,Positive,Neutral,Negative
0,"HM Capital Management, LLC Buys ProShares UltraShort S&amp;P500, Automatic Data Processing Inc, ...",0.994,0.065,0.93,0.004
1,"Opes Wealth Management LLC Buys Netflix Inc, iShares Core S&amp;P Mid-Cap ETF, Schwab ...",0.999,0.118,0.878,0.004
2,"Teamwork Financial Advisors, LLC Buys Devon Energy Corp, SPDR Homebuilders ETF, Diamondback ...",0.997,0.06,0.933,0.007
3,10 Stocks Making Big Moves on Quarterly Results,0.996,0.092,0.889,0.019
4,UPDATE 1-EA taps Microsoft executive as new chief financial officer,0.785,0.045,0.955,0.0
5,5 Things To Expect This Week,0.996,0.115,0.833,0.052
6,7 Blue-Chip Stocks to Buy for February,1.0,0.155,0.831,0.015
7,SONY Stock Alert: 7 Things to Know as Sony Buys Bungie in MAJOR Deal,0.991,0.116,0.884,0.0
8,"Alphabet's Discipline, 5G's Potential, and Microsoft's Big Buy",0.743,0.123,0.877,0.0
9,Sony to buy Bungie for $3.6 billion after Microsoft deal for Activision,0.0,0.0,1.0,0.0
10,Sony Acquires Video Game Developer Bungie for $3.6B,0.612,0.143,0.857,0.0
11,Sony Is In $3.6 Billion Deal for ‘Destiny’ Game Maker Bungie,0.382,0.125,0.819,0.056
12,Sony Buys ‘Destiny’ Game Developer Bungie for $3.6 Billion,0.988,0.072,0.91,0.017
13,Sony In $3.6 Billion Deal for ‘Destiny’ Game Maker Bungie,0.382,0.125,0.819,0.056
14,15 Most Valuable Nordic Companies in the World,0.999,0.105,0.86,0.035
15,"Allen Capital Group, LLC Buys Crocs Inc, Microsoft Corp, Alphabet Inc, Sells Verizon ...",0.994,0.055,0.936,0.009
16,"Beacon Harbor Wealth Advisors, Inc. Buys Invesco S&amp;P 500 Equal Weight Real Estate ETF, ...",0.999,0.146,0.85,0.004
17,Cloud Computing Lifts Microsoft As It Trades Between Two Key Moving Averages,0.422,0.192,0.808,0.0
18,UPDATE 4-Sony to buy 'Destiny' videogame developer Bungie in $3.6 bln deal,0.99,0.115,0.877,0.009
19,Entrepreneur or corporate explorer? A new choice for innovators,0.999,0.16,0.801,0.039
20,Sony Buys ‘Destiny’ Game Developer Bungie for $3.6 Billion,0.93,0.054,0.92,0.026
21,7 Reddit Stocks to Add to Your February Buy List,0.999,0.132,0.824,0.044
22,AMD's Q4 Earnings: Semi-Custom &amp; EPYC Demand to Aid Growth,0.996,0.133,0.845,0.022
23,"Citrix Is Being Bought by Elliott, Vista for $13 Billion",0.985,0.079,0.887,0.034
24,Will Destiny Become Exclusive to PlayStation as Sony Buys its Owner ?,0.0,0.0,1.0,0.0
25,9 Best Value Stocks to Buy Now,1.0,0.138,0.84,0.022
26,Sony Stock: Bear vs. Bull,0.34,0.037,0.963,0.0
27,2 Unstoppable Cryptos to Watch in February,0.778,0.302,0.698,0.0
28,"Nasdaq 100 Is Cheapest Since May 2020 After Price Drop, Earnings Pop",0.974,0.1,0.835,0.065
29,"Best Buy Is Ready for the Metaverse, and That’s Why the Stock Is a Buy",0.718,0.26,0.68,0.06
30,"Market check: Stocks higher in early trading, oil rises, Tesla shares pop",0.0,0.0,1.0,0.0
31,S&amp;P 500 in Rally Mode as Tech Continues Comeback,0.931,0.11,0.819,0.071
32,Tech Stocks Roundup: Have the Mega-Cap Tech Titans Become too Powerful?,0.612,0.222,0.778,0.0
33,"Dow Jones Slides After Stock Market Rebound; Netflix, Spotify, Tesla Surge On Upgrades",0.0,0.0,1.0,0.0
34,"One Capital Management, LLC Buys PowerShares QQQ Trust Ser 1, Microsoft Corp, iShares Core ...",0.997,0.065,0.928,0.007
35,"LifePro Asset Management Buys The Trade Desk Inc, Roblox Corp, MongoDB Inc, Sells Occidental ...",0.999,0.102,0.892,0.006
36,Citrix Deal Caps Biggest Start for Tech M&amp;A in Over Two Decades,-0.235,0.039,0.913,0.049
37,"It’s Another Big Week for Big Tech. What to Expect From Google, Meta, and Amazon.",0.178,0.072,0.928,0.0
38,"Dow Jones Futures Slide After Stock Market Rebound; Netflix, Spotify, Tesla Rise On Upgrades",0.0,0.0,1.0,0.0
39,4 Red Flags for Pinterest's Future,0.052,0.028,0.947,0.025
40,Dow Jones Futures Fall: Market Rally Still Must Take This Step; Tesla Rises On Upgrade,-0.329,0.0,0.899,0.101
41,Byju’s Aims for SPAC Merger Agreement Within a Month,0.786,0.043,0.922,0.035
42,Why the stock market is as vulnerable as someone after a bad breakup: Morning Brief,0.998,0.095,0.857,0.049
43,"Microsoft, Apple, Meta Platforms, Alphabet and Amazon are part of Zacks Earnings Preview",0.997,0.091,0.875,0.034
44,"Zacks Investment Ideas feature highlights: Bank of America, AbbVie, and Microsoft",1.0,0.188,0.79,0.023
45,Gay Dating App Grindr Vanishes From China App Store,-0.053,0.053,0.896,0.051
