﻿,Titles,Polarity,Positive,Neutral,Negative
0,Why America will never be safe from cyberattacks,-0.956,0.08,0.824,0.096
1,Investors really hate tech stocks right now— but should they?,0.995,0.131,0.805,0.064
2,Dow Jones Higher As Fed Sticks To No Rate Hike Until 2024; These Dow Stocks Near Buy Points,-0.202,0.0,0.924,0.076
3,Dow Jones Up As Fed Holds Steady On Interest Rates; Powell Makes This Pledge,0.459,0.111,0.889,0.0
4,Dow Jones Rallies But Nasdaq Drops As Stocks Mixed Ahead Of Key Fed Decision,0.0,0.0,1.0,0.0
5,"Dow Jones Today Rises, Nasdaq Dives; Financials Up Ahead Of Fed; McDonald's Upgraded, Eyes Buy Point",0.0,0.0,1.0,0.0
6,UPDATE 1-White House task force met to discuss Microsoft software weaknesses,-0.612,0.034,0.912,0.054
7,White House task force met to discuss Microsoft software weaknesses,0.0,0.0,1.0,0.0
8,"Dow Jones Futures Steady, Tech Futures Tumble As Treasury Yields Pop Before Fed Meeting; Plug Power Dives On Accounting",-0.153,0.081,0.811,0.108
9,3 Unstoppable Vanguard ETFs That Can Make You Rich,0.827,0.194,0.806,0.0
10,"Hacker Of Elon Musk, Bill Gates, Barack Obama, Apple Twitter Accounts To Spend 3 Years In Prison",-0.884,0.063,0.857,0.08
