﻿,Titles,Polarity,Positive,Neutral,Negative
0,10 Best Stocks Under $20 According to Jim Simons’ Renaissance Technologies,0.998,0.084,0.896,0.02
1,"Top Millennial, Gen Z Stock Picks Shift To Energy Stocks; But Tesla Still No. 1",0.287,0.097,0.903,0.0
2,Stock Market Today: Dow in Weekly Loss as Surging Yields Put Squeeze on Tech,0.92,0.079,0.875,0.045
3,10 Dividend Stocks to Buy Now According to Kerr Neilson’s Hedge Fund,0.999,0.102,0.889,0.009
4,Meta May Already Be Set Up to Fail in the Metaverse,0.329,0.126,0.811,0.062
5,10 Pharmaceutical Stocks to Buy Now According to Billionaire Kerr Neilson,0.999,0.122,0.852,0.026
6,3 Game-Changing Stocks to Buy for a Rally This Month,0.994,0.096,0.841,0.063
7,Dow Jones Rallies As Twitter Jumps On Elon Musk Buyout Offer,0.0,0.0,1.0,0.0
8,10 Favorite Stocks of Dan Loeb’s Third Point,1.0,0.149,0.836,0.014
9,Dow Jones Futures Rise; Twitter Soars On Elon Musk Buyout Offer,0.0,0.0,1.0,0.0
10,Don’t Bet On Snowflake Stock In the Current Market,0.983,0.083,0.884,0.033
11,Former Microsoft executive Gavriella Schuster joins Nerdio's board,0.0,0.0,1.0,0.0
12,Newsom denies meddling in Activision lawsuit. How much influence does the company wield?,-0.613,0.052,0.89,0.058
