﻿,Titles,Polarity,Positive,Neutral,Negative
0,"Dow Jones Futures: Strong Stock Market Rally, But Don't Rush In; Applied Materials Earnings Top As Five Chip Stocks Flash Bullish Signals",0.768,0.281,0.719,0.0
1,"Andreas Halvorsen Sells Disney, Buys Bank of America",0.998,0.103,0.879,0.019
2,Apple Accuses Microsoft of Using Epic in Legal Attack,-0.825,0.044,0.888,0.068
3,Dow Jones Rallies On Jobs Data; Bitcoin Falls As Biden Targets Crypto; Apple Stock Pops,0.527,0.139,0.861,0.0
4,"Yes, some companies are still using Internet Explorer",0.0,0.0,1.0,0.0
5,Dow Jones Rallies On Jobs Data; Bitcoin Falls As Biden Targets Crypto; Apple Stock Pops,0.527,0.139,0.861,0.0
6,Tech Stocks Roundup: Jim Cramer Says to Buy Salesforce Stock,0.202,0.076,0.924,0.0
7,Microsoft To Retire Internet Explorer Next Year,0.859,0.116,0.837,0.047
8,Dow Jones Rallies As Jobless Claims Fall To Pandemic Low; Tech Stocks Bounce,0.34,0.112,0.888,0.0
9,"ByteDance CEO to step Down, Amazon sued over alleged discrimination, Microsoft plans to end Internet Explorer",0.077,0.046,0.916,0.038
10,Should Salesforce Investors Be Worried About Microsoft?,0.459,0.173,0.729,0.098
11,Startup Polywork Pitches a More Personal Professional Network,0.966,0.093,0.897,0.01
12,3 High-Growth Cloud Stocks I'd Buy Right Now,0.527,0.073,0.905,0.022
13,Microsoft to unplug Internet Explorer as it seeks edge in browser war,0.682,0.068,0.9,0.032
14,"Why the future for Microsoft, Amazon, Google, Apple and other pricey growth stocks isn’t so bright",0.422,0.041,0.959,0.0
15,10 Best Dividend Stocks to Buy According to Billionaire Richard Chilton,1.0,0.122,0.857,0.022
16,End of an era: Microsoft’s Internet Explorer to be retired next year,0.402,0.191,0.699,0.109
