﻿,Titles,Polarity,Positive,Neutral,Negative
0,Microsoft deal to deliver $390 mln payday for Activision's embattled CEO,0.838,0.097,0.823,0.08
1,"Microsoft’s Activision Buy Highlights Push Toward Mobile, Metaverse",0.296,0.078,0.922,0.0
2,Microsoft to Buy Activision Blizzard in All-Cash Deal Valued at $75 Billion,0.402,0.09,0.872,0.037
3,"Parkside Investments, LLC Buys SPDR Biotech ETF, SoFi Technologies Inc, SoFi Technologies Inc, ...",0.995,0.062,0.933,0.004
4,"TTP Investments, Inc. Buys ProShares Ultra S&amp;P500, Amplify BlackSwan Growth &amp; Treasury ...",0.998,0.108,0.884,0.008
5,Microsoft Gaming makes big move into Los Angeles video game landscape,0.599,0.163,0.837,0.0
6,3 Large-Cap Stocks to Buy at Discounts Before Earnings,0.998,0.143,0.849,0.009
7,Microsoft’s purchase of Activision Blizzard gives it the clear lead in the metaverse,0.0,0.0,1.0,0.0
8,Microsoft’s Activision Deal Set to Test Biden’s Antitrust Regime,0.982,0.081,0.869,0.05
9,Nasdaq Leads Downward Spiral As Stocks Dive And Yields Rise; Goldman And Microsoft Fall,0.0,0.0,1.0,0.0
10,Will the Microsoft-Activision Deal Get Done? Wall Street Gives It Just a 60% Chance.,-0.103,0.0,0.915,0.085
11,Himax (HIMX) Introduces TV TCON Chip for the Gaming Market,0.997,0.114,0.881,0.005
12,Activision’s Embattled CEO Is Already Complicating Microsoft’s Acquisition,0.226,0.15,0.769,0.081
13,"Activision CEO stands to reap nearly $400 million in Microsoft deal, and that may be just the start",0.0,0.0,1.0,0.0
14,"Microsoft’s acquisition of Activision is ‘not yet a metaverse play,’ Decrypt editor-in-chief says",0.997,0.091,0.887,0.022
15,6 Stocks To Buy According To Zach Schreiber’s PointState Capital,0.998,0.11,0.87,0.02
16,"US STOCKS-Wall St sinks as yields spike, financials fall after Goldman miss",0.758,0.07,0.88,0.05
17,"The Microsoft-Activision deal will ‘raise a lot of questions from regulators,’ analyst says",0.296,0.081,0.919,0.0
18,10 New Stock Picks of Suraj Parkash Chopra’s Force Hill Capital Management,1.0,0.119,0.858,0.022
19,"Microsoft’s Activision Bid Has Fans, but Wall Street Is Wary of Regulators",-0.128,0.094,0.789,0.116
20,Microsoft makes a bullish move to buy Activision as tech investors run for cover,0.0,0.0,1.0,0.0
21,"Microsoft could have just kicked off a Big Tech gold rush, which helps videogame stocks but maybe not gamers",0.637,0.123,0.877,0.0
22,What Microsoft's $68B deal for Activision signals for Epic Games,0.527,0.206,0.794,0.0
23,Dow Jones Dives As Yields Rise; Microsoft Stock Falls On Activision Deal; This Sector Gushes Higher,-0.296,0.0,0.909,0.091
24,"Big Tech selloff not 'a longterm problem for the sector,' market strategist says",0.997,0.102,0.86,0.038
25,"Gaming Stocks Alert: Why Are ATVI, RBLX, EA, TTWO Stocks Leveling Up Today?",0.995,0.114,0.857,0.028
26,"Goldman Sachs, GameStop, AMC sink amid larger market rout",0.0,0.0,1.0,0.0
27,"US STOCKS-Wall St tumbles as yield spike hits tech, banks slump after Goldman miss",0.964,0.085,0.866,0.049
28,"Cramer's Mad Money Recap 1/18: Microsoft, Activision Blizzard, Goldman Sachs",0.666,0.301,0.699,0.0
29,Decline in Stocks Accelerates on Interest Rate Fears,0.459,0.13,0.87,0.0
30,Solitude Financial Services Buys Schwab U.S. ...,0.996,0.077,0.923,0.0
31,"MinichMacGregor Wealth Management, LLC Buys iShares PHLX SOX Semiconductor Sector Index Fund, ...",0.999,0.125,0.868,0.007
32,Activision's Takeover Signals More Big Buys Ahead,-0.452,0.022,0.92,0.058
33,Five Reasons Microsoft Is Making Activision Blizzard Its Biggest Deal Ever,0.989,0.081,0.893,0.026
34,Why Activision Blizzard Stock Jumped Today,0.727,0.169,0.78,0.051
35,Microsoft Is About to Get a Close Look From Regulators. Its Free Pass Is Over.,0.202,0.112,0.804,0.084
36,"Microsoft acquiring Activision ‘is a great extension’ and ‘smart timing,’ tech analyst says",-0.402,0.0,0.93,0.07
37,Microsoft to acquire video game giant Activision Blizzard in $69B all-cash deal,0.0,0.0,1.0,0.0
38,"Stock Market Sinks As Techs, Financials Slide; 3 Energy Stocks Top Buy Points",0.068,0.179,0.652,0.169
39,Why AMC and GameStop Are Tumbling Today,0.788,0.114,0.851,0.036
40,Microsoft Is Acquiring Activision Blizzard,0.226,0.112,0.888,0.0
41,"Microsoft-Activision Blizzard deal: 'The industrial logic is there,' analyst says",0.999,0.097,0.893,0.01
42,Microsoft-Activision Blizzard deal will have a ‘ripple effect across broader tech': Analyst,0.998,0.084,0.902,0.014
43,4 GARP Stocks for a Winning Portfolio,1.0,0.195,0.803,0.002
44,Himax (HIMX) Introduces TV TCON Chip for the Gaming Market,0.997,0.114,0.881,0.005
45,"Microsoft (MSFT) Set to Buy Activision, Expands Gaming Footprint",0.996,0.126,0.863,0.011
46,Stocks Fall to Start Week; Microsoft Buying Activision,0.459,0.13,0.87,0.0
