﻿,Titles,Polarity,Positive,Neutral,Negative
0,"The Zacks Analyst Blog Highlights: CRM, WMT, TSLA, COST, and MSFT",0.999,0.144,0.834,0.022
1,11 Best Artificial Intelligence and Robotics Stocks To Buy According To Hedge Funds,1.0,0.155,0.818,0.027
2,AMD Unveils High Performance Gaming Graphics Card,0.955,0.099,0.894,0.007
3,11 Best Quantum Computing Stocks To Invest In,1.0,0.109,0.868,0.024
4,"Microsoft Agrees to Human Rights Review in Deals With Law Enforcement, Government",0.987,0.079,0.886,0.035
5,Dow Jones Drops As Inflation Heats Up; Apple Sells Off On iPhone News,0.0,0.0,1.0,0.0
6,Oil Service Firms Focus on Digitization to Drive Returns,0.998,0.145,0.804,0.052
7,"NVIDIA (NVDA) Gains on Strong GPU Adoption in Gaming, Data Center",0.993,0.145,0.84,0.015
8,Microsoft Completed Numerous Acquisitions These Past Few Months,0.765,0.147,0.853,0.0
9,Top 10 SPACs to Buy According to Richard Gerson’s Falcon Edge Capital,0.999,0.097,0.894,0.01
