﻿,Titles,Polarity,Positive,Neutral,Negative
0,Top Millennial And Gen Z Stock Picks From Tesla To Apple: Should You Buy Them Too?,0.287,0.097,0.903,0.0
1,Activision Blizzard Is Too Risky To Go Long on at This Time,0.998,0.143,0.819,0.038
2,3 Stocks to Buy in This Bear Market,0.993,0.093,0.855,0.051
3,Activision plans to delay a new ‘Call of Duty’ release for the first time in nearly two decades,-0.153,0.031,0.92,0.049
4,Activision Gives Microsoft Costly New Ammunition,-0.318,0.162,0.539,0.299
5,Meta Platforms Shares Can Sink as It Avoids Renting Out Data Centers,-0.931,0.074,0.842,0.084
6,3 Dividend Aristocrats That Offer High Yields,0.999,0.112,0.845,0.043
7,Peloton Isn’t the ONLY Takeover Target. What Companies Could Be Bought Out in 2022?,0.999,0.104,0.862,0.034
8,The SPDR S&amp;P 500 ETF Is a Proven Performer in Times of Market Volatility,1.0,0.165,0.81,0.025
9,Activision's mobile gaming unit to see leadership changes ahead of Microsoft deal,-0.296,0.037,0.903,0.06
10,RingCentral Stock Is Tumbling. Blame Valuation and Competition.,0.296,0.099,0.901,0.0
11,7 Safe Stocks to Buy If You Fear the Bear,1.0,0.112,0.866,0.022
12,Activision Undergoes Executive Shakeup at Its Division That Makes Candy Crush,0.896,0.065,0.893,0.042
13,8 Stocks To Sell According To Billionaire Louis Bacon,0.998,0.079,0.91,0.012
14,Market check: Stocks recover at open after Tuesday's sell-off,0.0,0.0,1.0,0.0
15,FOMO May Lift Megacap Stocks When the Market Turns,0.953,0.087,0.85,0.064
16,"Higher oil prices are ‘going to stay’ amid drawn-out Russia-Ukraine crisis, strategist says",-0.402,0.0,0.92,0.08
17,"Dow Jones Climbs After Stock Market Sell-Off; Apple, Tesla Rebound",0.0,0.0,1.0,0.0
18,EU Unveils Rules to Force Firms to Share Product Usage Data,0.953,0.097,0.84,0.063
19,"Microsoft Wants to Secure All Your Clouds, Including Amazon and Google",0.989,0.129,0.828,0.043
20,"Dow Jones Futures Climb After Stock Market Sell-Off; Apple, Tesla Set To Rebound",0.0,0.0,1.0,0.0
21,Hedge funds are hating on tech stocks,0.937,0.124,0.797,0.079
22,Call of Duty's Planned 2023 Release Delayed By Activision: Bloomberg,-0.718,0.023,0.927,0.05
23,3 Stocks You Can Confidently Buy After a Market Downturn,0.84,0.391,0.609,0.0
24,2 Top Metaverse Stocks Ready for a Bull Run,0.937,0.204,0.796,0.0
25,FOMO May Lift Megacap Stocks When the Market Turns,0.941,0.084,0.852,0.064
26,Warren Buffett Just Bought These 7 Stocks. Should You?,0.625,0.177,0.823,0.0
27,"Microsoft began Activision deal talks after harassment report, regulatory filing reveals",0.0,0.0,1.0,0.0
28,Is Microsoft (MSFT) A Great Long-Term Investment?,0.976,0.101,0.89,0.009
