﻿,Titles,Polarity,Positive,Neutral,Negative
0,Why Magnite Stock Lost 14% in July,0.637,0.114,0.853,0.034
1,"Markets close mixed, meme stocks accelerate gains",-0.085,0.067,0.877,0.056
2,Nvidia Tumbles After PC Industry Slump Crushes Revenue,-0.888,0.052,0.876,0.072
3,"Holding quality stocks in tough times 'key to growing wealth,' strategist explains",0.945,0.083,0.871,0.046
4,Meta’s AI Chatbot Repeats Election and Anti-Semitic Conspiracies,0.369,0.088,0.83,0.082
5,1 Big Catalyst Is Driving Arista Networks Stock -- Is It Still a Buy?,0.7,0.145,0.855,0.0
6,Stock Market Sayings Often Have Kernel of Truth,-0.97,0.094,0.788,0.118
7,"Is Snowflake Stock A Buy As Bears, Bulls Debate Business Model?",0.0,0.0,1.0,0.0
8,Clearwater Paper and Logitech International have been highlighted as Zacks Bull and Bear of the Day,1.0,0.162,0.785,0.053
9,Why Stable Tech Like Microsoft (NASDAQ:MSFT) may be a Favorite in this Earnings Season,0.999,0.133,0.852,0.014
10,"Why investors should still love stocks like Apple, Amazon, Microsoft, and Google: Morning Brief",0.991,0.075,0.905,0.02
11,African Startups Bet on Local Developers for Global Expansion,0.878,0.064,0.896,0.04
12,Softbank Posts Qtrly Loss as Tech Holdings Slammed by Rising Rates,0.857,0.097,0.83,0.073
