﻿,Titles,Polarity,Positive,Neutral,Negative
0,Best Stocks for 2022: Can Nvidia Stock Double in Price Again?,0.999,0.172,0.804,0.025
1,4 GARP Stocks to Scoop Up for Maximum Returns,1.0,0.201,0.797,0.002
2,Zoom Initiated With Buy at Citic On Excessive Concerns,0.966,0.122,0.86,0.018
3,3 Beaten Down Mid-Cap Stocks to Buy,0.999,0.16,0.802,0.038
4,Dow Jones Rallies As Jobless Claims Fall; Tesla Skids On Recall News,0.0,0.0,1.0,0.0
5,CES Comeback Effort Stymied After Omicron Spooks Participants,0.998,0.114,0.851,0.035
6,Dow Jones Futures Rise As Jobless Claims Fall; Tesla Drops On Recall News,0.0,0.0,1.0,0.0
7,Dow Jones Futures Rise Ahead Of Jobless Claims; Tesla Drops On Recall News,0.0,0.0,1.0,0.0
8,"The Zacks Analyst Blog Highlights: Nvidia, Microsoft and Accenture",0.999,0.142,0.836,0.022
9,"The Zacks Analyst Blog Highlights: Robinhood Markets, Tesla, Apple, Microsoft and Walmart",0.999,0.146,0.83,0.024
10,SenseTime’s Red-Hot Debut Makes Professor One of World’s Richest People at $4 Billion,0.991,0.105,0.845,0.05
