﻿,Titles,Polarity,Positive,Neutral,Negative
0,"Riverstone Advisors, LLC Buys DigitalOcean Holdings Inc, Apple Inc, Salesforce. ...",0.998,0.096,0.899,0.004
1,"Berger Financial Group, Inc Buys Hartford Core Bond ETF, Apple Inc, Independence Realty Trust ...",0.995,0.055,0.936,0.009
2,The Earnings Picture Remains Strong Despite Market Downturn,0.987,0.125,0.833,0.042
3,Dow Jones Futures: Hawkish Fed Chief Powell Wipes Out Market Rally; Tesla Headlines Earnings Wave,0.34,0.118,0.882,0.0
4,The Great Resignation helped boost Microsoft’s profits,0.859,0.349,0.603,0.048
5,Intel Gives Weak Profit Forecast as CEO Invests in Factories,-0.915,0.074,0.847,0.079
6,Dow Jones Reverses Lower After Fed Announcement; Nasdaq Erases Gains,0.077,0.097,0.817,0.086
7,Cloud Content Security Firm Egnyte Planning for 2022 IPO,0.557,0.075,0.874,0.051
8,Wednesday’s Tech Rebound Busted by More Hawkish Powell,0.96,0.092,0.856,0.052
9,Tech Rally Boosts Stocks,0.625,0.118,0.882,0.0
10,7 Worst SPACs for Smart Investors to Skip in 2022,0.964,0.077,0.858,0.065
11,Grab These Video Gaming ETFs to Gain From Soaring Sales Trend,0.999,0.133,0.845,0.022
12,"Nasdaq, S&amp;P Hold Gains After Fed Announcement; Microsoft Stock Pops On Earnings",0.0,0.0,1.0,0.0
13,10 Stocks to Buy That Could Make You a Millionaire in 2022,1.0,0.143,0.831,0.026
14,"Dow Jones, Nasdaq Gain Ahead Of Fed Announcement; Microsoft Stock Pops On Earnings",0.0,0.0,1.0,0.0
15,"Stocks Climb as Microsoft, Tesla Gain Ahead of Rate Announcement",0.459,0.125,0.875,0.0
16,Stocks Climb Ahead of Rate Announcement,0.103,0.057,0.943,0.0
17,Microsoft Shakes Off Tech Stock Malaise on Growth Outlook,0.96,0.092,0.856,0.052
18,Microsoft's (MSFT) Q2 Earnings &amp; Revenues Surpass Estimates,1.0,0.142,0.839,0.019
19,Retail stocks trading slower but still above pre-pandemic levels: Study,0.994,0.107,0.868,0.025
20,Microsoft Is Getting More Than Just Games With Its Activision Buyout,0.718,0.297,0.65,0.053
21,"Microsoft earnings offer upbeat signs for ‘vast majority of the software sector,’ say analysts",0.557,0.167,0.833,0.0
22,Apple Trending Lower as Quarterly Report Approaches,-0.153,0.08,0.805,0.115
23,Nvidia’s Arm deal ‘was dead from day 1’ — and that’s OK,0.989,0.069,0.91,0.02
24,Battered Hedge Funds Catch a Break as Their Most-Important Stock Rallies,-0.779,0.119,0.746,0.135
25,Why Microsoft Stock Is Up By 4% Today,0.988,0.15,0.796,0.054
26,"Microsoft's Azure makes it the ‘cloud king,’ analyst says",0.0,0.0,1.0,0.0
27,S&amp;P 500 Erases Gains to Close Lower as Powell Relights Fed Hike Jitters,0.963,0.092,0.869,0.039
28,U.S. Commerce Secretary on chip shortage: ‘We have no room for error’,-0.361,0.0,0.892,0.108
29,"Microsoft earnings show company ‘firing on all cylinders,’ analyst says",0.0,0.0,1.0,0.0
30,"Stocks rise in early trading, EV startups get clobbered year-to-date",0.796,0.056,0.933,0.011
31,Stock Market Trades Higher Ahead Of Fed Decision; Microsoft Earnings Upbeat,0.0,0.0,1.0,0.0
32,"24 software stocks, including Microsoft, expected to rise by double digits over the next year",-0.178,0.084,0.808,0.108
33,US STOCKS-Wall St roars back ahead of Fed policy decision; Microsoft shines,0.978,0.077,0.889,0.035
34,"Stocks Gain as Tech Rallies, Investors Await Fed",0.0,0.0,1.0,0.0
35,Taiwan Semiconductor Manufacturing Company and Netflix  have been highlighted as Zacks Bull and Bear of the Day,1.0,0.141,0.825,0.035
36,"Stock Market Today-1/26: Dow, Tech Stocks Pare Gains As Fed Hints At Balance Sheet Reduction",-0.296,0.0,0.909,0.091
37,Tesla Needs a Big Beat to Get Back to $1 Trillion Value,0.897,0.081,0.859,0.06
38,"Tech stocks: ‘There’s clearly a buy signal’ amid the sell-off, strategist says",0.0,0.0,1.0,0.0
39,"WT Asset Management Ltd Buys Li Auto Inc, NIO Inc, Microsoft Corp, Sells Tesla Inc, Taiwan ...",0.998,0.122,0.872,0.005
40,Microsoft stock climbs after hours on strong Q2 earnings,0.999,0.212,0.775,0.014
41,"Dow Jones Rallies Ahead Of Fed Decision; Boeing, Microsoft Rise On Earnings; Tesla Earnings On Deck",0.0,0.0,1.0,0.0
42,US STOCKS-Wall St eyes strong open on Microsoft's outlook; Fed decision looms,0.994,0.106,0.871,0.023
43,2 Nasdaq Stocks Worth a Closer Look Wednesday,0.66,0.153,0.847,0.0
44,Dow Jones Futures Rally Ahead Of Fed Decision; Microsoft Jumps On Earnings; Tesla Earnings On Deck,0.0,0.0,1.0,0.0
45,Better Metaverse Stock: Meta Platforms vs. Microsoft,0.844,0.126,0.859,0.016
46,Next Three 'Call of Duty' Games Will be Released on Sony's PlayStation,0.0,0.0,1.0,0.0
47,3 Explosive Growth Stocks That Could Go Parabolic in 2022,0.637,0.076,0.897,0.027
