﻿,Titles,Polarity,Positive,Neutral,Negative
0,10 Best ADR Stocks To Buy Now,1.0,0.121,0.858,0.021
1,Alphabet (GOOGL) to Add Unmute Shortcut Feature to Google Meet,0.999,0.17,0.818,0.013
2,10 Best Index Funds Popular Among Reddit Investors,1.0,0.144,0.843,0.013
3,10 Best Stocks to Buy Now According to Billionaire Ken Fisher,1.0,0.137,0.846,0.017
4,Microsoft cloud computing changes to allay EU antitrust concerns effective Oct. 1,0.579,0.054,0.908,0.037
5,"Okta Analyst Knocks Off Price Target By 13%, Courtesy Microsoft",0.974,0.141,0.825,0.035
6,"Amazon (AMZN) Adopts Green Hydrogen, Promotes Carbon Neutrality",0.996,0.153,0.82,0.026
7,"Could Amazon Dive Further Into Gaming? Why the Stock Is a Buy Now, Anyway",0.542,0.087,0.913,0.0
8,10 Cash-Rich Defensive Stocks to Buy Before Recession,1.0,0.128,0.818,0.054
9,Billionaire Izzy Englander’s Latest Portfolio: Top 10 Stock Picks,0.999,0.15,0.809,0.041
10,Value Investor Seth Klarman is Selling Intel and 11 Other Stocks,1.0,0.133,0.837,0.03
11,10 Best Index Funds to Diversify Your Portfolio,1.0,0.125,0.866,0.01
12,"Nasdaq Pares Early Losses as Apple, Microsoft, Chip Stocks Fall",0.762,0.139,0.756,0.105
13,Why Dividend Stocks Could Soon Be More Attractive -- Thanks to Joe Biden,0.816,0.204,0.796,0.0
14,Will the cloud kill the data centre? Jim Chanos thinks so,0.0,0.0,1.0,0.0
