﻿,Titles,Polarity,Positive,Neutral,Negative
0,Tech companies offer perks to lure workers back to offices,0.998,0.152,0.822,0.026
1,Dow Jones Climbs As Treasury Yields Continue To Rise; Twitter Reverses After Poison Pill Plan,-0.361,0.156,0.632,0.212
2,"Market check: Stocks mixed at open, bitcoin sees 5-day drop",0.984,0.062,0.922,0.016
3,Dow Jones Falls As Treasury Yields Continue To Rise; Twitter Jumps After Poison Pill Plan,-0.077,0.17,0.688,0.142
4,10 Technology Stocks to Buy Now According to Dan Loeb,1.0,0.126,0.856,0.019
5,Dow Jones Futures Fall As Treasury Yields Continue To Rise; Twitter Jumps After Poison Pill Plan,-0.151,0.174,0.669,0.156
6,Microsoft Stock Is the One to Own in 2022 and Beyond,0.999,0.146,0.835,0.018
7,This Two-Item Microsoft Office Bundle Is Available At A 90% Discount,0.973,0.094,0.884,0.023
