﻿,Titles,Polarity,Positive,Neutral,Negative
0,Is Shopify Stock A Buy? SHOP Stock Surges In Heavy Volume,0.361,0.094,0.87,0.037
1,BOX Gets Picked by U.S. General Services Administration,0.998,0.161,0.825,0.014
2,"Dow Jones Rallies As J&amp;J Jumps On Breakup Plans; Tesla Falls, Rivian Races Higher",0.0,0.0,1.0,0.0
3,Apple Is No Longer the World's Most Valuable Company,0.026,0.083,0.846,0.07
4,SONY PS5 Supply to be Hit: A Holiday Season Boon for Rivals?,0.995,0.107,0.85,0.044
5,Kyndryl and Microsoft Establish Global Strategic Partnership to Accelerate Digital Transformation Across Industries,0.995,0.096,0.884,0.02
6,Dow Jones Futures Rise As J&amp;J Jumps On Breakup Plans; Rivian Set To Extend Rally,0.0,0.0,1.0,0.0
7,"After $500 Billion Rout, Optimism Grows for China: Tech Watch",0.992,0.101,0.863,0.036
8,"The Zacks Analyst Blog Highlights: Microsoft, Berkshire Hathaway, Oracle, Medtronic and Simon Property Group",0.997,0.13,0.84,0.03
9,Microsoft Partners with IBM Spin-Off Kyndryl,0.947,0.084,0.908,0.008
10,Mitch Rubin’s RiverPark Advisors Portfolio: Top 10 Stock Picks,0.999,0.088,0.891,0.02
11,Top 7 Stock Picks of Vikram Kumar’s Kuvari Partners,1.0,0.123,0.843,0.034
12,Tech Stocks Roundup: Why Expert Says Twitter Is A Poor Investment,0.612,0.24,0.76,0.0
13,Microsoft and She Loves Tech partner to unlock US$1billion in capital for women entrepreneurs in Asia,1.0,0.205,0.793,0.002
