﻿,Titles,Polarity,Positive,Neutral,Negative
0,U.S. Probes Meeting Between Activision CEO and Option Buyer,0.0,0.0,1.0,0.0
1,Activision CEO's meeting with options trader under U.S. probe - WSJ,0.947,0.09,0.89,0.019
2,Activision Tries to Fix Its Big Problem Before Microsoft Takeover,-0.896,0.026,0.835,0.139
3,Microsoft Snaps This Process Mining Specialist For Undisclosed Sum,0.987,0.208,0.77,0.022
4,Activision’s Merger With Microsoft Is Getting New Pushback From U.S. Senators,-0.511,0.0,0.864,0.136
5,U.S. Stock Futures Rise Ahead of Nonfarm Payrolls,-0.965,0.045,0.857,0.098
6,Datadog (DDOG) Gains Microsoft Partner Status for Azure Cloud,0.997,0.122,0.87,0.008
7,First Women's Bank announces new partners Microsoft and United Airlines to support the women's economy,0.999,0.203,0.785,0.011
8,10 UK Dividend Stocks To Buy,0.999,0.095,0.885,0.02
9,Is This Something Unity Investors Should Worry About?,0.917,0.142,0.858,0.0
10,Dow Jones Falls; Oil Prices Dive As U.S. Eyes Reserve Release,0.0,0.0,1.0,0.0
11,Dow Jones Futures Fall; Oil Prices Dive As U.S. Eyes Reserve Release,0.0,0.0,1.0,0.0
12,Microsoft Announces Minit Acquisition,0.966,0.182,0.779,0.039
13,"Dow Jones Futures Fall, Crude Oil Tumbles As Biden Mulls Huge Strategic Reserves Release",-0.743,0.0,0.741,0.259
14,The Mandiant Acquisition Is Yet Another Reason to Buy Alphabet,0.988,0.072,0.914,0.014
15,Is FlexShares STOXX US ESG Select Index Fund (ESG) a Strong ETF Right Now?,0.995,0.095,0.888,0.017
16,Dow Jones Futures: Crude Oil Tumbles As Biden Mulls Huge Strategic Reserves Release,-0.743,0.0,0.741,0.259
17,Zoom Stock: 10-Bagger or a Bust?,0.167,0.112,0.802,0.086
18,"Dow Jones Futures Rise, Crude Oil Falls As Biden Mulls Huge Strategic Reserves Release",-0.743,0.0,0.741,0.259
