﻿,Titles,Polarity,Positive,Neutral,Negative
0,Consider the Competition Before Taking the Snap Discount,0.986,0.081,0.882,0.037
1,Microsoft (MSFT) Outpaces Stock Market Gains: What You Should Know,0.996,0.129,0.863,0.008
2,"Dow Jones Futures: Stocks Jump On Russia-Ukraine Talks; Apple, Dutch Bros Break Out",-0.363,0.071,0.774,0.155
3,Activision Blizzard says court indicates approval of settlement with EEOC,0.422,0.123,0.877,0.0
4,Sony’s Expanded PlayStation Plus Subscription Aims to Take on Xbox Game Pass,0.0,0.0,1.0,0.0
5,Sony Launches Microsoft Game Pass Rival. Is Buying Games Over?,-0.296,0.0,0.972,0.028
6,Will a billionaire's tax happen?,0.991,0.108,0.892,0.0
7,SAP's Signavio Integrates Experience Data to Boost Outcome,0.998,0.135,0.858,0.007
8,SONY Reportedly Launching a Video-Game Subscription Service,0.995,0.103,0.89,0.007
9,2 Top-Growth Stocks That Are Cash Cows,0.477,0.145,0.855,0.0
10,10 Oil &amp; Gas Stocks to Buy Today According To Rajiv Jain’s GQG Partners,1.0,0.13,0.859,0.011
11,Market check: Stocks charge higher at open,0.991,0.101,0.854,0.045
12,"Justice Department backs Big Tech antitrust bill targeting Google, Amazon, Apple",0.989,0.073,0.913,0.015
13,Analysis-Sony launches Game Pass counterattack with subscription service upgrade,0.982,0.073,0.895,0.032
14,7 Cybersecurity Stocks to Buy Heading Into April,0.996,0.078,0.885,0.036
15,5 Cloud Computing Growth Stocks to Buy Right Now,0.586,0.242,0.758,0.0
16,Sony Edges Higher on Plans to Launch New PlayStation Service,0.94,0.071,0.929,0.0
17,Why Warren Buffett's Spending Spree Could Continue With This 1 Stock,0.332,0.031,0.969,0.0
18,Should SPDR S&amp;P 500 ETF (SPY) Be on Your Investing Radar?,0.993,0.102,0.869,0.029
19,Crowdstrike: The Right Niche for Our Time,0.947,0.11,0.811,0.079
20,Celonis Buys German Data Startup PAF for $100 Million,0.951,0.114,0.83,0.055
