﻿,Titles,Polarity,Positive,Neutral,Negative
0,Microsoft’s Earnings Show the Cloud and PCs Are Still Going Strong,0.395,0.151,0.849,0.0
1,AudioCodes Ltd (AUDC) Q3 2021 Earnings Call Transcript,0.586,0.065,0.935,0.0
2,Solar Stocks Are Set To Follow Tesla Higher,0.999,0.137,0.842,0.021
3,Nancy Pelosi keeps pouring millions into this 1 sector — it might be time to tag along,0.997,0.118,0.857,0.026
4,Microsoft Tops September-Quarter Estimates On Cloud Strength,0.0,0.0,1.0,0.0
5,"Stock market news live updates: Stock futures flat after S&amp;P 500, Dow set record highs",0.863,0.054,0.91,0.036
6,"Q3 Deluge After the Closing Bell: GOOGL, MSFT, TWTR &amp; More",0.999,0.158,0.81,0.032
7,AMD Gives Another Bullish Forecast; Data Center Sales Double,0.991,0.106,0.866,0.028
8,"Dow Jones Futures: Market Rally Stalls, Donald Trump Stock DWAC Dives; Microsoft, Google, AMD Earnings In Focus",0.34,0.107,0.893,0.0
9,Microsoft Earnings: What Happened with MSFT,0.382,0.133,0.867,0.0
10,Microsoft's Q1 earnings are a 'cloud home run': Analyst,0.0,0.0,1.0,0.0
11,"Microsoft’s Cloud-Computing Strength Fuels Revenue, Profit",0.99,0.093,0.882,0.025
12,"Alphabet Sales Top Estimates as Ads, E-Commerce Fuel Growth",0.996,0.124,0.837,0.039
13,Microsoft (MSFT) Tops Q1 Earnings and Revenue Estimates,0.995,0.108,0.886,0.006
14,"Microsoft earnings show it's a cloud business, not a PC business",0.677,0.258,0.742,0.0
15,Analyst goes inside Microsoft's Q1 'home run' earnings,0.997,0.095,0.887,0.019
16,"Dow Jones Stalls As Growth Stocks Suffer; Donald Trump SPAC Plunges Despite This; AMD, Microsoft Earnings Due",0.153,0.103,0.819,0.078
17,"Texas Instruments Gives In-Line Forecast, Stock Drops",0.984,0.11,0.857,0.033
18,Microsoft Earnings: Revenue Exceeds Estimates,-0.202,0.104,0.755,0.142
19,Nasdaq ETFs Worth Betting on Before Major Tech Earnings Releases,0.996,0.113,0.87,0.017
20,7 Robinhood Stocks That Could Blow Up in 2022,0.999,0.109,0.861,0.031
21,AMD earnings preview: EPYC processor momentum to aid in growth,0.927,0.055,0.921,0.025
22,What Awaits Dow Jones ETFs Ahead of Big Earnings Releases?,0.998,0.133,0.837,0.03
23,Microsoft to report earnings as chip crunch hammers PC and gaming,0.971,0.076,0.89,0.034
24,Dow Jones Pares Early Gain As Stock Market Fades; Microsoft Earnings Due After Hours,-0.202,0.0,0.913,0.087
25,"S&amp;P 500, Dow Withstand Facebook Slide to Close at Record Highs",0.985,0.112,0.834,0.054
26,"ManpowerGroup Inc. (NYSE:MAN) is Cheap, but Possibly for Good Reason",0.999,0.145,0.813,0.042
27,"MSCI Q3 Earnings and Revenues Beat Estimates, Shares Up",0.998,0.133,0.863,0.004
28,S&amp;P 500 Eases From All-Time Highs on Facebook Slump,0.99,0.134,0.793,0.073
29,Microsoft Corporation (NASDAQ:MSFT) Shares Could Be 27% Below Their Intrinsic Value Estimate,0.999,0.147,0.831,0.022
30,ETFs in Focus as Big Tech Q3 Earnings Start to Unfold,0.999,0.157,0.827,0.016
31,"Dow Jones Rallies As Tesla Hits New Highs; Trump SPAC Tumbles; AMD, Microsoft On Deck",0.0,0.0,1.0,0.0
32,"Adobe Looks to Collaboration, the Metaverse and NFTs For Growth",0.997,0.12,0.863,0.017
33,"Dow Jones Futures Rally As Tesla Falls From Record High; Facebook Climbs On Earnings; AMD, Microsoft On Deck",0.0,0.0,1.0,0.0
34,"The Zacks Analyst Blog Highlights: Alphabet, Microsoft, Twitter and MSCI",0.999,0.117,0.863,0.02
35,Is iShares Core Dividend Growth ETF (DGRO) a Strong ETF Right Now?,0.998,0.151,0.835,0.013
36,A Peek Into The Markets: US Stock Futures Rise Ahead Of Big Earnings,0.026,0.029,0.945,0.025
37,Intel CEO on chip shortage: 'We have a rough road in front of us',0.946,0.089,0.85,0.061
38,Big-Tech Earnings Preview - What Investors Should Watch For,0.511,0.148,0.852,0.0
39,"7 Stocks To Watch For October 26, 2021",0.985,0.111,0.876,0.013
40,"Tesla's Trillion, Facebook Buyback, Microsoft and Alphabet - What's Moving Markets",0.535,0.059,0.902,0.039
