﻿,Titles,Polarity,Positive,Neutral,Negative
0,Apple vs. Epic: Why cloud gaming became a huge topic in antitrust trial,0.44,0.095,0.905,0.0
1,Apple-Epic trial: Epic’s claim of stifled competition on cloud gaming offers compelling bookend to price-gouging charges,0.44,0.095,0.905,0.0
2,"Warren Buffett Explains Why Apple, Facebook and Microsoft Are Great Businesses",0.991,0.081,0.893,0.027
3,Dow Closes at Record High as Cyclicals Rally Ahead of April Jobs Report,0.981,0.088,0.877,0.034
4,"Uber, Moderna Lose Ground After Both Companies Miss Analysts' Revenue Estimates",0.999,0.122,0.822,0.055
5,Dow Near Record High as Bulls Back Cyclicals Amid Recovery Optimism,0.975,0.093,0.859,0.048
6,New study shows digital preparedness helped organizations adapt to COVID-19,0.999,0.125,0.851,0.024
7,"Microsoft to allow EU customers to process, store data in the region",-0.153,0.046,0.914,0.04
8,Apple’s App Store Manager to Take Center Stage at Epic Trial,0.349,0.045,0.915,0.04
9,Nintendo Warns Chip Crunch May Hit Switch Despite Gaming Boom,0.993,0.121,0.834,0.045
