﻿,Titles,Polarity,Positive,Neutral,Negative
0,"Stocks: We're 'nearing peak bear sentiment' on Big Tech, analyst says",-0.843,0.049,0.879,0.073
1,"Indexes Fade, Close Mixed; Meta Platforms Rallies After The Close On Earnings",0.7,0.309,0.691,0.0
2,"Looking To Snap Downtrend, Can Amazon Deliver Results in Q1?",0.999,0.145,0.817,0.038
3,"GLOBAL MARKETS-U.S., European shares advance as euro dives to lowest since 2017",0.808,0.112,0.785,0.103
4,"Meta earnings: 'Facebook is in a pitstop,' analyst says",0.7,0.18,0.78,0.039
5,Wall Street stocks inch higher as Microsoft gains on earnings beat,0.153,0.097,0.833,0.07
6,Take Advantage of the Current Rally in CrowdStrike,0.775,0.065,0.894,0.04
7,"Stock Market Today: Microsoft Delivers, Alphabet Disappoints in Flat Day for Stocks",0.996,0.109,0.824,0.067
8,"US STOCKS-S&amp;P 500 ends higher, supported by Microsoft",0.951,0.089,0.846,0.065
9,"Market check: Nasdaq flat, S&amp;P 500 rises to close choppy session",0.0,0.0,1.0,0.0
10,US STOCKS-Wall Street ends higher supported by Microsoft,0.898,0.09,0.838,0.072
11,10 Best Stocks to Invest in Today According to Billionaire Michael Hintze,1.0,0.131,0.86,0.009
12,Indexes Rally; Microsoft Stock Pops On Earnings; Facebook Reports After The Close,0.0,0.0,1.0,0.0
13,These 10 Stocks Are Soaring Today,0.994,0.082,0.907,0.01
14,"Market check: U.S. dollar tests new highs, tech stocks mixed amid earnings",0.955,0.054,0.917,0.029
15,Microsoft stock heads toward best day in two years as earnings show ‘absolute resolute confidence’,0.917,0.323,0.677,0.0
16,Microsoft Stock Faces Key Test After Earnings Rally. Here's the Chart.,0.812,0.171,0.77,0.059
17,Top 10 Stock Picks of Billionaire Louis Bacon,1.0,0.129,0.854,0.018
18,"Dow Futures Gain, Meta Surges 18% After Earnings",0.972,0.083,0.889,0.028
19,"Microsoft, Alphabet Tell Tale of 2 Markets for Nasdaq Tech Stocks",-0.25,0.076,0.838,0.086
20,Microsoft’s Earnings Give You Plenty of Reasons to Continue Investing,0.99,0.097,0.897,0.006
21,"Dow Jones Rips 400 Points Higher, Led By Surging Visa, Microsoft Stock; Is A Stock Market Bottom Near?",0.34,0.118,0.882,0.0
22,Microsoft discloses onslaught of Russian cyberattacks on Ukraine,-0.974,0.044,0.859,0.097
23,"The New Frontier for Kiwi Tech Firms Is Colombia. Yes, Colombia",0.998,0.14,0.799,0.061
24,"Stock Market Gains As Earnings Take Center Stage, Led By Microsoft, Metals",0.382,0.133,0.867,0.0
25,"Apple Reports, Amazon Earnings, McDonald's Outlook: 3 Things to Watch",0.187,0.051,0.902,0.047
26,"US STOCKS-Wall Street rises on earnings boost from Microsoft, Visa",0.662,0.077,0.86,0.063
27,11 Much-Awaited Earnings Reports to Watch,0.999,0.115,0.863,0.022
28,"Stock Market Today: Dow Ends Higher as Microsoft, Visa Shine",0.993,0.153,0.783,0.064
29,Microsoft’s Landmark Quarter Proves the Cloud Story Is Still on the Rise,0.422,0.183,0.817,0.0
30,"What's Happening to Apple, Meta, Other Big Tech Stocks?",-0.776,0.034,0.817,0.149
31,Microsoft Stock Surges On Growth In Cloud Computing Business,0.511,0.163,0.837,0.0
32,Microsoft’s earnings outlook ‘puts to bed all the macro worries’: Analyst,0.681,0.172,0.828,0.0
33,Microsoft and Alphabet Earnings Made Me More Bullish on This Specific Market,0.361,0.075,0.925,0.0
34,Microsoft Excels at Every Level: Here's How to Trade It,-0.402,0.0,0.829,0.171
35,"Microsoft’s cloud business ‘remains a bright spot,’ analyst says",0.273,0.063,0.937,0.0
36,Cloud Drives Microsoft Fiscal Q3 Earnings: ETFs to Buy,0.997,0.111,0.868,0.021
37,"Stock Market Bounces As Microsoft, Alphabet, Other Earnings Steer Trading",0.34,0.061,0.939,0.0
38,"Tesla stock rebounds, Robinhood stock slides, oil prices reverse gains",0.202,0.122,0.878,0.0
39,10 High Dividend S&amp;P 500 Stocks,1.0,0.098,0.88,0.023
40,S&amp;P 500 Jumps as Microsoft Leads Rebound in Tech,0.987,0.134,0.807,0.059
41,10 Best Stocks to Buy According to Motley Fool,0.999,0.105,0.861,0.034
42,"Nvidia Stock Has a Path to $250, But Bulls Must Act Fast",-0.878,0.07,0.853,0.078
43,"Tech earnings: Google misses on slower YouTube sales, Microsoft beats on cloud boost",0.0,0.0,1.0,0.0
44,Dow Jones Rebounds After Stock Market Sell-Off Worsens; Microsoft Jumps On Earnings,-0.402,0.0,0.876,0.124
45,"US STOCKS-Wall St set to rebound from tech selloff as Microsoft, Visa gain",0.93,0.081,0.862,0.056
46,"Microsoft Rises, Alphabet Falls Because ‘Not All Technology Stocks Are Created Equal’",0.671,0.267,0.667,0.067
47,"Visa, Microsoft stock gain would add more than 140 points to the Dow's price",0.422,0.083,0.879,0.038
48,Dow Jones Futures Rebound After Stock Market Sell-Off Worsens; Microsoft Jumps On Earnings,-0.402,0.0,0.876,0.124
