﻿,Titles,Polarity,Positive,Neutral,Negative
0,"Stock market news live updates: Stock futures drift higher after Apple, Facebook earnings top estimates",0.986,0.087,0.876,0.036
1,Federal court declines to dismiss Amazon claims that Trump interfered in $10 billion JEDI deal,0.822,0.169,0.791,0.04
2,"Breakout Watch: AI, Machine Learning Power Rising EPS Estimates For Nvidia Peer",0.0,0.0,1.0,0.0
3,UPDATE 1-U.S. judge declines to dismiss Amazon allegations Trump interfered in JEDI contract,0.985,0.146,0.798,0.056
4,"Dow Jones Futures: Apple, Facebook, Qualcomm Flash Buy Signals; Biden Tax Hike Plans In Focus",0.0,0.0,1.0,0.0
5,US STOCKS-Wall Street ends lower after Fed holds steady on rates,0.929,0.08,0.868,0.052
6,US STOCKS-S&amp;P 500 ends lower after Fed holds steady on rates,0.974,0.096,0.861,0.043
7,U.S. judge declines to dismiss Amazon allegations Trump interfered in JEDI contract,0.856,0.133,0.817,0.05
8,Dow Jones Slips While Nasdaq Leads Upside After Fed Holds Rates Near Zero; These Growth Stocks Score Breakouts,-0.235,0.0,0.922,0.078
9,US STOCKS-S&amp;P 500 hits record after Fed holds steady on rate policy,0.982,0.093,0.865,0.041
10,Dow Jones Lags As Powell Makes This Warning; Microsoft Slips As Alphabet Soars,0.44,0.104,0.896,0.0
11,Jim Cramer: Have Trust in the Great CEOs,-0.103,0.05,0.891,0.059
12,3 Buy-Ranked Tech Stocks That Thrashed Earnings Estimates Yesterday,1.0,0.223,0.763,0.014
13,US STOCKS-Wall Street mixed after Fed holds steady on rate policy,0.984,0.109,0.843,0.048
14,"Alphabet's Gain, Microsoft's Drop Leave Nasdaq in Limbo",0.0,0.0,1.0,0.0
15,Dow Jones Lags As Fed Holds Steady; Microsoft Slips As Alphabet Soars; Apple Dips With Earnings Due,0.44,0.104,0.896,0.0
16,US STOCKS-S&amp;P 500 flat after Fed holds steady on rates,0.954,0.109,0.855,0.036
17,Do You Have to Own Tech Stocks?,0.997,0.138,0.86,0.002
18,Microsoft Stock Drops After Earnings. Wall Street Is Still Upbeat.,0.318,0.091,0.909,0.0
19,"US STOCKS-Dow, Nasdaq weighed down by Microsoft, Amgen; all eyes on Fed",0.832,0.062,0.898,0.04
20,Dow Jones Drops As 3 Key Stocks Weigh; Will Apple Earnings Beat After The Close?,0.0,0.0,1.0,0.0
21,S&amp;P 500 Slips Into Close as Fed Stays the Course on Monetary Policy,0.597,0.095,0.818,0.087
22,"FANG Profits, Amazon Next, Economic Output: 3 Things to Watch",0.945,0.085,0.893,0.022
23,MGM Earnings: What to Look for from MGM,-0.511,0.0,0.83,0.17
24,Has Microsoft (MSFT) Outpaced Other Computer and Technology Stocks This Year?,0.994,0.145,0.84,0.015
25,The Argus ESG Model Portfolio,0.681,0.093,0.852,0.055
26,"Dow Falls As Apple Set To Report Earnings; Microsoft Tumbles, While Alphabet Jumps On Earnings",0.0,0.0,1.0,0.0
27,"Apple, Facebook And The Fed: Full Plate Later Today Means Market Could Hit Lull Ahead Of News",0.999,0.087,0.871,0.041
28,"US STOCKS-Alphabet pushes S&amp;P 500 to record high, props up Nasdaq",0.968,0.083,0.879,0.038
29,"Microsoft (MSFT) Q3 Earnings &amp; Revenues Beat, Stock Slumps",0.999,0.121,0.866,0.013
30,6 ETFs to Bet on Microsoft's Q3 Earnings Strength,0.999,0.137,0.833,0.03
31,"Dow Jones Today, Stocks Mixed Ahead Of Fed News, Biden Speech; Google Rallies, Microsoft Slides On Earnings",0.0,0.0,1.0,0.0
32,Farmers struggle to break into booming carbon-credit market,1.0,0.171,0.806,0.024
33,"E-mini Dow Jones Industrial Average (YM) Futures Technical Analysis – Strong Over 33858, Weak Under 33651",-0.727,0.072,0.847,0.081
34,S&amp;P 500 Hovering Near Record Highs Ahead of Fed Decision,0.958,0.077,0.885,0.038
35,Microsoft Reports Better-Than-Expected 3Q Results; Shares Drop 3% After-Hours,0.992,0.11,0.875,0.014
36,Stocks Pause as Big Tech Bonanza Begins,0.999,0.131,0.831,0.038
37,"Dow Jones Today, Futures Mixed Ahead Of Fed News, Biden Speech; Google Rallies, Microsoft Slides On Earnings",0.0,0.0,1.0,0.0
38,"US STOCKS-Dow, Nasdaq set to open lower after tech, Boeing results; Fed in focus",0.989,0.102,0.864,0.034
39,"Mattel, Alarm.com, Google, Microsoft and Starbucks highlighted as Zacks Bull and Bear of the Day",1.0,0.118,0.849,0.033
40,5 Stocks to Make the Most of the Cloud Infrastructure Boom,1.0,0.171,0.822,0.007
41,"Breakout Watch: AI, Machine Learning Power Rising EPS Estimates For Nvidia Peer",0.0,0.0,1.0,0.0
42,Microsoft Earnings Beat Expectations. Why the Stock Is Dropping.,0.0,0.0,1.0,0.0
43,"Stock market news live updates: Stock futures trade mixed, Microsoft shares drop after earnings",0.985,0.076,0.878,0.046
44,Farmers struggle to break into booming carbon-credit market,1.0,0.171,0.806,0.024
45,"LIVE: Jim Cramer on Alphabet, AMD, Boeing, Microsoft Earnings",0.0,0.0,1.0,0.0
