﻿,Titles,Polarity,Positive,Neutral,Negative
0,Amazon plans for workers to return to offices by fall,0.178,0.052,0.948,0.0
1,Microsoft Secures Massive Pentagon HoloLens Contract,0.502,0.039,0.961,0.0
2,Tech Giant Microsoft Just Became A Much Bigger Pentagon Contractor,0.318,0.099,0.901,0.0
3,Daniel Loeb Boosts Global Blue Exposure,0.906,0.084,0.861,0.055
4,Dow Jones Erases Gains While S&amp;P 500 Hits New High; These Stocks Are Breaking Out Past Buy Points,0.119,0.088,0.841,0.071
5,Microsoft could finally be the king of gaming — if it spends $10 billion on Discord,0.995,0.123,0.8,0.077
6,UPDATE 2-Microsoft wins $21.9 bln contract with U.S. Army to supply augmented reality headsets,-0.869,0.046,0.886,0.067
7,Microsoft $22 Billion U.S. Army Deal for HoloLens Advances,0.986,0.098,0.887,0.015
8,Discord messaging platform launches Clubhouse-style feature,0.78,0.071,0.894,0.034
9,Microsoft Wins Huge Pentagon Contract for AR Headsets,0.681,0.259,0.741,0.0
10,"UPDATE 2-Delta blasts Georgia voting law as 'unacceptable,' based on 'lie'",-0.959,0.042,0.89,0.068
11,"S&amp;P 500 on Cusp of Historic 4,000 Level as Tech Leads Advance",0.996,0.132,0.84,0.027
12,"IPOs To Watch: Amazon, Microsoft Partner Telos Tries To Secure Breakout",0.599,0.269,0.731,0.0
13,Clubhouse App Has People Talking On The Newest Social Media Craze,0.0,0.0,1.0,0.0
14,Microsoft wins US army contract for augmented reality headsets worth up to $21.9bn,0.477,0.107,0.822,0.07
