﻿,Titles,Polarity,Positive,Neutral,Negative
0,10 Technology Stocks to Buy Now According to Stanley Druckenmiller,0.999,0.11,0.867,0.022
1,10 Favorite Stocks of Billionaire Izzy Englander,1.0,0.131,0.859,0.01
2,Is Antitrust Risk a Big Concern With Microsoft Stock?,0.996,0.116,0.828,0.056
3,3 Worst-Performing Dow Jones Stocks Ready to Bounce Back,-0.606,0.031,0.863,0.106
4,2 Leading Tech Stocks to Buy in 2022 and Beyond,-0.153,0.0,0.926,0.074
5,Cloudflare Shows the Perils of Buying Growth,0.997,0.14,0.809,0.051
6,3 Top Tech Stocks That Could Help Make You Rich by Retirement,0.318,0.034,0.948,0.018
7,3 Mutual Funds to Buy for April,0.997,0.094,0.894,0.011
