﻿,Titles,Polarity,Positive,Neutral,Negative
0,California assemblywoman pushes for four-day workweek,0.989,0.085,0.886,0.029
1,"Microsoft Stock: A Name to Count on in an Uncertain Environment, Says Morgan Stanley",0.995,0.139,0.831,0.03
2,Markets check: Stocks head higher as earnings season kicks off,0.361,0.102,0.898,0.0
3,Dow Futures Little Changed as Q1 Earnings Kick Off,0.92,0.089,0.869,0.043
4,Microsoft: beware the ‘friendly’ tech giant,0.273,0.103,0.807,0.09
5,"Microsoft Gets Antitrust Complaints From Aruba, Danish Firms Over Cloud",-0.787,0.06,0.861,0.079
6,Here's How RBC Capital Viewed Meta,0.98,0.136,0.825,0.039
7,California Lawyer Quits Over Allegation Newsom Meddled in Activision Case,-0.73,0.087,0.804,0.109
8,Investments in the metaverse are coming with important strings attached,0.637,0.071,0.929,0.0
9,VMware (VMW) Cloud Services Now Available in Azure Marketplace,0.996,0.133,0.859,0.007
10,Dow Jones Climbs As Earnings Season Kicks Off; JPMorgan Slides On Earnings Miss,-0.296,0.0,0.891,0.109
11,Dow Jones Falls As Earnings Season Kicks Off; JPMorgan Slides On Earnings Miss,-0.296,0.0,0.891,0.109
12,Why $50 Looks Reasonable for QuantumScape Stock,0.998,0.121,0.836,0.043
13,10 Tech Stocks to Buy Now According to Robert Pitts’ Steadfast Capital,1.0,0.126,0.853,0.021
14,Dow Jones Futures Reverse Lower As Earnings Season Kicks Off; JPMorgan Falls On Earnings Miss,-0.296,0.0,0.879,0.121
15,7 Undervalued Cybersecurity Stocks to Buy Now,1.0,0.157,0.825,0.018
16,Microsoft’s tactics to win cloud battle lead to new antitrust scrutiny,0.178,0.096,0.904,0.0
