﻿,Titles,Polarity,Positive,Neutral,Negative
0,"Earnings Roundup: Chegg, CVS Health, and iRobot",0.511,0.09,0.868,0.042
1,Dow Jones Nearly Flat As Stock Market Mulls Consumer Confidence Dip,0.671,0.24,0.681,0.079
2,Forget Bitcoin and Ethereum: 10 Best Cryptocurrencies Redditors are Buying,1.0,0.102,0.888,0.01
3,Dow Snaps 3-Day Winning Streak as Energy Stocks Slip,0.984,0.127,0.824,0.05
4,"Microsoft Teams Up With Accenture, Goldman on Greener Software",0.978,0.076,0.917,0.008
5,Here's How Microsoft Can Rally to All-Time Highs,0.0,0.0,1.0,0.0
6,UPDATE 1-Italy to involve big overseas tech firms in national cloud plan,0.99,0.137,0.83,0.033
7,ServiceNow (NOW) Partners With Microsoft to Tackle Cyber Threat,0.998,0.189,0.75,0.061
8,S&amp;P 500 in Narrow Range as Energy Slump Keeps Lid on Reopening-Led Gains,0.991,0.137,0.826,0.037
9,Erdogan's meet with U.S. CEOs to highlight ties -embassy,0.807,0.057,0.926,0.017
10,Salesforce Leads $120 Million Round in Israeli Cyber Startup Wiz,0.967,0.121,0.859,0.02
11,"Market Strength, NABE Survey, Volume Drop, Crypto Mining, Trading MSFT and AAPL",0.0,0.0,1.0,0.0
