﻿,Titles,Polarity,Positive,Neutral,Negative
0,"Dow Jones Futures: Jobs Report Pivotal For Market Rally; Tesla Meeting In Focus As GM, Ford, Lucid, Rivian Step Up",0.0,0.0,1.0,0.0
1,The return of JEDI: Sequel to military cloud contract will be much more complex,0.402,0.169,0.732,0.1
2,More Revelations On SolarWinds Hack,-0.487,0.055,0.882,0.063
3,Microsoft Will Allow More Repair Shops After Activist Protests,0.854,0.093,0.85,0.057
4,"UPDATE 1-Hackers in SolarWinds breach stole data on U.S. sanctions policy, intelligence probes -sources",0.954,0.094,0.848,0.059
5,How Microsoft plans to offer Miami-Dade residents a pathway to tech jobs,0.128,0.081,0.919,0.0
6,Accelerate Miami-Dade aimed at tackling unemployment in the county with new opportunities for underserved communities,1.0,0.164,0.823,0.013
7,Every Cloud Transformation Has A Silver Lining: An Overlooked Tech Play,0.997,0.226,0.723,0.051
8,S&amp;P 500 Jumps as Debt Limit Deal Paves Way for Fresh Bets on Stocks,0.848,0.07,0.886,0.044
9,S&amp;P 500 Rides Debt Ceiling Deal Higher Ahead of Jobs Report,0.643,0.062,0.892,0.046
10,2 Semiconductor Stocks You Can Buy Right Away,0.818,0.134,0.846,0.02
11,"Dow Jones Surges As Republicans Offer Debt-Limit Extension; Apple, Tesla Rally",0.0,0.0,1.0,0.0
12,Ribbon (RBBN) Boosts Microsoft Teams With Professional Services,0.996,0.126,0.863,0.011
13,"Microsoft, Alphabet stocks rise back above 50-day moving averages",0.778,0.097,0.903,0.0
14,Billionaire Daniel Sundheim is Buying These 10 Tech Stocks,0.998,0.083,0.896,0.021
15,"Hackers in SolarWinds breach stole data on U.S. sanctions policy, intelligence probes -sources",0.887,0.087,0.849,0.063
16,Dow Jones Futures Jump As Market Rally Gains Momentum On McConnell Debt-Limit Offer,-0.202,0.0,0.943,0.057
17,The U.S.-China relationship is ‘a little bit frosty’: Michael Dell,0.961,0.125,0.845,0.029
18,Influencers with Andy Serwer: Michael Dell,0.0,0.0,1.0,0.0
19,3 Robinhood Dividend Stocks to Buy in October,0.718,0.128,0.872,0.0
20,"Dow Jones Futures Rise As Market Rallies On McConnell Debt-Limit Offer; Affirm Soars, Bitcoin Jumps",-0.202,0.0,0.942,0.058
