﻿,Titles,Polarity,Positive,Neutral,Negative
0,There’s No Reason to Buy Vinco Ventures Stock Here,0.995,0.116,0.848,0.037
1,5 Dow Jones Stocks To Watch In March 2022: Apple Jumps,0.758,0.186,0.75,0.064
2,Is Apple stock a great buy on weakness?,0.238,0.05,0.903,0.047
3,"IBM Worth Considering for the Dividend, Growth Potential",0.998,0.133,0.831,0.036
4,Microsoft Joins Other Investors In Raising Funds For This Blockchain Start-up,0.988,0.145,0.855,0.0
5,S&amp;P 500 Rallies as Investors Pile Into Battered Tech Stocks Ahead of Fed Decision,0.97,0.101,0.854,0.045
6,"Tech stocks are battling the ultimate 'perfect storm,' says analyst",0.53,0.067,0.874,0.059
7,Discord considers direct listing at $15 billion,-0.402,0.0,0.856,0.144
8,"Microsoft, Temasek Invest in ConsenSys at $7 Billion Valuation",0.733,0.071,0.88,0.049
9,S&amp;P 500 in Rally Mode as Tech Finds Strength Ahead of Fed Meeting,0.971,0.107,0.846,0.047
10,"Tech Sell-Off: 2 Growth Stocks to Buy, and 1 to Sell",0.25,0.118,0.882,0.0
11,"Microsoft expands healthcare cloud strategy with new solutions and capabilities across data, AI and clinician experiences",1.0,0.148,0.844,0.008
12,Is John Hancock Multifactor Large Cap ETF (JHML) a Strong ETF Right Now?,0.99,0.078,0.901,0.021
13,Discord Interviews Banks for Possible Direct Listing,-0.956,0.062,0.848,0.09
