﻿,Titles,Polarity,Positive,Neutral,Negative
0,Bill Gates Portfolio: Most Recent Investments,1.0,0.137,0.859,0.004
1,Activision Blizzard CEO Bobby Kotick needs to resign right now,-0.998,0.05,0.841,0.108
2,C3 AI’s Fortunes Could Recover Along With the Energy Market,0.997,0.129,0.835,0.035
3,"Supply chain environment 'most dynamic I've ever seen,' Pure Storage CEO says",-0.361,0.0,0.873,0.127
4,Is Zoom Video Communications Stock a Buy?,0.727,0.136,0.864,0.0
5,Top Tech Stock Picks of Amir Mokari’s Emerson Point Capital,1.0,0.126,0.853,0.021
6,"Dow Jones Futures Fall As Market Direction Turns Murky; Tesla Falls, 3 Stocks In Buy Zones",-0.166,0.078,0.81,0.111
7,Dell Jumps as Corporate Demand for PCs Fuels Market Share Gain,0.987,0.127,0.855,0.018
8,"HP Soars on Beating Sales Estimates, Robust Outlook",0.781,0.094,0.842,0.065
