﻿,Titles,Polarity,Positive,Neutral,Negative
0,How the Video Game Industry Is Changing,0.586,0.12,0.84,0.04
1,10 Best Dividend Stocks to Buy in August According to Hedge Funds,0.999,0.087,0.896,0.017
2,"S&amp;P 500, Dow Close at Records as Bulls Cheer Progress on Infrastructure Bill",0.993,0.152,0.795,0.053
3,"Dow Jones Rallies, Tech Stocks Fall As Senate Expected To Pass $1 Trillion Infrastructure Bill; Tesla Slides On July China Sales",0.0,0.0,1.0,0.0
4,Alphabet (GOOGL) Expands Google Duo Reach With Latest Update,0.996,0.115,0.883,0.002
5,Dow Jones Rallies As Senate Expected To Pass $1 Trillion Infrastructure Bill; Tesla Falls On July China Sales,0.0,0.0,1.0,0.0
6,12 Best Artificial Intelligence Stocks To Invest In Right Now,1.0,0.141,0.83,0.029
7,The EV Era Is Coming Sooner Than Expected,0.998,0.136,0.841,0.023
8,"S&amp;P 500, Dow in Record Run as Infrastructure Bill Clears Senate",0.996,0.176,0.773,0.051
9,10 Best Healthcare Stocks to Buy According to Larry Robbins’ Glenview Capital,0.999,0.11,0.858,0.032
10,Is Salesforce Stock A Buy? Digital Transformation Leader Closes Slack Acquisition,0.361,0.088,0.912,0.0
