﻿,Titles,Polarity,Positive,Neutral,Negative
0,Markets accelerate gains into the close bolstered by tech stocks,0.978,0.088,0.912,0.0
1,Investors ‘are taking advantage’ of flows into tech and small cap stocks: ETF expert,0.0,0.0,1.0,0.0
2,Beginner Investors: How to Understand Stock Investing Lingo,0.996,0.102,0.881,0.017
3,Fed rate hikes should stabilize markets to a 'benign' growth environment: Strategist,-0.422,0.0,0.909,0.091
4,"Stocks and indices soar after two days of losses, tech stocks lead major gains",0.077,0.144,0.749,0.107
5,3 S&amp;P 500 Companies Generating Substantial Cash,0.999,0.173,0.811,0.017
6,Game giants took a beating this week — but there's still hope,0.914,0.09,0.836,0.074
7,Salesforce Shuts Hong Kong Office Amid Brewing US - China Tensions; Consolidates Partnership With Alibaba,0.988,0.144,0.837,0.019
8,Stock Market Today: Dow Delivers Swashbuckling Gains as Earnings Shine,0.981,0.1,0.863,0.036
9,"Stocks rally, oil prices fall after OPEC+ increases output",0.226,0.091,0.909,0.0
10,"S&amp;P 500 in Rally Mode on Positive Earnings, Stronger Economic Data",0.976,0.084,0.89,0.026
11,"Blizzard, NetEase Scrap Warcraft Mobile Game After Financing Dispute",-0.631,0.043,0.912,0.045
12,"Big Tech Is the West’s Surprise Weapon in Competition With Russia, China",0.392,0.106,0.85,0.045
13,Strong Dollar is Crushing These 10 Stocks,0.999,0.113,0.839,0.048
14,Gaming industry sees a slowdown amid flurry of earnings,0.0,0.0,1.0,0.0
15,Dow Jones Rallies Amid Key Economic Data; AMD Tumbles On Weak Sales Outlook,-0.44,0.0,0.873,0.127
16,"Infineon, AMD Stock Prices Show Diverging Fortunes in Chip Industry",0.971,0.085,0.852,0.064
17,10 Best High Risk High Reward Stocks to Buy Now,1.0,0.174,0.772,0.054
18,Why Investing During This Bear Market Could Be the Best Decision You Make,0.637,0.165,0.728,0.106
19,Dow Jones Futures Climb Ahead Of Key Economic Data; AMD Tumbles On Weak Sales Outlook,-0.44,0.0,0.868,0.132
20,Activist Targets Microsoft For Donating To Groups Opposing Pro-Abortion Stance: Report,0.981,0.161,0.777,0.062
21,Why a Patient Growth Fund Is Sticking With Microsoft and Hess Stock,-0.25,0.099,0.763,0.137
22,Avast Shares Spike as U.K. Competition Watchdog Green Lights Merger with U.S. Peer,0.987,0.127,0.855,0.019
23,"Bill Gates, Jeff Bezos Lead Charge to Fight Horrific Disease",0.382,0.157,0.843,0.0
24,Microsoft Donations to Anti-Abortion Groups Targeted by Activist,0.988,0.118,0.82,0.062
