﻿,Titles,Polarity,Positive,Neutral,Negative
0,Microsoft to boost employee pay in effort to stop attrition,0.785,0.229,0.737,0.034
1,Zoom is worth less than it was before the pandemic,-0.128,0.06,0.874,0.066
2,Microsoft Boosts Spending on Pay as Competition for Staff Intensifies,0.318,0.119,0.881,0.0
3,"What's happening to tech stocks is 'kind of unheard of' — and 'we are not done,' analyst says",-0.972,0.034,0.873,0.093
4,Microsoft Doubles Salary Budget to Retain Staff as Cost of Living Rises,0.991,0.118,0.847,0.035
5,Starbucks Includes Abortion Travel Coverage To US Health Benefits: Reuters,0.981,0.171,0.808,0.022
6,Apple (AAPL) Expected to Unveil iPhone 15 With USB-C,0.993,0.094,0.869,0.037
7,"Zoom Gloom: Microsoft Gains Ground in Corporate Videoconferencing, Analyst Says",-0.715,0.0,0.751,0.249
8,"Stock Market Today: Dow Ekes Out Gain as Energy Shines, but Tech Stutters",-0.672,0.064,0.86,0.076
9,Starbucks to Cover Worker Travel Expenses for Medical Treatment,0.625,0.057,0.903,0.04
10,"Tech stocks lead Nasdaq lower, JPMorgan upgrades some China stocks",0.0,0.0,1.0,0.0
11,Top 10 Stock Picks of Eli Cohen’s Crescent Park Management,0.999,0.098,0.885,0.017
12,7 Undervalued Dividend Stocks to Buy Now,1.0,0.138,0.831,0.031
