﻿,Titles,Polarity,Positive,Neutral,Negative
0,"Dow Jones Futures: Stock Market Still In Flux With Fed Set To Speed Up; Apple, Tesla, Rivian In Focus",0.0,0.0,1.0,0.0
1,10 Most Popular Dividend Stocks Among Famous Hedge Funds,0.999,0.112,0.865,0.024
2,"Barclays is betting these 3 dividend stocks will beat the S&amp;P 500 — if you're looking for income, snag yields as high as 10.3%",0.997,0.127,0.852,0.021
3,3 reasons big-time CEOs sold billions in company stock recently,0.951,0.07,0.903,0.027
4,Global race to patch critical computer bug in open source software used by Apache servers,-0.681,0.058,0.749,0.193
5,7 Stocks to Buy Now for a Potential Year-End Rally,1.0,0.106,0.877,0.017
6,Local startup Forward Edge-AI gets Microsoft funding for pathogen-detecting device,0.0,0.0,1.0,0.0
7,7 Stocks to Buy to Ride the Biggest Trends of 2022,0.999,0.133,0.799,0.068
8,Dow Jones Rebounds As Apple Hits New High; These Growth Stocks Soar After Earnings,0.649,0.194,0.806,0.0
9,EU expected to OK Microsoft's $16 billion bid for Nuance: report,0.863,0.249,0.751,0.0
10,"Meet Dashburgh, Pittsburgh's online platform featuring data and insights relating to city activity",0.422,0.07,0.93,0.0
11,Microsoft Prepares To Win Unconditional EU Approval For Nuance Deal,0.961,0.131,0.869,0.0
12,Why executives like Tesla CEO Elon Musk and Meta CEO Mark Zuckerberg are selling company stock,0.0,0.0,1.0,0.0
13,10 New Stocks Reddit’s WallStreetBets is Buying,0.999,0.1,0.886,0.013
14,"Sprinklr CEO on becoming a major customer experience player like Salesforce, Adobe, and Microsoft",0.0,0.0,1.0,0.0
15,10 Best Stocks Under $20 According to Jim Simons’ Fund,1.0,0.112,0.872,0.016
16,Dow Jones Rallies After Hot Inflation Reading; Tesla Slides As Elon Musk Sells More Shares,0.226,0.079,0.921,0.0
17,2 Metaverse Stocks That Could Set You Up for Life,0.34,0.029,0.971,0.0
18,Salesforce’s MuleSoft Unit Is Going Through a ‘Rough Patch’,0.995,0.111,0.834,0.055
19,Dow Jones Futures Rally After Hot Inflation Reading; Tesla Stock In Focus As Elon Musk Sells More Shares,0.226,0.083,0.917,0.0
20,2 Trends for Video Game Investors to Watch,0.586,0.131,0.784,0.086
21,"American Century Fund Wins With Big Bets On Stocks like Microsoft, Apple",0.751,0.234,0.766,0.0
22,"Why Cybersecurity Stocks Like CrowdStrike, Fortinet And Palo Alto Networks Could See More Upside From Ransomware Attacks",0.226,0.087,0.913,0.0
23,Why Cybersecurity Stocks Could See More Upside From Ransomware Attacks,0.226,0.087,0.913,0.0
24,Microsoft Gains as $16 Billion Purchase of AI Firm Nuance Nears EU Nod,0.987,0.154,0.838,0.008
25,"Exclusive-Microsoft set to win EU antitrust nod for $16 billion Nuance deal, sources say",0.969,0.111,0.889,0.0
26,10 Most Popular EV Stocks Among Famous Hedge Funds,1.0,0.138,0.841,0.021
27,"Madison Covered Call &amp; Equity Strategy Fund Buys PayPal Holdings Inc, T-Mobile US Inc, Visa ...",0.992,0.045,0.95,0.005
28,"Oracle Soars as Higher Spending on IT, Cloud Drive Q2 Revenue",0.969,0.119,0.848,0.033
29,"NVIT J.P. Morgan U.S. Equity Fund Buys Microsoft Corp, Deere, Centene Corp, Sells Coca-Cola Co, ...",0.991,0.046,0.948,0.006
