﻿,Titles,Polarity,Positive,Neutral,Negative
0,"Dow Jones Futures: Fed Minutes Lift Market Rally, Microsoft Makes Key Move; Tesla Rivals Are In Buy Zones",0.226,0.076,0.924,0.0
1,Stock Market Closes Higher On Fed Minutes; Microsoft And Cisco Lead Tech Stocks Higher,0.382,0.12,0.88,0.0
2,"Stocks and U.S. dollar accelerate gains into the close, energy stocks slump",0.226,0.164,0.744,0.092
3,Fed rate hikes will ‘hurt the generation of new tech startups’: Appian CEO,0.052,0.091,0.823,0.085
4,A Key Microsoft Growth Plan Takes a Hit,0.66,0.265,0.735,0.0
5,Investors turn defensive as Fed focuses on inflation: Strategist,0.0,0.0,1.0,0.0
6,Why RingCentral Shares Are Trading Lower Today,0.965,0.133,0.814,0.053
7,Dow Jones Rallies As Fed Minutes Reveal This; EV Stock Explodes On Guidance; Apple Stock Pops,0.34,0.098,0.902,0.0
8,Microsoft’s Activision Blizzard bid faces U.K. antitrust investigation,0.0,0.0,1.0,0.0
9,RingCentral Dives On Downgrade Amid Stiff Microsoft Competition,0.178,0.102,0.898,0.0
10,Microsoft Cloud Executive Leaves After Allegations of Verbal Abuse,-0.572,0.096,0.795,0.109
11,Nasdaq Bear Market: 2 No-Brainer Growth Stocks to Buy Now,-0.527,0.054,0.85,0.096
12,Microsoft’s $69 billion takeover of Activision hits possible antitrust roadblock,0.026,0.058,0.899,0.043
13,U.K. Flexes New Muscle in Antitrust Probes Over Microsoft and Amazon,0.527,0.167,0.833,0.0
14,7 Best Warren Buffett Stocks to Buy Now in July 2022,1.0,0.164,0.815,0.021
15,"Market check: Stocks open mixed, bond yields fall, Tesla stock dips",0.0,0.0,1.0,0.0
16,Betting Against Tech Is Finally a Winning Trade as Short Sellers Sit on $20 Billion Profit,0.993,0.114,0.814,0.072
17,Microsoft-Activision merger faces UK antitrust probe,0.0,0.0,1.0,0.0
18,RingCentral Stock Gets a Downgrade. Blame Microsoft.,-0.402,0.0,0.881,0.119
19,"Facebook, Instagram Fall Prey To Data Scraping; Indict Chinese Company",0.819,0.096,0.841,0.063
20,Microsoft Prepares For Sharp Economic Slowdown,0.758,0.099,0.879,0.022
21,"Microsoft’s Activision Deal, Amazon’s Use of Data Face U.K. Regulatory Probes",0.527,0.173,0.827,0.0
22,The Kroger and Activision Blizzard have been highlighted as Zacks Bull and Bear of the Day,1.0,0.139,0.816,0.045
23,Microsoft’s Activision Takeover Faces Trouble in the UK,0.077,0.044,0.956,0.0
24,UPDATE 1-UK watchdog probes Microsoft's $68.7 billion Activision buyout deal,0.178,0.019,0.981,0.0
25,UK watchdog probes Microsoft's $68.7 billion Activision buyout deal,0.178,0.019,0.981,0.0
26,This Inflation Spike May Be Ending. That’s Good for Cathie Wood.,0.0,0.0,1.0,0.0
27,Activision Shares Edge Lower as U.K. Competition Watchdog Probes Microsoft Merger,0.991,0.183,0.795,0.022
28,"DoorDash, Uber, VMware Fall Premarket; Altria, Rocket Companies Rise",-0.869,0.049,0.878,0.073
29,Finance’s big tech problem,-0.296,0.112,0.774,0.114
30,Microsoft giving up big chunk of space in Bellevue after lease expires in 2023,0.077,0.075,0.925,0.0
