﻿,Titles,Polarity,Positive,Neutral,Negative
0,Tech stocks: What Wall Street experts recommend in a bear market,0.994,0.084,0.885,0.031
1,Microsoft Faces a 'Minecraft' Backlash,0.912,0.177,0.823,0.0
2,"Amazon Cut Its Staff by Almost 100,000 in the June Quarter",0.178,0.072,0.928,0.0
3,Big Tech’s Reign Isn’t Over Yet. These 3 Stocks Look Like Strong Buys.,0.751,0.33,0.67,0.0
4,"Apple, Amazon &amp; Big Tech Showcase Their Earnings Power Once Again",0.999,0.147,0.823,0.03
5,Austrian spy firm accused by Microsoft says hacking tool was for EU states,0.935,0.06,0.925,0.015
6,"Meta Could Be Forced To Blackout Facebook, Instagram From EU Pending This Agreement: Report",0.794,0.106,0.816,0.077
7,Analysts are Cutting Price Targets of These 10 Tech Stocks After Earnings,0.992,0.095,0.862,0.043
8,Intel CEO on earnings miss: 'We believe that we are at the bottom',0.34,0.054,0.904,0.042
9,What Amazon earnings say about the tech sector,0.178,0.091,0.909,0.0
10,"Stocks climb in intraday trading, Amazon stock pops on earnings",0.0,0.0,1.0,0.0
11,"Stock Market Rally Powers Higher On Fed Rate Hints; Apple, Microsoft, Meta, Amazon, Google Key Earnings: Weekly Review",0.0,0.0,1.0,0.0
12,"Dow Jones Reverses Higher Despite Hot Inflation Report; Amazon, Apple Rally On Earnings",0.612,0.227,0.773,0.0
13,"Investors need to ‘start selectively moving into the recovery trade,’ strategist says",0.0,0.0,1.0,0.0
14,"Dow Jones Drops On Hot Inflation Report; Amazon, Apple Rally On Earnings",0.612,0.238,0.762,0.0
15,10 Stocks That Will Benefit from Record Breaking Temperatures,0.999,0.101,0.892,0.007
16,Sony is Battling Both Microsoft and a Darkening Economy,-0.128,0.0,0.939,0.061
17,"Dow Jones Futures Rise Ahead Of Key Inflation Report; Amazon, Apple Rally On Earnings",0.612,0.208,0.792,0.0
18,Microsoft Scores With US Army Googles Amid Odds: Bloomberg,0.979,0.142,0.841,0.017
19,"From Apple to Microsoft, Big Tech Results Spotlight Breadth of Economic Upheaval",0.0,0.0,1.0,0.0
20,"Amazon, Apple Poised to Add $220 Billion After Resilient Results",0.178,0.112,0.783,0.105
21,Italy's Nexi sticks to 2022 guidance after core profit jumps 20.5%,0.949,0.082,0.91,0.008
22,Could IBM Become the Next Microsoft?,0.0,0.0,1.0,0.0
23,The reason bitcoin is leading this week's Fed rally: Morning Brief,0.888,0.061,0.896,0.043
24,"Apple, Alphabet Earnings Fuel Megacap Stock Recovery",0.996,0.124,0.796,0.08
25,Nasdaq Bear Market: 1 Big-Tech Growth Stock to Buy Hand Over Fist,0.053,0.05,0.95,0.0
26,Stock Gains for Apple and Amazon Lift All of Big Tech,0.649,0.259,0.741,0.0
