﻿,Titles,Polarity,Positive,Neutral,Negative
0,What to Watch Out for During the Christmas-Shortened Week,0.994,0.104,0.862,0.034
1,Microsoft employees were among Sawant's biggest backers during recall effort,0.691,0.186,0.775,0.039
2,Dow Jones Futures: Is The Stock Market Rally Over? What To Do Now,-0.44,0.0,0.879,0.121
3,10 High Dividend Stocks to Buy According to Billionaire Lee Cooperman,0.999,0.12,0.875,0.004
4,7 Hyper-Growth Software Stocks Up to 50% Off,1.0,0.143,0.823,0.034
5,Apple’s Rocky Road to a $3 Trillion Market Capitalization,0.973,0.057,0.926,0.017
6,Oracle follows Microsoft into healthcare push with Cerner — is Salesforce next?,0.0,0.0,1.0,0.0
7,Market check: Mega caps decline amid broad market sell-off,0.0,0.0,1.0,0.0
8,How Would Microsoft Perform During a Recession?,-0.718,0.052,0.823,0.124
9,Al Gore’s Generation Investment Portfolio: Top 10 Stock Picks,1.0,0.116,0.871,0.013
10,Russian With Kremlin Ties Charged With Hacking for Inside Trades,0.202,0.064,0.872,0.064
11,"Microsoft, Tesla Fuel ESG Gains for 32-Year-Old Fidelity Fund",0.985,0.109,0.841,0.05
12,"Market check: Stocks open lower, yield curve steepens, oil under pressure",-0.296,0.0,0.896,0.104
13,Oracle to Buy Cerner for $28.3 Billion in Bold Move on Health,0.999,0.144,0.833,0.023
14,"Market check: Stocks sink on stimulus blow, Omicron concerns",0.0,0.0,1.0,0.0
15,"Dow Jones Dives 600 Points As Omicron Fears Rise; Moderna Jumps, But Apple, Nvidia, Tesla Drop",-0.422,0.0,0.865,0.135
16,"Dow Jones Dives As Omicron Fears Rise; Moderna Jumps, But Apple, Nvidia, Tesla Drop",-0.422,0.0,0.865,0.135
17,Here's Why Oracle (ORCL) Could be Targeting Cerner Corp,0.999,0.155,0.838,0.007
18,Microsoft In The Spotlight After Tom Brady Throws A Surface Pro,0.112,0.06,0.858,0.082
19,"Dow Jones Futures Sell Off As Omicron Fears Rise; Moderna Jumps, But Apple, Nvidia, Tesla Set To Fall",-0.226,0.0,0.913,0.087
20,Zoom Gains as Omicron Fears Rekindle Interest in Covid-Winner,0.735,0.082,0.861,0.056
21,Dow Jones Futures Tumble In Dangerous Whipsaw Rally As Omicron Fears Swell; Tesla Rival Nio Touts Big Ambitions,-0.273,0.087,0.769,0.144
22,Is the Omicron variant already hurting the economy?: Morning Brief,0.994,0.059,0.918,0.023
23,Cerner Gains as Oracle Snaps up Medical Records Firm for Over $28 Billion,0.977,0.111,0.87,0.019
24,"Moderna, AT&amp;T Rise Premarket; United Airlines, Tesla, Exxon Mobil Fall",-0.296,0.052,0.896,0.052
25,"China Ordered Amazon to Delete Reviews of Xi Jinping’s Book, Reuters Says",-0.402,0.062,0.883,0.055
26,Dow Jones Futures Fall In Dangerous Whipsaw Rally As Omicron Fears Swell; Tesla Rival Nio Touts Big Ambitions,-0.273,0.087,0.769,0.144
