﻿,Titles,Polarity,Positive,Neutral,Negative
0,Dow Jones Falls As Biden Touts This Tax Hike; Tesla Soars Despite Covid Shutdown; AMC Stock Explodes,0.0,0.0,1.0,0.0
1,"Dow Jones Dips 200 Points, But Walmart, Microsoft Rise; Apple Stock Probes New Buy Point, Bitcoin Jumps 6%",-0.153,0.0,0.909,0.091
2,Alphabet (GOOGL) Updates Gmail With Pause Notification Feature,0.998,0.16,0.833,0.007
3,10 Hong Kong Dividend Stocks to Buy Now,-0.65,0.075,0.845,0.081
4,EU's Vestager says no antitrust concerns yet about cloud computing,-0.852,0.051,0.874,0.075
5,"Market check: Tech stocks gain, AMC stock rises, oil retreats",0.0,0.0,1.0,0.0
6,Amazon Stock Rally Picks Up to Erase Losses for the Year,0.971,0.116,0.82,0.064
7,Is Microsoft (MSFT) A Smart Long-Term Buy?,0.992,0.118,0.882,0.0
8,How Google and other Big Tech stocks may be impacted by the Russia-Ukraine war,-0.459,0.056,0.833,0.11
9,Netflix Shares Reel on Loss of Status as Pandemic Darling,0.988,0.119,0.801,0.08
10,Nintendo Stock: Bear vs. Bull,0.477,0.076,0.924,0.0
11,Microsoft Security Chief Issues Call to Arms to Protect Metaverse,0.991,0.133,0.804,0.064
12,The Future of Roblox Stock Is Unclear,0.994,0.11,0.848,0.042
