﻿,Titles,Polarity,Positive,Neutral,Negative
0,"Inflation: 'Investors are pricing in a less hawkish Fed', strategist says",0.599,0.114,0.886,0.0
1,These 10 Stocks are Gaining After Announcing Share Buybacks,0.999,0.117,0.872,0.011
2,"Microsoft Army-Goggle Concerns Remain, Senate Funding Panel Says",-0.869,0.07,0.849,0.081
3,Microsoft Earnings: What Happened with MSFT,0.103,0.114,0.789,0.096
4,"Stocks slip, bitcoin rallies following GDP reading",0.0,0.0,1.0,0.0
5,Top 8 Stock Picks of Jeff Ubben’s Inclusive Capital,0.999,0.091,0.901,0.008
6,"US Economy Shrinks for a Second Quarter, Fueling Recession Fears",-0.888,0.07,0.853,0.077
7,Amazon set to report earnings amid recession fears,0.882,0.076,0.886,0.038
8,10 Stocks to Buy According to William Von Mueffling’s Cantillon Capital Management,1.0,0.132,0.853,0.015
9,Dow Jones Futures Fall On 'Day 2' After Market Rallies Strongly On Powell Hints Of Slower Fed Rate Hikes,0.273,0.1,0.9,0.0
10,Microsoft For Startups Lists Seven Keys For Building A Successful Startup,0.999,0.205,0.778,0.017
11,"Dow Jones Futures Fall: Market Rallies Strongly As Powell Hints At Slower Fed Rate Hikes, But Watch Out For 'Day 2'",0.273,0.1,0.9,0.0
12,Apple Stock Surge Raises Stakes as Earnings Loom,0.979,0.102,0.826,0.072
13,Microsoft's chief environmental officer leaves for private equity firm,0.0,0.0,1.0,0.0
14,Samsung’s Profit Misses as Recession Claims Latest Tech Casualty,0.382,0.086,0.822,0.092
15,"Google, Microsoft Find Strength in the Cloud Computing Business",-0.077,0.0,0.951,0.049
