﻿,Titles,Polarity,Positive,Neutral,Negative
0,"Markets end the day with stocks in the green, commodity prices down",-0.572,0.0,0.907,0.093
1,"SEC, DOJ investigating Activision investment, Elon Musk scraps SEC deal",0.0,0.0,1.0,0.0
2,U.S. Stocks Keep Global Rally Going as Dip Buyers Shed War Fears,0.929,0.086,0.862,0.052
3,Market check: S&amp;P 500 on track for best day since May 2020,0.542,0.134,0.866,0.0
4,3 Cathie Wood Stocks to Buy,0.997,0.114,0.848,0.039
5,Is Clover Stock a Buy Right Now? Its 160% Revenue Growth Says Yes.,0.999,0.157,0.804,0.039
6,3 Top Cybersecurity Stocks to Buy in March,0.727,0.162,0.8,0.038
7,"Rivian Earnings, Oracle Profit, Price Index: 3 Things to Watch",0.887,0.087,0.872,0.041
8,Microsoft’s Return Puts Focus on Workers Who Are Skipping the Office,0.952,0.074,0.874,0.053
9,Alphabet (GOOGL) Ramps Up Cybersecurity Efforts Via Mandiant,0.998,0.189,0.787,0.024
10,"Adaptive Biotechnologies To Lay Off ~12% Of Its Workforce, Names Tycho Peterson As CFO",0.985,0.147,0.824,0.029
11,Feds probe trades by entertainment titans ahead of Microsoft-Activision deal,0.832,0.192,0.808,0.0
12,"The Zacks Analyst Blog Highlights Microsoft, Amazon.com, NVIDIA, AbbVie and HSBC Holdings",0.999,0.146,0.834,0.019
13,10 Best Vanguard ETFs to Invest In,1.0,0.182,0.798,0.02
14,"The subtle, but major shift coming to AR and VR technology",0.382,0.12,0.88,0.0
15,Microsoft CFO Stressed On The Importance Of Windows: CNBC,0.994,0.223,0.746,0.031
16,Tech Bargains Lure Buyers After Slump Toward Bear Market,0.993,0.121,0.836,0.043
17,3 Dividend-Paying Tech Stocks to Buy in March,0.836,0.162,0.816,0.022
18,These 2 Nasdaq Stocks Could Carry Your Portfolio for Years,0.527,0.216,0.784,0.0
19,"Stocks Surge, Oil Eases, Feds Probe Microsoft/Activision Options Trades, Bumble, Stitch Fix - Five Things To Know",0.691,0.16,0.799,0.041
20,Feds Investigate Options Trades Ahead of Microsoft-Activision Deal: Report,0.296,0.151,0.757,0.092
21,MongoDB Surges on Projecting Strong Demand from Developers,0.982,0.121,0.853,0.026
22,U.S. Probes Diller’s Bets on Activision Before Microsoft Deal,0.91,0.082,0.87,0.048
23,UPDATE 1-U.S. probes options trade gained on Microsoft-Activision deal - WSJ,0.918,0.074,0.903,0.023
24,U.S. probes options trade gained on Microsoft-Activision deal - WSJ,0.918,0.077,0.899,0.024
25,U.S. Probes Options Trade That Gained on Microsoft-Activision Deal,0.0,0.0,1.0,0.0
26,"U.S. Probes Trade by Barry Diller, David Geffen Before Big Merger",0.0,0.0,1.0,0.0
