﻿,Titles,Polarity,Positive,Neutral,Negative
0,"HP beats expectations, CEO doesn't see 'major slowdown' in economy",0.953,0.073,0.913,0.014
1,"Market check: Stocks turn lower, Treasury yields rise in choppy session",0.957,0.093,0.861,0.046
2,Billionaire Andreas Halvorsen’s Viking Global Portfolio: 10 New Stock Picks,1.0,0.145,0.831,0.024
3,Microsoft and the Knight Center for Journalism in the Americas Launch Digital Storytelling Online Course for the Next Generation of Latinx Journalists,0.996,0.113,0.884,0.003
4,Here's Why JPMorgan Sees Meta As Broadcom's Next Billion-Dollar Customer,0.941,0.086,0.882,0.032
5,S&amp;P 500 Off Lows as Consumer Stocks Shine,0.511,0.101,0.812,0.087
6,"Market check: Energy stocks outperform, AMC stock rises",0.0,0.0,1.0,0.0
7,Yale University 2022 Portfolio: 8 Best Investment Ideas,1.0,0.122,0.863,0.015
8,Nokia (NOK) and Microsoft Partner to Enhance Industry Output,0.994,0.119,0.873,0.008
9,"Down 23%, Should Investors Pounce on Microsoft Today?",0.273,0.179,0.722,0.099
10,6 Dow Jones Stocks That the Bigwigs Are Buying,0.997,0.089,0.892,0.019
11,These Investors Say Nasdaq’s Bear Market Has Legs,0.981,0.114,0.81,0.077
