﻿,Titles,Polarity,Positive,Neutral,Negative
0,Famed Investor Druckenmiller Dumps Amazon,0.0,0.0,1.0,0.0
1,The 7 Most Undervalued Long-Term Stocks to Buy Now,0.999,0.101,0.854,0.045
2,The Story of the Greatest Mom and Pop Investor Ever,0.997,0.124,0.833,0.042
3,"IBM Spinoff Kyndryl Is Betting on Amazon, Microsoft, and Google for Growth",0.97,0.096,0.862,0.042
4,Where is value in the metaverse? Experts detail promises and risks,0.962,0.082,0.862,0.056
5,Activision Blizzard accused of trying to stop workers communicating about pay and working conditions,-0.99,0.044,0.84,0.116
6,Brief Recession or Complete Economic Collapse? What These Wall Street Veterans Think,0.997,0.139,0.806,0.056
7,Special Olympics and Microsoft Level Up for 2022 Gaming for Inclusion,1.0,0.205,0.794,0.002
8,"Datadog (DDOG) Expands Monitoring to Microsoft SQL, Azure",0.997,0.129,0.865,0.006
9,Can the Videogame Industry Bounce Back From Its Recent Lows?,0.997,0.104,0.869,0.027
10,Global Water Crisis Prompts Action by Institutional Investors,-0.844,0.096,0.712,0.192
