﻿,Titles,Polarity,Positive,Neutral,Negative
0,Stocks Close Higher After S&amp;P 500 Hits New High; These Tech Stocks Trade In Buy Zones,0.0,0.0,1.0,0.0
1,"Biden's Tax Plan: What It Means For Amazon, Google, Facebook, Apple, Microsoft",0.178,0.082,0.918,0.0
2,How Jeff Bezos Became the World's Richest Man,0.296,0.136,0.864,0.0
3,Is Shopify Stock A Buy As New Chart Pattern Forms?,0.103,0.186,0.676,0.139
4,"Dow Jones Rallies, Nasdaq Leads, As Powell Warns Of This Risk; Apple Makes Bullish Move",-0.213,0.06,0.848,0.092
5,15 Biggest Companies That Use Shopify,0.999,0.102,0.892,0.005
6,Dow Jones Slips On Jobless Claims; Nasdaq Rallies With Powell Speech Due; Apple Spikes Again,-0.691,0.0,0.801,0.199
7,How impact-first investing can drive social change,0.0,0.0,1.0,0.0
8,Dow Jones Today Dips; Nasdaq Rallies Following Weak Jobless Data; Apple Aims For 6th Advance,0.0,0.0,1.0,0.0
9,"Dow Jones Today Dips, Nasdaq Futures Hold Gains As Jobless Claims Rise; Apple Climbs Despite Chip Shortage News",0.0,0.0,1.0,0.0
10,3 Top Tech Stocks to Buy During a Recession,-0.535,0.069,0.796,0.135
11,ValueLicensing Slaps £270M Lawsuit Against Microsoft For Influencing Second-Hand Software Market: FT,0.872,0.099,0.839,0.062
12,Apple Discloses Counterattack Plans Ahead Of Epic Games Trial: Report,0.713,0.093,0.838,0.069
13,"The Zacks Analyst Blog Highlights: Amazon, Apple, Google, Microsoft and NVIDIA",0.999,0.113,0.875,0.013
14,What Microsoft's New $22 Billion Government Contract Means for Its Stock,0.671,0.075,0.925,0.0
15,4 Blue-Chip Stocks to Buy as the Dow Gathers Pace in 2021,0.999,0.139,0.851,0.01
16,"Dow Jones Futures: Apple, Tech Titans Lead Stock Market Rally; Tesla At Key Levels",0.402,0.093,0.907,0.0
17,Influencers with Andy Serwer: Gerald Chertavian,1.0,0.175,0.804,0.021
18,Corporations ‘increased’ interest in hiring diverse candidates after killing of George Floyd: Year Up CEO,0.0,0.0,1.0,0.0
19,Influencers with Andy Serwer: Gerald Chertavian,0.671,0.139,0.861,0.0
20,Should firms be more worried about firmware cyber-attacks?,-0.997,0.054,0.836,0.11
21,UK software reseller sues Microsoft for £270m,0.572,0.085,0.854,0.061
