﻿,Titles,Polarity,Positive,Neutral,Negative
0,"Dow Jones Futures Fall Amid Apple, Microsoft, Google, AMD Earnings; Fed Meeting To Drive Market Rally After Leaders Slump",0.0,0.0,1.0,0.0
1,Asian Stocks Down as Chinese Crackdown Impact Continues,0.979,0.099,0.86,0.042
2,Microsoft stock turns around after projecting continued strong growth on heels of record-breaking year,0.44,0.079,0.921,0.0
3,"Earnings Beats for Apple, Alphabet, Microsoft; Only GOOGL Up",0.999,0.145,0.829,0.026
4,Alphabet Earnings: What Happened with GOOGL,0.0,0.0,1.0,0.0
5,AMD’s Earnings Were Great. The Stock Is Edging Up.,0.765,0.309,0.691,0.0
6,These 2 Blue-Chip Stocks Could Send Markets Lower Wednesday Morning,-0.006,0.132,0.735,0.133
7,Microsoft Earnings: What Happened with MSFT,0.0,0.0,1.0,0.0
8,Analyst breaks down Microsoft's Q3 earnings beat,0.997,0.128,0.851,0.021
9,"Dow Jones Futures: Apple, Microsoft, Google, AMD Earnings, Fed Meeting To Drive Market Rally After Leaders Slump",0.0,0.0,1.0,0.0
10,Alphabet Beats Analysts’ Estimates on Rebound of Digital Ads,0.99,0.095,0.885,0.02
11,Here's Why Appian Stock Sank Today,0.262,0.057,0.918,0.025
12,Microsoft (MSFT) Q4 Earnings and Revenues Top Estimates,0.994,0.1,0.893,0.006
13,"Robust Earnings, Revenue Numbers from Alphabet, Apple, Microsoft After-Bell Fail to Turn NASDAQ Futures Green",0.948,0.062,0.922,0.017
14,"Microsoft Sales, Profit Gain; Shares Drop on Azure Concern",0.994,0.129,0.821,0.05
15,Microsoft Stock Is Falling Despite Strong Earnings,0.422,0.118,0.882,0.0
16,"Microsoft Beats June-Quarter Sales, Earnings Targets",0.0,0.0,1.0,0.0
17,Microsoft tops $60 billion in annual earnings for the first time to cap another record-breaking year,0.44,0.079,0.921,0.0
18,"Nasdaq Composite books worst selling in 2 1/2 months ahead of results from tech giants Apple, Microsoft and Alphabet",-0.813,0.0,0.906,0.094
19,"Dow Jones Falls Below 35,000 on Boeing and Tech Stock Sell-Offs, Delta Variant Worries",0.202,0.096,0.904,0.0
20,Dow Jones Falls As CDC Reverses Mask Policy; Apple Earnings Due; Tesla Falls As UPS Stock Dives,0.361,0.094,0.906,0.0
21,Tech-heavy ETFs in focus as Big Tech companies report earnings this week,0.0,0.0,1.0,0.0
22,"US STOCKS-Wall St drops as caution rises before big tech earnings, Fed",-0.593,0.053,0.891,0.057
23,Microsoft Tops Estimates on Cloud Services Growth,0.915,0.163,0.837,0.0
24,US STOCKS-Nasdaq set for worst day in 2 months before big tech earnings,0.332,0.075,0.859,0.066
25,"Dow Jones Drops Ahead Of Apple, Microsoft Results; Growth Stocks Move On Earnings",0.0,0.0,1.0,0.0
26,"Dow Jones Falls, Tech Stocks Dive As Tesla Slides On Earnings; Apple Sells Off Before Earnings",0.0,0.0,1.0,0.0
27,"UPDATE 1-Kazakhstan blocks LinkedIn over alleged fake accounts, gambling ads",-0.856,0.085,0.794,0.122
28,Dow Jones Falls As Tesla Slides On Earnings; Apple Sells Off Before Earnings,0.0,0.0,1.0,0.0
29,"Alphabet, Microsoft, and Apple earnings — what to expect",0.103,0.055,0.945,0.0
30,"Mega-Cap Mania: Apple, Alphabet, Microsoft Earnings All Ahead After Close Today",0.998,0.11,0.832,0.058
31,Racing Towards The World's First Electric Pickup,0.973,0.068,0.903,0.029
32,"Dow falls 200 points, index at risk of snapping 5-day win streak as stock-market investors ready for Apple, Microsoft results",0.66,0.075,0.892,0.033
33,US STOCKS-Wall Street set for muted open ahead of big tech earnings,0.974,0.084,0.89,0.026
34,Microsoft Is Making a Fast-Turning Reversal Pattern to the Downside,0.625,0.138,0.813,0.048
35,"Here's Who Wins In Apple, Microsoft, Amazon, Alphabet Profit Clash",0.44,0.112,0.888,0.0
36,"Kazakhstan blocks LinkedIn over alleged fake accounts, gambling ads",-0.967,0.018,0.828,0.154
37,"HOLD-Kazakhstan blocks LinkedIn over alleged fake accounts, gambling ads",-0.967,0.018,0.826,0.156
38,Facebook Wants to Dominate Virtual Reality,0.846,0.189,0.78,0.031
39,"US STOCKS-Futures dip ahead of Fed meeting, big tech earnings",0.834,0.059,0.914,0.026
40,"China Markets Panic, Tesla Beats, Coffee Soars, Apple Due - What's Moving Markets",0.013,0.061,0.874,0.065
41,Microsoft Could Hit New All-Time High on Strong Q4 Earnings; Target Price $308,0.994,0.112,0.869,0.019
42,5 Pandemic Earnings All-Stars to Watch,0.997,0.159,0.824,0.017
43,"Dow Jones Futures Fall As Tesla Earnings Beat, While Apple Leads 4 Tech Giants Set To Report",0.0,0.0,1.0,0.0
