﻿,Titles,Polarity,Positive,Neutral,Negative
0,Microsoft’s Smith Says Secret Subpoenas Hurt U.S. Tech Companies,0.984,0.073,0.902,0.025
1,Dow Jones Futures: Nasdaq On Cusp Of Record Highs As Bitcoin Surges On Elon Musk Tweet; Apple Leads 5 Stocks Near Buy Points,0.0,0.0,1.0,0.0
2,"Microsoft, Ubisoft, Square Enix Showcase Latest Game Offerings At E3 Online Gaming Event: Report",0.866,0.053,0.915,0.033
3,"Dow Jones Slips As Tech Stocks Surge; Apple Stock, Microsoft Gain; AMC Stock Pops",0.44,0.145,0.855,0.0
4,Bank of America More Than Doubles Cybersecurity Spending To Over $1B Per Year: CNBC,-0.881,0.069,0.817,0.114
5,US Supreme Court Bars hiQ From Collecting LinkedIn Public Data Over Privacy Concerns: Reuters,-0.823,0.074,0.829,0.096
6,KTL Solutions Customer Becomes First Authorized C3PAO,0.995,0.189,0.803,0.008
7,"Dow Jones Slips As Tech Stocks Surge; Apple Stock, Microsoft Gain; AMC Stock Pops",0.44,0.145,0.855,0.0
8,The E3 Videogame Show’s Top Announcements So Far,0.34,0.116,0.884,0.0
9,Microsoft Stock Nears Buy Point Ahead Of Windows 11 Reveal,0.0,0.0,1.0,0.0
10,Snap Stock Puts Buy Zone In Focus With Next-Generation Spectacles,0.361,0.143,0.857,0.0
11,10 Best SaaS Stocks to Buy and Hold for Long-Term Profits,1.0,0.152,0.831,0.017
12,Corsair rockets up 30% in early trading as Wall Street Bets finds its latest meme stock,0.993,0.103,0.871,0.025
13,Can AMD Help Microsoft Beat Sony PS5's Scorching Sales?,-0.187,0.106,0.774,0.12
14,3 Enterprise Communications Stocks in Focus as Hybrid Work Revs Up,0.999,0.132,0.852,0.016
15,UPDATE 1-U.S. Supreme Court revives LinkedIn bid to shield personal data,-0.915,0.063,0.847,0.091
16,10 Best Dividend Stocks to Buy According to Billionaire Louis Bacon,1.0,0.091,0.89,0.019
17,"Google Intensifies Microsoft, Zoom, Slack Competition Via Workspace Suite Beef Up: Bloomberg",0.866,0.045,0.945,0.01
18,Microsoft (MSFT) to Bring 27 New Titles to Xbox Game Pass,0.998,0.146,0.839,0.015
19,Qualcomm Expresses Stake Acquisition Intent In Arm If Regulators Block Nvidia Deal: CNBC,0.945,0.077,0.912,0.011
20,Dow Jones Futures Eye Fed Meeting: Apple Vs. Microsoft Vs. Google; How To Be A Big Stock Market Winner,0.675,0.279,0.58,0.14
21,"The Zacks Analyst Blog Highlights: Microsoft, Nike, Novo Nordisk, Caterpillar and General Electric",0.998,0.127,0.848,0.026
22,Dow Jones Futures Rise As Fed Looms: Apple Vs. Microsoft Vs. Google; How To Be A Big Stock Market Winner,0.675,0.279,0.58,0.14
23,What to Watch at Nintendo's E3 Presentation,0.0,0.0,1.0,0.0
24,3 Top Cloud Computing Stocks to Buy Right Now,0.718,0.133,0.867,0.0
25,Should Invesco Dividend Achievers ETF (PFM) Be on Your Investing Radar?,0.999,0.163,0.806,0.032
26,"Google Revamps Workspace to Rival Microsoft, Embrace Remote Work",0.991,0.086,0.91,0.004
27,This Is Hands Down the Safest Robinhood Stock You Can Buy Right Now,0.916,0.244,0.756,0.0
28,"‘Like Taxing Horseshoes’: Landlines Wane, Sap U.S. Broadband Aid",0.952,0.079,0.861,0.06
29,Dow Jones Futures Edge Higher: Apple Vs. Microsoft Vs. Google; How To Be A Big Stock Market Winner,0.675,0.279,0.58,0.14
