﻿,Titles,Polarity,Positive,Neutral,Negative
0,Microsoft Eases Restrictions On Windows 11: CNBC,0.772,0.073,0.887,0.04
1,"Consider QuantumScape for High Risks, High Returns",0.997,0.115,0.855,0.03
2,Microsoft Warns Cloud Customers of System Flaw. What to Know,-0.226,0.06,0.873,0.067
3,10 Best Stocks to Buy if ESG Investing Is Your Thing,1.0,0.115,0.854,0.032
4,"Accenture (ACN), Microsoft, Duke Team Up For Methane Sensing",0.996,0.195,0.805,0.0
5,10 Stocks to Buy Today According to British Billionaire David Harding,0.999,0.089,0.9,0.011
6,5 Best Tech Stocks To Buy Or Watch Now: Bill.com Explodes Higher On Earnings,0.904,0.379,0.621,0.0
7,Billie Jean King: Athletes must ‘have discipline’ on social media,0.0,0.0,1.0,0.0
8,Is This the Time for Cyber Security ETFs?,0.996,0.131,0.837,0.032
9,3 Growth Stocks Near Record Highs That Are Still Worth Buying,0.823,0.215,0.785,0.0
10,3 Stocks You Can Buy and Hold Forever,0.077,0.061,0.939,0.0
11,"Tech Stocks' Big Gap: Apple, Microsoft Google",0.178,0.078,0.922,0.0
12,Is Microsoft (MSFT) A Good Stock To Buy Now?,0.998,0.158,0.827,0.015
13,Microsoft warns cloud customers of flaw that may have exposed databases: report,-0.34,0.0,0.848,0.152
14,"Microsoft Cloud Databases Vulnerable for Years, Researchers Say",-0.451,0.045,0.894,0.06
