﻿,Titles,Polarity,Positive,Neutral,Negative
0,Patient Investors Should See Significant Growth in International Business Machines,0.998,0.114,0.875,0.011
1,S&amp;P 500 Stumbles as Bets on Diplomatic Path to Russia-Ukraine Crisis Fade,0.993,0.121,0.838,0.041
2,Want to Get Richer? 5 Best Stocks to Buy Now and Hold Forever,0.923,0.17,0.81,0.02
3,9 Stocks to Buy According to Billionaire Andreas Halvorsen’s Viking Global,1.0,0.152,0.841,0.007
4,3 Stocks to Invest in Virtual Reality,0.44,0.153,0.847,0.0
5,Want to Double Your Money? Buy Palantir Stock on the Dip,0.999,0.163,0.805,0.032
6,China Crackdown Risk Roars Back With Probe of Jack Ma’s Empire,0.975,0.076,0.868,0.056
7,Top 10 Stock Picks of Anand Parekh’s Alyeska Investment Group,0.998,0.099,0.887,0.014
