﻿,Titles,Polarity,Positive,Neutral,Negative
0,Snowflake Falls on Slower Product Sales Growth Forecast,0.98,0.099,0.879,0.022
1,Stock Market Today: Growth Stocks Gashed,0.984,0.08,0.891,0.03
2,Dow Jones Rallies Despite Jobs Data As Boeing Soars; Bears Swipe Growth Stocks,0.202,0.172,0.682,0.146
3,John Rogers’ Top 10 Stock Picks,1.0,0.138,0.84,0.022
4,Zynga Stock Has Made a Big Rebound. Now the Company Is Going Beyond Mobile Games.,0.671,0.234,0.766,0.0
5,Microsoft Allege Email Software Server Hack By Chinese Hackers: Reuters,-0.927,0.05,0.868,0.082
