﻿,Titles,Polarity,Positive,Neutral,Negative
0,Microsoft CEO Satya Nadella leads investment to launch US pro cricket league,0.279,0.075,0.882,0.042
1,Microsoft to serve as founding sponsor of Carnegie Mellon University's CyLab’s Future Enterprise Security Initiative,0.612,0.104,0.896,0.0
2,Satya Nadella receives the 2022 Blake Nordstrom Humanitarian Award,0.542,0.115,0.885,0.0
3,What to expect at the 2022 Davos World Economic Forum,0.0,0.0,1.0,0.0
4,Senators Seek FTC Probe of IRS Provider ID.me Selfie Technology,-0.97,0.055,0.871,0.073
5,Dow Jones Sells Off As Target Plunges 25% On Earnings,-0.44,0.0,0.847,0.153
6,"The Zacks Analyst Blog Highlights Microsoft, Micron Technology, UBS, Illinois Tool Works, and Enterprise Products",0.997,0.115,0.85,0.034
7,Dow Jones Futures Sell Off As Target Plunges 25% On Earnings,-0.128,0.095,0.791,0.115
8,10 Best Stocks to Buy Now According to Tom Gayner’s Markel Gayner Asset Management,0.999,0.11,0.866,0.024
9,"The Zacks Analyst Blog Highlights Nintendo, Sony Group, Microsoft, Activision Blizzard, and Electronic Arts",0.998,0.116,0.842,0.042
10,Dow Jones Futures Fall After Stock Market Surge; Target Plunges 23% On Earnings,-0.128,0.095,0.791,0.115
11,American Airlines and Microsoft partnership takes flight to create a smoother travel experience for customers and better technology tools for team members,0.997,0.098,0.885,0.017
12,Microsoft relaxes cloud terms to avoid full EU antitrust probe,-0.202,0.06,0.86,0.08
13,"Zacks Investment Ideas feature highlights: Microsoft, Apple, and Nvidia",0.999,0.128,0.84,0.032
14,1 Growth Stock Down 25% to Buy Hand Over Fist on the Dip,0.557,0.209,0.714,0.077
15,Microsoft Makes Amends Post European Commission's Antitrust Complaints,0.985,0.173,0.798,0.029
16,Software Stocks Pummeled Even Harder Than Rest of Tech Market,-0.253,0.11,0.781,0.11
17,"Stylus Wars 2022: Apple Pencil, Surface Pen and Samsung S Pen Reviewed",0.637,0.089,0.911,0.0
18,UPDATE 1-Microsoft announces changes after cloud computing complaints,0.212,0.055,0.903,0.042
19,Microsoft announces changes after cloud computing complaints,0.212,0.056,0.901,0.043
20,Microsoft Begins Cloud Concessions After Rivals Complain to EU,-0.13,0.07,0.857,0.074
21,Saudi Arabia’s PIF Adds to Games Push With 5% Nintendo Stake,-0.73,0.064,0.86,0.076
