﻿,Titles,Polarity,Positive,Neutral,Negative
0,"Stock market ends the week mixed, energy and tech outperform",0.0,0.0,1.0,0.0
1,Microsoft Says It Won't Stop Activision Staff's Union Efforts. Are You Convinced?,-0.923,0.033,0.819,0.148
2,"Microsoft opts out of incentives for Morrisville, Charlotte expansions",0.361,0.152,0.848,0.0
3,S&amp;P 500 in Second Weekly Win as Dip Buyers Emerge Late Into Close,0.262,0.069,0.881,0.05
4,Sony to Unveil PlayStation Subscription as Soon as Next Week,-0.95,0.033,0.897,0.071
5,"EU tech regulation: U.S. giants would ‘no longer function as economic toll bridges,’ expert says",0.296,0.051,0.949,0.0
6,Alphabet (GOOGL) Boosts Healthcare Efforts With Recent Plans,0.999,0.186,0.802,0.012
7,The Divergence Is Here — And Shopify Stock Is Your Next Triple-Digit Winner,0.999,0.151,0.782,0.067
8,"IGT Holding III AB -- Moody's changes IFS' outlook to stable from negative, affirms B2 ratings",0.999,0.098,0.86,0.042
9,Better Metaverse Stock: Nvidia vs. AMD,0.836,0.089,0.896,0.016
