﻿,Titles,Polarity,Positive,Neutral,Negative
0,Activision Blizzard stock rises amid mixed earnings beat,0.0,0.0,1.0,0.0
1,The Dollar Has Been a Problem for Stocks. Now It Could Boost Them.,0.743,0.156,0.801,0.043
2,Activision Blizzard Revenue Falls on Weak Call of Duty Release,-0.958,0.063,0.847,0.089
3,Activision Blizzard reports higher-than-expected sales as Microsoft close awaited,0.077,0.142,0.761,0.097
4,Activision Blizzard beats revenue expectations despite gaming industry slowdown,0.984,0.076,0.894,0.03
5,The Industry Handbook: Software Industry,0.0,0.0,1.0,0.0
6,Stock Market Today: Dow Starts August in Red as Global Growth Fears Bite,0.747,0.143,0.733,0.124
7,Video Game Consoles Are Somehow Spared From Inflation in Japan,-0.7,0.07,0.852,0.078
8,10 Best 3D Printing Stocks To Buy Now,0.998,0.093,0.887,0.02
9,S&amp;P Stutters as Global Growth Concerns Dent Recent Optimism,-0.248,0.114,0.776,0.11
10,"Apple Starts Four-Part Bond Sale to Fund Buybacks, Dividends",0.962,0.087,0.877,0.036
11,Where Will Alphabet Stock Be in 1 Year?,0.0,0.099,0.803,0.099
12,Big Tech cloud revenue growth fades in Q2,0.165,0.112,0.797,0.091
13,"Stocks open lower, Tesla stock gains, wheat prices fall",0.0,0.0,1.0,0.0
14,10 Undervalued High Free Cash Flow Stocks to Buy Amid Recession,0.999,0.122,0.832,0.046
15,10 High Free Cash Flow Stocks to Buy in 2022,1.0,0.122,0.837,0.041
16,The Less Bad News About Netflix,0.856,0.282,0.657,0.061
17,Microsoft Corporation (MSFT) Is a Trending Stock: Facts to Know Before Betting on It,0.999,0.128,0.863,0.009
18,"Google, Apple Back Affirmative Action in Harvard Case",0.996,0.122,0.828,0.05
19,Google Shares Plans To Boost Productivity Amid Uncertainty; Does Not Rule Out Layoffs,0.99,0.166,0.795,0.039
20,2 Buffett Stocks to Buy More of in August,0.802,0.19,0.725,0.084
21,"Giant Pension Bought Apple Stock. It Sold Tesla, Microsoft and AT&amp;T.",0.097,0.12,0.778,0.102
22,"Brace Yourself for Another Deluge of Tech Earnings: Arista, EA, Uber, and More",-0.592,0.073,0.731,0.195
