﻿,Titles,Polarity,Positive,Neutral,Negative
0,Tech’s Endless Growth Machine Sputters as Investors Lose Faith,0.988,0.136,0.782,0.082
1,KeyBanc Sees Challenging Setup For Semiconductor Earnings,0.993,0.161,0.78,0.059
2,10 Biotech Stocks to Buy Today According to Kerr Neilson’s Platinum Asset Management,0.999,0.124,0.848,0.028
3,Is Meta the next tech stock to get routed like Netflix?,0.552,0.091,0.829,0.08
4,Apple Faces New In-Store Labor Drive as Union Amps Up Pressure,0.982,0.091,0.86,0.049
5,Why you shouldn’t expect to get a PlayStation 5 anytime soon,0.988,0.089,0.869,0.041
6,"Market check: Nasdaq turns red as Netflix, Tesla, Meta stocks drop",0.0,0.0,1.0,0.0
7,Thomas Steyer’s Farallon Capital is Buying These 10 Stocks,0.999,0.096,0.895,0.01
8,"Market check: Stocks open higher, Netflix stock craters, yields rise",0.69,0.053,0.915,0.032
9,Meta's (FB) WhatsApp Payment Service Suffers Setback In Brazil,0.994,0.085,0.892,0.024
10,10 Little-Known Stocks Billionaire Dan Loeb is Buying,1.0,0.127,0.86,0.013
11,Elon Musk’s Twitter Gambit Tees Up a Who’s In-or-Out White Knight List,0.994,0.113,0.827,0.06
12,Ukraine Ramps Up Cyber Defenses to Slow Surge in Attacks,-0.933,0.062,0.856,0.082
13,Google Shares Its African Product Development Center Debut Plans,0.973,0.131,0.86,0.009
14,8 Semiconductor Stocks on Sale as Intel Readies Mobileye IPO,0.999,0.109,0.884,0.007
