﻿,Titles,Polarity,Positive,Neutral,Negative
0,How “Cellware” Will Change Humanity,1.0,0.117,0.87,0.013
1,Dow Jones Up As Merck Rockets; Disney Gains On ScarJo Settlement; Biden Backs Infrastructure Vote Delay,0.382,0.11,0.89,0.0
2,Dow Jones Rallies As Merck Rockets On Covid Pill; Disney Gains On 'Black Widow' Settlement; Biden Makes Move,0.382,0.106,0.894,0.0
3,Dow Jones Up As Merck Rockets On Covid Pill; Disney Gains On ScarJo Settlement; Biden Makes Infrastructure Move,0.382,0.11,0.89,0.0
4,IonQ sets sights on new growth targets after going public,0.477,0.057,0.911,0.033
5,Accelerate Chicago aimed at tackling unemployment in the city with new opportunities for underserved communities,0.999,0.12,0.86,0.02
6,S&amp;P 500 Makes Strong Start to October as Merck Covid Pill Lifts Sentiment,0.973,0.091,0.866,0.043
7,Microsoft's (MSFT) Cloud Gaming Launched in Four Countries,0.997,0.127,0.869,0.004
8,S&amp;P 500 Renews Climb as Merck's Covid Pill Soothes Bulls,0.982,0.103,0.859,0.038
9,"The Zacks Analyst Blog Highlights: Salesforce, JPMorgan, Walmart, UnitedHealth and Microsoft",0.999,0.128,0.845,0.027
10,Alibaba Stock Is Finally a Looking Like a Buy After a Brutal Bashing,0.993,0.113,0.828,0.058
11,"In Tale of Two Tech Stocks, Nokia Pales in Comparison to Mapmaker Garmin",0.997,0.103,0.877,0.02
