﻿,Titles,Polarity,Positive,Neutral,Negative
0,"YouTube, Meta will expand policies, research to fight online extremism",-0.989,0.074,0.748,0.178
1,Alphabet (GOOGL) Enhances Google Photos With Recent Features,0.998,0.128,0.863,0.009
2,Dow Jones Futures: Stock Market Selling Resumes As This Bull Case Turns Bearish; FedEx Dives,0.0,0.0,1.0,0.0
3,10 Blue Chip Stocks to Buy According to Billionaire Steve Cohen,1.0,0.129,0.861,0.011
4,10 Blue Chip Dividend Stocks to Buy After the Market Selloff,0.996,0.06,0.93,0.01
5,12 Best New Tech Stocks to Buy Now,0.999,0.091,0.889,0.02
6,Microsoft’s $69 billion Activision deal faces in-depth U.K. investigation,0.077,0.076,0.856,0.067
7,Microsoft (MSFT) Expands Azure Space Connectivity Offerings,0.995,0.082,0.91,0.008
8,Stock Market Today: Dow Stumbles as Fears of Longer Hawkish Fed Policy Bite,0.565,0.064,0.885,0.051
9,Microsoft’s Activision Deal Draws Further Scrutiny From U.K. Watchdog,-0.542,0.0,0.837,0.163
10,"S&amp;P 500 Slips, Led by Tech, Energy on Fears Fed to Keep Rates Higher for Longer",0.934,0.076,0.887,0.037
11,"Electronic Arts will continue shining, and is set for strong growth, say analysts",0.273,0.1,0.9,0.0
12,3 Small-Cap Stocks With Superior Fundamentals,0.997,0.101,0.873,0.026
13,Dow Jones Reverses After Key Economic Data; 10-Year Treasury Yield Nears 11-Year High,0.202,0.083,0.917,0.0
14,10 Blue Chip Stocks to Buy According to Billionaire Jim Simons,0.999,0.102,0.879,0.019
15,Dow Jones Falls After Key Economic Data; 10-Year Treasury Yield Nears 11-Year High,0.202,0.079,0.921,0.0
16,Why This Top Advisor Is Still Buying Apple and Microsoft Stock,-0.178,0.11,0.736,0.153
17,These 3 Dow Stocks Are Set to Soar in 2022's Second Half and Beyond,-0.511,0.037,0.866,0.098
18,Dow Jones Futures Fall After Key Economic Data; 10-Year Treasury Yield Nears 11-Year High,0.202,0.087,0.913,0.0
19,Top 10 Stock Picks of John Hempton’s Bronte Capital,0.998,0.077,0.912,0.011
20,10 Stocks to Buy According to Peter Simmie’s Bristol Gate Capital Partners,1.0,0.123,0.873,0.004
21,Dow Jones Futures Rise After Key Economic Data; 10-Year Treasury Yield Nears 11-Year High,0.202,0.087,0.913,0.0
22,2 of the Best Growth Stocks to Buy Now and Hold for the Next Decade,0.977,0.299,0.701,0.0
23,Activision Stock Slips Lower As UK Watchdog Expands Probe Into $69 Billion Microsoft Takeover,0.0,0.0,1.0,0.0
24,How Silicon Valley's most powerful women are opening doors for the next generation,0.296,0.099,0.901,0.0
25,"Musk, Gates, and the late Steve Jobs all have this one personality trait in common",-0.322,0.046,0.9,0.054
26,UPDATE 2-UK watchdog wants deeper probe into Microsoft's $69-bln Activision deal,0.983,0.131,0.834,0.035
27,UK watchdog wants deeper probe into Microsoft's $69-billion Activision deal,0.983,0.134,0.83,0.036
28,3 Penny Stock Picks to Beat the September Market Slump,0.998,0.121,0.853,0.025
29,Deb Liu explains why she went from Facebook to Ancestry.com,0.296,0.128,0.872,0.0
30,Influencers with Andy Serwer: Deb Liu,0.202,0.043,0.957,0.0
31,Citi insists its new Málaga office isn’t a gimmick,0.382,0.133,0.867,0.0
