﻿,Titles,Polarity,Positive,Neutral,Negative
0,"Dow Jones Futures: Stock Market Rally Takes Bullish Ride; Tesla Breaks Out Before FSD Beta Launch; AMD, Snap, Microsoft, Google Also In Buy Zones",-0.422,0.0,0.896,0.104
1,Cathie Wood Knows Something About Zoom That You Don’t,0.999,0.137,0.834,0.028
2,Why 'Sarge' Guilfoyle Isn't Selling His Microsoft,0.802,0.132,0.835,0.033
3,"Roku, Microsoft Join Other Counterparts In Office Space Hunt: Bloomberg",-0.297,0.04,0.909,0.05
4,4 Stocks to Watch as the Gaming Space Continues to Boom,0.998,0.109,0.881,0.009
5,10 Stocks to Buy and Hold According to Bill Gates,1.0,0.104,0.873,0.023
6,"The Zacks Analyst Blog Highlights: Apple, Microsoft, NVIDIA, Danaher Corp and Costco",1.0,0.161,0.821,0.017
7,"NYC Tech Push Gains Steam With Microsoft, Roku in Hunt for Space",0.988,0.092,0.866,0.042
8,Oyo to Seek at Least $1.2 Billion in IPO After Comeback,0.951,0.082,0.874,0.044
9,"Beijing Denies Chinese Hackers Targeted Indian Agency, Media Group",-0.966,0.062,0.825,0.113
