﻿,Titles,Polarity,Positive,Neutral,Negative
0,Apple stock is significantly ‘overpriced:’ Portfolio manager,0.998,0.145,0.852,0.003
1,3 Top Bill Gates Stocks for Dividend Growth Investors,0.998,0.117,0.813,0.07
2,AT&amp;T Stock Is Still Recovering From the 5G Airplane Kerfuffle,0.975,0.076,0.883,0.042
3,Facebook Parent Meta Dodges Rate Tantrum That’s Roiling Tech Stocks,0.947,0.098,0.848,0.054
4,"The 10-year treasury yield 'is the story of the year' so far, strategist says",0.494,0.113,0.887,0.0
5,"Top Stock Reports for Microsoft, UnitedHealth &amp; Schwab",0.997,0.146,0.847,0.007
6,Apple’s Tim Cook Made $100 Million. He’s a Far Cry From Being the Wealthiest CEO.,0.34,0.107,0.893,0.0
7,"Market check: FAANG stocks on losing streak, meme stocks choppy, DWAC shares retreat",-0.772,0.0,0.85,0.15
8,DeskTop Metal Shares Are Still Off Limits to Buyers,0.989,0.103,0.857,0.04
9,Microsoft and Alphabet Are Set for Worst Week Since the Start of the Pandemic,-0.781,0.077,0.83,0.093
10,Top 10 Stock Picks of Girish Kumar’s TenCore Partners,0.999,0.096,0.883,0.021
11,"Dow Jones Falls, Treasury Yields Rise After Weak Jobs Report; Tesla Stock Reverses",-0.511,0.072,0.723,0.205
12,Simulations Plus (SLP) Q1 Earnings &amp; Revenues Beat Estimates,0.996,0.102,0.885,0.013
13,Box Refocuses on Hunt for Growth After Winning Starboard Fight,0.997,0.111,0.868,0.021
14,"Dow Jones Futures Fall, Treasury Yields Rise After Weak Jobs Report; Tesla Stock Looks To Rebound",-0.273,0.087,0.773,0.14
15,Apple’s Tim Cook Made Almost $100 Million. But He Did Deliver a $3 Trillion Valuation,0.34,0.098,0.902,0.0
16,The Nasdaq is quietly being shredded: new data,0.344,0.038,0.928,0.034
17,"Financials, Big Tech Stocks AMD, Apple, Nvidia Lead New Buys By The Best Mutual Funds",0.637,0.174,0.826,0.0
18,"Alphabet Stock May Look Pricey, But Only By Former Standards",0.936,0.077,0.865,0.058
19,2022 Faces to Watch: Google's Durham leader Kamala Subramaniam,-0.296,0.0,0.909,0.091
