﻿,Titles,Polarity,Positive,Neutral,Negative
0,Google’s Medical Chief Says Company Shifting Health Focus,0.99,0.099,0.871,0.03
1,10 Cloud Software Stocks with Strong Growth Potential,1.0,0.143,0.85,0.007
2,GameStop says it isn't just selling video games — it's also 'evolving' into a tech company,0.996,0.133,0.822,0.045
3,Microsoft Scraps Return-to-Office Plan as Delta Variant Rages,0.955,0.064,0.916,0.02
4,"Kroger Results, Producer Prices, Inventory: 3 Things to Watch",0.34,0.064,0.877,0.059
5,UPDATE 1-Microsoft delays office reopening date indefinitely in United States,0.653,0.066,0.905,0.029
6,Microsoft is rolling out a new Teams features to deal with the hybrid work explosion,0.995,0.083,0.906,0.01
7,Alphabet (GOOGL) &amp; Cisco Join Forces for Interoperations,0.998,0.145,0.854,0.002
8,"Taper Or Tarry: Will Delta, Inflation, And Employment Data Spur Fed Action Or Delay?",0.97,0.084,0.844,0.072
9,Climate Activist Hedge Fund Engine No. 1 Is Buying These Energy Stocks,0.999,0.108,0.862,0.03
10,Amazon's Luna cloud gaming service is getting big changes to take on Microsoft,0.999,0.162,0.815,0.023
11,"Dow Jones Futures: Dow Tests Key Support As Stimulus Fears Weigh On Market Rally; Lululemon, RH, GME Stock Are Earnings Movers",-0.422,0.0,0.843,0.157
12,United Nations’ Computers Breached by Hackers Earlier This Year,0.489,0.057,0.89,0.053
13,"Microsoft, SoftBank Backed OYO Collaborate For Travel Tech",0.893,0.086,0.902,0.012
14,GameStop Slumps as Q2 Update is Silent on Business Rejig,0.751,0.08,0.874,0.046
15,Microsoft Teams With SoftBank-Backed Oyo on AI-Driven Hotel Tech,0.987,0.129,0.858,0.013
