﻿,Titles,Polarity,Positive,Neutral,Negative
0,Microsoft Steps Up Push to Bring Virtual Reality to the Masses,0.999,0.102,0.891,0.007
1,Zoom has more than $4 billion in cash — here's how they may spend it,0.997,0.148,0.838,0.014
2,S&amp;P 500 Slips on Tech Tumble After Monday's Rally,0.905,0.076,0.865,0.06
3,"C3.ai (AI) Q3 Loss Narrows Year Over Year, Revenues Rise",0.986,0.089,0.882,0.03
4,1 Reason Why You Should Buy the Dip in AMD Stock,0.625,0.083,0.878,0.039
5,S&amp;P 500 Takes Breather Following Biggest One-Day Gain Since June,0.975,0.094,0.852,0.053
6,Microsoft-Backed Bukalapak Considers U.S. Listing Via SPAC,0.951,0.083,0.904,0.013
