﻿,Titles,Polarity,Positive,Neutral,Negative
0,US STOCKS-Nasdaq has biggest one-day jump since 2020 after Fed rate hike,0.99,0.107,0.86,0.033
1,Big Tech gets cloud cover,0.691,0.113,0.839,0.048
2,"Dow Jones Futures: Market Rallies Strongly As Powell Hints At Slower Fed Rate Hikes; Meta, Qualcomm Lead Earnings",0.273,0.104,0.896,0.0
3,"ServiceNow’s Profits Top Estimates, but Currency Effects Slow Near-Term Growth",0.238,0.03,0.97,0.0
4,Wall Street rallies after Fed chair suggests rate rises may slow,0.844,0.117,0.883,0.0
5,Dow Jones Surges; Powell Gives This Signal Amid Big Fed Rate Hike; Google Earnings Boosts These Stocks,0.691,0.241,0.759,0.0
6,Why Microsoft Stock Jumped Today,0.927,0.251,0.694,0.054
7,"US STOCKS-Nasdaq has biggest one-day jump since 2020 after Fed rate hike, Powell comments",0.979,0.092,0.879,0.03
8,"US STOCKS-Wall St ends sharply higher after Fed rate hike, Powell comments",0.988,0.113,0.859,0.028
9,"US STOCKS-Wall St extends strong gains following Fed rate hike, Powell comments",0.983,0.094,0.874,0.031
10,Microsoft's earnings weren't as terrible as they seemed,0.996,0.115,0.835,0.05
11,US STOCKS-Major indexes hold strong gains following Fed rate hike,0.965,0.093,0.882,0.024
12,Microsoft Stock: Buy or Sell After Earnings and Revenue Miss?,0.103,0.114,0.789,0.096
13,Activision's Microsoft Deal Discount Offers a 'Call of Duty' to Investors,0.939,0.231,0.769,0.0
14,"Why Texas Instruments, Nvidia, and Advanced Micro Devices Were Rising Today",0.827,0.138,0.841,0.02
15,"Microsoft Approached Google, Oracle, Other Cloud Providers To Pitch Multi-Cloud Service Providing To US: WSJ",0.991,0.148,0.824,0.028
16,Microsoft Stock Rises After Software Giant Gives Reassuring Full-Year Outlook,-0.807,0.0,0.672,0.328
17,"Microsoft says Austrian firm behind spyware targeting law firms, banks",-0.825,0.051,0.872,0.077
18,"US STOCKS-Wall St rises on Microsoft, Alphabet earnings as Fed decision looms",0.975,0.076,0.897,0.027
19,Stock Market Climbs After Fed Rises Rates 0.75%; Microsoft And Google Surge On Earnings,0.0,0.0,1.0,0.0
20,Stock Market Rises In Advance Of Fed Decision; Microsoft And Google Surge On Earnings,0.0,0.0,1.0,0.0
21,US stocks rally after Microsoft and Alphabet earnings boost sentiment,0.927,0.183,0.817,0.0
22,"Apple, Amazon.com, Mastercard Earnings: 3 Things to Watch",0.739,0.094,0.835,0.071
23,Here's Our Take on the 'Big Three' Earnings Reports,0.0,0.0,1.0,0.0
24,Microsoft Stock Is Powering the Market. The Company Sees Continued Double-Digit Growth.,0.329,0.094,0.852,0.053
25,"Microsoft’s Q4 earnings ‘weren’t that bad’, analyst says",0.0,0.0,1.0,0.0
26,"Microsoft Q4 Earnings Miss, Outlook Solid: ETFs to Tap",0.994,0.103,0.86,0.037
27,Stocks: 5 top tickers on Yahoo Finance,0.994,0.12,0.846,0.034
28,Activision (ATVI) to Report Q2 Earnings: What's in Store?,0.995,0.129,0.836,0.035
29,Microsoft cloud business remains strong despite earnings miss,0.994,0.098,0.854,0.048
30,2 Types of Tech Stocks to Buy After Google and Microsoft Save the Market,0.997,0.1,0.865,0.035
31,Senate’s Antitrust Crackdown Sputters as Schumer Signals Doubts,0.937,0.089,0.842,0.069
32,Microsoft’s Future Outweighs Its Present,0.796,0.424,0.576,0.0
33,"Stocks: Tech leads gains, home builders fall, Sherwin-Williams sinks",0.0,0.0,1.0,0.0
34,Microsoft (MSFT) Q4 Earnings Miss on Weak Cloud Business,1.0,0.144,0.809,0.047
35,"US STOCKS-Wall St rises on Microsoft, Alphabet earnings as Fed decision looms",0.988,0.096,0.867,0.038
36,"Dow Jones Rises Ahead Of Fed Decision; Alphabet, Microsoft Earnings Miss",0.0,0.0,1.0,0.0
37,Megacap Tech Earnings Have Investors Looking Past the Fed Decision,0.885,0.092,0.826,0.082
38,10 Safe Stocks to Buy Now According to Billionaire Dan Loeb,1.0,0.161,0.829,0.011
39,"Microsoft Asks Google, Oracle to Help Crimp Amazon’s U.S. Government Cloud Leadership",0.296,0.109,0.891,0.0
40,"US STOCKS-Wall St to open higher on Microsoft, Alphabet earnings ahead of Fed",0.981,0.091,0.872,0.037
41,"Midday Movers: Microsoft, Alphabet, PayPal and More",0.96,0.121,0.879,0.0
42,PayPal Is Being Targeted by Activist Elliott. Here’s Why.,0.0,0.0,1.0,0.0
43,"Dow Jones Futures Rise Ahead Of Fed Decision; Alphabet, Microsoft Earnings Miss",-0.296,0.0,0.885,0.115
44,"Alphabet, Microsoft, Shopify and More Wednesday Morning Stock Movers",0.671,0.149,0.822,0.029
45,Microsoft Earnings: Why Shareholders Should Be Happy,-0.34,0.068,0.737,0.195
46,Nasdaq Bear Market: 2 Growth Stocks That Billionaires Are Selling,0.296,0.099,0.901,0.0
47,"US STOCKS-Microsoft, Alphabet earnings lift futures ahead of Fed decision",0.974,0.1,0.858,0.042
