﻿,Titles,Polarity,Positive,Neutral,Negative
0,Microsoft Stock Rallies on Strong Earnings and Outlook,0.273,0.123,0.877,0.0
1,"Asian Stocks Down, China COVID Lockdowns, and Fed’s Hawkish Stance Dampen Mood",-0.911,0.051,0.878,0.071
2,Microsoft Beats March-Quarter Views On Cloud Strength,0.511,0.163,0.837,0.0
3,"Dow Jones Futures: Nasdaq Breaks Lower, Tesla Dives Amid Musk-Twitter Deal; Microsoft, Google Earnings Late",-0.273,0.0,0.905,0.095
4,Deja Vu All Over Again? Market Fears Harsh Fed Moves,0.998,0.158,0.798,0.045
5,Microsoft's cloud division is getting more profitable; company beats earnings estimates,0.0,0.0,1.0,0.0
6,Microsoft (MSFT) Q3 Earnings and Revenues Top Estimates,0.994,0.092,0.9,0.008
7,10 Stocks Getting Crushed on Tuesday,-0.926,0.043,0.892,0.065
8,"Alphabet Revenue Misses Estimates on YouTube, Europe Ads",0.93,0.08,0.85,0.069
9,"Microsoft’s Cloud Growth Propels Quarterly Sales, Earnings",0.968,0.098,0.831,0.071
10,Microsoft ‘has pretty good guidance going forward’ compared to other tech stocks: Analyst,1.0,0.119,0.864,0.017
11,Microsoft Earnings: What Happened with MSFT,0.382,0.126,0.874,0.0
12,Growth at Microsoft’s cloud platform accelerates in boost to earnings,0.908,0.14,0.86,0.0
13,Google (Alphabet) Earnings: What Happened with GOOGL,-0.296,0.0,0.891,0.109
14,Microsoft Q3 Earnings Beats Street Expectation by Slight Margin,0.921,0.257,0.71,0.033
15,"4 Top Stock Trades for Wednesday: TSLA, MSFT, LCID, GE",0.544,0.069,0.874,0.057
16,Here's the Best Advice I Can Give for This Miserable Market,-0.612,0.082,0.767,0.152
17,"Dow Jones Falls Over 800 Points; Microsoft, Google Earnings On Tap",0.0,0.0,1.0,0.0
18,"Dow Jones Falls Over 700 Points; Microsoft, Google Earnings On Tap",0.0,0.0,1.0,0.0
19,US STOCKS-Nasdaq tumbles to lowest close since late 2020,-0.886,0.061,0.852,0.087
20,The Nasdaq Dives 4%. Tech Earnings and China Trigger Anxiety.,0.718,0.212,0.733,0.055
21,"Microsoft Beats Q3 Earnings Forecasts, But Flat Azure Revenues Cloud Sentiment",-0.178,0.071,0.83,0.099
22,Microsoft meets third-quarter earnings estimates,0.337,0.166,0.834,0.0
23,"Stocks fall sharply into the close, Tesla stock sees worst day since November",-0.671,0.042,0.9,0.058
24,Microsoft beats on earnings after raising prices for Office,0.676,0.174,0.826,0.0
25,Microsoft Stock Falls Despite Strong Earnings,0.273,0.123,0.877,0.0
26,UPDATE 4-Microsoft forecasts double-digit revenue growth on cloud strength,0.99,0.118,0.87,0.012
27,Microsoft beats revenue estimates on cloud strength,0.971,0.111,0.875,0.014
28,"US STOCKS-Wall Street ends sharply lower, Nasdaq tumbles",-0.802,0.071,0.836,0.092
29,Microsoft Third-Quarter Earnings Live Blog,0.0,0.0,1.0,0.0
30,Dow Jones Dives; Tesla Stock Craters After Elon Musk Buys Twitter; Microsoft Earnings Due,-0.296,0.0,0.909,0.091
31,Analysts Share Their View On Activision Blizzard Post Q1 Performance,0.952,0.104,0.847,0.049
32,Dow Futures Move Higher Amid Big Tech Earnings,0.758,0.068,0.875,0.057
33,US STOCKS-Wall Street tumbles; Alphabet and Microsoft drop ahead of reports,-0.024,0.072,0.847,0.081
34,"Tesla, Facebook, Netflix, and Amazon stocks are all wildly overvalued, value investor says",0.855,0.091,0.86,0.049
35,Is Alphabet (GOOGL) a Buy Heading Into Q1?,0.999,0.132,0.851,0.017
36,10 NASDAQ-100 Stocks that Pay Dividends,1.0,0.123,0.856,0.021
37,US STOCKS-Nasdaq slides 3% as megacap stocks bashed ahead of earnings,-0.816,0.061,0.862,0.077
38,"Stock Market Today: Dow in Bloodbath as Earnings Disappoint, Tech Tanks",-0.98,0.071,0.81,0.119
39,"Meta Earnings, T-Mobile Profit, Boeing Update: 3 Things to Watch",0.778,0.073,0.875,0.053
40,10 Stocks to Buy Under $20 According to Cliff Asness’ AQR Capital,0.998,0.07,0.921,0.009
41,5 Most Important Earnings Charts This Week,0.997,0.162,0.82,0.018
42,"S&amp;P 500 Slides on Tech Rout Ahead of Google, Microsoft Earnings",-0.95,0.079,0.803,0.117
43,"Stock Market Tumbles As Earnings Take Center Stage; Alphabet, Microsoft On Deck",0.527,0.152,0.848,0.0
44,"Tech stocks ‘seeing the bursting of a bubble,’ researcher says",-0.743,0.0,0.799,0.201
45,"The Dow Is Dropping, Microsoft Earnings Are Coming—and What Else Is Happening in the Stock Market Today",0.382,0.082,0.918,0.0
46,Big Tech: FAAMG companies made $321 billion in profit in 2021,0.34,0.059,0.908,0.032
47,Market check: Stocks fall ahead of Big Tech earnings,0.0,0.0,1.0,0.0
48,"Dow Jones Sells Off After Stock Market Bounce; Alphabet, Microsoft, Visa To Report",0.0,0.0,1.0,0.0
