﻿,Titles,Polarity,Positive,Neutral,Negative
0,Google Cloud Will Drive Future Profits and Upside in Alphabet Stock,0.994,0.115,0.84,0.045
1,"Washington tech companies are mostly hiring out-of-state grads, study shows",-0.135,0.0,0.932,0.068
2,"Netflix and Beyond Meat stocks rise, Microsoft shutters Internet Explorer after 26 years",0.996,0.096,0.868,0.036
3,"Tech stocks rally following the Fed's 75 basis point hike, hiring slowdowns continue",0.44,0.085,0.883,0.031
4,Why Bill Gates Is Blasting Crypto… Again,-0.221,0.136,0.739,0.125
5,Microsoft Fixes Flaw Exploited By State-Backed Hackers,0.893,0.126,0.8,0.074
6,The market collapse has been brutal for tech,0.994,0.101,0.857,0.043
7,The Secret Weapon of Long-Term Stock Investors,0.986,0.077,0.881,0.042
8,Why a Netflix-Roku Tie-Up Might Make Sense Today,-0.202,0.086,0.833,0.081
9,"Amazon, Microsoft, McDonald’s and Citi to examine their impact on civil rights and racial equity. Will more companies follow suit?",0.273,0.208,0.706,0.086
10,6 Stocks That Will Be First to Rebound From the Coming Recession,0.998,0.104,0.842,0.054
11,US STOCKS-Growth stocks lift Wall St ahead of Fed's big rate decision,0.915,0.059,0.912,0.029
12,The end of Internet Explorer has been a long time coming,0.994,0.107,0.841,0.052
13,Top 10 Dividend Stocks to Buy According to Peter S. Stamos’ Stamos Capital,0.999,0.097,0.867,0.036
14,"Caterpillar moves HQ, Buffett donates $4 billion in stock, Microsoft discontinues Internet Explorer",0.361,0.127,0.813,0.06
15,2 Growth Stocks That Are Interest Rate Proof,0.64,0.175,0.715,0.11
16,Microsoft (MSFT) to Acquire Cyber Security Start-Up Miburo,0.993,0.137,0.826,0.037
17,US STOCKS-Growth stocks lift Wall Street ahead of Fed's rate decision,0.973,0.074,0.898,0.028
18,"Stocks rebound, Treasury yields edge lower, China stocks rally",0.0,0.0,1.0,0.0
19,Bill Gates says crypto based on ‘greater fool theory’,0.0,0.0,1.0,0.0
20,"The Zacks Analyst Blog Highlights Microsoft, Amgen, Honeywell International, Booking Holdings and Stryker",0.999,0.148,0.822,0.03
21,7 Best Stocks to Buy if You Are All About ESG Investing,1.0,0.158,0.796,0.046
22,"Over 100 CEOs Including Alphabet, Amazon, Microsoft Press For China Competition Bill",0.976,0.146,0.818,0.036
23,L3Harris Technologies Eyes Israeli Spyware Firm NSO: Reports,0.972,0.141,0.823,0.036
24,"Internet Explorer is finally no more, and fans are flooding social media to pay their respects to the fallen giant",-0.648,0.027,0.932,0.04
25,Apple’s $2 Trillion Market Valuation on Shaky Ground,0.926,0.075,0.865,0.061
26,"Farewell, Internet Explorer: The old Microsoft browser retires at 27",-0.357,0.082,0.841,0.077
27,End of Internet Explorer Era Spells Trouble for Japan Businesses,0.983,0.124,0.821,0.055
28,"So long, Internet Explorer. The Microsoft browser is finally retiring",0.649,0.275,0.566,0.159
29,Senate Passes State Venue Antitrust Bill That Google Opposed,0.853,0.064,0.891,0.045
30,Atlanta’s Mayor Calls for Limits on Investors Buying Up Homes,0.971,0.08,0.87,0.05
