﻿,Titles,Polarity,Positive,Neutral,Negative
0,"Dow Jones Futures: Market Rally Suffers Bearish Reversal On U.S. Omicron Covid Patient; Apple, Google Give Up Gains, Salesforce, Zscaler Dive; Snowflake Jumps Late",-0.494,0.0,0.948,0.052
1,Stocks drop as the U.S. reports its first case of the Omicron variant,0.0,0.0,1.0,0.0
2,Microsoft Adds a Cheaper Teams to Take Down Zoom,0.625,0.086,0.914,0.0
3,MIT-born Commonwealth Fusion Systems raises $1.8B to commercialize fusion energy,0.0,0.0,1.0,0.0
4,"Microsoft Unveils Cheap Version of Teams, Taking Dead Aim at Zoom",0.0,0.0,1.0,0.0
5,"Durham CEO joins IBM, Microsoft execs urging rapid action from Congress to address chip shortage",-0.25,0.0,0.935,0.065
6,"2021 was the year of the metaverse, but it will be years before it's a reality",0.997,0.091,0.879,0.03
7,Tesla Is a Defensive Stock Now. It’s a ‘Twilight Zone World’.,-0.202,0.0,0.917,0.083
8,Introducing Microsoft Teams Essentials,0.978,0.075,0.911,0.014
9,10 Remote Work Stocks to Buy Now,1.0,0.139,0.839,0.022
10,"Supply chain constraints: 'I have no concerns' with our ability to fulfill demand, HPE CFO says",0.25,0.132,0.772,0.096
11,Don't Own These 10 Stocks? Then You're Probably Underperforming the Market,0.7,0.139,0.861,0.0
12,One Tech Stock Beats The Market Every December (It's Not Apple),0.557,0.185,0.761,0.054
13,2 Dividend-Paying High-Growth Tech Stocks to Buy,0.813,0.189,0.811,0.0
14,The Biggest Threat to Meta in the Metaverse,0.542,0.069,0.931,0.0
15,7 Anti-Metaverse Stocks to Hedge Against Meta Mania,0.99,0.099,0.818,0.083
16,A Lack of Buzz Makes Lucid’s Valuation All the More Surprising,0.993,0.084,0.895,0.02
17,"Merck, Box Rise Premarket; Salesforce Falls",0.866,0.073,0.885,0.042
