﻿,Titles,Polarity,Positive,Neutral,Negative
0,8 Metaverse Stocks to Buy to Become a Virtual Millionaire,1.0,0.121,0.858,0.021
1,Charlie Munger on Activision Blizzard: 'I like Bobby Kotick a lot',-0.932,0.079,0.823,0.097
2,7 Stocks With Earnings Reports Next Week,0.984,0.067,0.891,0.042
3,Microsoft is adding user safety measures to its AltspaceVR platform,0.681,0.248,0.752,0.0
4,‘Horizon Forbidden West’ Looms Large in Sony’s PlayStation Strategy,0.96,0.106,0.825,0.069
5,8 Software Stocks to Snap Up After the Sharp Selloff,1.0,0.168,0.815,0.017
6,What’s Wrong With the Video Game Industry? 10 Stocks to Watch,1.0,0.128,0.82,0.052
7,Is Adyen the Best Payment Processing Stock to Buy?,0.0,0.0,1.0,0.0
8,2 Top Bargain Stocks Ready for a Bull Run,0.439,0.169,0.753,0.077
9,How Microsoft's Latest Acquisition Will Shape Its Future in Gaming,0.077,0.043,0.919,0.039
10,Will Remote Work Decrease Productivity in the Long Term?,-0.44,0.0,0.964,0.036
11,Alok Agrawal’s Bloom Tree Partners Portfolio: 10 Technology Stock Picks,0.995,0.077,0.903,0.02
12,10 Technology Stock Picks of John Kim’s Night Owl Capital,0.998,0.092,0.896,0.011
13,‘Zero-Click’ Hacks Are Growing in Popularity. There’s Practically No Way to Stop Them,-0.994,0.053,0.869,0.077
