﻿,Titles,Polarity,Positive,Neutral,Negative
0,Microsoft Hires Ex-Seattle Police Chief Best for Security Role,0.52,0.115,0.791,0.094
1,Microsoft's cloud business targeted by EU antitrust regulators,0.922,0.065,0.919,0.016
2,"Next Generation Of The Internet Is A $13 Trillion Market, Bank Says",0.0,0.0,1.0,0.0
3,Microsoft Loses Executive to Crypto as Talent War Heats Up,0.859,0.358,0.642,0.0
4,The Bounce in Microsoft Looks Like It's Over,-0.077,0.024,0.947,0.029
5,Microsoft/Activision Deal Hits a Potential Game Changer,0.681,0.089,0.882,0.029
6,European Regulators Raise Questions About Microsoft Cloud Practices,0.972,0.07,0.894,0.036
7,Activision-Blizzard Stock Is a Buy Despite Negative Media Attention,0.479,0.056,0.903,0.041
8,$18M settlement reached in Activision Blizzard sexual discrimination lawsuit,-0.153,0.0,0.926,0.074
9,Dow Jones Rallies After March Jobs Report Miss; Treasury Yields Surge,0.052,0.093,0.825,0.082
10,Dow Jones Futures Trim Gains After March Jobs Report Miss; Treasury Yields Surge,0.052,0.077,0.855,0.068
11,Dow Jones Futures Rebound Ahead Of March Jobs Report; Treasury Yields Surge,0.202,0.076,0.924,0.0
12,Aterian Adds Seasoned Industry Executive To Its Board Of Directors,0.998,0.132,0.847,0.02
13,Why You Should Buy the Dip in Microsoft,0.994,0.11,0.857,0.033
14,7 Reddit Stocks to Buy for April,0.993,0.076,0.898,0.026
15,This Chart Shows How Big Tech's Battle for Cybersecurity Dominance is Heating Up,0.077,0.044,0.917,0.039
16,"Blackberry Lower on Struggles in Cybersecurity, Auto Software Businesses",-0.957,0.021,0.851,0.129
17,Why Microsoft Corporation (NASDAQ:MSFT) Could Be Worth Watching,0.998,0.173,0.793,0.034
