﻿,Titles,Polarity,Positive,Neutral,Negative
0,"Shopify Aims to Make Stores Lean, Mean Retailing Machines",0.987,0.096,0.881,0.023
1,Dow Jones Futures: Market Rally Makes Powerful Move; Google Leads 7 Stocks Flashing Buy Signals,0.637,0.189,0.811,0.0
2,The last US-owned social media platform in China is closing down,0.422,0.088,0.912,0.0
3,Microsoft's (MSFT) LinkedIn to Exit China This Year,0.218,0.099,0.901,0.0
4,"Dow Jones Sharply Higher, Nasdaq Climbs 1.7%; These Bank Stocks Rise On Strong Earnings",0.511,0.136,0.864,0.0
5,Microsoft announces proposed election of new board member,0.984,0.087,0.913,0.0
6,"Dow Jones Jumps 530 Points As Stock Market Rallies On Strong Earnings, Jobs Data",0.34,0.107,0.893,0.0
7,"Wallgreens, Alcoa shares higher, Microsoft abandons LinkedIn in China",0.0,0.0,1.0,0.0
8,"Microsoft, IBD Stock Of The Day, Called 'Safety Blanket' Stock",0.0,0.0,1.0,0.0
9,"Stock Picks: Nvidia, Microsoft Reveal 7 Telltale Traits As Market Looks To Rebound",0.893,0.3,0.7,0.0
10,"Dow Jones Jumps On Jobs, Earnings; Microsoft Up As It Makes China Move; Boeing Dips On This",0.735,0.228,0.772,0.0
11,Dow Jones Rallies; Microsoft Up As It Makes This China Move; Boeing Dips On Dreamliner Woes,0.735,0.228,0.772,0.0
12,"Dow Jones Rallies On Jobs, Earnings; Microsoft Up As It Makes This China Move; Boeing Dips On 787 Woes",0.735,0.228,0.772,0.0
13,"UPDATE 1-U.S. Army pushes back date on Microsoft goggles, affirms commitment to deal",0.913,0.078,0.897,0.025
14,Top 10 Stock Picks of Terry Smith’s Fundsmith LLP,0.999,0.094,0.883,0.022
15,LinkedIn logs off in China after censorship controversy,0.0,0.0,1.0,0.0
16,10 Financial Services Stocks to Buy According to Nathan Przybylo’s L2 Asset Management,1.0,0.144,0.836,0.019
17,"U.S. Army pushes back date on Microsoft goggles, affirms commitment to deal",0.913,0.082,0.892,0.026
18,U.S. Army pushes back date on Microsoft goggles but says 'fully committed' to $21.9 bln deal,0.743,0.089,0.911,0.0
19,Billionaire David Tepper’s 10 Newest Stock Picks,0.998,0.097,0.879,0.024
20,"S&amp;P 500 in Rally as Bank Earnings Delight, Bulls Dip Into Chips",0.957,0.061,0.928,0.011
21,China’s Internet Censorship Forces Microsoft To Shut Down LinkedIn Website In The Country,0.939,0.072,0.891,0.037
22,Microsoft to Shutter and Replace China Version of LinkedIn,-0.153,0.0,0.914,0.086
23,Microsoft is shutting down LinkedIn in China,0.985,0.13,0.849,0.02
24,UPDATE 1-Microsoft to shut down LinkedIn in China,0.968,0.121,0.869,0.01
25,Why Amazon and Microsoft won’t have a stranglehold on cloud computing forever,0.84,0.179,0.821,0.0
26,"Microsoft Shuts LinkedIn in China, Citing ‘Challenging’ Climate",0.946,0.101,0.854,0.045
27,Taiwan Semiconductor Earnings Reflects Problems with Supply Chain,0.974,0.072,0.875,0.054
28,"Trimble (TRMB) Partners With One Click LCA, Boosts Portfolio",0.998,0.173,0.821,0.006
29,"S&amp;P 500 Gains Amid Chip-Led Rally, Bullish Bank Earnings",0.772,0.056,0.923,0.021
30,Nvidia's Pending Arm Acquisition: What Investors Need to Know,0.542,0.06,0.94,0.0
31,These are the businesses that made moves to South Florida in summer 2021,0.633,0.094,0.874,0.032
32,Microsoft To Launch LinkedIn Substitute In China to Comply With Beijing Compliance,0.542,0.176,0.824,0.0
33,"The Zacks Analyst Blog Highlights: Halliburton, Microsoft, Accenture, Baker Hughes, and Schlumberger",0.998,0.117,0.848,0.035
34,"Report: Microsoft salary data leaked for over 1,200 employees in email thread alleging discrimination",0.25,0.136,0.752,0.112
