﻿,Titles,Polarity,Positive,Neutral,Negative
0,Microsoft clears final hurdle in $19.7B purchase of AI speech company Nuance,0.0,0.0,1.0,0.0
1,20 companies are spending billions to boost their stock prices,0.977,0.096,0.888,0.016
2,10 Value Stocks to Buy According to Billionaire Paul Tudor Jones,1.0,0.139,0.858,0.003
3,"Top Research Reports for Microsoft, Broadcom &amp; Eli Lilly",0.998,0.157,0.824,0.019
4,7 of the Best IPOs to Put on Your 2022 Watchlist,1.0,0.121,0.836,0.042
5,Amazon's Cloud Services Suffer Third Outage This Month,-0.494,0.0,0.862,0.138
6,How to go to church in the metaverse,0.0,0.0,1.0,0.0
7,Facebook Papers: How the 2021 leak could haunt Meta in 2022,0.941,0.08,0.851,0.069
8,"S&amp;P 500 Rallies as Bulls Up Bets on Tesla, Tech",0.991,0.114,0.866,0.02
9,Is it Time to Invest in a Beaten-Up MicroVision’s Mega Vision?,0.999,0.133,0.822,0.045
10,Hybrid Working Gaining Momentum: Focus on These 4 Tech Stocks,0.999,0.151,0.846,0.002
11,"S&amp;P 500 Continues Rebound From Omicron Selloff as Tesla, Tech Lead Gains",0.993,0.123,0.865,0.012
12,"Stock buybacks set record in Q3, led by Apple, Meta, Google",0.361,0.082,0.918,0.0
13,"Dow Jones Falls; Apple Price Target Hiked, Tesla Jumps On Elon Musk Comments",-0.296,0.0,0.905,0.095
14,10 Healthcare Stocks to Buy According to Lee Ainslie’s Maverick Capital,0.999,0.103,0.868,0.029
15,Microsoft (MSFT) to Acquire AT&amp;T's Xandr Advertising Platform,0.996,0.111,0.876,0.013
16,Billionaire Israel Englander is Buying These 10 Stocks,0.999,0.096,0.888,0.015
17,"Dow Jones Futures Turn Lower; Apple Price Target Hiked, Tesla Jumps On Elon Musk Comments",-0.296,0.0,0.905,0.095
18,AT&amp;T (T) to Sell Xandr to Microsoft for Undisclosed Amount,0.994,0.124,0.872,0.005
19,Microsoft Had 2 Big Under-the-Radar Announcements Yesterday,-0.103,0.086,0.81,0.105
20,Should Goldman Sachs ActiveBeta U.S. Large Cap Equity ETF (GSLC) Be on Your Investing Radar?,0.994,0.107,0.865,0.027
21,Biggest Companies in the World by Market Cap,0.869,0.223,0.777,0.0
