﻿,Titles,Polarity,Positive,Neutral,Negative
0,"EU Privacy Watchdog Initiates Probe Against Amazon, Microsoft's Cloud Service To EU Institutions: Reuters",0.202,0.08,0.858,0.062
1,"UPDATE 1-EU bodies' use of Amazon, Microsoft cloud services faces privacy probes",0.902,0.068,0.904,0.027
2,Amazon Antitrust Risk Deepens as More State AGs Weigh Action,0.791,0.059,0.903,0.039
3,Microsoft (MSFT) Down 1.2% Since Last Earnings Report: Can It Rebound?,1.0,0.142,0.836,0.022
4,10 Best Small-Cap Stocks to Buy According to Billionaire Mario Gabelli,0.999,0.094,0.884,0.022
5,"UPDATE 1-U.S. VP Harris to meet companies, groups to push Central America economic growth",0.984,0.111,0.857,0.033
6,"The Zacks Analyst Blog Highlights: Google, Advanced Micro Devices, Microsoft and Alarm.com",1.0,0.155,0.839,0.006
7,"EU privacy watchdog to investigate EU institutions' use of Amazon, Microsoft cloud services",0.25,0.05,0.908,0.041
8,Nintendo Plans Upgraded Switch Replacement as Soon as September,0.989,0.092,0.885,0.022
