﻿,Titles,Polarity,Positive,Neutral,Negative
0,Dow Jones Rallies As Microsoft Surges On Subscription Hike; Tesla's AI Day Gains Fade,0.0,0.0,1.0,0.0
1,Why Microsoft's Stock Is Trading Higher Today,0.977,0.14,0.84,0.019
2,Dow Jones Rises While Nasdaq Leads Upside As Tech Stocks Outperform,0.34,0.103,0.897,0.0
3,"US STOCKS-Wall St rebounds on tech support, but heads for weekly losses",0.916,0.082,0.863,0.054
4,Can Microsoft Beat Apple to Become the Most Valuable Nasdaq Stock?,0.671,0.084,0.916,0.0
5,"S&amp;P 500 Ends Higher as Tech Reigns Supreme, but Snaps Weekly Win Streak",0.824,0.079,0.877,0.044
6,7 Upcoming IPOs That Are Getting Everyone Very Excited,0.997,0.081,0.882,0.038
7,Dow Jones Rallies As Microsoft Hits New High; Nvidia Among Growth Stocks Near Buy Point,0.0,0.0,1.0,0.0
8,"Adobe, Microsoft Advance As Wall Street Applauds Strategic Moves",0.477,0.171,0.829,0.0
9,Why Microsoft Stock Is Trading At All-Time Highs,0.981,0.106,0.861,0.032
10,Central banks worry that some tech giants have become too big to fail--Reuters,-0.542,0.0,0.904,0.096
11,Why Microsoft’s ‘long overdue’ Office 365 price increase could be a ‘significant financial positive’,0.802,0.227,0.773,0.0
12,"Microsoft Boosts Prices on Office 365, Driving Stock to New Record Peak",0.0,0.0,1.0,0.0
13,Is Snowflake Stock A Buy? Software Maker Sets Path To $10 Billion In Revenue By 2028,0.0,0.0,1.0,0.0
14,"US STOCKS-Wall St supported by tech, but heads for weekly losses",-0.941,0.05,0.876,0.074
15,Britain's Concern Over Nvidia-Arm Deal Poses Double Trouble For Nvidia - Read Why?,-0.738,0.036,0.89,0.074
16,Is Snowflake Stock A Buy? Software Maker Sets Path To $10 Billion In Revenue By 2028,0.0,0.0,1.0,0.0
17,"FootLocker, Deere Become Latest Major Companies To Impress With Earnings Results",0.979,0.074,0.866,0.06
18,10 Best Stocks to Buy According to Billionaire Mario Gabelli,1.0,0.108,0.883,0.009
19,"Facebook, Twitter, Microsoft Beef Up Security To Protect Afghanistan's User Accounts",-0.094,0.045,0.909,0.046
20,Sustainability Trends Boost ESG Investing: 5 Green Picks,0.999,0.148,0.828,0.024
21,Artificial Intelligence Stocks To Buy And Watch: Tesla Touts AI Capabilities Beyond Electric Vehicles,0.927,0.362,0.638,0.0
22,"5 Top Stock Gainers for Friday: Microsoft, Foot Locker, Petco, Spotify and Lordstown",0.326,0.129,0.773,0.098
23,"Stock Market News for Aug 20, 2021",0.978,0.11,0.824,0.067
24,SAIC Secures Space and Intelligence Contract Worth $664M in Q2,0.998,0.174,0.808,0.018
25,"Apple, Microsoft Lead As This Top Sector Play Sets Up New Buy Point",0.34,0.107,0.893,0.0
26,"Microsoft Stock Hits Record High, $2.3 Trillion Market Value, With Apple in Sight",0.697,0.233,0.767,0.0
27,Dow Jones Futures Signal Further Market Rally Losses; Elon Musk Teases Humanoid Tesla Bot,-0.422,0.0,0.865,0.135
28,Microsoft Target Price Increased at Wedbush on Cloud Strength,0.382,0.106,0.894,0.0
29,Big Tech Is in a Perilous Moment. The Stocks Are Still a Buy.,0.0,0.0,1.0,0.0
30,Apple Unsuccessfully Attempted To Lure Away Former Google Search Chief Ben Gomes: Report,0.571,0.032,0.948,0.02
31,Microsoft Funds Indian Hospitality Unicorn At $9.6B Valuation Despite Pandemic-Induced Downturn,0.519,0.043,0.938,0.019
32,"Dow Jones Futures: Tesla AI Day Touts Self-Driving, 'Tesla Bot'; Nvidia, Microsoft, Adobe Lead But Market Rally Narrows",-0.077,0.0,0.936,0.064
