﻿,Titles,Polarity,Positive,Neutral,Negative
0,Microsoft’s 10 Biggest Acquisitions of All Time,0.997,0.071,0.926,0.004
1,‘Seismic shift at a glacial pace’ — Microsoft is walking into one of the weirdest times ever for a big merger,0.0,0.0,1.0,0.0
2,Why Growth and Returns are Surprisingly High for Microsoft (NASDAQ:MSFT),0.999,0.147,0.828,0.025
3,3 Work-From-Home Stocks to Buy Right Now,0.66,0.147,0.853,0.0
4,"As the Need for IT Security Heats Up, CrowdStrike Is Well Positioned to Dominate",0.625,0.282,0.623,0.095
5,Market check: Stocks mixed at open as volatility spikes,0.0,0.0,1.0,0.0
6,3 Bullish Most-Shorted Stocks to Buy,0.998,0.108,0.864,0.027
7,Viking Global’s Top 10 Stocks,0.999,0.102,0.892,0.006
8,Microsoft's Activision Acquisition Triggers Regulatory Subpoenas Over Workplace Harassment,0.671,0.052,0.925,0.022
9,Buffett Says Berkshire Had ‘No Prior Knowledge’ of Microsoft’s Deal for Activision,0.66,0.221,0.779,0.0
10,"Once Again, Microsoft Stock Is the Easiest Stock to Recommend",0.98,0.09,0.863,0.048
11,'We need to get people back into the office': Public officials take up Microsoft's push to reopen workplaces,0.0,0.0,1.0,0.0
12,Buffett Says Berkshire Had No Advance Word of Activision Deal,0.922,0.086,0.87,0.044
13,Buffett says Berkshire's Activision purchase was 'no bonanza',0.778,0.073,0.882,0.045
