﻿,Titles,Polarity,Positive,Neutral,Negative
0,"Microsoft president says tech must compromise, downplays metaverse 'hype'",0.971,0.093,0.861,0.046
1,10 Best Blue-Chip Stocks to Buy for Growth and Dividends in 2022,1.0,0.159,0.831,0.01
2,Match Group Conceives Dating 'Metaverse:' Everything You Want To Know,0.986,0.132,0.852,0.016
3,"UPDATE 1-Tackle racism in AI, BLM co-founder tells tech bosses",0.986,0.11,0.826,0.064
4,Microsoft Names Dohmke CEO of Code-Sharing Platform GitHub,0.959,0.082,0.871,0.046
5,Microsoft (MSFT) Integrates Metaverse Into Its Software,0.0,0.0,1.0,0.0
6,Is Talk of the Metaverse Getting Out of Hand?,0.735,0.125,0.849,0.026
7,Dow Jones Today Dips Ahead Of Fed Announcement; Nike Up On Partnership; Capri Holdings Nails Breakout,0.511,0.155,0.845,0.0
8,Facebook To End Facial Recognition System On Its Platform,0.856,0.053,0.929,0.018
9,"Dow Jones Today Dips, Nasdaq Rises Ahead Of Fed Announcement; Nike Up On Partnership; Capri Holdings Eyes Breakout",0.511,0.155,0.845,0.0
10,Top 10 Tech Stock Picks of Adam Parker’s Center Lake Capital,1.0,0.118,0.867,0.015
11,5 Stocks Insiders Are Selling,0.99,0.087,0.91,0.004
12,Top 10 Stock Picks of Imran Khan’s Proem Advisors,1.0,0.124,0.85,0.026
13,5 Blue-Chip Stock to Buy as Dow Crosses a Fresh Milestone,1.0,0.146,0.849,0.005
14,Cloudflare Is Due For A Correction After Its Spectacular Run,0.989,0.076,0.912,0.012
15,Climate change: Yellen calls for 'wholesale transformation of our carbon intensive economies',0.98,0.107,0.834,0.058
16,Microsoft and AES Partner to Bring Around-the-Clock Renewable Energy to Data Centers,0.996,0.13,0.851,0.019
17,"Yahoo Pulls Out of China, Following LinkedIn in Cutting Ties",0.909,0.082,0.879,0.039
