﻿,Titles,Polarity,Positive,Neutral,Negative
0,‘Bullish engulfing’ chart patterns abound after stock market’s big bounce,-0.785,0.0,0.831,0.169
1,3 Most-Shorted Stocks Near 52-Week Lows to Trade,0.994,0.091,0.872,0.037
2,Tech stock winners that may 'power through' inflation and other market risks,-0.052,0.163,0.7,0.137
3,Bill Gates Bought Up More of This Waste-Management Stock,0.0,0.0,1.0,0.0
4,3 Cybersecurity Stocks to Buy Right Now on Russia-Ukraine Fears,0.991,0.129,0.787,0.085
5,Activision Blizzard Is Being Sued by Shareholders Over Microsoft Sale. Here's Why it Matters.,0.505,0.085,0.859,0.055
6,Microsoft Rides Cloud Adoption Wave in Second Quarter,0.382,0.178,0.822,0.0
7,Recognize co-founder: ‘Talent and inflation’ are companies' top priorities,0.128,0.125,0.79,0.084
8,Crowdstrike: Pros &amp; Cons After Its 45% Tumble,0.998,0.127,0.836,0.037
9,"Solid Power Is Up, but It’s Still Not a Worthwhile Battery Bet",0.991,0.107,0.848,0.046
10,Dow Jones Futures Turn Higher With Putin Open To Ukraine Talks; Russian Invasion Continues,-0.468,0.056,0.786,0.157
11,Billionaire Andreas Halvorsen Is Selling These 10 Stocks,0.999,0.085,0.887,0.027
12,Should You Buy Activision Blizzard Before Microsoft Does?,0.813,0.17,0.777,0.053
13,AT&amp;T Stock Is a Buy for the Dividend and a Hold for the Upcoming Spinoff,0.991,0.09,0.87,0.041
14,Should You Invest in the Technology Select Sector SPDR ETF (XLK)?,0.991,0.096,0.872,0.032
15,Should Goldman Sachs ActiveBeta U.S. Large Cap Equity ETF (GSLC) Be on Your Investing Radar?,0.993,0.103,0.867,0.03
16,Dow Jones Futures Fall After Powerful Market Rebound On Russia Invasion Sanctions; These Stocks Soar,-0.468,0.056,0.786,0.157
