﻿,Titles,Polarity,Positive,Neutral,Negative
0,"Dow Jones, S&amp;P 500 Trade Near Intraday Highs As Tech Stocks Lead Market",0.0,0.0,1.0,0.0
1,"Top Analyst Reports for Microsoft, Caterpillar &amp; Target",0.999,0.191,0.765,0.044
2,"Dow, S&amp;P 500 Hitch Ride on Tech Rally to Close at Record High",0.986,0.088,0.877,0.036
3,Nintendo Prepares For Record Switch And Gaming Sales: Bloomberg,0.681,0.06,0.908,0.032
4,Oracle's Soft Guidance Overshadowed Strong Results,0.998,0.145,0.812,0.043
5,Joel Greenblatt’s Portfolio and Recent Buys,0.999,0.111,0.865,0.024
6,US STOCKS-Futures buoyed by optimism over U.S. economic growth,0.971,0.091,0.872,0.036
7,"Got $3,000? Buy These 3 Top Cloud Computing Stocks Right Now",0.0,0.0,1.0,0.0
8,15 Most Valuable App Companies,1.0,0.107,0.887,0.005
9,"Nintendo Targets a Record Year in Switch, Game Sales",0.996,0.113,0.841,0.046
