﻿,Titles,Polarity,Positive,Neutral,Negative
0,"Markets Bounce Back Big; CRWD, LULU, RH Beat in Q1",0.996,0.132,0.854,0.014
1,Microsoft Cuts Earnings Guidance Amid Surging U.S. Dollar Headwind,0.202,0.121,0.792,0.088
2,Microsoft says will not resist unionization efforts by employees,0.422,0.058,0.9,0.042
3,"Dow Jones Futures: Strong Market Rally Led By Tesla, Growth Plays; 5 Stocks Near Buy Points",0.459,0.185,0.815,0.0
4,Stock Market Today: Stocks Stumble to Start But End With a Win,0.999,0.142,0.814,0.044
5,"4 Top Stock Trades for Friday: AMD, MSFT, DDOG, FB",0.992,0.126,0.801,0.073
6,"US STOCKS-Wall Street ends sharply higher, led by Tesla and Nvidia",0.91,0.072,0.875,0.054
7,5 Stocks Reporting Earnings The Week of June 6,0.998,0.092,0.887,0.021
8,Dow Jones Rallies On This; Facebook Stock Pops As Sandberg Quits; Microsoft Fights Back,0.0,0.0,1.0,0.0
9,Dow Jones Rallies On Jobs Report; Facebook Stock Pops As Sandberg Quits; Microsoft Fights Back,0.0,0.0,1.0,0.0
10,"Microsoft Stock Wavers After Software Giant Cuts Revenue, Earnings Targets",-0.128,0.0,0.923,0.077
11,"US STOCKS-Wall Street ends sharply higher, led by Tesla and Nvidia",0.869,0.071,0.877,0.053
12,"Microsoft lowers guidance, Ford to add 6,000 more jobs, Block partners with Apple",0.998,0.141,0.816,0.043
13,Julian Robertson’s Hedge Fund Portfolio in 2022: 7 Latest Stock Picks,0.996,0.064,0.92,0.016
14,"Market check: Tech leads Nasdaq higher, retail stocks rise, gold surges",0.34,0.074,0.926,0.0
15,Dow Jones Gains As Stocks Rally On This; Facebook Stock Pops As Sandberg Quits; Microsoft Fights Back,-0.44,0.0,0.873,0.127
16,"After Microsoft And Nvidia, This Major Apple Supplier Became Ransomware Target",-0.926,0.069,0.813,0.118
17,"US STOCKS-Wall Street rallies, lifted by Tesla and Nvidia",0.796,0.064,0.88,0.056
18,Microsoft joins chorus of tech companies warning about the effects of a strong dollar,0.296,0.105,0.828,0.067
19,Apple stock to suffer first ‘death cross’ chart pattern since the pandemic,-0.103,0.064,0.859,0.077
20,We're On the Road to Nowhere,0.386,0.057,0.92,0.023
21,Microsoft blames strong dollar for cuts to forecasts,0.625,0.09,0.865,0.045
22,3 fresh signs a treacherous stock market lurks,-0.781,0.069,0.845,0.086
23,Oracle (ORCL) Receives Approval for the Acquisition of Cerner,0.998,0.146,0.848,0.006
24,US STOCKS-Growth stocks lead Wall St higher in choppy trade; eyes on jobs report,0.847,0.062,0.888,0.05
25,Is Microsoft Stock in Trouble After Cutting Guidance?,-0.013,0.047,0.905,0.048
26,"Apple WWDC event: What to expect from iPhone changes, new hardware",0.998,0.099,0.883,0.018
27,Stock Market Today: Dow Closes Higher as Tech Rebounds; Jobs Data Eyed,0.956,0.085,0.874,0.041
28,Stock Market Strengthens At Midday; ADP Job Report Misses Forecasts Badly,0.0,0.0,1.0,0.0
29,Meta Platforms' (FB) Sheryl Sandberg Stepping Down as COO,0.972,0.093,0.85,0.057
30,US STOCKS-S&amp;P 500 down as Microsoft slips; Fed official's comments weigh,-0.829,0.058,0.866,0.076
31,Here Are 6 Stocks That Pay a Lot in Dividends and Have Solid Yields. And Microsoft and Apple.,0.026,0.036,0.932,0.033
32,Stock Market Mostly Higher As OPEC News Doesn't Hurt Oil Prices; ADP Job Report Misses Forecasts Badly,0.7,0.264,0.736,0.0
33,"Microsoft stock dips, Tesla stock rises, OPEC+ increases oil output targets",0.0,0.0,1.0,0.0
34,"Market check: Nasdaq falls, U.S. dollar poised to rise, bitcoin down",0.0,0.0,1.0,0.0
35,"Dow Jones Falls As Microsoft Warns, Economic Data Mixed",-0.273,0.0,0.92,0.08
36,Microsoft (MSFT) Releases Surface Laptop Go 2 Starting at $599,0.998,0.127,0.868,0.005
37,3 George Soros Stocks to Buy Now,0.999,0.166,0.789,0.045
38,10 Best ETFs to Buy in 2022 According to Reddit,1.0,0.142,0.823,0.035
39,U.S. stocks extend losses Thursday morning as Microsoft lowers earnings guidance,0.557,0.074,0.882,0.044
40,Microsoft stock slips after tech giant lowers earnings outlook,-0.751,0.04,0.897,0.063
41,"Dow Jones Futures Pare Gains As Microsoft Warns, Economic Data Mixed",-0.273,0.0,0.92,0.08
42,Mario Gabelli Was Right About These 5 Stocks,1.0,0.139,0.839,0.021
43,Longtime D.C.-area federal IT exec Teresa Carlson returns to Microsoft,0.0,0.0,1.0,0.0
44,"Accenture, Microsoft and Avanade Expand Partnership to Help Organizations Tackle Their Greatest Sustainability Challenges",0.999,0.155,0.833,0.013
45,Microsoft Stock: Bear vs. Bull,0.648,0.101,0.899,0.0
46,7 Massively Undervalued Stocks to Buy Before They Go Parabolic,1.0,0.14,0.803,0.057
47,"Dow Jones Futures Rise After Market Rally Retreats On Economic Data, 'Hurricane Dimon'",0.318,0.119,0.881,0.0
48,U.S. Stocks Fall After Microsoft Lowers Outlook,-0.591,0.064,0.856,0.08
