﻿,Titles,Polarity,Positive,Neutral,Negative
0,"Seven Springs Wealth Group, LLC Buys Bank of America Corp, Microsoft Corp, iShares S&amp;P ...",1.0,0.137,0.858,0.005
1,Dow Jones Futures: Five Stocks Showing Strength In Tricky Market Rally; What To Do Now,0.649,0.185,0.815,0.0
2,"Big Tech’s Week Featured Alphabet and Amazon Rallies, Meta Crash",0.992,0.162,0.775,0.063
3,OpenText CEO: Zix acquisition ‘doesn’t change our direction’ toward cloud growth,0.0,0.0,1.0,0.0
4,Skillz Stock is a Risky Speculative Play,0.999,0.148,0.802,0.051
5,7 Best Quantum Computing Stocks to Buy in 2022,0.999,0.095,0.889,0.016
6,"Van Hulzen Asset Management, LLC Buys Vertex Pharmaceuticals Inc, Microsoft Corp, AbbVie Inc, ...",0.999,0.091,0.904,0.005
7,"January jobs report 'was full of surprises,' Opimas CEO explains",0.637,0.161,0.839,0.0
8,"Amazon stock on track for largest single-day market cap gain ever, bitcoin price pops",0.0,0.0,1.0,0.0
9,"Amazon, Snap Fuel Tech; Dow Drops on Rate Worries",0.572,0.263,0.737,0.0
10,UPDATE 1-Hacking team tied to Russia targeted Western 'government entity' in Ukraine -researchers,0.232,0.062,0.879,0.058
11,The Fourth Industrial Revolution's Massive Acceleration Of Progress,0.0,0.0,1.0,0.0
12,"Broad Peak Investment Holdings Ltd. Buys International Game Technology PLC, Pershing Square ...",0.991,0.059,0.936,0.005
13,Microsoft’s Videogame Boss and the Long Battle to Reinvent the Company,0.0,0.0,1.0,0.0
14,Stocks Drop as Jobs Report Increases Rate-Hike Jitters,-0.454,0.0,0.819,0.181
15,"Amazon's ‘cloud business is still holding up' against Microsoft, Google competition: Analyst",0.999,0.14,0.813,0.047
16,"Markets undergoing ‘massive change in rate expectations,’ strategist says",0.0,0.0,1.0,0.0
17,Activision (ATVI) Q4 Earnings Rise Y/Y Despite Top-Line Decline,0.994,0.074,0.923,0.003
18,"Amazon stock soars, Meta falls, Snap skyrockets, Pinterest rises amid flurry of tech earnings",0.178,0.078,0.922,0.0
19,"Apple, Nvidia Lead List Of New Buys By The Best Mutual Funds",0.637,0.149,0.851,0.0
20,"Empirical Finance, LLC Buys Apple Inc, Microsoft Corp, Tesla Inc, Sells Invesco Optimum Yield ...",0.996,0.052,0.945,0.004
21,"Peninsula Wealth, LLC Buys Amazon.com Inc, Microsoft Corp, Visa Inc",0.999,0.139,0.856,0.005
22,"Amazon CEO is the ‘outside insider’ that can push the company to new heights, professor says",0.998,0.122,0.825,0.052
23,"Amazon Surges on Raising U.S. Prime Fee, Strength in Cloud Unit",0.923,0.116,0.807,0.077
