﻿,Titles,Polarity,Positive,Neutral,Negative
0,How Jeff Bezos Became One of the World’s Richest Men,0.296,0.136,0.864,0.0
1,Palantir Might Be Worth the Buy for Patient Investors,0.998,0.129,0.84,0.032
2,Are Stocks in a Bubble?,0.996,0.117,0.868,0.015
3,Game consoles will be harder to find for the holidays than you thought,0.992,0.079,0.867,0.054
4,Where Does Google CEO See Next Trillion Value Coming From?,0.832,0.085,0.865,0.049
5,NVIDIA's (NVDA) Arm Deal Faces In-Depth Security Probe in UK,0.991,0.084,0.881,0.035
6,"Supply shortages: Sony, Microsoft consoles expected to be hard to find this holiday season",-0.34,0.0,0.934,0.066
7,"Microsoft, Bayer Collaborate To Develop Digital Agricultural Tools, Capabilities",0.957,0.115,0.871,0.014
8,"The Zacks Analyst Blog Highlights: Microsoft, Sony, Nintendo, Activision Blizzard, and Electronic Arts",0.999,0.142,0.828,0.03
9,Microsoft differs from competitors with 'targeted' approach to funding employee education,0.998,0.111,0.873,0.017
10,"EU Digital Rules Must Cover Software Platforms, Tech Groups Say",0.417,0.049,0.911,0.04
11,S&amp;P 500 Closes Lower as Cyclicals Stutter,0.92,0.1,0.827,0.073
12,"S&amp;P 500 Flat as Energy, Financials Weigh",0.827,0.1,0.821,0.078
13,BOX Gets Picked by Panasonic for Secure Content Collaboration,0.999,0.191,0.804,0.005
14,3 Monster Breakout Stocks to Buy,0.996,0.112,0.874,0.014
15,Apple Will Sell Parts for Customers to Make Their Own Repairs,0.714,0.068,0.887,0.045
16,Arista (ANET) Joins Microsoft Intelligent Security Association,0.992,0.13,0.836,0.034
17,6 Mega-Cap Stocks That Make Great Stocking Stuffers,1.0,0.13,0.845,0.025
18,Microsoft and Bayer Team Up to Make Digital Tools for Agriculture,0.929,0.093,0.866,0.041
19,Is the Options Market Predicting a Spike in Microsoft (MSFT) Stock?,0.988,0.105,0.877,0.019
20,Here Are The Winners of Metaverse Buzz,0.998,0.133,0.845,0.022
21,Is FlexShares Morningstar U.S. Market Factor Tilt ETF (TILT) a Strong ETF Right Now?,0.995,0.094,0.889,0.017
22,Top 10 Stocks Picks of Apocalyptic Investor Crispin Odey,0.986,0.115,0.807,0.079
23,"Google CEO Sees Company’s Next Trillion in Value From Search, AI",0.981,0.088,0.878,0.034
24,"Metaverse Is a Multitrillion-Dollar Opportunity, Epic CEO Says",0.909,0.068,0.902,0.031
25,Activision’s CEO Is Embattled by Staff and Investors,-0.702,0.081,0.833,0.086
