﻿,Titles,Polarity,Positive,Neutral,Negative
0,Tracking Microsoft's moves beyond software,0.0,0.0,1.0,0.0
1,"MongoDB Jumps After Forecast, Reported Revenue Top Estimates",0.956,0.094,0.871,0.034
2,Microsoft exec outlines how cybersecurity is moving away from old safeguards,0.727,0.174,0.826,0.0
3,Dow Jones Futures: Is Stock Market Correction Over? What To Do Now,0.727,0.293,0.627,0.08
4,"The pandemic has allowed CEOs and employees to see each other's vulnerabilities, analyst says",0.999,0.139,0.835,0.026
5,Do Hedge Funds Love Apple Inc. (AAPL)?,0.996,0.094,0.89,0.016
6,7 Best Gaming Stocks for You to Play Now,0.999,0.105,0.873,0.022
7,10 Growth Stocks Under $20 in Billionaire Ken Fisher’s Portfolio,1.0,0.134,0.86,0.006
8,Metaverse will disrupt human life — here are 7 companies that may win big,0.986,0.073,0.903,0.023
9,"Test Time For Tech As Nvidia, Microsoft, Face Pressure; Tesla Stock Tests Key Level",0.361,0.122,0.878,0.0
10,"Microsoft 'is driven by the cloud' and has more room to run, analyst says",0.878,0.252,0.748,0.0
11,"Aurora promotes Richard Tame to serve as its first CFO, announces other finance positions",0.0,0.0,1.0,0.0
12,Strategist not worried about market shock to Big Tech from 'well-known' Fed moves,0.599,0.154,0.846,0.0
13,"Top Stock Reports for Microsoft, NVIDIA &amp; Medtronic",0.997,0.154,0.825,0.021
14,Microsoft Corporation (MSFT): Hedge Funds Are Snapping Up,0.996,0.086,0.907,0.007
15,Microsoft's stock market value is headed to $3 trillion in under 6 months: analyst,0.996,0.155,0.841,0.004
16,15 Best Stocks to Buy for 2022 According to Analysts,1.0,0.119,0.864,0.017
17,"Jefferies Likes Facebook, Apple, Microsoft as Metaverse Plays",-0.448,0.0,0.802,0.198
18,Microsoft CEO Satya Nadella 'changed the direction of the company': Analyst,0.998,0.101,0.876,0.023
19,"There's a 'tinge' toward value stocks right now, strategist says",-0.12,0.078,0.83,0.092
20,Microsoft is the 2021 Yahoo Finance Company of the Year,0.802,0.507,0.493,0.0
21,How Microsoft saved itself from social media scrutiny,0.642,0.045,0.928,0.027
22,"What we get right, and wrong, with our Company of the Year",0.994,0.091,0.876,0.033
23,"Dow Jones Rallies, Tech Stocks Sell Off; Lucid Plunges 15% On SEC Probe; Tesla Falls To Key Support",0.0,0.0,1.0,0.0
24,Microsoft is Yahoo Finance’s Company of the Year 2021,0.995,0.088,0.885,0.027
25,Why Microsoft avoided antitrust scrutiny that plagued other tech giants in 2021,0.983,0.097,0.828,0.075
26,Yahoo Finance's Company of the Year: Microsoft,0.986,0.097,0.88,0.024
27,Microsoft (MSFT) to Support CVS Health's Digital Transformation,0.998,0.167,0.833,0.0
28,Could This Mega-Cap Tech Stock Still Have Lots of Upside?,0.0,0.0,1.0,0.0
29,Dow Jones Futures Rally; Bitcoin Stumbles; Lucid Dives On SEC Probe; Tesla Falls To Key Support,0.402,0.105,0.895,0.0
30,Amazon (AMZN) Expands Cloud Offerings With AWS Cloud WAN,0.999,0.161,0.838,0.002
31,"Dow Jones Futures Rise As Techs, Bitcoin Fall: Apple, Tesla At Key Levels; Lucid Dives On SEC Probe",-0.238,0.0,0.933,0.067
32,Should Invesco Dividend Achievers ETF (PFM) Be on Your Investing Radar?,0.996,0.131,0.837,0.032
33,Former Lyft CFO Roberts Joins Crypto Startup OpenSea,0.993,0.118,0.832,0.05
34,Samsung Sued by Caltech Over Alleged Wi-Fi Patent Infringement,-0.7,0.047,0.829,0.124
