﻿,Titles,Polarity,Positive,Neutral,Negative
0,Microsoft (MSFT) Outpaces Stock Market Gains: What You Should Know,0.991,0.093,0.907,0.0
1,10 Top Hedge Funds Focusing on ESG and Impact Investing,1.0,0.097,0.886,0.017
2,Is Microsoft Stock A Buy Ahead Of Software Giant's June-Quarter Earnings Report?,0.586,0.128,0.872,0.0
3,Apple Shares Surge to Record High as Rally Picks Up Steam,0.994,0.152,0.831,0.016
4,The JEDI reboot allows U.S. to correct its mistake,0.637,0.256,0.744,0.0
5,Mozilla Study Alleges YouTube Search Algorithm Violates Own Policies: WSJ,0.791,0.045,0.944,0.01
6,Factbox-Six things to know about the Pentagon's defunct JEDI contract,0.991,0.146,0.803,0.051
7,Amazon CEO Andy Jassy is inheriting a behemoth that is under siege,0.994,0.091,0.876,0.033
8,"Mega caps love plunging yields, meme stock Newegg doubles",0.0,0.0,1.0,0.0
9,Amazon Shares Leap 4.7% as Pentagon Cancels $10B JEDI Cloud Contract with Microsoft – Report,0.992,0.174,0.759,0.067
10,"Dow Jones Rallies As Yields Dive; Tesla Stock Extends Losses, While Amazon, Apple, Shopify In Buy Zones",-0.103,0.075,0.833,0.092
11,"Dow Jones Slides As Yields Dive; Tesla Stock Extends Losses, While Amazon, Apple, Shopify In Buy Zones",-0.103,0.075,0.833,0.092
12,"Pentagon cancels cloud contract, Universal films head to Peacock, Chobani to go public",0.296,0.102,0.851,0.047
13,Microsoft (MSFT) Faces Blow as DoD Abandons $10B JEDI Deal,0.998,0.147,0.826,0.027
14,"Big tech rally: Amazon at record high, Apple extends gains",0.671,0.206,0.794,0.0
15,"Company News for Jul 7, 2021",0.992,0.242,0.74,0.017
16,10 Best Dividend Stocks to Buy According to ‘English Warren Buffett’ Terry Smith,1.0,0.115,0.847,0.038
17,America’s Stocks Have Lost Their Exceptionalism (Except Big Tech),0.586,0.22,0.78,0.0
18,Amazon’s Jeff Bezos Is Getting Richer—and You Can Too,-0.612,0.0,0.861,0.139
19,A Company Called Mmhmm Just Raised $100 Million,0.998,0.113,0.864,0.023
20,5 Stocks to Watch as the Pentagon Eyes Bidders for Its JWCC Program,0.0,0.0,1.0,0.0
21,"Dow Jones Futures: Crude Oil Rebounds, Treasury Yields Keep Falling; Amazon, Shopify Lead 5 Techs In Buy Zones",-0.153,0.13,0.753,0.116
22,These Top-10 Robinhood Stocks Are Anything But Crazy Picks,0.296,0.029,0.971,0.0
23,"Pentagon Opts to Split Cloud Deal Between Microsoft, Amazon",0.128,0.046,0.954,0.0
24,"Shell, Sunnova Rise Premarket; Didi Global Falls",0.962,0.1,0.855,0.045
25,"Organized Chaos, Growth Concerns, COVID Variant, Trading Amazon and Microsoft",0.612,0.277,0.625,0.098
26,U.S. Futures Edge Higher; FOMC Minutes Dominate,-0.953,0.054,0.864,0.082
27,"JOLTS, Fed Minutes, China Listing Crackdown - What's Moving Markets",0.994,0.114,0.825,0.061
28,Amazon Notches Comeback Win in Years-Long Pentagon Cloud Battle,0.996,0.136,0.803,0.061
29,The pandemic is inspiring Kickstarter and Unilever to test four-day workweeks — but will it hurt productivity?,0.0,0.0,1.0,0.0
30,Russian hackers reportedly targeted Republican National Committee,-0.382,0.059,0.82,0.121
