﻿,Titles,Polarity,Positive,Neutral,Negative
0,"Buy, Sell, or Hold the News From Zoom, Microsoft, and More?",-0.7,0.057,0.767,0.176
1,"Apple Supplier Foxconn: Chip Supply Shortage Will Hurt Shipments, Last Through 2022",-0.99,0.018,0.868,0.114
2,Billionaire Chris Rokos’ Top 10 Stock Picks,0.999,0.091,0.894,0.015
3,Dow Jones Dips As Treasury Yields Rise; Apple Falls As Tech Struggles; Google Parent Upgraded,0.202,0.073,0.927,0.0
4,30 million people worldwide acquire digital skills during COVID-19,0.998,0.115,0.884,0.001
5,Tech Stocks Roundup: Jim Cramer Is 'Moving On' From Peloton,0.202,0.091,0.909,0.0
