﻿,Titles,Polarity,Positive,Neutral,Negative
0,Microsoft’s Stock Price Hit New All-Time High After Office 365 Hike,0.989,0.104,0.891,0.005
1,"Duke Energy Partners With Accenture, Microsoft For Methane-Emissions Monitoring Platform",0.93,0.095,0.878,0.027
2,These Are The 5 Best Tech Stocks To Buy Or Watch Now,0.904,0.379,0.621,0.0
3,This Is Why Microsoft and Nvidia Were Up on Friday,0.671,0.094,0.906,0.0
4,"Stock Market News for Aug 23, 2021",0.995,0.133,0.829,0.038
5,Duke Energy teams with Accenture and Microsoft to develop first-of-its-kind methane-emissions monitoring platform,0.999,0.153,0.837,0.01
6,"Phunware Steams Up Hybrid Work Initiatives After Facebook, Salesforce",0.966,0.129,0.844,0.028
7,Amazon (AMZN) Strengthens AWS Services Portfolio With MemoryDB,0.998,0.179,0.797,0.024
8,4 Stocks to Watch Amid Growing IoT Adoption Within Retail,0.999,0.173,0.824,0.002
9,What Microsoft's Office Price Increase Means for Investors,0.69,0.283,0.651,0.065
