﻿,Titles,Polarity,Positive,Neutral,Negative
0,"Dow Jones Futures: President Biden Set To Pick Fed Chief As Market Rally Diverges With Apple, Tesla, Amazon, Nvidia Soaring; Time To Buy Rivian?",0.0,0.0,1.0,0.0
1,Want to Become a Better Dividend Investor? Follow These 5 Tips,0.999,0.138,0.834,0.028
2,Black Friday tech deals: Tips for what to buy and what to avoid,0.999,0.135,0.825,0.04
3,"DOD Sends Solicitations For JWCC Contract To AWS, Microsoft, Google, Oracle",0.402,0.07,0.891,0.039
4,Why the stock market is still the best place to be: strategist,0.985,0.105,0.867,0.028
5,"Amazon, Microsoft, Google, Oracle Solicited by DOD for Cloud",0.296,0.151,0.849,0.0
6,Black Friday: What you should avoid buying,0.34,0.076,0.924,0.0
7,‘Good old-fashioned stock picking is coming back into vogue’: Strategist,0.718,0.191,0.747,0.062
8,Nvidia’s latest earnings report is the ‘nail in the coffin’ for $40 billion ARM deal: Analyst,0.997,0.116,0.849,0.035
9,"Pentagon seeks bids from Amazon, Microsoft, Google and Oracle for major cloud contract",0.44,0.114,0.886,0.0
10,Amazon stock rises on Starbucks store collaboration,0.988,0.127,0.855,0.018
11,DOD picks multiple vendors to bid on massive cloud contract,-0.511,0.0,0.829,0.171
12,DOD splits massive cloud contract among multiple vendors,0.052,0.161,0.688,0.151
13,Is Microsoft (MSFT) Still a Great Investment Choice?,0.95,0.078,0.9,0.022
14,"Apple speeds up autonomous car project, crypto group outbid for Constitution copy, Activision allegations draw Xbox concern",0.0,0.0,1.0,0.0
15,The Biden administration is ‘waiting too long’ on the Fed chair nomination: Analyst,-0.052,0.059,0.876,0.065
16,10 New Stock Picks of Billionaire Stanley Druckenmiller,1.0,0.131,0.857,0.012
17,"Nasdaq Eases From Record, But Growth Jitters Lift Tech",0.997,0.175,0.77,0.055
18,2 Winning ETFs to Bolster Your Retirement Portfolio,0.898,0.161,0.839,0.0
19,Alphabet (GOOGL) Boosts Google Meet Reach Via New Feature,0.999,0.149,0.846,0.005
20,Why This Islamic-Guided Fund Avoids Tesla But Outperforms,0.778,0.228,0.772,0.0
21,The Apple Car Is Coming and Tesla Had Better Watch Out,0.958,0.084,0.873,0.043
22,10 Best Motley Fool Stocks To Buy Now,0.999,0.135,0.818,0.047
23,11 Best Stocks To Buy For The Rest of 2021,1.0,0.137,0.834,0.029
24,11 Best Autonomous Vehicle Stocks To Buy Now,0.998,0.087,0.904,0.009
25,"Activision Steadies After Fresh Slump on Pressure From Sony, Microsoft",-0.927,0.032,0.887,0.081
