﻿,Titles,Polarity,Positive,Neutral,Negative
0,Investors Waiting For the “Buy” Signal in Snowflake Stock,0.998,0.146,0.806,0.048
1,Itron (ITRI) &amp; Microsoft Partner to Speed Up Cloud Adoption,0.998,0.183,0.805,0.012
2,Mega-cap stocks slide this week as retail and chip sectors tank,0.0,0.0,1.0,0.0
3,Cybersecurity Report Finds Microsoft Censoring Politically Sensitive Chinese Names In US Searches,0.837,0.082,0.865,0.053
4,Reasons to Hold DocuSign (DOCU) Stock in Your Portfolio For Now,0.994,0.133,0.86,0.007
5,Market check: Stocks open higher amid steep weekly losses,0.0,0.0,1.0,0.0
6,Dow Jones Rallies As China Cuts Key Interest Rate; Ross Stores Plummets 22% On Earnings,-0.25,0.111,0.704,0.185
7,Top 10 Small-Cap Stocks With Highest Upside Potential,1.0,0.138,0.85,0.012
8,Here's How Microsoft Addressed Complaints From Smaller European Cloud Companies,0.974,0.128,0.83,0.041
9,Apple and Microsoft Stocks Rise as Rough Week for Big Tech Ends,0.0,0.0,1.0,0.0
