﻿,Titles,Polarity,Positive,Neutral,Negative
0,Why Nuance Communications Stock Surged Today,0.735,0.141,0.833,0.026
1,"SHAREHOLDER ALERT: Rigrodsky Law, P.A. Announces Investigation of Nuance Communications, Inc. Buyout",0.751,0.091,0.86,0.049
2,"SHAREHOLDER ALERT: WeissLaw LLP Investigates Nuance Communications, Inc.",0.906,0.125,0.801,0.074
3,Microsoft's $19.7B Nuance deal shows it's going after the 'golden ticket' of health care,0.999,0.16,0.82,0.02
4,Microsoft buys Nuance Communications for $19.6 billion,0.0,0.0,1.0,0.0
5,"Jim Cramer's Mad Money Recap: Nvidia, Microsoft",0.294,0.113,0.819,0.067
6,Jim Cramer: Here's Why I Love Tech,0.887,0.139,0.861,0.0
7,icrosoft Deal Lifts Nuance Stock; Tesla Gets an Upgrade,0.619,0.089,0.863,0.048
8,"Microsoft’s $19.7 billion deal for Nuance is a steal, but rivals could jump in to offer more, analyst says",0.202,0.079,0.921,0.0
9,Dow Jones Slips As Powell Warns Of 'Overvalued' Assets; Tesla Stock Surges On This,0.0,0.0,1.0,0.0
10,Microsoft acquires Nuance in $16B deal,0.296,0.068,0.932,0.0
11,ETFs to Gain From Microsoft's AI Voice Provider Nuance Buyout,0.998,0.113,0.873,0.014
12,Microsoft makes $20bn bet on speech AI firm Nuance,0.994,0.14,0.847,0.014
13,Dow Jones Slips Amid Powell Pledge; Tesla Stock Surges On This Tech; Microsoft Rallies On Deal,0.0,0.0,1.0,0.0
14,Here's Why Microsoft Just Spent $19.7 Billion to Acquire Nuance Communications,0.459,0.083,0.879,0.038
15,"Billionaire Chamath Palihapitiya’s Portfolio, Stock Picks and Investment Ideas",1.0,0.11,0.88,0.01
16,Microsoft $19.7 billion deal for Nuance is a ‘no brainer’— and could be a steal,0.202,0.079,0.921,0.0
17,Analyst on Microsoft's healthcare push: 'This is one of many steps',0.0,0.0,1.0,0.0
18,Is Microsoft (MSFT) Outperforming Other Computer and Technology Stocks This Year?,0.992,0.122,0.863,0.015
19,Inflation Fears Surge,0.991,0.104,0.887,0.009
20,Microsoft Makes a $19.7 Billion Bet on Digital Healthcare.  Why Deal for Nuance Is a ‘Strategic No-Brainer.’,0.361,0.049,0.951,0.0
21,Stock Market Today With Jim Cramer: Nuance Deal Windfall for Microsoft,0.459,0.12,0.88,0.0
22,Microsoft (MSFT) Reportedly Mulling to Buy Nuance for $16B,0.998,0.141,0.847,0.012
23,Let's Consider All the Nuance(s) of Microsoft's Bid,-0.077,0.035,0.927,0.039
24,Microsoft confirms deal to purchase Nuance for $19.7 billion,0.511,0.35,0.65,0.0
25,(NUAN): Johnson Fistel Investigates Proposed Sale of Nuance Communications; Are Shareholders Getting a Fair Deal?,0.981,0.128,0.841,0.031
26,Dow retreats slightly as stock-market investors ready for first-quarter earnings; Microsoft to buy Nuance in $16 billion deal,0.477,0.054,0.913,0.033
27,Microsoft Confirms Nuance Communications Acquisition For $19.7B,0.389,0.061,0.896,0.043
28,Microsoft buys Nuance Communications for $16 billion,0.998,0.155,0.84,0.004
29,Microsoft Acquisition Of Nuance Called Strategic 'No Brainer' Move,-0.153,0.063,0.855,0.082
30,Microsoft Will Pay $19.7 Billion for Speech-Recognition Company Nuance,0.925,0.068,0.918,0.014
31,Microsoft to Buy Nuance for $19.7 Billion in Health-Care Bet,0.997,0.109,0.879,0.012
32,"Nuance Communications Soars on Microsoft Buyout, Alibaba Gains, and the Stock Market Is Ticking Lower",-0.296,0.0,0.939,0.061
33,Microsoft to buy AI firm Nuance Communications for about $16 billion in healthcare push,0.96,0.092,0.891,0.017
34,Microsoft accelerates industry cloud strategy for healthcare with the acquisition of Nuance,0.999,0.104,0.875,0.021
35,"The Zacks Analyst Blog Highlights: Micron Tech, Google, Texas Instruments, Qorvo and Microsoft",1.0,0.133,0.852,0.015
36,"The Zacks Analyst Blog Highlights: Sony, NVIDIA, Microsoft, Google and Deere",1.0,0.132,0.855,0.012
37,"LIVE: Jim Cramer on Microsoft, Powell, and Bitcoin",0.44,0.083,0.89,0.027
38,Oracle’s Years-Long Washington Offense Ends in Trio of Defeats,0.995,0.097,0.85,0.053
39,Microsoft Buys Nuance in $20 Billion Cloud Healthcare Deal,0.0,0.0,1.0,0.0
40,Nuance Communications Surges on 'No Brainer' Microsoft Takeover Talks,0.273,0.084,0.916,0.0
41,Microsoft Set To Acquire Nuance For $16B – Report,0.989,0.117,0.861,0.022
42,"Microsoft, Nuance, Alibaba and Matsuyama - 5 Things You Must Know Monday",0.649,0.164,0.836,0.0
43,Microsoft Makes Big Bet on Health-Care AI Technology With Nuance,0.997,0.101,0.89,0.009
