﻿,Titles,Polarity,Positive,Neutral,Negative
0,"Buffett's Berkshire buys Activision Blizzard, cuts healthcare positions",0.796,0.035,0.965,0.0
1,Microsoft employees will start returning to the office Feb. 28,0.422,0.157,0.843,0.0
2,10 Technology Dividend Stocks with Over 4% Yield,0.999,0.124,0.867,0.009
3,"7 Stocks to Love for a Long, Long Time",1.0,0.149,0.798,0.054
4,These 5 tech stocks — including small caps you probably don’t know — can lead the sector’s comeback,-0.143,0.116,0.74,0.144
5,7 Dividend Aristocrats That Could Outpace This Volatile Market,1.0,0.11,0.877,0.013
6,10 Best Social Commerce Stocks To Buy,0.999,0.117,0.855,0.028
7,Microsoft Returning to the Office on Feb. 28 as Covid Cases Decline,0.886,0.098,0.843,0.058
8,10 Energy Stocks to Buy According to Joe Huber’s Huber Capital Management,1.0,0.116,0.877,0.007
9,Here's Why BofA Calls Roblox 'Category Leader' In The Emerging Metaverse Media Category,-0.153,0.028,0.942,0.03
10,Why many Fortune 500 companies are embracing Web3,0.0,0.0,1.0,0.0
11,10 New Stock Picks of Ken Fisher,1.0,0.152,0.824,0.024
12,Jim Simons’ Quant Hedge Fund Is Selling These 10 Stocks,1.0,0.12,0.855,0.024
13,Best Growth Stocks to Buy Now for February 2022,0.999,0.198,0.771,0.032
14,Real Estate Roundup: AerCap relocating US HQ to 830 Brickell from LA,0.0,0.0,1.0,0.0
15,What The Rock's arms and the S&amp;P 500 all have in common: Morning Brief,0.999,0.105,0.854,0.041
