﻿,Titles,Polarity,Positive,Neutral,Negative
0,Why Microsoft Stock Is up 21.8% in the First Half of 2021,0.649,0.112,0.888,0.0
1,Nintendo’s Higher-Priced Switch Tests Desire for Bigger OLED Screen,0.995,0.113,0.845,0.043
2,US STOCKS-S&amp;P 500 ends higher after Powell lulls market,0.996,0.128,0.837,0.034
3,10 Best African Stocks to Invest In,1.0,0.113,0.85,0.037
4,Microsoft cofounder Paul Allen's lavish spread lists for $55.5 million,0.944,0.07,0.911,0.018
5,Checking in on Microsoft as It Reaches a Long-Term Price Target,0.572,0.082,0.918,0.0
6,10 Best Machine Learning Stocks to Invest In,1.0,0.117,0.854,0.029
7,Microsoft Brings Windows OS To The Cloud Via Windows 365 Launch,0.968,0.126,0.874,0.0
8,Dow Jones Fades Ahead Of Powell Testimony; Why Apple Is Hitting A New High Today,-0.296,0.0,0.905,0.095
9,Should You Buy Confluent Stock Now?,0.572,0.176,0.824,0.0
10,Dow Jones Slashes Gains As Powell Reassures Investors; Apple Stock Jumps On iPhone News,0.402,0.119,0.881,0.0
11,Microsoft to offer cloud-based version of Windows operating system,0.988,0.105,0.895,0.0
12,Microsoft Readies Cloud Version of Windows for Remote Workers,0.985,0.101,0.892,0.007
13,Microsoft unveils Windows 365 -- ushering in a new category of computing,1.0,0.164,0.831,0.005
14,Microsoft (MSFT) Inks New Collaboration With NEC: Key Takeaways,0.996,0.137,0.854,0.009
15,Dow Jones Rallies As Powell Reassures Investors; Apple Stock Jumps On iPhone News,0.402,0.119,0.881,0.0
16,"The Zacks Analyst Blog Highlights: JPMorgan, Goldman Sachs, Microsoft, AbbVie, and Enbridge",0.996,0.094,0.88,0.026
17,Microsoft Chatbot Spinoff Xiaoice Reaches $1 Billion Valuation,0.965,0.065,0.935,0.0
18,"Wells Fargo, Apple, Microsoft, Broadcom, Jerome Powell - 5 Things You Must Know",0.612,0.143,0.857,0.0
