﻿,Titles,Polarity,Positive,Neutral,Negative
0,Bill Gates has tested positive for COVID-19 and is experiencing mild symptoms,0.984,0.129,0.848,0.023
1,3 Gaming Stocks to Buy on Activision-Blizzard-Induced Dip,0.999,0.131,0.849,0.02
2,Electronic Arts Stock Gains on Excitement Over New Games,0.848,0.261,0.739,0.0
3,Dow Jones Futures: Techs Rise In Volatile Stock Market Action; Has Inflation Fever Peaked?,-0.153,0.0,0.918,0.082
4,10 Most Anticipated Quarterly Earnings Releases to Watch,1.0,0.128,0.852,0.02
5,EA Revenue Forecast Misses Estimates Following Battlefield Flop,0.897,0.097,0.826,0.077
6,"How CEO pay compares to median salaries at Apple, Facebook, Walmart and more",-0.103,0.0,0.935,0.065
7,Stock Market Today: Dow Ends Lower as Wild Moves Continue; Inflation Eyed,0.97,0.097,0.846,0.056
8,"Dow falls, Tesla stock reverses gains, SoFi stock halted on early earnings release",0.0,0.0,1.0,0.0
9,S&amp;P 500 Gives Up Gains as Tech Bid Loses Steam,0.967,0.101,0.841,0.058
10,"Market check: Oil falls, tech stocks post modest gains",0.0,0.0,1.0,0.0
11,10 Penny Stocks to Buy in May,1.0,0.148,0.827,0.024
12,10 Most Popular Mutual Funds on Reddit,1.0,0.134,0.841,0.025
13,10 Return-to-Office Stocks to Buy in 2022,1.0,0.094,0.9,0.007
14,"Stocks rise, oil steadies, BlackRock cuts rating on China assets",0.402,0.132,0.82,0.047
15,Market Sell-Off: 4 Stocks With Attractive Growth and Valuations,0.681,0.12,0.88,0.0
16,"Dow Jones Rebounds After Stock Market Dive; Peloton, Upstart Crash On Earnings",0.0,0.0,1.0,0.0
17,Tech stocks lose over $1 trillion in value over 3 days,0.0,0.0,1.0,0.0
18,FACTBOX-The cyber war between Ukraine and Russia,-0.979,0.035,0.889,0.076
19,"Dow Jones Futures Rebound After Stock Market Dive; Peloton, Upstart Crash On Earnings",0.0,0.0,1.0,0.0
20,Sony Struggles to Make Enough PlayStations as Supply Disrupted,0.962,0.092,0.839,0.069
21,Sony to Buy Back Shares After Earnings Fall Short of Estimates,0.818,0.088,0.834,0.078
22,"Durham named US HQ for tech firm partnering with Microsoft, Amazon",0.0,0.0,1.0,0.0
23,Microsoft to help cover U.S. employees' travel costs for abortion,0.978,0.144,0.828,0.028
