﻿,Titles,Polarity,Positive,Neutral,Negative
0,Billionaire Jorge Paulo Lemann’s Top 10 Stock Picks,1.0,0.129,0.863,0.008
1,Dow Jones Rallies As These Plays Flourish; GameStop Sinks As Tech Stocks Flounder,0.743,0.289,0.711,0.0
2,"Dow Jumps 300 Points But Nasdaq Trips Ahead Of Powell, Yellen; GameStop Crashes",0.0,0.0,1.0,0.0
3,Bull Call Spread For Microsoft Stock Takes Advantage Of Low Volatility,0.0,0.0,1.0,0.0
4,Is Microsoft (MSFT) Outperforming Other Computer and Technology Stocks This Year?,0.995,0.154,0.842,0.004
5,Is this Possible Acquisition a Smart Move for Microsoft?,-0.128,0.055,0.877,0.068
6,10 Biggest Industries in the World in 2021,0.993,0.092,0.849,0.059
7,Microsoft Invests In Canada For Post Pandemic Digital Recovery,0.987,0.156,0.827,0.017
8,Microsoft Announces Significant Investments to Further Canadian Innovation and Growth,1.0,0.196,0.796,0.009
9,Could Appian Be a Millionaire-Maker Stock?,0.878,0.191,0.809,0.0
10,Option Trade: Adding Bullish Exposure To Your Portfolio With Microsoft Stock,0.077,0.059,0.889,0.053
11,Enterprise Use Of Augmented Reality Burns A Path For Consumer Next-Gen Smart Glasses,0.402,0.114,0.886,0.0
12,"Dow Jones Futures Signal Stock Market Rally As Intel Reclaims Buy Point, Lifts Chip-Gear Giants; GME Stock Falls On Earnings",-0.599,0.0,0.824,0.176
13,Why Is Microsoft Interested In Acquiring Discord?,0.915,0.106,0.828,0.066
14,"Morning Bell With Jim Cramer: Wells Fargo, SPACs, Discord",0.128,0.176,0.711,0.113
15,Qualcomm Said To Be Developing Android-Based Nintendo Switch Clone,0.962,0.072,0.918,0.01
16,Dow Jones Futures: Intel Lifts Chips After Market Retreat Slams Leaders; GME Stock Falls On Earnings,-0.599,0.0,0.824,0.176
