﻿,Titles,Polarity,Positive,Neutral,Negative
0,"Dow Jones Futures: Market Rally Gets What It Needs, Not What You Want",0.392,0.122,0.878,0.0
1,Apple and Meta Gave User Data to Hackers Who Used Forged Legal Requests,-0.997,0.064,0.836,0.1
2,Tech workers urge companies to join Ukraine's digital blockade of Russia,-0.958,0.048,0.888,0.063
3,FOCUS-Tech workers urge companies to join Ukraine's digital blockade of Russia,-0.958,0.048,0.889,0.063
4,"Bill Gates Wouldn’t Survive Costa Rica’s Red Tape, Chaves Says",-0.947,0.054,0.855,0.091
5,Sony’s new PlayStation Plus won’t take Microsoft’s game streaming crown,0.997,0.11,0.868,0.022
6,3 reasons why Apple stock is on fire,0.939,0.079,0.871,0.05
7,10 Banking and Finance Stocks to Buy Today According To Rajiv Jain’s GQG Partners,0.998,0.097,0.858,0.045
8,Apple Explores Breakout As Top Funds Bet Big On AAPL Stock,0.318,0.141,0.859,0.0
9,Is SPDR MSCI USA StrategicFactors ETF (QUS) a Strong ETF Right Now?,0.994,0.096,0.881,0.023
10,"Dow Jones Futures Fall After Stocks Jump On Russia-Ukraine Talks; Apple, Dutch Bros Break Out",-0.363,0.071,0.774,0.155
11,This Is My Highest Conviction Stock Among Major Brands,0.402,0.045,0.955,0.0
12,Microsoft Left Out of Big Rally as Investors Balk at High Price Tag,0.971,0.097,0.831,0.072
13,Microsoft's security leader sounds warning about metaverse threats,0.178,0.059,0.941,0.0
14,Grab’s Tech Head Quits for Crypto Gaming Startup Ethlas,0.874,0.089,0.85,0.062
