﻿,Titles,Polarity,Positive,Neutral,Negative
0,Bullish Spread Opportunity For Splunk (SPLK) &amp; Its Enormous Upside Potential,0.996,0.133,0.84,0.027
1,10 Best Roth IRA Stocks To Buy According To Hedge Funds,1.0,0.135,0.836,0.029
2,"Is The Metaverse Just Sci-Fi Hype Or Is It Truly The Next Big Thing For Facebook, Microsoft And Nvidia?",0.361,0.116,0.884,0.0
3,"UPDATE 2-Apple results hit by supply chain woes, Cook says holiday quarter impact will be worse",0.976,0.083,0.879,0.038
4,Tech catalyst will be 'consistency both on the top and bottom line': Market Strategist,0.382,0.115,0.885,0.0
5,Quick Take Technical Analysis: Microsoft Corp,0.663,0.044,0.938,0.018
6,Facebook rebrands as Meta as it bets on the future of the metaverse,0.945,0.093,0.845,0.063
7,Why IronNet Stock Plunged Today,0.935,0.26,0.74,0.0
8,7 Momentum Stocks to Buy ASAP,0.999,0.111,0.863,0.025
9,"In a market full of wild valuations, Bill Gates holds these stocks for the stable income growth",0.996,0.128,0.842,0.029
10,Why Hedge-Fund Bulls and Bears Are Crowding Into the Same Tech Stocks,0.832,0.09,0.844,0.066
11,"The Zacks Analyst Blog Highlights: Microsoft, Alphabet, AMD, Texas Instruments, and Teradyne",1.0,0.168,0.811,0.021
12,"CORRECTED-Microsoft to work with community colleges to fill 250,000 cyber jobs",0.899,0.074,0.893,0.033
13,"Tesla Is Sharply Extended, But Here's A Way To Play The Big EV Rally",0.0,0.0,1.0,0.0
14,Billionaire Stephen Mandel’s Top 10 Stock Picks,0.998,0.099,0.863,0.038
15,3 Stocks to Buy on Dips While Indices Are Breaking Records,0.905,0.088,0.83,0.082
16,Dow Jones Rallies As Apple Jumps Before Earnings; Tesla Races Higher,0.0,0.0,1.0,0.0
17,Age of Empires Is Part of Microsoft’s Bid to Conquer the PC Game World,0.999,0.101,0.862,0.037
18,S&amp;P and Dow Step Back From Record Highs,0.999,0.142,0.84,0.017
19,2 Innovative Growth Stocks Soaring Through the Cloud,0.778,0.264,0.736,0.0
20,"Stock Market News for Oct 28, 2021",0.996,0.129,0.832,0.039
21,3 Stocks That Can Thrive in Periods of High Inflation,0.202,0.096,0.904,0.0
22,3 Stocks To Buy That Are Winning on Earnings,0.996,0.123,0.825,0.051
23,"Dow Jones Futures Rise, Ford Signals Breakout, Tesla Jumps; Here Come Apple Earnings",0.026,0.05,0.902,0.048
24,Microsoft Could Overtake Apple As Most Valued Company Following Stellar Q1,0.989,0.125,0.86,0.016
25,"GM, Ford, and Chrysler Struggles Are Set to Continue",0.296,0.137,0.789,0.074
26,"Counting CO2 is hard and expensive, but tech firms think they have a solution",0.781,0.052,0.913,0.035
27,Top 10 Stocks To Buy According To Thomas Steyer’s Farallon Capital,0.999,0.098,0.886,0.016
28,"Google, Snap and Dozens Of Tech Companies Coordinate New Diversity Push",0.98,0.08,0.874,0.046
29,Cliff Asness’ Portfolio: Top 10 Stock Picks,0.999,0.102,0.877,0.021
30,15 Best Stocks To Invest In Right Now According to Hedge Funds,1.0,0.13,0.848,0.021
31,Samsung Adds to Risky Foldables Bet After Strong Debut,0.982,0.067,0.911,0.022
