﻿,Titles,Polarity,Positive,Neutral,Negative
0,Tesla earnings will be a ‘blockbuster blowout’: 10MinuteStockTrader Founder,0.0,0.0,1.0,0.0
1,Coronavirus update: New masking guidelines likely; India's staggering case surge,0.917,0.078,0.861,0.062
2,Microsoft Nears $2 Trillion Market Cap. Earnings Are Tuesday.,0.0,0.0,1.0,0.0
3,Microsoft Earnings: What to Look for from MSFT,0.71,0.228,0.772,0.0
4,Bots Help Lift Software Leader Near Buy Zone Ahead Of Earnings,0.402,0.124,0.876,0.0
5,"S&amp;P 500, Nasdaq Closes at Record Ahead of Market Moving Earnings",0.944,0.069,0.9,0.032
6,"Microsoft Profit, Tesla Reaction, Consumer Confidence: 3 Things to Watch",0.979,0.098,0.878,0.025
7,"Dow Jones Rallies As Bitcoin Surges Above $54,000; Tesla Jumps Before Earnings, While Coinbase Climbs",0.0,0.0,1.0,0.0
8,The FBI just got permission to break into private computers without consent so it can fight hackers,0.832,0.146,0.823,0.031
9,Big Tech Q1 Earnings Look Strong: ETFs to Play,0.999,0.155,0.833,0.012
10,How Nuance May Alter The Healthcare And AI Playing Field Aas Microsoft Reports Q3 Results,0.996,0.088,0.884,0.028
11,"Dow Rallies As Bitcoin Surges Above $54,000; Tesla Jumps Before Earnings, While Coinbase Climbs",0.0,0.0,1.0,0.0
12,"Investment Arm of World's Second-Largest Reinsurer Swoops In On Nio, Tesla Stock In Q1",0.989,0.138,0.847,0.015
13,"Marquee Names Report Q1 Earnings This Week: TSLA, MSFT, AAPL &amp; More",0.999,0.163,0.816,0.021
14,"Mega-Cap Companies On Tap For Earnings This Week Include Tesla, Apple, Alphabet, Microsoft",0.999,0.127,0.841,0.032
15,"Dow Jones Today, Nasdaq Jump As Boeing, AmEx Rise; Mining Stocks Rally As Copper Nears 10-Year High",0.0,0.0,1.0,0.0
16,Global chip shortage hit these 169 industries: GS,0.951,0.046,0.931,0.023
17,"Dow Jones Today Edges Up, Nasdaq Lags As Boeing, J&amp;J Rise; Mining Stocks Rally As Copper Nears 10-Year High",0.0,0.0,1.0,0.0
18,The Sky’s The Limit For Microsoft,0.939,0.089,0.849,0.062
19,"Stock Market News for Apr 26, 2021",0.996,0.122,0.855,0.023
20,Top 30 Video Games of All Time,1.0,0.138,0.84,0.022
21,CNH Industrial announces senior appointments,0.995,0.1,0.9,0.0
22,Tesla Earnings Kick Off Busy Earnings Week,0.637,0.181,0.819,0.0
23,"Tesla, Microsoft, Bitcoin, 'Nomadland' - 5 Things You Must Know Monday",0.791,0.242,0.758,0.0
