﻿,Titles,Polarity,Positive,Neutral,Negative
0,Jim Cramer: FAANG's Still Got Teeth,-0.042,0.145,0.727,0.128
1,Dow Notches Record Highs as Strength in Cyclicals Offset Tech Drag,0.967,0.12,0.79,0.09
2,"Dow Jones Rallies As Janet Yellen Backs Off Rate Hike Comments; Apple, Tesla Look To Rebound, GM Jumps On Earnings",0.226,0.139,0.861,0.0
3,Check out these stocks: 25 companies that have incredible sales growth — and pricing power,0.493,0.065,0.935,0.0
4,"Dow Jones Falls As Janet Yellen Backs Off Rate Hike Comments; Apple, Tesla Look To Rebound, GM Jumps On Earnings",0.226,0.139,0.861,0.0
5,10 Best Software Stocks to Buy According to Billionaire Paul Tudor Jones,1.0,0.095,0.885,0.021
6,"Dow Remains Near Record Highs as Cyclical Rally, Tech Rebounds",0.801,0.097,0.819,0.084
7,"Zacks Earnings Trends Highlights: Apple, Microsoft, Google, Amazon and Facebook",0.999,0.111,0.867,0.022
8,12 Best Video Game Stocks to Invest in Now,1.0,0.127,0.857,0.016
9,3 Top Artificial Intelligence Stocks to Buy in May,0.807,0.142,0.858,0.0
10,"The Zacks Analyst Blog Highlights: Google, NVIDIA, Microsoft and Facebook",0.999,0.128,0.857,0.015
11,"Dow Jones Futures: Janet Yellen Walks Back Rate Hike Warning; Split Market Rally Returns As Apple, Nvidia Lead Tech Sell-Off",0.202,0.06,0.94,0.0
