﻿,Titles,Polarity,Positive,Neutral,Negative
0,Meta’s Sheryl Sandberg reportedly sought to quash article about Activision CEO,-0.765,0.0,0.761,0.239
1,"Amazon challenges Shopify, Activision Blizzard diversifies board, Skechers signs pickleball winners",0.994,0.1,0.86,0.041
2,Kraft Heinz partners with Microsoft for supply chain upgrade,0.25,0.034,0.966,0.0
3,Stock Market Today: Dow Falls on Tech Tantrum as Powell Tees Up Larger May Hike,-0.348,0.074,0.844,0.082
4,Activision (ATVI) to Report Q1 Earnings: What's in Store?,0.997,0.132,0.85,0.018
5,S&amp;P 500 Slides as Bearish Bets on Tech Resume  After Powell Tees Up 50BPS Hike,0.83,0.092,0.831,0.077
6,Activision Blizzard Diversifies Board by Adding Two Women,-0.886,0.054,0.86,0.086
7,"Tesla stock surges, China stocks under pressure, travel stocks rally",0.0,0.0,1.0,0.0
8,Market strategist: Investor pessimism rises amid ‘tumultuous year’ for stocks,0.128,0.097,0.824,0.079
9,10 Finance Stocks to Buy Today According to Billionaire Israel Englander,1.0,0.134,0.853,0.013
10,9 Healthcare Stocks to Invest In Today According to Stanley Druckenmiller,0.99,0.076,0.88,0.044
11,Roblox Lures Pro Game Developers Who Compete With Coding Kids,0.999,0.121,0.849,0.031
12,Kraft Heinz and Microsoft join forces to accelerate supply chain innovation as part of broader digital transformation,0.995,0.098,0.886,0.017
13,Banning software sales to Russia a ‘case of good and evil:’ Appian CEO,-0.437,0.045,0.909,0.046
14,The World's Most Valuable Companies From 2000 to 2022,0.0,0.0,1.0,0.0
15,PC Game Pass Launches in Five New Countries in Southeast Asia,0.993,0.156,0.806,0.038
