﻿,Titles,Polarity,Positive,Neutral,Negative
0,Dow Jones Futures: Stock Market Rally Rebounds As Treasury Yields Plunge; Adopt This Winning S&amp;P 500 Strategy,0.361,0.171,0.829,0.0
1,3 Big Data Stocks To Watch Today,0.971,0.085,0.888,0.027
2,"Microsoft launches Edge Kids Mode, the first kid-friendly version of a major web browser",0.976,0.055,0.935,0.01
3,10 Best Software Stocks To Buy According To Billionaire Chase Coleman,1.0,0.138,0.849,0.013
4,Better Buy: Microsoft vs. Alphabet,0.026,0.122,0.759,0.118
5,Facebook Inks Renewal Energy Supply Agreement For India's Electrical Grid: Reuters,0.971,0.11,0.877,0.014
6,4 GARP Stocks for a Winning Portfolio,0.999,0.201,0.797,0.002
7,2 Top Cloud Computing Stocks to Buy in 2021,0.318,0.046,0.954,0.0
