﻿,Titles,Polarity,Positive,Neutral,Negative
0,Microsoft (MSFT) Dips More Than Broader Markets: What You Should Know,0.983,0.084,0.894,0.021
1,"As Customers Spend Less, Companies' Balance Sheets Become More Important",0.44,0.09,0.866,0.045
2,Apple prepares to release over 20 products and updates this year,0.993,0.062,0.93,0.008
3,Microsoft Corporation's (NASDAQ:MSFT) Stock Has Been Sliding But Fundamentals Look Strong: Is The Market Wrong?,0.999,0.147,0.84,0.013
4,"Atari turns 50, and the godfather of video games talks about how to change the world",0.0,0.0,1.0,0.0
5,Dow Futures Move Higher Following Negative Session,-0.66,0.075,0.833,0.092
6,UiPath’s Job Cuts Seen as Signal of Increased Focus on Profitability,0.0,0.0,1.0,0.0
7,"Roe overturned, Theranos trial, EPA rights: 3 legal stories to watch",-0.791,0.119,0.764,0.117
8,What the Roe v. Wade ruling means for tech companies and reproductive privacy,0.993,0.085,0.884,0.031
9,6 High-Tech Dividend Stocks to Buy and Hold,0.999,0.115,0.868,0.017
10,"Midterm elections, employer abortion benefits: What to watch in D.C. this week",0.0,0.0,1.0,0.0
11,Microsoft (MSFT) Releases New Gaming Features on Edge Browser,0.998,0.119,0.87,0.011
12,“I Dare All Meme Stock Maniacs”: Cliff Asness’ Short Position on AMC and His Top 10 Picks,1.0,0.127,0.849,0.025
13,"Nasdaq edges lower, Apple and Tesla stocks rise, crypto declines",0.811,0.075,0.879,0.046
14,"Market check: Stocks waver at open, U.S. dollar flags",0.0,0.0,1.0,0.0
15,Companies announce abortion benefits as trigger bans take effect in some states,0.494,0.132,0.868,0.0
16,Will Nvidia Be a Trillion-Dollar Stock by 2025?,0.44,0.116,0.884,0.0
17,2 Stocks That Could Survive the Next Recession,0.869,0.194,0.806,0.0
