﻿,Titles,Polarity,Positive,Neutral,Negative
0,Zoom Slumps as Video-Conferencing Company Cuts Sales Forecast,0.994,0.109,0.844,0.047
1,Big Tech Is Under Pressure To Turn Its Back On Big Oil,0.989,0.129,0.789,0.082
2,"Stocks and sectors close lower on Monday, semiconductor stocks under pressure",-0.202,0.0,0.909,0.091
3,Dow Jones Dives; Tesla Slides After Elon Musk Move; AMC Stock Tumbles As Rival Nears Bankruptcy,0.0,0.0,1.0,0.0
4,5 Cathie Wood Stocks Signaling “The Bear Market Is Over”,0.998,0.132,0.832,0.036
5,Stock Market Today: Dow Slumps as Tech in Crosshairs on Hawkish Fed Fears,-0.823,0.079,0.816,0.105
6,S&amp;P 500 Slips as Rising U.S. Yields Dent Growth Stocks,-0.788,0.085,0.81,0.105
7,2 Stocks Warren Buffett Could Not Stop Buying in the Second Quarter,0.511,0.202,0.798,0.0
8,Zoom’s Post-Pandemic Slowdown Keeps Stock in Check,0.994,0.104,0.838,0.058
9,Fidelity And BlackRock Are Creating More Alternative Investment Funds - Here's Why,0.998,0.115,0.853,0.032
10,Top 10 Stock Picks of Cinctive Capital Management,1.0,0.129,0.847,0.025
11,11 Best Artificial Intelligence Stocks To Buy Now,1.0,0.118,0.851,0.032
12,7 F-Rated Growth Stocks to Sell While You Can,0.999,0.145,0.781,0.074
13,"Giant Fund Sells Apple, Tesla, Microsoft Stock. Here’s What It Bought.",0.097,0.12,0.778,0.102
14,"Asia Hedge Funds Scoop Up Alibaba, Sea After Stock Rout",0.599,0.07,0.878,0.053
