﻿,Titles,Polarity,Positive,Neutral,Negative
0,Investors walking away from tech could be making the ‘mistake of a lifetime’: Expert,0.0,0.0,1.0,0.0
1,Zoom Q1 2022 earnings preview: It’s all about who’s still Zooming,0.955,0.078,0.884,0.038
2,Better Buy: Zoom Video Communications vs. Microsoft,-0.34,0.0,0.956,0.044
3,10 Best Cheap Stocks to Buy Now According to Billionaire Jim Simons,0.999,0.103,0.887,0.01
4,"If I Could Own Only One Stock, This Would Be It",0.918,0.18,0.79,0.03
5,3 Safest Robinhood Stocks You Can Buy Right Now,0.477,0.14,0.86,0.0
6,KKR and CD&amp;R Close to $4.7 Billion Deal to Buy Out Cloudera,0.907,0.071,0.918,0.011
