﻿,Titles,Polarity,Positive,Neutral,Negative
0,Microsoft prepares for 'post-cookie world' with deal for AT&amp;T's Xandr ad unit,0.226,0.106,0.894,0.0
1,MongoDB Poaches Top Amazon Executives to Compete With AWS,0.992,0.097,0.865,0.038
2,"Dow Jones Futures: Stock Market Rallies On Omicron Covid News; Micron, AMD, Tesla, Expedia Lead",0.0,0.0,1.0,0.0
3,10 Healthcare Stocks to Buy According to Tiger Cub Chase Coleman,0.999,0.109,0.864,0.027
4,Intel lays out deadlines for Covid-19 vaccine requirements for employees,0.0,0.0,1.0,0.0
5,AT&amp;T to Sell Xandr Ad Unit to Microsoft,-0.178,0.117,0.726,0.156
6,Another deal for AT&amp;T: Company is selling off Xandr to Microsoft,0.273,0.149,0.851,0.0
7,AT&amp;T Sells Xandr Ad Business to Microsoft for $1 Billion,0.964,0.077,0.896,0.026
8,AT&amp;T to Sell Digital Ad Tech Platform Xandr to Microsoft,0.66,0.278,0.722,0.0
9,QQQ Stock Trading Risks and Rewards,0.71,0.272,0.665,0.063
10,"Microsoft, Apple Suppliers Exposed in Australia Anti-Slavery Law",-0.995,0.04,0.87,0.09
11,AT&amp;T agrees to sell Xandr ad business to Microsoft,0.859,0.13,0.87,0.0
12,Meta Platforms' (FB) Instagram Shows Interest in Entering NFTs,0.997,0.127,0.86,0.014
13,"S&amp;P 500 Snaps 3-Day Losing Streak as Traders Buy Dip in Energy, Tech",0.942,0.08,0.884,0.036
14,10 Dividend Stocks in Billionaire Richard Chilton’s Portfolio,0.997,0.074,0.91,0.016
15,Microsoft's $16 billion Nuance bid gets EU antitrust approval,0.964,0.104,0.886,0.01
16,AT&amp;T to sell Xandr ad unit to Microsoft,0.854,0.087,0.871,0.041
17,ETFs to Make the Most of Oracle-Cerner Deal,0.999,0.154,0.829,0.017
18,AT&amp;T Agrees To Sell Advertising Marketplace Xandr To Microsoft,0.985,0.179,0.809,0.012
19,AT&amp;T Sells Xandr to Microsoft in Retreat From Digital Ad Market,0.914,0.068,0.898,0.035
20,"Dow Jones Surges As Nike Jumps On Earnings; Apple, Nvidia, Tesla Rebound",0.0,0.0,1.0,0.0
21,S&amp;P 500 Jumps as Investors Swoop in on Beaten Down Stocks After Rout,0.94,0.083,0.883,0.034
22,Taboola Launches New Native Bidding Service; Renews Contract With Partner Microsoft,0.982,0.142,0.858,0.0
23,"Oracle (ORCL) to Acquire Cerner for $28B in Cash, Shares Fall",0.997,0.133,0.86,0.007
24,10 Dividend Stocks to Buy According to Billionaire Steve Cohen,0.999,0.108,0.865,0.027
25,S&amp;P 500 Buybacks Set A Record High,0.998,0.054,0.939,0.007
26,"Dow Jones Futures Rally As Nike Jumps On Earnings; Apple, Nvidia, Tesla Set To Rebound",0.511,0.13,0.87,0.0
27,3 Top Trends to Invest in for 2022 (and Beyond),0.202,0.076,0.924,0.0
28,Dow Jones Futures Jump: Is The Stock Market Rally Over? What To Do Now,-0.44,0.0,0.861,0.139
29,7 of the Best ESG Stocks for 2022 to Buy Now That Will Remain Strong,1.0,0.171,0.816,0.013
30,"Nasdaq 19,000, Apple and Microsoft at $3 Trillion and Metaverse Mania",0.202,0.065,0.935,0.0
