﻿,Titles,Polarity,Positive,Neutral,Negative
0,Netflix sheds 1 million users in Q2 — why one analyst says that's still 'good' news,0.984,0.092,0.852,0.056
1,Netflix Lost Fewer Subscribers Than Expected in the Latest Quarter. The Stock Is Higher.,0.66,0.197,0.803,0.0
2,Microsoft debuts workplace social app Viva Engage,0.34,0.124,0.876,0.0
3,UPDATE 1-Activision unit's QA workers file paperwork to form union,0.836,0.054,0.946,0.0
4,Workers at Activision Studio Behind ‘Diablo’ Seek to Unionize,0.979,0.118,0.814,0.068
5,Facebook Internal Memo on Rivals Undercuts Antitrust Defense,0.984,0.1,0.832,0.068
6,"How IBM, Red Hat could capitalize in talent battle with Google, Apple and other Big Tech players",0.422,0.101,0.899,0.0
7,Facebook Internal Memo Undercuts Antitrust Defense,0.946,0.093,0.834,0.073
8,Strong U.S. dollar could weigh on tech earnings,0.0,0.0,1.0,0.0
9,Microsoft launches 'sovereign' cloud for governments,0.911,0.079,0.911,0.01
10,Microsoft debuts workplace social app Viva Engage,0.993,0.082,0.908,0.009
11,"Apple joins Google, other tech companies with plans to slow hiring",-0.098,0.0,0.91,0.09
12,Big Tech’s Margin for Error Has Shrunk,0.382,0.148,0.852,0.0
13,"Market check: Stocks rally, travel names add to gains",0.0,0.0,1.0,0.0
14,Microsoft (MSFT) Earnings Expected to Grow: Should You Buy?,0.998,0.144,0.801,0.055
15,"IBM stock slides despite earnings beat, strong tech demand",0.511,0.231,0.769,0.0
16,Top 10 Multibagger Penny Stocks to Buy in 2022,0.999,0.105,0.874,0.021
17,Microsoft Is a ‘Good Place to Hide’ in a Recession. This Analyst Cut His Price Target Anyway.,-0.593,0.0,0.816,0.184
18,Jefferies Recommends These 6 Defensive Stocks Amid Recession and Inflation,0.997,0.093,0.86,0.047
19,Hosepipes on Roofs Are Keeping UK’s Data Centers Cool,-0.911,0.06,0.851,0.09
20,Tech Stocks Rise After Apple’s Hiring Slowdown,-0.494,0.0,0.873,0.127
21,Microsoft Is ‘Good Place to Hide’ in a Recession. This Analyst Cut His Price Target Anyway.,-0.593,0.0,0.816,0.184
22,Tesla Layoffs Acquires Momentum: Read To Know,0.944,0.085,0.885,0.03
23,3 Best Gaming Stocks to Buy in July,0.998,0.137,0.825,0.038
24,10 Best Dividend Stocks of All Time,1.0,0.11,0.84,0.05
25,7 Best High-Growth Stocks for Young Investors,0.999,0.112,0.865,0.023
26,Japanese Game Maker Nippon Ichi Is Overlooked Winner of Weak Yen,-0.115,0.073,0.853,0.074
27,Netflix Earnings Are Coming. Subscriber Growth Is Still a Worry.,0.834,0.254,0.746,0.0
