﻿,Titles,Polarity,Positive,Neutral,Negative
0,"Dow Jones Futures: Market Rally Clears Key Level On Fed Chief Powell; Microsoft Stock Hits $2 Trillion, Bitcoin Rebounds",0.0,0.0,1.0,0.0
1,"Market Recap: Tuesday, June 22",0.999,0.105,0.862,0.033
2,US STOCKS-Nasdaq ends at record high as Big Tech roars back,0.986,0.081,0.898,0.02
3,Microsoft crosses $2 trillion valuation mark in intraday trading,0.526,0.103,0.845,0.052
4,Microsoft Rises to Join Apple in Exclusive $2 Trillion Club,0.999,0.162,0.81,0.028
5,US STOCKS-Nasdaq ends at record high as Big Tech roars back,0.988,0.096,0.887,0.017
6,LinkedIn China Blocks Academic Researcher Accounts: WSJ,0.902,0.077,0.87,0.053
7,Microsoft Rises to Join Apple in Exclusive $2 Trillion Club,0.999,0.155,0.815,0.03
8,"Dow Jones Up As Microsoft Passes Buy; Bitcoin Strikes Back; GameStop, AMC Gain",0.052,0.093,0.821,0.086
9,US STOCKS-Nasdaq hits record high as Big Tech roars back,0.985,0.08,0.905,0.016
10,Microsoft Is Nearing a $2 Trillion Market Value. Only Apple Is Larger.,0.34,0.088,0.912,0.0
11,Dow Jones Rises; Microsoft Passes Buy As It Eyes $2 Trillion Mark; GameStop Up As AMC Fights,0.052,0.093,0.821,0.086
12,Dow Jones Climbs Ahead Of Fed Testimony; Tech Stocks Lead Market As Microsoft Breaks Out,0.527,0.134,0.866,0.0
13,Nasdaq Closes at Record High as Tech Shines,0.958,0.069,0.901,0.029
14,Is Snowflake Stock A Buy? Software Maker Sets Path To $10 Billion In Revenue By 2028,0.0,0.0,1.0,0.0
15,10 Best Dividend Stocks to Buy Now According to Billionaire Leon Cooperman,1.0,0.125,0.853,0.022
16,Microsoft Hits $2 Trillion,0.813,0.117,0.883,0.0
17,"Dow Jones Reverses, Nasdaq Nears Record High; Microsoft Breaks Out Past New Buy Point",0.0,0.0,1.0,0.0
18,How Salesforce Learned From Microsoft's Mistakes to Dominate in AI,0.586,0.22,0.78,0.0
19,"Dow Jones Falls, Nasdaq Nears Record High; Microsoft Breaks Out Past New Buy Point",0.0,0.0,1.0,0.0
20,"Microsoft Breaks Out As AI, Cloud Acquisition Lifts MSFT Stock",0.557,0.18,0.82,0.0
21,"Dow Jones Today, Stocks Wobble Ahead Of Powell Testimony; Bitcoin Dives; Splunk, CrowdStrike Rally",0.0,0.0,1.0,0.0
22,"Amazon’s breakup faces ‘long odds,’ says 'Amazon Unbound' author Brad Stone",0.969,0.109,0.813,0.079
23,S&amp;P 500  Inches Higher Ahead of Powell,0.989,0.106,0.87,0.024
24,Dow Jones Today At A Crossroads; Futures Slip Ahead Of Powell Testimony; Bitcoin Erases 2021 Gains,0.0,0.0,1.0,0.0
25,Confluent IPO: 5 things to know about the ‘data-in-motion’ platform,0.0,0.0,1.0,0.0
26,"3 PC Stocks That Turned $10,000 Into Millions",0.898,0.195,0.805,0.0
27,Nintendo Does This Better Than Any Other Gaming Console Maker,0.0,0.0,1.0,0.0
28,4 Stocks to Make the Most of Solid Demand for Mobile Gaming,0.999,0.156,0.838,0.006
29,Dow Jones Futures Fall After 586-Point Surge; Nasdaq Closes In On Record Highs; 5 Stocks To Buy And Watch,-0.296,0.0,0.922,0.078
30,MicroVision Slides on News of $140 Million Equity Offering,0.494,0.186,0.814,0.0
31,Cerence Could Dip Before Longer-Term Gains Are Seen,-0.273,0.0,0.969,0.031
