﻿,Titles,Polarity,Positive,Neutral,Negative
0,Why DLocal Stock Crashed This Week,0.919,0.155,0.827,0.017
1,"Previewing Big Tech Earnings: Apple, Microsoft and Other Giants",0.998,0.096,0.886,0.018
2,Momentum in Azure Cloud to Aid Microsoft (MSFT) Q1 Earnings,0.999,0.13,0.856,0.014
3,Dow Jones Rallies As Tesla Hits Record Highs; Donald Trump SPAC Soars 189%,0.0,0.0,1.0,0.0
4,Nancy Pelosi Stock Portfolio: 10 Stocks To Consider,1.0,0.13,0.854,0.016
5,"Ribbon (RBBN) Deploys Direct Routing, Revamps Paltel's Network",0.998,0.144,0.853,0.003
6,Dow Jones Futures Rise As Intel Dives; Snap Crashes On Earnings; Donald Trump SPAC Soars 85%,0.0,0.0,1.0,0.0
7,"The Zacks Analyst Blog Highlights: Sony, Nintendo, Microsoft, Electronic Arts and Activision Blizzard",0.999,0.131,0.857,0.011
8,"Apple, Microsoft Lead This Top Tech Stock Play Near Buy Point Ahead Of Earnings",0.0,0.0,1.0,0.0
9,Tencent Relaxes Selective Content Access Following Regulatory Crackdown: Bloomberg,-0.572,0.033,0.919,0.047
10,10 Stocks to Buy According to Bluegrass Capital Partners,1.0,0.13,0.858,0.012
11,"Alibaba Stock Is Sizzling Now, But It Is Going to Fizzle Soon",0.89,0.064,0.896,0.04
12,Accenture CEO: Companies lag on gender diversity because they see 'an HR issue as opposed to a business issue’,0.999,0.2,0.787,0.013
13,Tencent Blames WeChat Access for Search Engines on Loophole,-0.872,0.031,0.915,0.054
14,UPDATE 1-Tencent's WeChat makes content searchable on Google and Bing,0.8,0.062,0.895,0.043
