﻿,Titles,Polarity,Positive,Neutral,Negative
0,Microsoft Raised Its Dividend. Here’s How It Compares To The Biggest S&amp;P 500 Firms.,0.44,0.121,0.879,0.0
1,"Amazon, Microsoft Swoop In on $24 Billion India Farm-Data Trove",0.995,0.104,0.849,0.047
2,Dow Jones Dips As Growth Stocks Surge; Fed Chair Powell Orders Ethics Review; 3 Stocks Pass Buy Points,-0.34,0.0,0.897,0.103
3,Dow Jones Lags As Growth Stocks Lead; Leader Flashes Buy Point On Retail Data; 3 Stocks Offer Entries,-0.34,0.0,0.897,0.103
4,No Return-to-Office Date? Remote Productivity Software Market Set for Growth,0.998,0.143,0.848,0.009
5,Microsoft Stock Showing Strength Ahead Of Windows 11 Release,0.494,0.158,0.842,0.0
6,Microsoft (MSFT) Board Approves $60B Share Repurchase Program,-0.296,0.083,0.752,0.165
7,"S&amp;P 500 Closes Down, but Above Lows Despite Fresh Worries of Fed Tightening",-0.842,0.068,0.854,0.078
8,Why Chinese Stock Luokung Popped 34% This Morning,0.422,0.226,0.774,0.0
9,"S&amp;P 500 Off Session Lows, but Surprise Rise in Retail Sales Stokes Fed Fears",-0.834,0.1,0.786,0.114
10,Image verification tech key to battling misinformation: Microsoft venture arm exec,0.893,0.091,0.839,0.07
11,C3.ai's (AI) Energy Management &amp; Ex Machina Selected By Ball,0.999,0.218,0.778,0.005
12,"Top 10 Stock Picks of Ryan Frick’s Dorsal Capital: Facebook, Snap and More",0.999,0.093,0.894,0.013
13,Luokung Shares Jump As eMapgo Partners Microsoft For Autonomous Driving Services,0.952,0.098,0.902,0.0
14,"Metaverse raises ‘scary’ question on surveillance of users, ex-Google exec says",0.991,0.101,0.866,0.033
15,3 Stocks You Can Keep Forever,0.91,0.23,0.753,0.016
16,"Company News for Sep 16, 2021",0.985,0.186,0.803,0.01
17,Wejo and Palantir Make Headway in Revolutionizing Mobility Through Data,1.0,0.125,0.841,0.034
18,Metaverse raises ‘scary’ question on surveillance of users: Kai-Fu Lee,0.99,0.158,0.821,0.021
19,Criminal Hacking Is on the Rise. Microsoft’s President Says This Is How to Fight It.,-0.402,0.071,0.788,0.141
20,Forget fourth stimulus — these stocks offer income checks growing as fast as 11%,0.997,0.146,0.849,0.005
