﻿,Titles,Polarity,Positive,Neutral,Negative
0,Why These 10 Stocks Are Moving on Tuesday,0.986,0.075,0.905,0.02
1,Microsoft Is a High-Quality Name with a Premium Price Tag,0.999,0.137,0.847,0.016
2,Starter Stock Portfolio: 10 Large-Cap Stocks To Buy,1.0,0.134,0.84,0.026
3,"Dow Jones Gains As Apple Stock, Microsoft Rally; Tesla Stock Falls After Elon Musk Reveals This",0.0,0.0,1.0,0.0
4,7 Stocks to Set Your Sights on as the ‘Hyperinflation’ Debate Stirs Up,1.0,0.121,0.845,0.035
5,Facebook to Shut Down Use of Facial Recognition Technology,0.961,0.1,0.862,0.038
6,What's in Store for Fidelity National's (FIS) Q3 Earnings?,0.998,0.118,0.877,0.005
7,Wall Street Rides Bullish Earnings to Record Highs,0.94,0.085,0.87,0.045
8,Microsoft is Launching Tools to Build Metaverse for Businesses,0.917,0.24,0.76,0.0
9,Microsoft rolls out new tech to connect its cloud to rivals,0.931,0.073,0.908,0.019
10,Tencent-Backed Epic Games Shuts Down Fortnite's Chinese Version,0.932,0.106,0.873,0.021
11,"Microsoft’s Own Metaverse Is Coming, and It Will Have PowerPoint",0.987,0.076,0.893,0.031
12,Here's What You Should Know Ahead of PTC's Q4 Earnings Release,0.998,0.143,0.847,0.01
13,Dow Jones Rallies As Tesla Falls On Hertz Deal Uncertainty,0.0,0.0,1.0,0.0
14,"Yahoo, Like Microsoft’s LinkedIn, Is Leaving China",0.273,0.193,0.807,0.0
15,"Dow Jones Today Flattens, Nasdaq Gains As Musk Tweet Dunks Tesla; Gartner, Arista, Univar Rally On Earnings",-0.052,0.0,0.946,0.054
16,Why Shares of Microsoft Climbed by 17.6% in October,0.557,0.246,0.669,0.085
17,"Dow Jones Today Rises, Nasdaq Futures Slip As Musk Tweet Dunks Tesla; Gartner, Arista, Univar Rally; Microsoft's New Buy Rating",0.318,0.101,0.85,0.049
18,"Microsoft, GOOGL Stock And Top IPOs Lead IBD 50 In Stock Market Rally",0.296,0.104,0.896,0.0
19,10 Best Stocks To Buy Today,1.0,0.149,0.836,0.016
20,"Dow Jones Futures Rally As Tesla Skids On Elon Musk Tweet, Vehicle Recall",0.0,0.0,1.0,0.0
21,"Got $5,000? 3 Tech Stocks to Buy and Hold For the Long Term",0.715,0.165,0.798,0.037
22,Dow Jones Futures Fall As Tesla Skids On Elon Musk Tweet,0.0,0.0,1.0,0.0
23,Tech Stocks Roundup: Facebook Changes Company Name to Meta,0.612,0.24,0.76,0.0
24,"Apple, Amazon, Google, Microsoft and Meta's Earnings: What Stood Out",0.052,0.227,0.556,0.217
25,"Gaming Profits Flow to Apple (AAPL), at Least for Now",0.468,0.192,0.808,0.0
