﻿,Titles,Polarity,Positive,Neutral,Negative
0,Cisco CEO predicts 'some version' of Biden's gigantic infrastructure proposal will pass,0.991,0.113,0.849,0.038
1,We must balance higher corporate taxes with the need to stay competitive globally: Cisco CEO,0.996,0.131,0.846,0.024
2,Analyst Ratings for Microsoft,0.91,0.068,0.908,0.024
3,Cisco CEO on Biden’s recovery proposal: 'Modern technology infrastructure is a must',1.0,0.137,0.833,0.03
4,Cisco CEO on next-gen tech post-pandemic,0.0,0.0,1.0,0.0
5,Nokia (NOK) Strengthens Market Position With Multiple Deals,0.999,0.176,0.82,0.004
6,Microsoft (MSFT) to Invest in Boosting Cloud Presence in Canada,0.998,0.153,0.837,0.01
7,"Cognizant (CTSH) Expands Automotive Footprint, Buys ESG Mobility",0.996,0.156,0.844,0.0
8,"What You Need to Know In Options this Week: Netflix, Tesla, Lululemon, Blackberry, Chewy, Gamestop, SPY And More",0.959,0.042,0.944,0.013
9,Next Stock Market Crash: 2 Bulletproof Value Stocks to Buy,-0.625,0.0,0.779,0.221
10,"These 6 Dividend Stocks Pay $82 Billion a Year, Combined, to Their Shareholders",0.361,0.043,0.957,0.0
11,"Zoom, Other WFH Tech Darlings, Risk User Exodus as the World Reopens",0.984,0.068,0.911,0.021
