﻿,Titles,Polarity,Positive,Neutral,Negative
0,Is Most-Watched Stock Microsoft Corporation (MSFT) Worth Betting on Now?,0.999,0.129,0.865,0.006
1,The 7 Safest Blue-Chip Dividend Stocks to Buy for the Rest of 2022,0.999,0.129,0.843,0.028
2,Qatar Wealth Fund Invests in Celonis at $13 Billion Valuation,0.901,0.064,0.907,0.03
3,3 Surefire Investments You'll Thank Yourself For Later,0.671,0.308,0.586,0.106
4,"Podcast: Meredith Leapley on Microsoft accelerator partnership, diversity in real estate (podcast)",0.0,0.0,1.0,0.0
