﻿,Titles,Polarity,Positive,Neutral,Negative
0,Snowflake Drops on Forecast for Slowing Product Sales Growth,0.959,0.074,0.914,0.012
1,Apple CEO Tim Cook is right — A more open iPhone could carry a hidden cost for consumers,0.934,0.067,0.877,0.056
2,Jim Cramer: Google's Healthcare Deal With HCA Is Huge,0.666,0.182,0.818,0.0
3,’We’ve innovated to the point where’ the climate impact can be lessened in crypto: Charles Hoskinson,0.273,0.044,0.956,0.0
4,"S&amp;P 500 Closes Slightly Higher as Consumer, Energy Stocks Advance",0.988,0.141,0.804,0.055
5,Amdocs (DOX) &amp; Microsoft Team Up to Drive Cloud Transformations,0.997,0.131,0.862,0.006
6,Top 10 Stock Picks of Barry Ritholtz and Josh Brown,0.999,0.104,0.858,0.039
7,S&amp;P 500 Climbs as Consumer Stocks Shine,0.984,0.14,0.793,0.067
8,"UPDATE 1-Leonardo, Microsoft team up to help digitalize Italy's public systems",0.964,0.126,0.864,0.01
9,"Leonardo, Microsoft team up to help digitalize Italy's public systems",0.964,0.128,0.861,0.01
10,Investors Boost Bets on Timber-Carbon Market,-0.296,0.0,0.932,0.068
11,4 Stocks to Watch Amid Rising Adoption of IoT,0.999,0.179,0.821,0.0
