﻿,Titles,Polarity,Positive,Neutral,Negative
0,"Microsoft, Sabey commit to greenhouse gas cuts under new federal program",0.743,0.233,0.767,0.0
1,Russia-Ukraine war: The companies that have taken action so far,-0.516,0.061,0.879,0.06
2,"Zoom signals an end to pandemic boom times, and the stock is falling",0.565,0.177,0.823,0.0
3,"Markets are 'at heightened risk' amid inflation, Fed rate hikes, and Russia-Ukraine war: Strategist",0.382,0.115,0.833,0.051
4,"Texas Competes, SXSW speak out against Gov. Abbott's order to treat transgender care as child abuse",0.494,0.04,0.96,0.0
5,Buy and Hold SPDR S&amp;P 500 Stock for the Next 3 to 5 Years,0.995,0.116,0.831,0.053
6,The Funded: Spark Capital raised $2.1B for two new funds targeting early and growth stage startups,0.0,0.0,1.0,0.0
7,"Microsoft to remove RT apps, ban Russian state-owned media ads",-0.382,0.044,0.905,0.051
8,"Market check: Nasdaq, Russell 2000 turn positive, Tesla stock jumps",0.0,0.0,1.0,0.0
9,Ukraine War and Sanctions Could Affect These 10 US Stocks,-0.351,0.064,0.874,0.062
10,Top 10 Millennial And Gen Z Stock Picks: Should You Buy Them Too?,0.287,0.097,0.903,0.0
11,Jim Cramer Likes These 10 Stocks,0.999,0.133,0.795,0.071
12,Dow Jones Futures Pare 'Swift' Market Losses; West Targets Russia Banks Amid Ukraine Invasion,0.0,0.0,1.0,0.0
13,Where Will Microsoft Be in 5 Years?,0.922,0.28,0.72,0.0
14,"Want $1 Million in Retirement? Invest $250,000 in These 3 Stocks and Wait a Decade",0.925,0.251,0.749,0.0
15,What Were the 'Browser Wars'?,-0.84,0.0,0.679,0.321
16,Microsoft Targets 5G Wireless Networks to Make Its Cloud Faster,0.809,0.053,0.913,0.034
