﻿,Titles,Polarity,Positive,Neutral,Negative
0,7 Top Metaverse Stocks with Massive Potential,0.999,0.102,0.895,0.003
1,Internet Explorer shutdown to cause Japan problems ‘for months’,-0.412,0.0,0.929,0.071
2,Time to Buy These Blue Chip Tech Stocks at Big Discounts and Hold?,0.976,0.11,0.823,0.067
3,Two Big Winners of a $200 Billion Market,0.998,0.118,0.832,0.05
4,"Markets close week with gains, tech stocks rally to the upside",0.0,0.0,1.0,0.0
5,How tech giants will help workers obtain 'critical health care' post-Roe,0.983,0.097,0.874,0.029
6,"Markets see third-best week of 2022, software stocks among biggest gainers",0.0,0.0,1.0,0.0
7,Abortion: How corporate America is responding to the Supreme Court ruling,0.0,0.0,1.0,0.0
8,Supreme Court overturns Roe v. Wade: How some of America's biggest companies are responding,0.996,0.123,0.855,0.022
9,'This is America taking a big step backward': Business leaders react to Roe v. Wade,0.98,0.069,0.901,0.03
10,"Disney, Amazon, Netflix among companies offering travel benefits to obtain abortions",0.818,0.309,0.691,0.0
11,Next Big Issue for Software Stocks Will Be Sharp Cuts in Earnings Estimates,-0.409,0.037,0.835,0.128
12,10 Value Stocks to Buy According to Billionaire David Tepper,1.0,0.119,0.851,0.03
13,How the Supreme Court Roe v. Wade decision impacts women in the workforce,0.991,0.106,0.88,0.015
14,"Supreme Court’s abortion ruling has a ‘huge impact on businesses,’ expert says",0.557,0.122,0.878,0.0
15,Missouri becomes 1st state to end abortion access after Supreme Court ruling,0.557,0.141,0.859,0.0
16,"S&amp;P 500 on track to snap 3-week losing streak, bitcoin price pops",0.0,0.0,1.0,0.0
17,ESG Investing: 7 Profitable Stock Picks for the Socially Responsible,0.999,0.116,0.866,0.018
18,Netflix (NFLX) Continues to Fire Employees to Cut Costs,0.959,0.069,0.889,0.042
19,"Market check: Stocks open higher, ARKK extends gains, Russell to rebalance indices",0.0,0.0,1.0,0.0
20,Microsoft’s Powerful Free Cash Flow Will Power MSFT Stock Higher,0.996,0.096,0.897,0.007
21,Microsoft Stock Today: How The RSI Momentum Tool Helped Confirm Its Top,0.839,0.149,0.821,0.03
22,"Got $2,500? 2 Top Stocks That You Can Buy and Hold for a Lifetime",0.361,0.21,0.663,0.127
23,"FedEx, Netflix, Microsoft Rise Premarket; Smith &amp; Wesson Falls",-0.893,0.046,0.863,0.092
