﻿,Titles,Polarity,Positive,Neutral,Negative
0,MS Global Franchise Fund's Top 5 Buys of the 4th Quarter,0.999,0.14,0.832,0.028
1,Why Fiverr Stock Is Soaring Today,0.919,0.275,0.725,0.0
2,IGEL And Wipro Collaborate To Fast-track Cloud Workspaces Delivery Within Hybrid Work Environments,0.948,0.096,0.904,0.0
3,"How these teens are having fun in today’s stock market, and, for the most part, making money",0.477,0.107,0.893,0.0
4,4 Top Stocks Poised to Gain From Upbeat Jobs Scenario,1.0,0.175,0.812,0.013
5,Why Goldman Sachs is now super bullish on Microsoft and Salesforce,0.995,0.118,0.855,0.027
6,"Adding $1,000 to These 3 Stocks Would Be a Brilliant Move Right Now",0.44,0.077,0.923,0.0
7,"China’s Microsoft Hack, Russia’s SolarWinds Attack Threaten to Overwhelm U.S.",-0.995,0.059,0.828,0.113
