﻿,Titles,Polarity,Positive,Neutral,Negative
0,Amazon stock could be a powerful investment the next five years: Top analyst,0.997,0.177,0.811,0.012
1,UPDATE 2-Xbox chief evaluating console maker's relationship with embattled Activision,-0.943,0.05,0.822,0.128
2,Xbox Chief Says He’s Evaluating Relationship With Activision,-0.954,0.052,0.86,0.088
3,Grammarly Is Now the 10th Most Valuable U.S. Startup,0.919,0.102,0.847,0.051
4,"Mark Mahaney explains how to pick the best tech stocks, the future of Amazon, and Uber's value",0.422,0.09,0.88,0.03
5,Amazon Is Goldman’s Top U.S. Internet Stock Pick for 2022,0.958,0.126,0.801,0.073
6,"Stock Market News for Nov 18, 2021",0.973,0.114,0.833,0.053
7,"Amazon Cloud Shifts Focus On Health, Auto, Telecom To Beat Microsoft, Google",0.971,0.112,0.883,0.005
8,2 Unstoppable Stocks Set to Crush the Market (Again) in 2022,0.0,0.0,1.0,0.0
9,"Zacks Market Edge Highlights: Microsoft, Cisco, QUALCOMM, NVIDIA and Tesla",0.997,0.111,0.869,0.02
10,A Japanese robot cafe shows how avatars can foster human connection,-0.25,0.049,0.872,0.078
11,12 Best Big Stocks To Invest In,1.0,0.107,0.876,0.016
