﻿,Titles,Polarity,Positive,Neutral,Negative
0,Tech stocks powered the S&amp;P 500 index to a monster performance in 2021,0.178,0.082,0.918,0.0
1,4 Great GARP Stocks to Get for Growth at a Reasonable Price,0.999,0.139,0.838,0.023
2,7 Stocks That Top the Wall Street Favorites List Heading Into 2022,1.0,0.153,0.831,0.016
3,3 Charts That Show Why the Dow Could Keep Underperforming the S&amp;P 500 and Nasdaq in 2022,0.593,0.081,0.889,0.03
4,"S&amp;P 500, Dow Notch Record Closes as Healthcare Shines",0.402,0.055,0.893,0.051
5,4 Long-Term Investments You'll Thank Yourself for Later,0.502,0.056,0.944,0.0
6,Reasons to Hold DocuSign (DOCU) Stock in Your Portfolio,0.997,0.141,0.854,0.005
7,Buy These 4 Popular Robinhood Stocks for 2022,0.999,0.164,0.816,0.02
8,These are tech’s 10 megatrends for 2022 — and the stocks to buy,0.928,0.2,0.768,0.032
9,3 Blockchain Stocks Poised for Big Returns in 2022,0.998,0.167,0.814,0.019
10,Dow Jones Rises; Tesla Rallies — Is Elon Musk Through Selling Shares?,0.0,0.0,1.0,0.0
11,5 Top-Notch Tech Stocks to Beat Nasdaq in 2022,0.999,0.147,0.834,0.018
12,Dow Jones Futures Rise; Tesla Rallies — Is Elon Musk Through Selling Shares?,0.0,0.0,1.0,0.0
13,Dow Jones Futures Slip; Tesla Rallies — Is Musk Through Selling Shares?,0.0,0.0,1.0,0.0
14,"Alphabet, Microsoft Invest In Their Cloud Customers",0.34,0.124,0.876,0.0
15,Stock Market Crash Coming? 7 Wall Street Pros Make Their Predictions,0.999,0.116,0.847,0.037
16,"Harris Quietly Taps Wall Street, Tech CEOs for Advice on Policy",0.995,0.081,0.889,0.03
