﻿,Titles,Polarity,Positive,Neutral,Negative
0,"Dow Jones Futures: Market Rally At Key Level As Sell-Off Intensifies On Inflation Fears; Apple, Microsoft, Tesla, Amazon Break Support",-0.637,0.102,0.602,0.297
1,Wall Street Pondering Ugly Outcomes for Sky-High Tech Shares,0.992,0.089,0.879,0.032
2,"Dow Jones Dips, Nasdaq Dives; Fed Official Makes Inflation Pledge; Bears Maul Tech Stocks",-0.422,0.0,0.896,0.104
3,"Dow Jones Sells Off 460 Points As Inflation Fears Boost Bond Yields, Maul Stocks",-0.612,0.0,0.8,0.2
4,S&amp;P 500 Slumps as Tech Bulls Scatter Amid Inflation Tsunami Worries,-0.144,0.056,0.889,0.055
5,WFH opens up companies to more cyber threats: Microsoft,-0.7,0.0,0.792,0.208
6,Will Bill Gates’ Divorce Affect These Stocks?,0.999,0.1,0.885,0.015
7,Orbbec and Microsoft Set the Future Direction for 3D Cameras,0.997,0.13,0.867,0.002
8,Micro Focus and Microsoft Collaborate to Deliver Cloud and Digital Transformation Strategies for Government Agencies,0.992,0.109,0.875,0.015
9,Better Buy: Microsoft vs. Oracle,-0.262,0.034,0.891,0.075
10,3 Stocks That Could Be Worth More Than Apple by 2035,0.44,0.172,0.828,0.0
11,Internet Computer: Fast-Rising Crypto Challenging Amazon and Microsoft,0.927,0.082,0.881,0.037
12,SoftBank’s $17.7 Billion Profit Sets New Record in Japan,0.998,0.138,0.841,0.021
