﻿,Titles,Polarity,Positive,Neutral,Negative
0,Couple bilked investors out of $5 million after claiming they invented software to rival Microsoft that one employee called a ‘heap of junk’,0.0,0.0,1.0,0.0
1,"The 9-to-5 as we know it is over, Microsoft CEO says. That’s not a good thing",0.988,0.097,0.863,0.039
2,Dow Futures Tick Higher As Inflation Surges to 41-Year Highs,0.477,0.066,0.874,0.06
3,10 Best Micro-Cap Stocks to Buy According to Hedge Funds,1.0,0.135,0.846,0.019
4,Ignore the metaverse. The real value in gaming is intellectual property,0.928,0.445,0.555,0.0
5,Apple CEO Tim Cook warns against antitrust legislation at privacy conference,0.977,0.091,0.852,0.057
6,Apple’s Cook Says Circumventing App Store Would Harm User Privacy,-0.772,0.054,0.871,0.074
7,Meta (FB) Tests Tools to Sell Digital Assets in Virtual Reality,0.996,0.113,0.874,0.013
8,This $40 Billion Hedge Fund Loves These 10 Stocks,1.0,0.138,0.832,0.03
9,Dow Jones Rallies After Key Inflation Report As White House Warns Of 'Extraordinarily Elevated' Inflation,0.0,0.0,1.0,0.0
10,Boomer couple bilked investors out of $5 million after claiming they had invented software to rival Microsoft that one employee called a ‘heap of junk’,0.0,0.0,1.0,0.0
11,Dow Jones Climbs After Key Inflation Report As White House Warns Of 'Extraordinarily Elevated' Inflation,0.0,0.0,1.0,0.0
12,Dow Jones Futures Climb After Key Inflation Report As White House Warned Of 'Extraordinarily Elevated' Inflation,0.0,0.0,1.0,0.0
13,Dow Jones Futures Rise Ahead Of Key Inflation Report As White House Warns Of 'Extraordinarily Elevated' Inflation,0.0,0.0,1.0,0.0
14,"CPI Day, Runaway Inflation, Bond Yields, Trading Microsoft, Nvidia, AMD and More",0.557,0.126,0.874,0.0
15,Entrepreneur Behind Microsoft's Wunderlist Raised $11M - Read Why,0.95,0.103,0.87,0.027
16,Microsoft Customers Decry Cloud Contracts That Sideline Rivals,0.989,0.083,0.853,0.065
