﻿,Titles,Polarity,Positive,Neutral,Negative
0,"Fintech Spotlight: Nasdaq Democratizes Information, Fuels On-Demand Finance Trend",0.996,0.107,0.884,0.01
1,Quisitive Technology Posts 169% Revenue Growth For Full Year 2020,0.992,0.167,0.789,0.044
2,Small businesses 'had to become digital' amid COVID-19: Facebook VP,0.0,0.0,1.0,0.0
3,Why Microsoft Wants to Buy Nuance,0.245,0.077,0.86,0.063
4,Microsoft Earnings Next Week Could Drive the Stock to a New Record,0.0,0.0,1.0,0.0
5,Billionaire Steve Cohen’s Top 10 Small-Cap Stock Picks,0.999,0.09,0.902,0.009
6,Dish Stock Is Trading Higher As It Selects Cloud Provider AWS For 5G Network,0.842,0.056,0.919,0.025
7,Google Ethical AI Group’s Turmoil Began Long Before Public Unraveling,0.992,0.083,0.843,0.073
8,Billionaire Steve Cohen’s Top 10 Small-Cap Stock Picks,0.999,0.104,0.878,0.018
9,Derek Chauvin verdict sparks response from corporate America: 'Radical changes' still needed,-0.912,0.136,0.726,0.137
10,Here's How Microsoft (MSFT) Looks Ahead of Q3 Earnings Release,0.999,0.15,0.834,0.017
11,"Messaging App Discord Calls Off Talks With Microsoft, Others",-0.671,0.082,0.774,0.145
12,"Dow Jones Futures: Netflix Dives On Subscriber Miss, Chip Giant ASML Rallies After Market Retreat Slams Leaders",-0.44,0.0,0.884,0.116
13,5 Sustainable Stocks to Snap Up Ahead of Earth Day,0.999,0.131,0.843,0.026
14,"Dow Jones Futures: Netflix Dives On Subscriber Miss, Chip Giant ASML Rallies After Market Retreat Slams Leaders",-0.44,0.0,0.884,0.116
15,"Tech Stocks Roundup: AppLovin Nasdaq Debut, Peloton Slumps",0.202,0.091,0.909,0.0
16,Facebook has ‘a lot more work to do’ to bring non-white people into leadership positions: Carolyn Everson,0.934,0.087,0.891,0.022
17,Romanian Programmer Turns ‘Crazy Idea’ Into $6 Billion Fortune,0.983,0.08,0.896,0.024
18,Discord ends sale talks with Microsoft - sources,-0.919,0.026,0.911,0.063
