﻿,Titles,Polarity,Positive,Neutral,Negative
0,"Facebook, Alphabet Poised for Bigger Fines Over Russia Content",-0.994,0.047,0.853,0.099
1,Top 10 Stocks to Invest in Based on Traci Lerner’s Chescapmanager LLC’s Portfolio,1.0,0.116,0.854,0.031
2,Megacap Tech Selloff Hits $600 Billion After Nasdaq 100’s Peak,-0.623,0.061,0.868,0.071
3,Texas Startups Mount Fight Against Abortion Ban—Except Big Tech,0.893,0.088,0.838,0.074
4,"Dow Jones Dives, Nasdaq Loses Support As China Property Fears Sink Stock Market",-0.422,0.0,0.872,0.128
5,S&amp;P 500 Falls as China Credit Contagion Fears Deepen September Slide,-0.956,0.098,0.777,0.125
6,How Do You Handle A Long-term Leader Like Microsoft,0.361,0.152,0.848,0.0
7,10 Pharmaceutical Stocks to Buy Today According to Tiger Cub Billionaire Lee Ainslie,0.999,0.082,0.905,0.013
8,Amazon Grows Climate Coalition Ahead of U.N. General Assembly,0.391,0.095,0.839,0.066
9,S&amp;P Slumps as China Contagion Fears Trigger Spike in Volatility,-0.984,0.08,0.78,0.14
10,SAP Rolls Out New Product Footprint Management Solution,0.997,0.16,0.815,0.025
11,4 Stocks to Benefit From Continued Demand for AI,0.999,0.13,0.868,0.002
12,Dow Jones Futures Dive On China Default Fears With Stock Market Rally At Turning Point; What To Do Now,-0.422,0.0,0.903,0.097
13,Microsoft's (NASDAQ:MSFT) Dividend Will Be Increased To US$0.62,0.994,0.122,0.856,0.022
14,Gates Raises $1 Billion as Corporate CEOs Join Race to Scale Clean Tech,0.993,0.087,0.886,0.027
