﻿,Titles,Polarity,Positive,Neutral,Negative
0,Why DocuSign Stock Climbed Today,0.893,0.241,0.759,0.0
1,A new four-day work week experiment begins in the U.K. on June 6 — here’s what to know,0.0,0.0,1.0,0.0
2,These 10 Stocks Are Getting Crushed Today,0.988,0.08,0.867,0.053
3,Markets are 'waiting to see what the earnings picture looks like': Strategist,0.44,0.115,0.885,0.0
4,Microsoft’s AR/VR chief is out and the change may have deeper implications for the metaverse,-0.262,0.0,0.915,0.085
5,Microsoft is One of Six Stocks on Wells Fargo's Software List,0.026,0.033,0.936,0.031
6,Congress’s Big Tech Crackdown Quickens With Rare Show of Unity,0.992,0.11,0.835,0.055
7,"Ukraine Latest: The Price of War, German Troops to Head East",-0.994,0.084,0.806,0.11
8,"ECB Decision, Meta Trades, DocuSign Earnings: 3 Things to Watch",0.625,0.069,0.867,0.064
9,What’s next for tech stocks as value investing edges out growth trades,0.612,0.185,0.815,0.0
10,Paycom (PAYC) Extends Buyback Plan to Boost Shareholder Value,0.998,0.157,0.833,0.01
11,"P&amp;G, Microsoft announce manufacturing partnership",0.0,0.0,1.0,0.0
12,1 Tech Stock Down 65% to Buy Right Now,0.866,0.148,0.852,0.0
13,The Five Most Dreaded Words at the Office: ‘Let’s Start a Google Doc’,0.422,0.228,0.625,0.147
14,Market check: Stocks edge lower on inflation concerns,0.0,0.0,1.0,0.0
15,DocuSign stock jumps on expanded integration deal with Microsoft,0.0,0.0,1.0,0.0
16,Microsoft Goes Aggressive In Its Protest Against Russia's Ukraine Invasion - Read How,0.978,0.135,0.835,0.03
17,"Midday Movers: Moderna, Twitter, Campbell Soup and More",0.863,0.087,0.87,0.044
18,Cash Is King for These 2 Big Tech Companies,0.23,0.16,0.702,0.139
19,Microsoft Is Pulling Back Further From Russia After Ukraine Invasion,0.0,0.0,1.0,0.0
20,7 Blue-Chip Stocks to Buy for June 2022,0.999,0.1,0.89,0.011
21,P&amp;G and Microsoft co-innovate to build the future of digital manufacturing,1.0,0.196,0.792,0.011
22,Microsoft to curtail its Russian operations in a move that will affect about 400 employees: Bloomberg,0.0,0.0,1.0,0.0
23,UPDATE 2-Microsoft scales down Russia operations due to Ukraine crisis,-0.153,0.03,0.93,0.04
24,Microsoft scales down Russia operations due to Ukraine crisis,-0.153,0.031,0.927,0.042
25,UK financial regulators to directly oversee cloud services,0.625,0.116,0.83,0.054
26,Microsoft’s Head of Augmented Reality Is Stepping Down,0.0,0.0,1.0,0.0
27,Microsoft’s HoloLens Future in Question After Project Leader Departs,0.975,0.06,0.922,0.018
