﻿,Titles,Polarity,Positive,Neutral,Negative
0,"Dow Jones Futures: Adobe Earnings Strong After Split Stock Market Rally; Amazon, Google Lead 5 Techs Near Buy Points",0.612,0.208,0.792,0.0
1,Microsoft Adds New Features To Office Productivity Suite For Remote Working Corporates: CNBC,0.671,0.044,0.949,0.007
2,A Look at the Largest Sustainable Investing ETF,0.691,0.322,0.678,0.0
3,"Dow Jones Extends Steep Weekly Losses While Nasdaq Proves Resurgent; Apple, Microsoft Lead Blue Chips",0.202,0.115,0.802,0.084
4,‘The future of work has completely shifted’: Why Microsoft has partnered with Headspace,0.963,0.077,0.869,0.053
5,"Dow Jones Slips; Apple Stock, Microsoft Rise As Tech Stocks Charge; AMC Stock Rallies",0.0,0.0,1.0,0.0
6,Why Appian Stock Was Climbing Higher Today,0.818,0.107,0.876,0.018
7,Microsoft Closes In On Breakout,0.718,0.207,0.793,0.0
8,"TikTok owner ByteDance’s rapid growth, Nadella joins Microsoft board, Gates-backed vaccine fails",0.964,0.114,0.831,0.055
9,AMC and BlackBerry Stocks Are Trending on Robinhood: Should You Buy Them?,0.778,0.167,0.833,0.0
10,Office Workers Don’t Want to Return and Microsoft Has Software for That,0.996,0.128,0.855,0.017
11,Microsoft CEO Nadella Adds Chairman’s Title,0.494,0.132,0.868,0.0
12,The Vexing Tech Challenge of Fighting Ransomware: A Battle of Milliseconds,-0.976,0.072,0.838,0.09
13,"Tech Stocks Roundup: Cramer Believes in FAANG, Microsoft, Snap",0.202,0.087,0.913,0.0
14,"Federal Reserve, Microsoft's Nadella, CureVac - 5 Things You Must Know",-0.382,0.0,0.927,0.073
15,SK Telecom Plans $5 Billion Splurge to Become Korea’s SoftBank,0.999,0.122,0.867,0.012
16,Microsoft chief executive Satya Nadella also takes on role as chair,0.0,0.0,1.0,0.0
17,Microsoft chief Satya Nadella also takes on role as chair,0.0,0.0,1.0,0.0
