﻿,Titles,Polarity,Positive,Neutral,Negative
0,Roblox Stock Rockets After Game Firm Reports Strong Third Quarter,0.743,0.215,0.785,0.0
1,10 Best Stocks Under $11 in Cathie Wood’s Portfolio,0.998,0.106,0.873,0.021
2,"7 Superstocks That Have Returned Over 10,000% in 30 Years",0.999,0.117,0.854,0.029
3,"AMD Wins Meta, Microsoft As Clients, Targets Nvidia With Processors",0.852,0.063,0.925,0.012
4,"Google Parent Alphabet Crosses $2T Mark, Sharing Podium With Apple, Microsoft",0.99,0.132,0.868,0.0
5,The metaverse can’t go mainstream without brick-and-mortar stores,0.402,0.109,0.891,0.0
6,Chipmaker AMD just scored a big deal with Meta,0.961,0.085,0.895,0.02
7,"Google hits $2 trillion market cap, joining ranks of Microsoft and Apple",0.875,0.045,0.942,0.013
8,Why Arista Networks Rose 19.2% in October,0.361,0.094,0.856,0.05
9,"Tom Steyer Takes Aim at Billionaires, Slams Crypto",0.103,0.142,0.735,0.123
10,AMD Soars as Meta Picks Its Data Center Chips for Facebook,0.956,0.104,0.882,0.014
11,Top 10 Stock Picks of Boykin Curry’s Eagle Capital Management,0.999,0.112,0.863,0.026
12,"Google Stock Hits Record High, Joins Apple, Microsoft in $2 Trillion Club",0.542,0.114,0.886,0.0
13,What If Bill Gates Hadn’t Sold His Microsoft Shares?,0.566,0.083,0.854,0.063
14,7 Best Stocks Under $20 According to Billionaire Andreas Halvorsen’s Viking Global,0.998,0.109,0.863,0.028
15,10 Large-Cap Stocks to Buy According to Matthew Tewksbury’s Stevens Capital,0.999,0.111,0.873,0.016
16,Son Personally Lost $1.3 Billion on SoftBank Stock Trading,-0.949,0.024,0.903,0.073
