﻿,Titles,Polarity,Positive,Neutral,Negative
0,"Big-name investors are back putting more ‘junk’ in their funds, despite the carnage in bonds",-0.511,0.0,0.878,0.122
1,Citi Remains Unfazed By Enron Collapse Predictor's Bearishness On These Data Center Stocks,0.981,0.11,0.867,0.023
2,Stock Market Today: Dow Rides Consumer Stocks Higher to Make Strong Start to Q3,0.847,0.08,0.857,0.062
3,Blizzard Entertainment Acquires This Boston-Based Studio For Undisclosed Terms,0.987,0.141,0.835,0.025
4,"Bond markets move to the downside, mega cap tech stocks hold on to gains",0.0,0.0,1.0,0.0
5,Ken Fisher Loves These 10 Defensive Stocks,1.0,0.121,0.862,0.017
6,"GM earnings: ‘It’s a boy that cried wolf,’ analyst says",-0.527,0.064,0.764,0.172
7,Amazon vs. Microsoft Stock: Which is a Better Buy Right Now?,0.422,0.149,0.851,0.0
8,Could UiPath Become the Next Microsoft?,0.0,0.0,1.0,0.0
9,Stock Market Dip: 3 Companies to Buy and Hold for the Long Term,0.966,0.223,0.76,0.017
10,3 Undervalued Blue-Chip Stocks to Buy in July 2022,0.996,0.088,0.892,0.019
11,"Salesforce co-CEO Bret Taylor: Automation is crucial, even amid a slowing economy",0.959,0.092,0.859,0.049
12,7 Retirement Stocks to Buy in July,0.999,0.088,0.893,0.019
13,3 Warren Buffett Stocks to Buy Hand Over Fist in July,0.941,0.18,0.82,0.0
14,Activision Stock Is a Bet on Microsoft’s Takeover. It’s One Worth Making.,-0.511,0.0,0.83,0.17
