﻿,Titles,Polarity,Positive,Neutral,Negative
0,Top 4th-Quarter Buys of Lee Ainslie's Maverick Capital,0.999,0.123,0.861,0.016
1,Progyny Beats As Fertility Clients Jump Amid Pandemic But Outlook Weak,-0.153,0.0,0.873,0.127
2,Top 4th-Quarter Trades of John Rogers' Ariel Investments,0.999,0.136,0.847,0.017
3,Lessons to take from previous market bubbles,0.996,0.077,0.889,0.034
4,IonQ in Talks to Go Public Through Merger with DMY SPAC,0.98,0.084,0.913,0.003
5,Is Arista Networks Stock a Buy?,0.878,0.175,0.825,0.0
6,Is Dropbox Stock a Buy?,-0.459,0.0,0.909,0.091
7,"Dow Jones Futures Rise, Bitcoin Rebounds After Market Rally Makes Stand; Tesla, Square Lead Key Movers",-0.318,0.089,0.734,0.178
