﻿,Titles,Polarity,Positive,Neutral,Negative
0,Colonial Pipeline CEO on paying ransom after hack: ‘Hardest decision I made’,-0.993,0.08,0.789,0.131
1,These are the hottest stock sectors for Wall Street right now — and analysts’ favorite ways to play them,0.929,0.351,0.604,0.045
2,S&amp;P 500 Continues Holding Pattern Ahead of Inflation Data,0.981,0.093,0.884,0.023
3,10 Best Stocks to Buy Now According to Bill Gates,1.0,0.127,0.853,0.021
4,Why the Hybrid Workplace Is a Cybersecurity Nightmare,0.527,0.155,0.845,0.0
5,S&amp;P 500 in Sideways Action; Clover Health Rides Meme Wave Higher,0.991,0.11,0.865,0.025
6,Archrock Selects Infosys (INFY) to Integrate Digital Technology,0.996,0.137,0.847,0.016
7,Earnings Growth &amp; Price Strength Make Microsoft (MSFT) a Stock to Watch,0.998,0.126,0.874,0.0
8,30 Best Jobs for 18 Year Old College Students,1.0,0.176,0.807,0.017
9,Jackware: A new type of ransomware could be 10 times as dangerous,-1.0,0.072,0.771,0.158
10,Alibaba Kicks Off Spending Spree With $1 Billion for Cloud,0.993,0.115,0.866,0.02
11,Apple Launching FaceTime for Android and Windows Users,0.791,0.089,0.911,0.0
