﻿,Titles,Polarity,Positive,Neutral,Negative
0,Microsoft's diversity numbers at executive level show improvement,0.494,0.16,0.84,0.0
1,Intel Falls as Forecast Shows Costly Path to Regain Dominance,0.408,0.059,0.889,0.052
2,"Why Apple, FedEx, Microsoft Stocks Look Ready For Bullish Continuation",0.852,0.069,0.873,0.058
3,Consumer Electronics Buyers Seeing Out-Of-Stock Messages This Holiday Season,0.273,0.127,0.798,0.075
4,What to Expect Ahead of Microsoft (MSFT) Q1 Earnings Release?,0.999,0.151,0.833,0.016
5,"S&amp;P 500 Notches New All-Time High as Big Tech, Tesla Shine",0.93,0.078,0.875,0.047
6,11 Safe Stocks To Buy According To Hedge Funds,1.0,0.152,0.83,0.018
7,Checking In on the Retail Sector,0.0,0.0,1.0,0.0
8,S&amp;P 500 Fights Back From Session Lows to Keep Record in Sight,0.361,0.059,0.889,0.052
9,Microsoft Surface Duo 2 review: A two-screen phone that’s not quite ready,0.998,0.11,0.851,0.039
10,"Google Partner Epam Near Buy As Fintech, Neobanks Alter Financial Landscape",0.0,0.0,1.0,0.0
11,"The Zacks Analyst Blog Highlights: Taiwan Semiconductor, Netflix, Microsoft, Advanced Micro Devices and Amazon",1.0,0.17,0.802,0.028
12,2 Unstoppable Stocks to Buy and Hold for Decades,0.762,0.127,0.873,0.0
13,"The Zacks Analyst Blog Highlights: Microsoft, Mastercard, Pfizer, PepsiCo and Merck",0.998,0.14,0.827,0.032
14,Dan Loeb’s Third Point is Selling These 10 Stocks,0.993,0.075,0.912,0.013
15,Pinterest Deal Would Top the Charts in a Record Year of Tech M&amp;A,-0.318,0.053,0.884,0.063
16,Influencers with Andy Serwer: Julie Sweet,0.459,0.083,0.917,0.0
17,Kat Norton’s spiritual journey to becoming a Microsoft Excel influencer,0.0,0.0,1.0,0.0
18,Facebook Spent $5.1 Million Lobbying as Whistleblower Leaks Spark Scrutiny,-0.681,0.077,0.835,0.088
