﻿,Titles,Polarity,Positive,Neutral,Negative
0,Microsoft (MSFT) Outpaces Stock Market Gains: What You Should Know,0.982,0.09,0.879,0.031
1,Tom Keane Announces Leave From Microsoft To Build on The World’s Computer,0.997,0.118,0.861,0.02
2,"Market check: Stocks pare losses after early selling, U.S. dollar soars",0.273,0.062,0.938,0.0
3,Alphabet (GOOGL) Updates Gmail With Material You Redesign,0.997,0.125,0.851,0.023
4,Why Microsoft (MSFT) Could Beat Earnings Estimates Again,0.995,0.154,0.817,0.028
5,"Market check: Energy leads stock losses, bond market moves lower",-0.422,0.0,0.859,0.141
6,Former Microsoft Economist Joins DOJ Antitrust Team as Tech Probes Surge,-0.382,0.075,0.84,0.085
7,You Can't Bank on This Software Firm's Charts,-0.542,0.061,0.835,0.104
8,"Down 30%, Is It Safe to Invest in the Nasdaq Right Now?",0.0,0.0,1.0,0.0
9,6 High-Tech Stocks to Buy That Can Outperform in a Recession,0.999,0.103,0.87,0.027
10,"Market check: Stocks sink, Treasury yields fall as recession fears flash",0.0,0.0,1.0,0.0
11,Denver startup CEO says sale to LexisNexis was ‘the right opportunity’,0.459,0.059,0.916,0.025
12,10 Best Stocks to Buy in 2022 According to Billionaire Richard Chilton,1.0,0.142,0.849,0.009
13,Earnings Season Is Coming. Here’s What It Means for the Stock Market.,0.202,0.087,0.913,0.0
14,Nvidia and 7 More Stocks That Could Get Hurt By a Strong Dollar,-0.026,0.124,0.749,0.127
15,"Amazon, Microsoft, Google Strengthen Grip on Cloud",0.178,0.069,0.931,0.0
16,2 Warren Buffett Stocks That Are Absolutely Trouncing the Stock Market,0.038,0.019,0.981,0.0
17,The Stock Market Just Suffered Its Worst First Half in 50 Years. It's Time to Buy These 3 Stocks,-0.625,0.034,0.881,0.086
18,7 Large-Cap Stocks With Sustained Dividend Growth Potential,1.0,0.183,0.8,0.017
19,8 Stocks That Could Get Hurt By a Strong Dollar,-0.026,0.124,0.749,0.127
20,Bosses Offer Midyear Raises to Retain Employees as Inflation Takes Toll,-0.103,0.0,0.949,0.051
21,Carillon Tower Advisers: “Microsoft (MSFT) Reported Positive Results”,0.991,0.123,0.85,0.028
22,8 Stocks Investors Might Want to Avoid as the Dollar Grows Stronger,-0.026,0.124,0.749,0.127
