﻿,Titles,Polarity,Positive,Neutral,Negative
0,Stock Market Today: Dow Jumps Despite Rising Fed-Hike Bets; Meme Stocks Return,0.979,0.107,0.85,0.043
1,Nvidia Unveils Data-Center Chips Aimed at Stretching Its Lead in AI,0.99,0.101,0.868,0.031
2,S&amp;P 500 Takes Aggressive Fed Rate Hike Bets in Stride,0.929,0.097,0.846,0.057
3,"Dow Jones Rallies As Treasury Yields Extend Gains, Nike Jumps On Earnings",0.625,0.212,0.788,0.0
4,Top 10 Blue Chip Stocks to Buy in 2022,1.0,0.118,0.863,0.019
5,"Stock Market News for Mar 22, 2022",0.968,0.108,0.819,0.073
6,ANSYS (ANSS) to Offer Latest EPYC Processors to Cloud Customers,0.999,0.153,0.842,0.005
7,10 Cryptocurrencies Redditors Are Buying for Early Retirement,1.0,0.105,0.876,0.018
8,10 Penny Stocks That Can Explode in 2022,1.0,0.152,0.819,0.029
9,Okta Shares Fall After Hacking Group Lapsus$ Claims Data Breach,0.693,0.08,0.856,0.064
10,Is FlexShares Morningstar U.S. Market Factor Tilt ETF (TILT) a Strong ETF Right Now?,0.996,0.107,0.868,0.025
11,Why Are Okta Shares Trading Lower Today,0.874,0.077,0.887,0.036
12,China asks Microsoft's Bing to pause auto-suggest feature again,0.983,0.08,0.898,0.022
