﻿,Titles,Polarity,Positive,Neutral,Negative
0,TD SYNNEX (SNX) Unveils Click-to-Run Virtual Desktop Solution,0.999,0.164,0.832,0.004
1,Meta (FB) Plans to Introduce Virtual Coins to Diversify Income,0.999,0.149,0.842,0.008
2,Alphabet Is Making its Search Even Better,0.992,0.104,0.88,0.016
3,"Stock Market Today: Dow Ends Higher, But Stumbles to Weekly Loss on Tech Wreck",0.066,0.104,0.792,0.104
4,"Amazon's (AMZN) AWS Gets Selected by Boeing, Boosts Clientele",0.998,0.169,0.831,0.0
5,This Beaten-Down Tech Stock Could Pop,0.477,0.142,0.768,0.09
6,Microsoft Warns Russia Regarding Ukraine,0.402,0.109,0.891,0.0
7,Dow Jones Drops As Treasury Yields Continue To Rise; Tesla Falls After 'Cyber Rodeo',0.494,0.174,0.826,0.0
8,Dow Jones Futures Advance As Treasury Yields Continue To Rise; Tesla Climbs After 'Cyber Rodeo',0.202,0.079,0.921,0.0
9,"Will New Buys By The Best Mutual Funds Prop Up These Big-Name, But Pressured Stocks?",0.637,0.154,0.846,0.0
10,7 Hypergrowth Tech Stocks to Buy Before They Rocket,1.0,0.137,0.839,0.023
11,3 Best Artificial Intelligence Stocks to Buy in April,0.691,0.076,0.924,0.0
