﻿,Titles,Polarity,Positive,Neutral,Negative
0,Fastly Cloud Computing Traffic Bumped Higher. That Should Boost the Stock.,0.0,0.0,1.0,0.0
1,"With Netflix Ad Deal, Microsoft Makes a Splash on Madison Avenue",0.511,0.121,0.879,0.0
2,"Digital Transformation? Artificial Intelligence? With These Tools, Even You Could Pull It Off",0.79,0.36,0.64,0.0
3,"Stocks rise as traders mull earnings, favorable consumer data",0.0,0.0,1.0,0.0
4,Dow Jones Rallies After Strong Retail Sales; 4 Key Earnings Reports To Watch,0.649,0.218,0.782,0.0
5,Investors Heavily Search Microsoft Corporation (MSFT): Here is What You Need to Know,0.998,0.125,0.865,0.01
6,Dow Jones Futures Rise After Strong Retail Sales; 4 Key Earnings Reports To Watch,0.649,0.218,0.782,0.0
7,Dow Jones Futures Rise Ahead Of Retail Sales; 4 Key Earnings Reports To Watch,0.25,0.087,0.913,0.0
8,Better Tech Stock: Apple vs. Microsoft,0.956,0.155,0.845,0.0
9,2 Stocks Poised to Bounce Back from the Nasdaq Tech Sell-Off,0.612,0.06,0.94,0.0
10,Did Netflix Make the Wrong Move by Choosing Microsoft?,0.318,0.066,0.934,0.0
11,The Next Subscription War Will Be Sony vs. Microsoft -- Here's Why,-0.318,0.055,0.864,0.08
12,7 Oversold Tech Stocks to Buy for July,0.999,0.103,0.88,0.017
13,Netflix Is Moving Ahead With Its Ad-Supported Version. Should You Buy Now?,0.214,0.029,0.971,0.0
14,3 Top Tech Stocks to Buy for the Long Haul,0.772,0.119,0.867,0.014
15,Tech Workers Long Got What They Wanted. That’s Over.,-0.527,0.0,0.855,0.145
