﻿,Titles,Polarity,Positive,Neutral,Negative
0,"Dow Jones rises above markets losses, tech stocks lag in Thursday's session",0.0,0.0,1.0,0.0
1,"Stocks mixed following Wednesday's rally, tech leaders dip",0.361,0.102,0.898,0.0
2,3 Cheap Stocks to Buy Before the Next Breakout,0.992,0.084,0.905,0.012
3,Stock Market Today: Dow Flat as Rebound in U.S. Yields Drags Down Tech,0.939,0.095,0.847,0.058
4,Silicon Valley CEO: Cloud computing is this century's 'pervasive computing theme',0.991,0.106,0.863,0.031
5,10 Best Tech Stocks to Buy Now According to Lee Munder’s Hedge Fund,0.998,0.086,0.891,0.022
6,10 Best Stocks to Buy According to Thomas Bailard’s Hedge Fund,0.999,0.114,0.874,0.012
7,10 Best Technology Stocks to Buy According to Ian Simm’s Impax Management,0.996,0.082,0.918,0.0
8,10 Biggest SaaS Companies in Europe,0.999,0.095,0.892,0.013
9,Cisco Falls Prey To Cyber Breach Linked To Lapsus$: Report,0.333,0.108,0.797,0.096
10,Samsung Unveils Premium Foldable Smartphones,0.953,0.084,0.9,0.016
11,"Zacks Investment Ideas feature highlights: Microsoft, Alphabet and Advanced Micro Devices",0.999,0.165,0.819,0.017
12,Influencers with Andy Serwer: Bill McDermott,-0.128,0.055,0.879,0.067
13,"Amazon, Alphabet, and Microsoft Are Great Buys -- But So Is This Growth Stock",0.807,0.13,0.87,0.0
14,Google is trying to crack down on phony information in search results,0.986,0.096,0.849,0.055
