﻿,Titles,Polarity,Positive,Neutral,Negative
0,"Amazon Eyeing 'Rebel Alliance' With Dropbox, Slack To Challenge Microsoft: Insider",0.987,0.135,0.838,0.028
1,10 Best Cryptocurrencies to Invest in According to Reddit,1.0,0.157,0.823,0.02
2,Amazon Held Talks About Business App Bundle: Insider,0.815,0.08,0.89,0.03
3,Microsoft (MSFT) Azure Cloud Chosen by AT&amp;T to Run 5G Network,0.998,0.136,0.857,0.007
4,Top 20 Internet Companies in India,0.998,0.083,0.878,0.039
5,AT&amp;T (T) to Move 5G Mobile Network to Microsoft Azure,0.997,0.138,0.855,0.007
6,Will Windows 11 Help or Harm Microsoft Investors?,0.511,0.071,0.929,0.0
7,Is Snowflake Stock A Buy? Software Maker Sets Path To $10 Billion In Revenue By 2028,0.0,0.0,1.0,0.0
8,Tech Stocks Are On Fire Again; How To Play It,0.827,0.235,0.765,0.0
9,German Launch Startup Pitches ‘Taxi’ to Space: Catalyst Update,0.998,0.085,0.879,0.036
10,E-Commerce Innovation Spreading Globally: Catalyst Update,0.992,0.096,0.847,0.057
