﻿,Titles,Polarity,Positive,Neutral,Negative
0,Wharton’s Jeremy Siegel warns that stocks could drop 10% as soon as December — hold fast with these 3 ‘conservative’ tech picks,0.998,0.142,0.828,0.029
1,Facebook planted the idea of the metaverse but Apple can actually populate it,0.691,0.069,0.931,0.0
2,Dow Jones Futures: Stock Market Rebounds As Biden Rules Out New Lockdowns; 4 EV Stocks Race Higher,0.0,0.0,1.0,0.0
3,Twitter Missed Out on Tech Peers’ Rally During Dorsey Era,0.873,0.096,0.844,0.06
4,10 Best Growth Stocks for 2022,1.0,0.184,0.783,0.033
5,5 Tech/Internet ETFs to Buy on Cyber Monday,0.983,0.073,0.894,0.033
6,Dow Jones Jumps 300 Points As Stock Market Rebounds From Friday Rout,0.34,0.107,0.893,0.0
7,C3.ai (AI) to Report Q2 Earnings: What's in the Offing?,0.996,0.134,0.855,0.011
8,10 Online Education Stocks to Buy,1.0,0.122,0.859,0.019
9,Why Is Everyone Talking About Microsoft Stock?,0.459,0.08,0.874,0.046
10,The 7 Best Robinhood Stocks to Buy for December,1.0,0.139,0.807,0.055
11,S&amp;P 500 Rebounds From Friday's Rout as Tech Reigns Supreme,0.079,0.063,0.875,0.062
12,"Dow Jones Up As Apple, Microsoft Lead; EV Stocks Rally As Market Rebounds From Covid Sell-Off",-0.422,0.0,0.887,0.113
13,S&amp;P 500 Jumps as Investors Swoop Into Tech Following Friday's Rout,0.84,0.07,0.877,0.053
14,Omicron May Make Megacap Tech Even More Expensive,0.921,0.101,0.824,0.075
15,Daniel S. Och’s OZ Management Portfolio: Top 10 Stock Picks,1.0,0.135,0.845,0.02
16,"The Zacks Analyst Blog Highlights: Microsoft, JPMorgan, Chevron, Medtronic and Danaher",0.998,0.131,0.849,0.02
