﻿,Titles,Polarity,Positive,Neutral,Negative
0,"Dow Jones Futures: Market Retreat Slams Leaders; Netflix Dives Late On Subscriber Miss, But 3 Stocks Flash Buy Signals",-0.422,0.0,0.817,0.183
1,Will Big-Tech Drive Indices to Record Highs in Q2?,0.997,0.091,0.892,0.017
2,Chat App Discord Ends Takeover Talks With Microsoft,0.496,0.071,0.867,0.062
3,"Apple debuts iPad Pro with high-powered M1 chip, high-end display",0.977,0.05,0.947,0.003
4,"Discord ends talks with potential buyers, including Microsoft",0.807,0.116,0.823,0.061
5,Were Hedge Funds Right About Snapping Up Microsoft Corporation (MSFT)?,0.996,0.086,0.9,0.014
6,Apple debuts incredibly thin iMac with M1 chip,0.993,0.09,0.902,0.008
7,UPDATE 2-Discord ends sale talks with Microsoft - sources,-0.919,0.025,0.913,0.061
8,Is Microsoft Corporation (MSFT) A Smart Long-Term Buy?,0.998,0.163,0.818,0.019
9,Dow Jones Sells Off As Apple Slides Ahead Of 'Spring Loaded' Event; Tesla Jumps On Price Target Boost,0.0,0.0,1.0,0.0
10,Dow Jones Falls As Apple Reverses Ahead Of 'Spring Loaded' Event; Tesla Jumps On Price Target Boost,0.0,0.0,1.0,0.0
11,Microsoft Deal Talks With Gaming-Chat Firm Discord Reportedly End,-0.477,0.0,0.83,0.17
12,"The Zacks Analyst Blog Highlights: Microsoft, JPMorgan, Honeywell International, Novo Nordisk and Starbucks",0.999,0.163,0.798,0.039
