﻿,Titles,Polarity,Positive,Neutral,Negative
0,'Inflation is here to stay': financial adviser,0.953,0.08,0.884,0.036
1,"The metaverse is coming, but Big Tech’s latest obsession needs safeguards",0.993,0.093,0.86,0.047
2,S&amp;P 500 Falls as Weaker Jobs Data Spooks Investors,-0.14,0.062,0.887,0.051
3,LinkedIn must face narrowed U.S. lawsuit claiming it overcharged advertisers,-0.979,0.027,0.867,0.106
4,15 Most Valuable B2B SaaS Companies,1.0,0.144,0.842,0.014
5,Instacart Taps Another Facebook Veteran as Part of Shake Up,0.986,0.082,0.913,0.005
6,S&amp;P 500 Slips As Investors Weigh Mixed Signals on U.S. Economy,0.965,0.084,0.874,0.043
7,Microsoft Exchange Used to Hack Diplomats Before 2021 Breach,-0.994,0.058,0.855,0.087
8,Amazon’s Covid Dilemma: Mandate Vaccinations and Risk Losing Workers,0.99,0.084,0.86,0.056
9,"Paycom's (PAYC) Q2 Earnings &amp; Revenues Beat Estimates, Up Y/Y",0.983,0.097,0.884,0.019
10,"NCR Q2 Earnings Surge 130% Y/Y, Cardtronics Buyout Boosts Revenues",0.995,0.121,0.865,0.014
11,Rock-Solid Demand to Drive U.S. Economy in 2021: 5 Top Picks,0.999,0.14,0.843,0.017
