﻿,Titles,Polarity,Positive,Neutral,Negative
0,"Dow Jones Falls; Pelosi Touts Infrastructure Progress, Senate Passes Shutdown Bill; CarMax Plunges",0.103,0.116,0.744,0.14
1,Top John Hancock Fund Bets Just On Its Best Ideas,0.9,0.289,0.711,0.0
2,Dow Jones Falls As Pelosi Touts Infrastructure Progress; Microsoft Reverses; CarMax Flashes Sell Signals,0.103,0.116,0.744,0.14
3,Tech stocks hammered as Treasury yields jump this week,0.202,0.122,0.878,0.0
4,How Securitize is providing a platform for investors to access private markets,0.572,0.164,0.836,0.0
5,Why Nvidia Stock Just Popped,0.077,0.046,0.901,0.053
6,Microsoft's (MSFT) Azure Platform Implemented by Truveta,0.999,0.188,0.802,0.009
7,"Closing Out the Quarter: Tech Rebounds a Bit but Supply Chain Issues Slam Bed, Bath &amp; Beyond",0.998,0.101,0.838,0.061
8,Top Tech Stocks to Buy Today According to Brad Gerstner’s Altimeter Capital Management,0.999,0.095,0.89,0.015
9,"Check Point (CHKP), Alkira Partner to Offer Cloud Network Security",0.997,0.165,0.81,0.025
10,"The Zacks Analyst Blog Highlights: Microsoft, Amazon and NextEra Energy",0.999,0.176,0.805,0.019
11,"The Zacks Analyst Blog Highlights: Microsoft, NVIDIA, Qualcomm, Applied Materials and Salesforce",0.999,0.116,0.86,0.023
12,5 Buy-Ranked Blue-Chip Stocks to Gain in a Capricious Market,0.999,0.139,0.836,0.026
