﻿,Titles,Polarity,Positive,Neutral,Negative
0,"Dow Jones Futures: Apple, Microsoft Lead Market Rally; Snap, Twitter Surge On Earnings, Lifting Rivals",0.0,0.0,1.0,0.0
1,"Dow Jones Up As Apple Pops; Lucid Motors Vote Delayed; Virgin Galactic, AMC Stock Dive",-0.153,0.059,0.856,0.086
2,"Dow Jones Gains; Lucid Motors Merger Vote Delayed; Virgin Galactic Dips, AMC Stock Dives",-0.153,0.059,0.856,0.086
3,Alphabet Profitability Still Hidden In The Cloud As It Surges Past FAANG Toward Q2 Earnings,0.987,0.069,0.905,0.026
4,The Importance of Excel in Business,0.953,0.261,0.713,0.026
5,"Dow Jones Gains As Apple Pops; Lucid Motors Key Merger Vote Due; Virgin Galactic, AMC Stocks Dive",0.44,0.145,0.855,0.0
6,10 Stocks with Over 10 Years of Dividend Increases,0.999,0.078,0.901,0.021
7,Akamai Says It Has Fixed Issues That Affected Many Websites,0.919,0.084,0.873,0.043
8,"American Express, Honeywell, Kimberly Clark: 3 Things to Watch",0.927,0.051,0.945,0.004
9,Microsoft Stock Hits New High as Street Raises Price Targets Ahead of Earnings,0.0,0.0,1.0,0.0
10,"Dow Jones Today, Stocks Open Mixed, Rebound Wobbles; Crocs, OneMain, CSX Rally; Microsoft's Pre-Earnings Target Hike",0.0,0.0,1.0,0.0
11,"Dow Jones Today, Futures Flat As Jobless Claims Rise; Crocs, OneMain, CSX Rally; Microsoft's Pre-Earnings Target Hike",0.0,0.0,1.0,0.0
12,Microsoft Up As Brokerages Go Bullish; Citi Sees Over 30% Upside,0.935,0.071,0.929,0.0
13,"Dow Jones Today, Futures Up Ahead Of Jobs Data; Crocs, OneMain, CSX Rally; Microsoft's Pre-Earnings Target Hike",0.0,0.0,1.0,0.0
14,Should Investors Worry About Appian's Lack of Profits?,-0.49,0.123,0.737,0.14
15,Trump ‘tested so many parts’ of Facebook: Cecilia Kang,0.535,0.093,0.828,0.079
16,Influencers with Andy Serwer: Cecilia Kang,1.0,0.114,0.824,0.062
