﻿,Titles,Polarity,Positive,Neutral,Negative
0,Is Netflix’s best hope an acquisition by Microsoft?,0.671,0.208,0.792,0.0
1,Microsoft cuts job openings as cooling economy hits tech industry,-0.273,0.0,0.923,0.077
2,Market strategist explains why she ‘started adding risk back’ into portfolios,0.0,0.0,1.0,0.0
3,Microsoft and Google Bring Bad News for the Economy,-0.103,0.0,0.915,0.085
4,"‘People will freak out’ — The cloud boom is coming back to earth, and that could be scary for tech stocks",-0.361,0.048,0.84,0.112
5,Credit Suisse Analyzes Oracle Accelerating Lift-And-Shift To OCI With Friendly Cloud Rival,0.973,0.103,0.886,0.011
6,"More companies slow hiring, Chinese regulators fine Didi, HSBC installs Communist Party committee",0.361,0.065,0.935,0.0
7,"Crude oil falls on demand concerns, bitcoin falls below $23,000",0.0,0.0,1.0,0.0
8,Can Strength in Azure Cloud Aid Microsoft (MSFT) Q4 Earnings?,0.998,0.172,0.824,0.005
9,Microsoft (MSFT) to Report Q4 Earnings: What's in the Cards?,0.998,0.128,0.848,0.024
10,Jamie Dimon Tells It Like It Is as Earnings Season Kicks Off,-0.296,0.053,0.841,0.106
11,"The Zacks Analyst Blog Highlights Microsoft, Sony, Nintendo, Activision Blizzard and Electronic Arts",0.996,0.095,0.862,0.043
12,10 Best Value ETFs To Invest In,1.0,0.169,0.809,0.022
13,"What Are Carbon Offsets, and Can They Combat Climate Change?",0.361,0.098,0.902,0.0
14,"Zacks Market Edge Highlights: Microsoft, Apple, Sony, Expedia and Booking",0.999,0.137,0.84,0.023
15,3 Seriously Undervalued Semiconductor Stocks With Major Upside,0.998,0.126,0.846,0.028
16,Alibaba Looks To Cut Intelligence R&amp;D Costs Of SMEs By 50% With Latest Move,0.993,0.164,0.826,0.01
17,Which US Big Tech Was Highest Lobbying Spender Against Antitrust In Q2 - Answer Is Not Shocking,0.763,0.065,0.889,0.046
18,"Microsoft, Lyft's Actions Highlights Concerns Over Lingering Economic Uncertainty: Report",0.763,0.096,0.832,0.072
19,"This Chart Shows a Big Problem for Johnson &amp; Johnson, IBM, and Microsoft",-0.402,0.05,0.835,0.115
20,"Tesla, MicroStrategy, Block Face Hit From Bitcoin",-0.728,0.067,0.864,0.069
21,U.S. Initial Jobless Claims Top 250k For First Time Since January,-0.238,0.041,0.918,0.041
22,Microsoft Cuts Open Job Positions in Cloud and Security Software Units,0.595,0.196,0.804,0.0
23,Amazon Breaks Lobbying Record Amid Antitrust Fight,-0.668,0.05,0.889,0.061
24,UPDATE 4-Microsoft Teams back up for some users after service disruption,-0.508,0.031,0.92,0.049
25,Microsoft investigates Teams outage as services drop for thousands of users,-0.694,0.029,0.91,0.061
26,"Minecraft bans NFTs and blockchain, saying they don’t align with game’s values",0.697,0.194,0.806,0.0
