﻿,Titles,Polarity,Positive,Neutral,Negative
0,Oracle's Ellison Pitches US Health Database With Power of Cerner,0.983,0.115,0.857,0.028
1,Analysts Just Increased Price Targets of These 10 Stocks,0.997,0.081,0.894,0.024
2,"Stocks accelerate losses into the close, all 11 sectors of S&amp;P 500 in the red",-0.872,0.062,0.85,0.088
3,DWAC Stock Is Being Controlled By Twitter’s Potential Takeover,0.996,0.135,0.812,0.053
4,"Dow Futures Tick Higher Ahead of CPI Print, DocuSign Reports",-0.936,0.037,0.889,0.073
5,Tech Stocks Tumble; Which Ones Are Buying Opportunities?,-0.751,0.0,0.766,0.234
6,Big Tech tiptoes to the metaverse,-0.103,0.0,0.915,0.085
7,Salesforce Investors Reject Racial Audit in Activist Loss,0.904,0.093,0.844,0.064
8,2 Top Warren Buffett Stocks to Buy Right Now,0.612,0.263,0.737,0.0
9,Microsoft to Disclose Pay Ranges for All U.S. Job Postings,-0.103,0.0,0.949,0.051
10,1 Reason Bitcoin Still Looks Overvalued,-0.612,0.094,0.754,0.152
11,"Microsoft to end non-compete clauses, disclose salary ranges",-0.026,0.077,0.842,0.081
12,Microsoft to Bring Xbox App to Samsung Smart TVs,0.625,0.181,0.819,0.0
13,Why Microsoft Stock Is a Buy During the Market Downturn,0.735,0.256,0.744,0.0
14,CEO Talk From Elon Musk and Jamie Dimon,0.572,0.171,0.764,0.065
15,"Microsoft is bringing Xbox to smart TVs, letting gamers bypass the console",0.95,0.066,0.934,0.0
16,Microsoft to bring Xbox games to Samsung's 2022 smart TVs,0.939,0.125,0.875,0.0
17,10 Best Bear Market Stocks to Buy According to Morgan Stanley,1.0,0.111,0.869,0.02
18,Household spending on gas soars as fuel prices continue to climb,0.0,0.0,1.0,0.0
19,Microsoft to bring Xbox games to Samsung's 2022 smart TVs,0.939,0.124,0.876,0.0
20,Microsoft (MSFT) Inks Manufacturing Partnership With P&amp;G,0.997,0.119,0.875,0.006
21,Amazon (AMZN) Boosts AWS Offerings With Mainframe Modernization,0.996,0.124,0.865,0.011
22,Microsoft’s Xbox Game Pass Is Coming to Samsung TVs,0.0,0.0,1.0,0.0
23,11 Best Virtual Reality Stocks to Buy,1.0,0.125,0.848,0.027
24,Wejo stock soars in active trading after expanding Microsoft Maps collaboration,0.852,0.136,0.864,0.0
25,Microsoft Xbox Brings Cloud Gaming to Samsung Smart TVs Without Console,0.982,0.089,0.888,0.023
26,"EXCLUSIVE: Wejo, Microsoft Consolidate Their Partnership Further",0.996,0.17,0.817,0.014
27,Polen Capital: “We Maintain High Conviction in Microsoft (MSFT)”,0.974,0.085,0.904,0.011
28,"Microsoft to limit noncompete clauses, drop NDAs for US employees",0.0,0.0,1.0,0.0
