﻿,Titles,Polarity,Positive,Neutral,Negative
0,The 7 Best Blue-Chip Stocks in the Dow Jones,1.0,0.126,0.86,0.014
1,Billionaire Ken Fisher’s Top 10 High Dividend Stock Picks,0.999,0.113,0.876,0.011
2,Why It's Too Early to Give Up on AMD,-0.103,0.037,0.918,0.045
3,"Dow Jones Futures Rise On Blowout Jobs Report; Google, Microsoft Flash Buy Signals As Nasdaq Joins Market Rally",0.34,0.136,0.785,0.079
4,Big News for Tech Investors,0.572,0.139,0.861,0.0
5,2 Top Stocks You Can Buy and Hold for the Next Decade,0.691,0.231,0.769,0.0
6,Here's Why We're Watching Microsoft's Charts,-0.317,0.0,0.961,0.039
7,UPDATE 1-Microsoft says an outage with Microsoft 365 services mitigated,0.681,0.059,0.925,0.016
8,Microsoft: Let’s Shed Some Light on That US Army Contract,0.994,0.133,0.857,0.01
