﻿,Titles,Polarity,Positive,Neutral,Negative
0,The 7 Safest Blue-Chip Stocks You Can Buy Now,0.999,0.141,0.821,0.038
1,"Credit Suisse Sees Microsoft Azure Narrow Revenue Gap To Amazon Web Services And Widen Gap To Google Cloud, Alibaba Cloud",0.995,0.183,0.788,0.029
2,Dow Futures Tick Higher After Selloff Resumes,-0.856,0.039,0.893,0.069
3,"Stocks plunge to 2022 lows, bitcoin hovers around $21,000",-0.422,0.0,0.872,0.128
4,Activision Blizzard's Independent Board Gives Its Officers Clean Chit Against Denial Of Harassment Claims,0.095,0.123,0.764,0.113
5,Bill Gates jokes about why Microsoft retired Internet Explorer. ‘I guess we finally ran out of microchips’,-0.909,0.069,0.845,0.087
6,"Microsoft Azure Will Grow Faster and Bigger Than Expected, Says Analyst",0.382,0.133,0.867,0.0
7,Microsoft (MSFT) Shuts Down Internet Explorer After 27 Years,0.993,0.089,0.899,0.011
8,10 Undervalued Stocks in Ken Fisher’s 2022 Portfolio,1.0,0.135,0.844,0.021
9,10 Dividend Stocks to Buy According to Billionaire Ken Fisher,1.0,0.157,0.82,0.023
10,A Look at the Real Estate Market,0.542,0.152,0.758,0.09
11,"Twitter's Employees Can't Go To 'The Happiest Place On Earth' In 2023, Cost Cutting Measures Hit Company Travel",0.972,0.129,0.849,0.022
12,Alphabet Stock Is an Easy Call to Buy Before the Split,0.998,0.152,0.793,0.055
13,Can Sony's PlayStation 5 Crush the Xbox's Resurgence With This Move?,0.542,0.084,0.885,0.031
14,Tesla Stock Has More Than Twitter Weighing on It,0.874,0.095,0.824,0.08
15,"Meta, Google, Twitter pledge to better fight fake news or risk fines",-0.226,0.07,0.861,0.069
16,Stock Market Plunge: 3 Boring but Beautiful Stocks That Can Make You Richer by 2030,0.791,0.114,0.886,0.0
17,"Zacks Market Edge Highlights: Microsoft, Shopify, Marathon Petroleum, Signet Jewelers and TotalEnergies",0.997,0.089,0.872,0.039
18,Microsoft Targets Salesforce Clients With New Tools to Aid Sales Reps,0.994,0.106,0.853,0.042
19,"Microsoft announces Viva Sales, redefining the seller experience and enhancing productivity",0.998,0.111,0.883,0.006
