﻿,Titles,Polarity,Positive,Neutral,Negative
0,SolarWinds’s Security Practices Questioned by Lawmakers,0.989,0.105,0.853,0.042
1,Pokemon Announces Highly Anticipated Diamond And Pearl Remakes: Why Investors Should Watch Nintendo Stock,0.987,0.103,0.881,0.016
2,Salesforce Posts 4th-Quarter Earnings and Revenue Beat,0.995,0.101,0.882,0.017
3,Google’s Stadia Problem? A Video Game Unit That’s Not Googley Enough,0.999,0.131,0.818,0.051
4,Allscripts Healthcare Solutions Inc (MDRX) Q4 2020 Earnings Call Transcript,0.0,0.0,1.0,0.0
5,9 Great Dividend Stocks with 3%+ Yields,1.0,0.154,0.79,0.056
6,How to Navigate the Questionable Future of the Top 10 Meme Stocks,0.999,0.123,0.826,0.051
7,Why I Swapped Out Salesforce for ServiceNow,0.997,0.125,0.839,0.036
8,"The Zacks Analyst Blog Highlights: Goldman Sachs, Dow, The Travelers Companies, Microsoft and Apple",0.998,0.094,0.89,0.016
9,"Autodesk (ADSK) Q4 Earnings Top Estimates, Revenues Rise Y/Y",0.998,0.111,0.881,0.008
10,Bitcoin Has Tumbled More Than 20%. What to Make of Its Bear Market.,-0.557,0.0,0.874,0.126
11,Why Best Buy is eyeing many more store closures,0.999,0.172,0.797,0.03
12,YF Spotlight: American educators search for common ground on school reopening,0.921,0.068,0.875,0.057
