﻿,Titles,Polarity,Positive,Neutral,Negative
0,"Dow Jones Futures: Why This Market Rally Is So Dangerous; Nio, Microsoft, Tesla, Micron, Nike In Focus",0.0,0.0,1.0,0.0
1,7 Top Meme Stocks to Buy Before the Year End,1.0,0.142,0.803,0.056
2,Is the Omicron Surge Helping These 2 Nasdaq Stocks Recover?,-0.273,0.032,0.905,0.063
3,3 Naughtier Most-Shorted Stocks to Buy,0.998,0.136,0.831,0.033
4,Synopsys (SNPS) to Buy Back Stock Worth $200M Under ASR Pact,0.999,0.208,0.792,0.0
5,S&amp;P 500 Ends Week Lower Amid Bank-Led Rout in Financials,0.968,0.09,0.871,0.04
6,"Thinking about trading options or stock in Bank of America, Microsoft, Exxon Mobil, Coca-Cola, or Intel Corp?",0.924,0.093,0.894,0.013
7,Friday Market Update: Why Are Tech Stocks Down Today?,0.965,0.092,0.872,0.036
8,Market check: Stocks extend losses after tech sells off,0.983,0.089,0.881,0.03
9,S&amp;P 500 Slips as Bank Stocks Slide,0.974,0.096,0.859,0.045
10,"Top 10 Metaverse Stocks in META, the World's First Metaverse ETF",0.0,0.0,1.0,0.0
11,10 Dividend Stocks to Buy According to Billionaire Jim Simons’ Hedge Fund,0.999,0.102,0.866,0.032
12,Billionaire Tom Sandell is Buying These 10 Stocks,1.0,0.129,0.848,0.023
13,3 No-Brainer Stocks To Buy in a Market Correction,0.202,0.114,0.886,0.0
14,"These 5 Stocks Will Make Or Break Nasdaq 100 – Price Volume Analysis on AAPL, MSFT, AMZN, TSLA, NVDA",-0.17,0.072,0.85,0.078
15,Why 2022 Could Be a Big Year for Sony,0.938,0.19,0.81,0.0
16,Cerner Shares Soar As Oracle Eyes Healthcare Foray By Takeover: Bloomberg,0.93,0.094,0.894,0.012
17,Oracle Slips on Report It Wants to Buy Medical-Records Firm Cerner,0.946,0.116,0.84,0.044
18,UPDATE 1-Microsoft's Bing suspends auto suggest function in China at government's behest,0.937,0.113,0.867,0.02
19,Microsoft's Bing suspends auto suggest function in China at government's behest,0.937,0.117,0.862,0.021
20,Is Fiverr a Great Stock to Buy as More Workers Go Remote?,-0.178,0.039,0.909,0.052
21,Cerner Shares Soar on Report Oracle Is in Takeover Talks,0.987,0.089,0.885,0.026
