﻿,Titles,Polarity,Positive,Neutral,Negative
0,15 Important Stock Picks of Major Hedge Funds in 2021,1.0,0.132,0.848,0.019
1,"BlackBerry (BB), PATEO Tie Up to Develop In-Vehicle Services",1.0,0.213,0.781,0.006
2,Datadog (DDOG) Enters Into a Partnership With Amazon's AWS,0.996,0.14,0.86,0.0
3,"Tech Selloff: Analyst Names 4 Stocks to Buy on Any Dips (MSFT, PANW, ZS, TENB)",0.994,0.12,0.862,0.018
4,Earnings season will bring ‘a dash of reality’ to markets: Analyst,0.0,0.0,1.0,0.0
5,ANSYS' (ANSS) Software Solutions Continue to Gain Traction,0.998,0.133,0.865,0.002
6,Cisco's (CSCO) Webex Platform Being Utilized for Space Mission,0.995,0.103,0.887,0.01
7,Top 10 Stock Picks of Paul Marshall and Ian Wace’s Marshall Wace LLP,0.999,0.094,0.897,0.008
8,12 Best Cloud Computing Stocks For 2022,1.0,0.13,0.848,0.022
9,"This tech giant will shape the future of the metaverse, buy its stock: analyst",0.468,0.043,0.932,0.025
10,Is WisdomTree U.S. Total Dividend ETF (DTD) a Strong ETF Right Now?,0.998,0.145,0.833,0.022
11,Top 10 Stock Picks of Ryan Frick and Oliver Evans’ Dorsal Capital Management,0.999,0.086,0.901,0.013
12,Tesla Briefly Led the Nasdaq to New Heights. Here's Why It Didn't Last,-0.718,0.106,0.725,0.17
13,Top 10 Stock Picks of Mick Hellman’s HMI Capital,1.0,0.104,0.864,0.032
