﻿,Titles,Polarity,Positive,Neutral,Negative
0,Simon Sadler’s Segantii Capital is Bullish on These 10 Stocks,1.0,0.144,0.834,0.022
1,"Microsoft-Activision merger: ‘I think this deal closes,’ analyst says",0.999,0.157,0.81,0.033
2,Instagram Head Adam Mosseri moves to London,0.89,0.05,0.934,0.015
3,10 Latest Earnings That Surprised Wall Street,1.0,0.114,0.85,0.036
4,3 Must-See Slides From Microsoft's Shareholder Presentation,0.925,0.216,0.784,0.0
5,"Stocks lower at open, Caterpillar stock falls, gold hits 4-week high",0.0,0.0,1.0,0.0
6,Dow Jones Sells Off As Pelosi Heads To Taiwan; Uber Surges On Strong Sales,-0.402,0.0,0.87,0.13
7,Arista stock jumps on strong results: Networking company ‘a little oasis’ amid talk of a recession,0.0,0.0,1.0,0.0
8,Morris Mark’s Mark Asset Management Latest Portfolio: Top 10 Stock Picks,0.999,0.125,0.854,0.022
9,Top 10 Stock Picks of Alexander Captain’s Cat Rock Capital,0.999,0.105,0.879,0.015
10,4 Software Stocks Poised to Top Estimates This Earnings Season,0.999,0.147,0.824,0.029
11,Dow Jones Futures Drop As Pelosi Heads To Taiwan; Uber Surges On Strong Sales,-0.402,0.0,0.87,0.13
12,Arista Stock Jumps. Strong Demand for the Cloud Boosted Earnings.,0.459,0.158,0.842,0.0
13,Cloud Giants Can’t Keep Making Rain,0.881,0.235,0.765,0.0
14,5 Perfect Stocks Retirees Can Confidently Buy Right Now,0.202,0.073,0.927,0.0
15,"Arista Networks shares gain on sales, earnings beat and strong guidance",0.229,0.062,0.889,0.049
