﻿,Titles,Polarity,Positive,Neutral,Negative
0,Taking Stock of the Impressive Earnings Picture,0.998,0.104,0.88,0.016
1,Apple needs to guard free speech while it's protecting kids,0.952,0.087,0.849,0.065
2,Favorite Companies of the MBA Class of 2022,1.0,0.203,0.766,0.031
3,Big Tech Has Spoken,0.998,0.127,0.855,0.018
4,"Samsung debuts $1,799 Galaxy Z Fold3 with a more durable screen and stylus support",-0.591,0.059,0.892,0.049
5,Top 5 Blue-Chip Picks to Gain From Dow's Strong Rally,0.999,0.135,0.858,0.006
6,Microsoft (NASDAQ:MSFT) Has an Impressive ROE for its Size,0.998,0.139,0.847,0.014
7,Masayoshi Son to Make Personal Investments With SoftBank’s Vision Fund,0.998,0.135,0.802,0.063
