﻿,Titles,Polarity,Positive,Neutral,Negative
0,10 Reddit Stocks that Flopped in 2021,0.999,0.092,0.886,0.022
1,"Amazon's (AMZN) AWS Gets Picked by Richemont, Clientele Grows",0.996,0.108,0.886,0.006
2,"Top Stock Reports for Microsoft, JPMorgan Chase &amp; Chevron",0.998,0.152,0.834,0.014
3,Brown Advisory Fund Wins With Value Plus Growth Stocks,0.732,0.233,0.718,0.049
4,10 Dividend Stocks to Buy and Hold,0.998,0.089,0.886,0.024
5,3 Unstoppable Investments Everyone Needs in Their Portfolio,0.494,0.174,0.744,0.083
6,Is UiPath Stock a Smart Buy?,0.178,0.159,0.841,0.0
7,2 Innovative Mobile Gaming Stocks to Buy Right Now,0.361,0.112,0.83,0.058
8,Alphabet Shows How Its Ad Business Monetizes Cloud Operations,0.984,0.089,0.86,0.051
9,Top 10 Stock Picks of Rajiv Jain’s GQG Partners,0.999,0.095,0.874,0.031
10,"Activision Blizzard Stock Has Hard Times Ahead, But There’s Hope",0.989,0.108,0.824,0.068
11,"Nvidia Stock Is a Great Buy for Consistent, Long-Term Gains",0.996,0.083,0.898,0.019
12,IBM Is Finally Growing Again. And the Stock Is One of Tech’s Biggest Bargains.,0.8,0.285,0.715,0.0
