﻿,Titles,Polarity,Positive,Neutral,Negative
0,Enchanted Rock chosen to develop renewable microgrid for Microsoft data center,0.382,0.088,0.912,0.0
1,Tech stocks ‘could drop another 15% to 20% at least’: Strategist,0.402,0.181,0.701,0.118
2,Sell Rules In Investing: Why Too Much Time Below This Key Moving Average Hints More Trouble Ahead,-0.151,0.057,0.894,0.049
3,Market check: Stocks bounce back from Thursday’s steep losses,0.0,0.0,1.0,0.0
4,FBI warns of consumer threat from 'significant' crypto fraud on LinkedIn,-0.681,0.136,0.579,0.285
5,Robert Pitts’ Steadfast Capital Portfolio: 10 Dividend Stock Picks,1.0,0.138,0.844,0.018
6,6 High-Tech Stocks That Are Too Cheap to Ignore,0.999,0.097,0.877,0.025
7,10 Blue Chip Stocks to Buy According to Mario Gabelli,0.999,0.095,0.89,0.015
8,3 Bargain Stocks You Can Buy Today and Hold Forever,0.563,0.094,0.834,0.072
9,Internet Explorer gravestone goes viral in South Korea,0.956,0.099,0.856,0.045
