﻿,Titles,Polarity,Positive,Neutral,Negative
0,Chill sweeps over buyout deals after Thoma Bravo cuts price for Anaplan. Who’s next?,0.382,0.094,0.906,0.0
1,Microsoft (MSFT) Outpaces Stock Market Gains: What You Should Know,0.991,0.095,0.893,0.012
2,"Dow Futures Tick Lower, Smartsheet Reports",0.785,0.108,0.811,0.081
3,"3 Software Stocks for a Potential Recession, According to an Analyst",0.637,0.16,0.84,0.0
4,10 ETFs to Invest In For Beginners,1.0,0.143,0.839,0.018
5,US schools are deploying a new AI-based technology to prevent more shootings,-0.882,0.082,0.83,0.088
6,The U.S. Dollar Is Looking a Bit Stretched,0.557,0.215,0.7,0.085
7,Top 10 Stock Picks of Frank Fu’s CaaS Capital,0.997,0.081,0.905,0.014
8,"Market check: Stocks fall, energy sector up, Japanese yen rises",0.849,0.042,0.938,0.02
9,Target Stock Plummets On Guidance; Kohl's Spikes On Takeover,-0.557,0.0,0.925,0.075
10,10 Best Dividend Stocks to Buy According to Kenneth A. Moffet’s Hourglass Capital,1.0,0.121,0.869,0.01
11,Is Most-Watched Stock Microsoft Corporation (MSFT) Worth Betting on Now?,0.998,0.121,0.87,0.009
12,10 Undervalued Blue Chip Stocks to Buy Now,0.999,0.089,0.882,0.028
13,"Sheryl Sandberg leaves a complicated legacy as a vocal, high-profile woman in tech",-0.986,0.061,0.852,0.087
14,Why AMD Stock Could Rise as PS5 and Xbox Supply Stabilizes,0.593,0.055,0.945,0.0
15,"6 of the Most Undervalued Stocks to Buy In Tech, Media and Telecom",0.999,0.107,0.866,0.027
16,Should You Sell Amazon After Its Stock Split?,0.649,0.173,0.827,0.0
17,Lobbying Intensifies Over Senate Undecideds on Antitrust Bill,-0.561,0.062,0.87,0.069
