﻿,Titles,Polarity,Positive,Neutral,Negative
0,Microsoft Slows Some Hiring Amid Economic Uncertainty,-0.169,0.0,0.887,0.113
1,Report: Microsoft plans to slow down hiring for certain teams,0.0,0.0,1.0,0.0
2,Why Is Microsoft (MSFT) Down 7.3% Since Last Earnings Report?,0.999,0.113,0.85,0.037
3,"Microsoft to Slow Hiring in Windows, Office, Teams Groups",0.873,0.079,0.87,0.051
4,The 7 Best Reddit Stocks to Buy for June 2022,1.0,0.141,0.836,0.023
5,Mario Gabelli is Selling These 15 Stocks in 2022,1.0,0.115,0.868,0.017
6,10 Undervalued Stocks to Buy According to Billionaire Leon Cooperman,0.999,0.104,0.885,0.011
7,Broadcom announces $61B acquisition of Boston-area cybersecurity employer,0.0,0.0,1.0,0.0
8,3 Major Tech Companies Boost Salaries to New Heights,0.361,0.125,0.784,0.092
9,Broadcom to Buy VMware for $61 Billion in Record Tech Deal,0.997,0.094,0.876,0.03
10,What These 3 Key Metrics Tell You About a Stock,-0.361,0.0,0.928,0.072
11,Unlock The Full Power Of Microsoft Office With This Mac Bundle,0.981,0.09,0.896,0.013
