﻿,Titles,Polarity,Positive,Neutral,Negative
0,"Dow Jones Reverses Higher As Stocks Recover, But Nike Still Down Hard",-0.273,0.0,0.9,0.1
1,Treasury bonds and the dollar are flashing warning signs for stocks,0.226,0.091,0.909,0.0
2,"Dow Jones Pares Big Early Drop As Stocks Recover, But Nike Still Down Hard",-0.586,0.0,0.814,0.186
3,S&amp;P 500 Snaps 2-Day Losing Streak as Tech U-Turn Triggers Rally,0.929,0.077,0.873,0.049
4,Many Businesses See Hybrid Work Continuing After Pandemic,0.95,0.068,0.924,0.008
5,S&amp;P 500 Cuts Losses as Selloff Triggers Dip Buying  of 'Oversold' Stocks,0.572,0.066,0.873,0.06
6,Ray Dalio says there's a bubble that's 'halfway' to the magnitude of 1929 or 2000,0.942,0.088,0.853,0.059
7,Artificial Intelligence to Reign Post-Pandemic World: 5 Picks,1.0,0.149,0.84,0.011
8,"Tech stocks, with the exception of one, are 'frustrating a lot of investors': analyst",0.996,0.137,0.813,0.05
9,Is GameStop Stock a Buy?,0.459,0.15,0.85,0.0
10,Ray Dalio: Current bubble ‘halfway’ to 2000 and 1929,0.977,0.091,0.891,0.018
11,Trust No One Becomes Cyber Mantra After Massive Hacking Attacks,0.996,0.118,0.825,0.057
12,Bill Gates says world should be back to normal by end-2022 due to vaccines-Polish media,0.843,0.082,0.894,0.024
