﻿,Titles,Polarity,Positive,Neutral,Negative
0,"'For Netflix, this is an extension of their content strategy;' Analyst on Netflix gaming foray",0.95,0.062,0.918,0.02
1,10 Best Safe Blue Chip Dividend Stocks,1.0,0.14,0.836,0.024
2,Netflix entering gaming will be 'dead on arrival:' Analyst,0.974,0.073,0.883,0.043
3,Microsoft Acquires RiskIQ to Strengthen Security Business,0.813,0.385,0.615,0.0
4,These stocks are the top picks for millennials and Gen Z,0.997,0.117,0.872,0.011
5,UPDATE 2-Facebook says Iranian hackers used site in spying on U.S. military personnel,0.874,0.056,0.911,0.033
6,Facebook says Iran-based hackers used site to target U.S. military personnel,0.874,0.056,0.918,0.025
7,"Markforged CEO on SPAC debut, future of 3D printing",0.44,0.1,0.9,0.0
8,Why Shares of GameStop Are Falling Today,-0.52,0.0,0.805,0.195
9,Microsoft (MSFT) Debuts Cloud-based Windows 365 Service,0.998,0.154,0.846,0.0
10,"Morgan Stanley Records Impressive Quarter, Becoming Final Big Bank To Report",0.998,0.11,0.814,0.077
11,"Company News for Jul 15, 2021",0.986,0.194,0.792,0.014
12,Israel’s Candiru sold states spyware to hack journalists and dissidents,-0.859,0.044,0.835,0.121
