﻿,Titles,Polarity,Positive,Neutral,Negative
0,"Dow Jones Futures: Hawkish Fed Slams Market Rally; Tesla, Microsoft, Google Break Key Levels",-0.052,0.0,0.934,0.066
1,"Market Recap: Wednesday, January 5",0.649,0.157,0.797,0.046
2,Hasbro names Chris Cocks as CEO,-0.128,0.056,0.88,0.065
3,Alphabet (GOOGL) Boosts Cybersecurity Reach with Siemplify,0.999,0.209,0.754,0.037
4,Alibaba Stock Is Set to Rise From the Grave in 2022,0.983,0.106,0.827,0.067
5,"Meta Eases On AR, VR OS Project: Report",-0.422,0.034,0.92,0.046
6,10 Metaverse Stocks to Invest In,0.999,0.096,0.883,0.021
7,"Stocks: Microsoft slumps, Sony pops on EV announcement, Wayfair sinks",-0.572,0.0,0.882,0.118
8,A New Year Won’t Fix Teladoc’s Long-Term Prognosis,0.997,0.133,0.799,0.069
9,Top 10 Stocks to Buy According to Billionaire Steve Cohen,1.0,0.153,0.823,0.024
10,SONY Unveils VR Headset for PS5 to Cash In On Metaverse Hype,0.997,0.13,0.86,0.01
11,Microsoft's (NASDAQ:MSFT) Growth Can Hide the Broad Market Slowdown,0.998,0.157,0.811,0.032
12,"Dow Jones Rises, Tech Stocks Sell Off Ahead Of Fed Minutes; Tesla Reverses Higher, But EV Leaders Falter",-0.402,0.0,0.881,0.119
13,"Dow Jones Falls, Tech Stocks Sell Off Ahead Of Fed Minutes; Tesla, EV Leaders Falter",-0.402,0.0,0.881,0.119
14,ANSYS' (ANSS) Simulation Solutions Leveraged by Innoviz,0.997,0.132,0.848,0.02
15,"Barclays likes these 3 dividend stocks to beat the S&amp;P 500 in 2022 — if you're looking for passive income in the new year, snag yields as high as 10.1%",0.996,0.112,0.862,0.026
16,"Ignore Tesla and Apple Stock for Massive Returns in Tech, Says UBS. Look Here Instead.",0.361,0.149,0.851,0.0
17,3 Dividend Giants to Pad Your Income in 2022,0.807,0.206,0.794,0.0
18,"Dow Jones Futures Waver Ahead Of Fed Minutes; Tesla, EV Leaders Set To Drop",-0.273,0.0,0.905,0.095
19,"Ignore Tesla and Apple for Massive Returns in Tech, Says UBS. Look Here Instead.",0.361,0.149,0.851,0.0
20,3 Reasons to Sell AMD in 2022,0.958,0.243,0.717,0.04
21,"Zacks.com featured highlights include: Toll Brothers, Microsoft, Avery Dennison, J.B. Hunt, and Thermo Fisher",0.999,0.177,0.805,0.017
22,Could DigitalOcean Help You Retire a Millionaire?,0.141,0.084,0.916,0.0
23,"Qualcomm-Microsoft Partner For Metaverse AR Glasses; Forge Deals With Volvo, Honda, Renault",0.984,0.135,0.857,0.007
24,Is WisdomTree U.S. Quality Dividend Growth ETF (DGRW) a Strong ETF Right Now?,0.999,0.159,0.825,0.016
25,"The Zacks Analyst Blog Highlights: Apple, Alphabet, Microsoft, Amazon and Meta Platforms.",0.998,0.114,0.849,0.037
