﻿,Titles,Polarity,Positive,Neutral,Negative
0,Dow Futures Extend Declines as Indices Post Major H1 Losses,-0.859,0.051,0.867,0.082
1,Apple Makes BofA List of Stocks That Can Beat Inflation,0.402,0.07,0.93,0.0
2,10 Warren Buffett Stocks to Buy for the Second Half of 2022,1.0,0.123,0.854,0.023
3,"Tencent, Other Chinese Companies Follow Western Counterparts In Laying off Staff As Economic Slowdown Weighs",0.977,0.127,0.819,0.054
4,Stock Market Today: Dow in Worst Quarterly Loss Since 2020 on Recession Fears,-0.985,0.068,0.802,0.13
5,"S&amp;P 500 Cuts Some Losses, But Still Set for Biggest H1 Loss in Decades",-0.984,0.081,0.779,0.14
6,Itron's (ITRI) Temetra Solution Deployed by Energy Queensland,0.998,0.163,0.813,0.025
7,Tech stocks: Nasdaq having its worst year ever,0.0,0.0,1.0,0.0
8,10 Small-Cap Stocks to Buy According to Ken Fisher,0.999,0.113,0.862,0.025
9,These 10 stocks in the S&amp;P 500 have lost $4.1 trillion of investors’ money during the first half of 2022,0.44,0.075,0.925,0.0
10,"Market check: Stocks sell off, bitcoin dips below $19,000",0.0,0.0,1.0,0.0
11,Activision Blizzard (ATVI) Might Buy Gaming Studio Proletariat,0.998,0.145,0.838,0.018
12,Dow Jones Dives After Key Inflation Report,-0.402,0.077,0.769,0.154
13,Getting Divorced? 5 Tax Tips From a Top CPA,-0.296,0.094,0.738,0.168
14,"Nvidia, Apple, Microsoft And Others Set To Lose As Gartner Predicts Demand Softness For Smartphones, PCs In 2022",0.488,0.093,0.825,0.082
15,Top 10 Stock Picks of Jeffrey Diehl’s Adams Street Partners,0.998,0.11,0.87,0.019
16,Zoom Bets on Corporate Customers to Stem Post-Pandemic Crash,0.999,0.12,0.846,0.034
17,Dow Jones Futures Sell Off After Key Inflation Report,-0.402,0.077,0.769,0.154
18,Dow Jones Futures Dive Ahead Of Key Inflation Report,-0.402,0.077,0.769,0.154
19,Influencers with Andy Serwer: Costis Maglaras,0.0,0.0,1.0,0.0
20,UPDATE 1-France's Thales creates cloud services company powered by Google,0.935,0.07,0.907,0.024
21,France's Thales creates cloud services company powered by Google,0.948,0.076,0.912,0.012
22,5 Dow Stocks Billionaire Money Managers Can't Stop Buying,0.831,0.133,0.844,0.023
23,Inside Didi’s $60 Billion Crash That Changed China Tech Forever,0.89,0.076,0.852,0.072
24,Lenskart Buys Owndays Shares in Bid to Form an Amazon of Eyewear,0.974,0.065,0.915,0.019
