﻿,Titles,Polarity,Positive,Neutral,Negative
0,Stock Market Today: Dow Stumbles as Stronger Data Stoke Larger Rate-Hike Fears,-0.552,0.101,0.789,0.11
1,S&amp;P 500 Slips as Yield Surge Weighs on Tech,0.846,0.109,0.806,0.085
2,Alphabet (GOOGL) Introduces Account Switching on Google Meet,0.998,0.153,0.837,0.01
3,Smart Investors Are Buying These 2 Growth Stocks Hand Over Fist,0.369,0.056,0.911,0.033
4,Dow Jones Reverses After Economic Data; Oil Prices Climb On Surprise Production Cut,-0.296,0.086,0.738,0.176
5,Verizon Still Attracts Investors During a Miserable 2022,0.979,0.086,0.859,0.055
6,Dow Jones Futures Rise Ahead Of Economic Data; Oil Prices Erase Surprise Production Cut Gains,-0.345,0.0,0.84,0.16
7,2022's a Bad Year for Big Tech: Should You Hang On?,0.964,0.1,0.816,0.084
8,Jeremy Grantham Bets 10 Stocks Will Protect Him From 'Superbubble',0.361,0.106,0.894,0.0
9,10 Best Tech Stocks to Buy According to GuardCap Asset Management,1.0,0.159,0.825,0.016
10,3 Dividend-Paying Tech Stocks To Buy in September,0.728,0.103,0.897,0.0
11,Amazon's (AMZN) AWS Gains Momentum in India With New Client,0.998,0.14,0.855,0.005
12,"Al Gore’s Firm Made Big Bets on Microsoft, Shopify Stock",0.0,0.0,1.0,0.0
