﻿,Titles,Polarity,Positive,Neutral,Negative
0,Microsoft is using “Fortnite” to fuel its cloud gaming growth,0.128,0.089,0.844,0.068
1,Miami set to host its first Formula 1 race,0.0,0.0,1.0,0.0
2,"Why Apple, Meta Platforms, and Salesforce.com Plunged Today",0.557,0.058,0.942,0.0
3,10 Stocks to Invest In Now According to Viraj Mehta’s Arctis Global,0.999,0.103,0.88,0.017
4,"UPDATE 2-'Fortnite' returns to iOS, Android devices via Microsoft's Xbox Cloud Gaming",0.801,0.07,0.907,0.023
5,"'Fortnite' returns to iOS, Android devices via Microsoft's Xbox Cloud Gaming",0.801,0.071,0.905,0.024
6,"Dow Jones Plunges; Tesla Dives On This Elon Musk Twitter Move; Apple, Microsoft Fall As Tech Tumbles",-0.296,0.0,0.916,0.084
7,Stock Market Today: Dow in Biggest Loss Since 2020 as Tech Selloff Turns Ugly,-0.916,0.061,0.868,0.071
8,Market check: Stock sell-off accelerates as traders weigh Fed policy,0.0,0.0,1.0,0.0
9,3 Growth Stocks That Beat Earnings Despite Inflation,0.542,0.196,0.741,0.063
10,"Formula 1 brings glitz, glam and giddy prices to Miami this weekend",0.991,0.068,0.91,0.023
11,Dow Jones Sells Off After Big Stock Market Rally; Elon Musk Receives New Financing For Twitter,0.34,0.112,0.888,0.0
12,Dow Jones Drops After Big Stock Market Rally; Elon Musk Receives New Financing For Twitter,0.34,0.112,0.888,0.0
13,Brad Gerstner is Talking About These 10 Stocks,1.0,0.106,0.873,0.022
14,"The Zacks Analyst Blog Highlights Microsoft, Meta Platforms, Thermo Fisher Scientific, Berkshire Hathaway, and HSBC Holdings",0.997,0.11,0.856,0.034
15,Dow Jones Futures Drop After Big Stock Market Rally; Elon Musk Receives New Financing For Twitter Deal,0.34,0.112,0.888,0.0
16,Here's Why Buffett's Activision Arbitrage Play Isn't Really a Gamble,-0.153,0.063,0.845,0.092
