﻿,Titles,Polarity,Positive,Neutral,Negative
0,Top Millennial Pick Tesla Stock Splits Wednesday,0.287,0.097,0.903,0.0
1,10 Best High Margin Growth Stocks to Buy Now,1.0,0.154,0.819,0.027
2,"Nvidia to announce Q2 earnings amid slowdown in gaming, PC sales",0.651,0.037,0.932,0.031
3,"Datadog (DDOG) Attains AWS Security, Networking Competencies",0.997,0.14,0.86,0.0
4,"Stock Market Gains In Spite Of Weak Retail Earnings, Guidance; BBBY And Peloton Jump On News",-0.572,0.104,0.643,0.253
5,7 Safe Investments for Seniors to Consider in 2022,1.0,0.134,0.842,0.024
6,"The Best Stocks to Invest $5,000 in Right Now",0.961,0.29,0.656,0.053
7,2 of the Best Dividend Stocks to Buy Now and Hold Forever,0.944,0.216,0.784,0.0
8,A Bad Year May Get Worse for Snapchat and Facebook Owners,0.845,0.091,0.823,0.085
9,Redditors Recommend These 10 Dividend Stocks for College Students,1.0,0.14,0.83,0.031
10,10 European Utility Stocks to Buy Now,0.998,0.088,0.892,0.02
11,Index Fund Investors Might Not Be as Diversified as They Think,0.103,0.027,0.973,0.0
12,Goldman Says Hedge Funds Back Betting Big on Megacap Tech Stocks,0.92,0.085,0.858,0.057
13,Sony Unveils High-End PS5 Controller With Parts You Can Mix &amp; Match,0.775,0.058,0.914,0.028
