﻿,Titles,Polarity,Positive,Neutral,Negative
0,Is Shopify Stock A Buy After Blowout Earnings Report?,0.0,0.0,1.0,0.0
1,Facebook stock drops after Q2 earnings report despite beating estimates,0.0,0.0,1.0,0.0
2,Microsoft’s quarterly results show that growth is nowhere near slowing down,0.751,0.228,0.772,0.0
3,Dow Jones Falls As Schumer Makes Infrastructure Call; Fed Holds Rates Steady; Apple Stock Falls,0.459,0.111,0.889,0.0
4,"Dow Jones Dips As Schumer Makes Infrastructure Call, Fed Stands Pat; Apple Falls As GOOGL Surges",0.459,0.111,0.889,0.0
5,Microsoft’s Earnings Get Rave Reviews From Wall Street. The Stock Ticks Up.,0.0,0.0,1.0,0.0
6,Apple having ‘gold medal performance’ despite chip shortage: Dan Ives,0.296,0.136,0.864,0.0
7,"Why the Dow Jones Is Falling Today Despite Great Earnings From Apple, Boeing, Microsoft, Visa",0.238,0.188,0.672,0.139
8,Dow Jones Pares Loss As Boeing Soars; Is The Fed Ready To Start Tapering?,-0.318,0.0,0.901,0.099
9,"Dow Jones Falls Ahead Of Fed As Apple Weighs, But These Tech Stocks Boost Nasdaq",-0.202,0.0,0.924,0.076
10,Apple Q3 earnings preview,0.0,0.0,1.0,0.0
11,Microsoft’s Quarter Gets Rave Reviews From Wall Street. The Stock Ticks Up.,0.914,0.146,0.854,0.0
12,S&amp;P 500 Closes Flat as Fed Holds Rates Steady,0.977,0.101,0.855,0.043
13,Generating Extra Yield From Microsoft Stock With Covered Calls,0.318,0.102,0.857,0.041
14,Tech giants are reaping the benefits from pandemic: Analyst,0.0,0.0,1.0,0.0
15,"Amazon, Comcast, More Earnings: 3 Things to Watch",0.977,0.096,0.871,0.033
16,10 Best Low Float Stocks to Buy Now,0.999,0.116,0.848,0.036
17,How to Manage Big Tech Earnings and Dodgy Index Action,0.0,0.0,1.0,0.0
18,"Dow Jones Falls Ahead Of Fed Policy Decision; Apple Stock Sells Off On Earnings, While Boeing Surges",0.0,0.0,1.0,0.0
19,Wednesday's Market Minute: Wild Wednesday,0.983,0.096,0.857,0.047
20,"Afternoon Face-To-Face with Facebook, Fed Chairman Powell, Next On Calendar",0.999,0.112,0.836,0.053
21,"Tech ETFs to Gain on Upbeat Apple, Microsoft Earnings",0.999,0.158,0.817,0.025
22,"Dow Jones Today, Stocks Open Mixed Ahead of Fed; Apple, Alphabet, Microsoft, Boeing, AMD, McDonald's Report Earnings",0.0,0.0,1.0,0.0
23,"Big tech earnings: Microsoft, Apple, Alphabet crush estimates",0.226,0.114,0.79,0.096
24,S&amp;P 500 in Holding Pattern Ahead of Fed Decision,0.75,0.06,0.893,0.047
25,Microsoft's (MSFT) Q4 Earnings &amp; Revenues Beat Estimates,1.0,0.136,0.849,0.016
26,"Dow Jones Today, Futures Rise Ahead of Fed; Apple, Alphabet, Microsoft, Boeing, AMD, McDonald's Earnings",0.0,0.0,1.0,0.0
27,Microsoft (MSFT) Q4 2021 Earnings Call Transcript,0.0,0.0,1.0,0.0
28,Apple Stock Is Under Pressure. There’s a Silver Lining.,0.0,0.0,1.0,0.0
29,Microsoft Draws Analyst Plaudits After Earnings Report,0.612,0.263,0.737,0.0
30,3 High-Growth Stocks That Could Be Worth $1 Trillion in 10 Years -- or Sooner,0.178,0.091,0.909,0.0
31,Wall Street Edges Higher at Open Ahead of Fed; Alphabet Stars; Dow up 30 Pts,0.886,0.079,0.868,0.053
32,"Alphabet, Boeing Rise Premarket; Starbucks, Spotify Fall",0.962,0.078,0.89,0.032
33,"Boeing Profit Boosts Dow Futures Ahead of Fed; Google Surges, Apple Slide",0.052,0.095,0.784,0.121
34,Will Rotational Action Pick Up as the Market Digests Big Earnings News?,0.0,0.0,1.0,0.0
35,"Apple, AMD, Microsoft, Boeing and the Fed - 5 Things You Must Know Wednesday",0.0,0.0,1.0,0.0
36,"U.S. Futures Mixed; Federal Reserve, Big Tech Stocks in Focus",0.929,0.086,0.876,0.038
37,"Fed Meeting, Big Tech's Big Quarter, Mask Warning - What's Moving Markets",0.824,0.065,0.885,0.05
38,Alphabet Pops Premarket As Google Ad Revenue Soars,0.972,0.106,0.894,0.0
39,"Dow Futures Mixed Ahead of Fed; Google, Apple, Microsoft Post Record Profits",0.052,0.095,0.784,0.121
40,"Apple, AMD, Microsoft, Facebook and the Fed - 5 Things You Must Know Wednesday",0.0,0.0,1.0,0.0
41,"European Stock Futures Mixed Ahead of Fed; Rio Tinto, Deutsche Bank Earnings  Eyed",0.25,0.071,0.864,0.065
42,Microsoft’s Earnings Were Strong. The Company Sees Double-Digit Revenue Growth Ahead.,0.71,0.219,0.781,0.0
