﻿,Titles,Polarity,Positive,Neutral,Negative
0,Apple Scraps Office-Return Deadline Without Setting New Date,0.961,0.09,0.855,0.055
1,Microsoft says it has met goals for investment in Black-owned businesses,0.527,0.106,0.894,0.0
2,Top 10 Stocks to Buy According to Legendary Value Investor Joel Greenblatt,1.0,0.138,0.839,0.023
3,"Qualcomm, AMAT Stock Among The 5 Best Tech Stocks To Buy Or Watch Now",0.904,0.379,0.621,0.0
4,Microsoft Targets Cloud Laggards in Broader Industry Push,0.954,0.101,0.842,0.058
5,Why Nvidia Stock Finally Popped Today,0.44,0.168,0.733,0.099
6,Tech Loses Once-Powerful Lobbying Group After Industry Divisions,0.933,0.118,0.805,0.077
7,S&amp;P 500 Rallies on Tech Turnaround After Fed Speeds Up Taper,-0.691,0.075,0.831,0.094
8,Amazon (AMZN) Boosts Asia Pacific Reach With New AWS Region,0.989,0.084,0.903,0.012
9,Is Roblox Stock A Buy Right Now As It Reports Key November Metrics?,0.0,0.0,1.0,0.0
10,"S&amp;P 500 Cut Losses as Fed Speeds Up Taper, Signals Three Hikes in 2022",-0.807,0.085,0.798,0.117
11,11 Best One Dollar Stocks to Buy Today,0.999,0.135,0.842,0.023
12,Misinformation Has Already Made Its Way to the Metaverse,-0.998,0.085,0.8,0.115
13,10 Very Cheap Stocks to Buy Right Now,0.999,0.114,0.862,0.024
14,Oracle Makes Cloud Region Debut In Nordics,0.527,0.025,0.975,0.0
15,Should iShares Russell Top 200 ETF (IWL) Be on Your Investing Radar?,0.994,0.117,0.853,0.031
