﻿,Titles,Polarity,Positive,Neutral,Negative
0,"Top Analyst Reports for Microsoft, Nike &amp; Novo Nordisk",0.999,0.161,0.795,0.045
1,Microsoft and American Airlines-backed flying taxi startup to go public in new $5 billion blank-check wave,0.34,0.063,0.938,0.0
2,"Some Big Tech companies may ‘do better if they’re not connected at the hip,’ says $9.5 billion fund manager",0.0,0.0,1.0,0.0
3,Oracle's (ORCL) Q4 Earnings: Cloud Offerings in Spotlight,0.998,0.153,0.829,0.019
4,BIG3 Partners With Microsoft For 2021 BIG3 SuperDraft,0.997,0.109,0.866,0.025
5,"Got $3,000? 2 Tech Stocks to Buy and Hold for the Long Term",0.92,0.201,0.799,0.0
6,"Dow Jones Reverses Lower As S&amp;P 500 Nears Record High; Tesla Slides; Apple, Microsoft Near New Buy Points",0.0,0.0,1.0,0.0
7,This 6-Course Bundle Will Take You To Advanced Proficiency Level In Excel,0.997,0.223,0.761,0.016
8,American Airlines Focuses On Cleaner Electric Air Mobility,0.933,0.046,0.944,0.011
9,Microsoft Has the Right Pieces for Game Streaming,0.0,0.0,1.0,0.0
10,"The Zacks Analyst Blog Highlights: Google, Dropbox, DocuSign, Microsoft and Amazon",0.999,0.132,0.856,0.012
11,Should John Hancock Multifactor Large Cap ETF (JHML) Be on Your Investing Radar?,0.995,0.106,0.872,0.022
12,Tech Stocks Roundup: Social Media and FAANG Stocks Surge,0.202,0.087,0.913,0.0
