﻿,Titles,Polarity,Positive,Neutral,Negative
0,Microsoft (MSFT) Stock Moves -1.33%: What You Should Know,0.992,0.104,0.893,0.003
1,Market Recap: Monday July 19,0.66,0.097,0.903,0.0
2,IBM Cloud Demand Lifts Sales to Best Quarter in Three Years,0.994,0.118,0.856,0.026
3,10 Best Roth IRA Stocks Hedge Funds are Buying,1.0,0.134,0.846,0.02
4,Prevailion CEO on cyberattacks in the U.S.: ‘The door is being opened from the inside’,-0.494,0.0,0.897,0.103
5,10 Best REIT Stocks with High Dividend Yields,1.0,0.124,0.852,0.024
6,U.S. Blames Hackers Linked to China for Microsoft Cyberattack,-0.128,0.11,0.769,0.122
7,"Dow Jones Dives 800 Points On Covid-19 Fears; Apple, Tesla Stock Sell Off",-0.422,0.0,0.882,0.118
8,"U.S., Allies Link Microsoft Hack to Chinese Government",0.0,0.0,1.0,0.0
9,Zoom Plans To Continue Growing After The Pandemic,0.983,0.083,0.904,0.014
10,Biden administration blames China for Microsoft Exchange email hack,-0.477,0.0,0.897,0.103
11,Where to Buy Microsoft as Tech Stocks Correct,0.026,0.127,0.751,0.122
12,Norway says cyber attack on parliament carried out from China,-0.896,0.065,0.823,0.112
13,UPDATE 2-Norway says cyber attack on parliament carried out from China,-0.896,0.062,0.83,0.107
14,This Segment of Tech Stocks Will Outpace the Rest Over the Next 4 Years,-0.052,0.076,0.837,0.086
15,UPDATE 1-U.S. charges four Chinese nationals charged in global hacking campaign,0.961,0.132,0.788,0.08
16,"UPDATE 1-US, allies accuse China of global cyber hacking campaign",-0.802,0.072,0.839,0.089
17,"U.S., allies accuse China of global cyber hacking campaign",-0.802,0.073,0.838,0.09
18,"US, allies accuse China of global cyber hacking campaign",-0.727,0.073,0.839,0.088
19,UPDATE 1-UK says it and allies blame Chinese-backed actors for Microsoft hacking,-0.84,0.048,0.842,0.11
20,"Microsoft Cyberattack Came From China, White House Says",-0.382,0.059,0.745,0.197
21,Nintendo Denies New Switch Model Will Yield Higher Profit Margin,0.928,0.099,0.866,0.035
22,Bukalapak Poised to Raise $1.5 Billion in Landmark IPO,0.977,0.072,0.926,0.002
23,Zoom to Buy Five9 for $14.7 Billion to Shore Up Video Calls,0.996,0.117,0.876,0.007
24,SoftBank-Backed Lenskart Raises $220 Million as India Tech Booms,0.99,0.09,0.894,0.016
