﻿,Titles,Polarity,Positive,Neutral,Negative
0,UPDATE 1-Microsoft looks to tap into India's Oyo before its potential IPO- source,-0.686,0.022,0.939,0.038
1,Alphabet's Majestic Q2 Results Show It Remains King Of Search And Video Ads,0.99,0.084,0.894,0.022
2,Amazon Earnings: What Happened with AMZN,-0.296,0.0,0.872,0.128
3,I Still Like the Trillion-Dollar Stocks,1.0,0.149,0.823,0.028
4,Amazon to report Q2 earnings with new CEO Andy Jassy at the helm,0.989,0.1,0.868,0.032
5,Is Microsoft (MSFT) Outperforming Other Computer and Technology Stocks This Year?,0.993,0.136,0.849,0.015
6,"Data Disappointments: Q2 GDP Growth Softer Than Expected, While Jobless Claims Remain High",0.999,0.119,0.835,0.045
7,Why This 1 Computer and Technology Stock Could Be a Great Addition to Your Portfolio,0.999,0.135,0.862,0.003
8,No More ‘Dumb and Dumber’: T-Mobile Is Done Taunting Its Rivals,0.999,0.128,0.824,0.048
9,What I Liked About Microsoft and Alphabet's Earnings,0.361,0.089,0.911,0.0
10,"3 Reasons to Buy Zoom Video Communications, and 1 Reason to Sell",0.765,0.127,0.873,0.0
11,3 Stocks to Watch As the Adoption of MLaaS Continues to Grow,0.998,0.131,0.865,0.004
12,Kazakhstan restores access to LinkedIn after talks with firm,-0.958,0.014,0.86,0.126
13,Traders Looking for More Rotational Action as Facebook Stumbles,0.0,0.0,1.0,0.0
14,The Tech Sector's Enormous Earnings Power,0.999,0.12,0.857,0.024
