﻿,Titles,Polarity,Positive,Neutral,Negative
0,"As Microsoft Buys Nuance, Here's How To Profit From Exponential Growth In Robotics And AI",0.477,0.14,0.86,0.0
1,"For Alphabet, Cloud Moves Slowly As The Ad Arena Heats Up Ahead Of Q1 Earnings",0.993,0.071,0.911,0.019
2,Land Rover To Temporarily Suspend UK Production Due To Chip Shortage,-0.964,0.037,0.869,0.095
3,What the chip shortage means for the US economy,-0.982,0.025,0.914,0.061
4,President Biden's Tax Proposal Targets Big Tech's $100B Overseas Profit: Bloomberg,0.991,0.136,0.829,0.035
5,Top 10 Oil and Gas Stocks to Invest In,1.0,0.122,0.839,0.038
6,Influencers with Andy Serwer: Carolyn Everson,-0.296,0.058,0.856,0.086
7,"Azure, Teams &amp; Xbox Adoption to Aid Microsoft (MSFT) Q3 Earnings",0.999,0.151,0.834,0.015
8,Market Structure Edge's Quast Tells Benzinga the Shorts Pre-Told Microsoft's Acquisition of Nuance,0.974,0.067,0.905,0.029
9,Tesla Is Not One Of Two Companies That Will Reach $2 Trillion Next,0.494,0.191,0.809,0.0
10,Don't Touch GameStop Until This Happens,0.807,0.125,0.875,0.0
11,"Famous T. Rowe Price Fund Takes New Name, Targets More Cyclical Stocks",0.681,0.248,0.752,0.0
12,Big Tech $100 Billion Foreign-Profit Hoard Targeted by Tax Plan,0.997,0.098,0.875,0.027
13,"Facebook has ‘very, very big plans” on digital payments through its platform: Facebook VP",0.966,0.093,0.903,0.004
