﻿,Titles,Polarity,Positive,Neutral,Negative
0,Ken Fisher is Selling These 10 Stocks in 2022,0.996,0.091,0.885,0.023
1,From the editor: Why Atlanta's leaders are focused on the Westside,-0.273,0.0,0.938,0.062
2,Sony Should Buy Final Fantasy Maker Square Enix Soon. Here’s Why.,0.361,0.091,0.909,0.0
3,Snowflake Shows Reports of the Cloud’s Death Are Exaggerated,-0.286,0.063,0.873,0.064
4,The market is ‘basically forecasting stagflation’: Strategist,0.0,0.0,1.0,0.0
5,3 Top Metaverse Stocks to Buy in May,0.153,0.027,0.953,0.02
6,"Google Jumps The Crypto Bandwagon To Win Cloud Market From Alibaba, Amazon, Microsoft",0.977,0.132,0.839,0.028
7,New York City Sues Activision Blizzard,0.402,0.15,0.85,0.0
8,Dow Jones Sells Off After Jobs Report As Treasury Yields Hit New High,0.202,0.083,0.917,0.0
9,Dow Jones Drops After Jobs Report As Treasury Yields Hit New High,0.202,0.083,0.917,0.0
10,10 Companies that Just Increased Their Dividends,1.0,0.139,0.832,0.03
11,How much Best Buy &amp; IBM paid for Boston startups,0.0,0.0,1.0,0.0
12,"Dow Jones Futures Drop, Treasury Yields Climb After Jobs Report; Square Jumps On Earnings",0.0,0.0,1.0,0.0
13,Dow Jones Futures Turn Higher After Jobs Report; Square Jumps On Earnings,-0.296,0.0,0.891,0.109
14,Dow Jones Futures Fall Ahead Of Key April Jobs Report; Square Jumps On Earnings,0.0,0.0,1.0,0.0
15,Workers at Apple China Plant Clash With Guards Over Lockdowns,-0.971,0.048,0.866,0.087
16,"Zacks Investment Ideas feature highlights: Amazon, Microsoft, Alphabet, Nvidia and Meta Platforms",1.0,0.152,0.82,0.028
17,"SAP Wrestles With Concerns Over Treatment of Women, Female Exits",-0.998,0.054,0.846,0.1
18,"China Orders Government, State Firms to Dump Foreign PCs",0.992,0.097,0.876,0.027
