﻿,Titles,Polarity,Positive,Neutral,Negative
0,"D. Scott Neal, Inc. Buys Vanguard Short-Term Inflation-Protected Securities, Vanguard Mid-Cap ...",0.998,0.077,0.921,0.002
1,"Callan Capital, LLC Buys Schwab Fundamental U.S. ...",0.991,0.05,0.943,0.006
2,"Stocks close lower after tough week on Wall Street, bitcoin price falls below $39,000",-0.402,0.0,0.909,0.091
3,UPDATE 1-Workers at Activision Blizzard-owned studio say they have formed union,0.988,0.122,0.846,0.032
4,Workers at Activision Blizzard-owned game studio Raven Software vote to unionize,0.989,0.081,0.882,0.037
5,Big-Tech Earnings Jitters Mount as Pandemic Darlings Get Crushed,-0.954,0.075,0.828,0.097
6,"Parker Investment Management, LLC Buys iShares S&amp;P 500 Growth ETF, Alphabet Inc, Microsoft ...",0.995,0.075,0.925,0.0
7,"Grandview Asset Management LLC Buys Apple Inc, Microsoft Corp, Vanguard High Dividend Yield ...",0.998,0.105,0.878,0.017
8,"Oakwell Private Wealth Management, LLC Buys Sea, SPDR Gold Shares ETF, Advanced Micro Devices ...",0.999,0.146,0.848,0.006
9,10 Best Dividend Stocks According to John Overdeck And David Siegel’s Two Sigma Advisors,0.999,0.097,0.89,0.013
10,GameStop apes are all talk: Webull CEO,0.442,0.064,0.877,0.059
11,Billionaire Izzy Englander is Selling These 10 Stocks,0.998,0.096,0.893,0.012
12,Can Microsoft acquisition cure Activision Blizzard’s toxic workplace?,-0.44,0.0,0.919,0.081
13,Microsoft (MSFT) to Report Q2 Earnings: What's in the Cards?,0.998,0.141,0.837,0.021
14,Why Activision Blizzard Stock Popped This Week,0.852,0.13,0.87,0.0
15,Microsoft has ‘meaningful building blocks’ for the metaverse: Super League Gaming CEO,0.9,0.229,0.771,0.0
16,Microsoft’s Stock Is Well Worth Watching Ahead of Q2 Earnings,0.995,0.132,0.826,0.042
17,"Activision Employee Group Forms Union, a First in Video Games",0.475,0.07,0.873,0.057
18,Workers at Activision Blizzard-owned studio Raven say they have formed union,-0.459,0.028,0.915,0.058
19,Activision Union Efforts Grow As Microsoft Deal Heats Up,0.0,0.0,1.0,0.0
20,"Stock Market Enters Correction As Bond Yields, Oil Prices Soar; Microsoft Buys Activision, Netflix Dives: Weekly Review",0.402,0.185,0.711,0.104
21,"Amazon, Facebook set Washington lobbying spending records",-0.077,0.0,0.942,0.058
22,"Market check: S&amp;P, Nasdaq drop, meme stocks under pressure",-0.666,0.052,0.882,0.066
23,Avoid Asana Until Its Growth Supports Its Valuation,0.997,0.138,0.802,0.061
24,Twitter (TWTR) Launches Tool to Showcase NFTs as Profile Pictures,0.997,0.113,0.881,0.006
25,"Dell (DELL) Launches Multi-Cloud Services, Expands Portfolio",0.997,0.141,0.852,0.007
26,2 Reasons Activision Shareholders Shouldn't Be Quick to Sell Ahead of a Microsoft Deal,0.834,0.318,0.682,0.0
27,Roku Investments At These Levels Make Sense,0.931,0.101,0.819,0.08
28,Dow Jones Falls As Netflix Crashes On Earnings; Bitcoin Dives,0.0,0.0,1.0,0.0
29,"Tfo-tdc, Llc Buys CSX Corp, Vanguard Ultra-Short Bond ETF, Schwab U.S. ...",0.997,0.068,0.926,0.006
30,4 Software Stocks to Watch for in a Booming Industry,1.0,0.145,0.835,0.019
31,Microsoft is ready for its biggest antitrust battle in decades after Activision deal,0.265,0.062,0.887,0.051
32,IBM Sells Some Watson Health Assets for More Than $1 Billion,0.951,0.072,0.903,0.025
33,Why Microsoft Shouldn't Have Bought Activision Blizzard,0.542,0.065,0.916,0.019
34,Dow Jones Futures Fall As Netflix Crashes On Earnings; Bitcoin Dives,-0.494,0.0,0.868,0.132
35,"NICE Partners With Magnet Forensics, Expands Partner Base",0.999,0.221,0.774,0.006
36,Snowflake Stock: Bear vs. Bull,0.527,0.095,0.905,0.0
37,Here’s Another Reason that Makes Microsoft (MSFT) a Great Investment Choice,0.992,0.108,0.88,0.013
38,Adobe Confronts Rare Skepticism in the Hunt for Sales Growth,0.998,0.117,0.845,0.038
39,7 Top Picks for Growth Investors in 2022,1.0,0.153,0.827,0.02
40,"Why the Sony Selloff Isn't Warranted, and Where It Heads Next",0.0,0.0,1.0,0.0
41,"Netflix, Peloton Bring the Pandemic-Stock Era to Shuddering Halt",0.988,0.113,0.812,0.075
42,"Netflix, Peloton, Intel, Microsoft And Slumping Tech Stocks - Five Things You Must Know",-0.494,0.069,0.831,0.1
43,"Pinnacle Wealth Management Advisory Group, LLC Buys Microsoft Corp, Apple Inc, Berkshire ...",0.999,0.101,0.894,0.005
44,Microsoft’s Results Are Next Week. Why Analysts Are Upbeat.,0.557,0.13,0.87,0.0
