﻿,Titles,Polarity,Positive,Neutral,Negative
0,"Valve Delays Steam Game Console, Citing Supply Chain Issues",-0.843,0.057,0.852,0.09
1,"Kraken CEO on what metaverse means for NFTs, gaming, and crypto",0.987,0.078,0.922,0.0
2,Nvidia GM of embedded and edge computing details latest advancements in robotics and virtual worlds,0.0,0.0,1.0,0.0
3,Facebook's work app Workplace to integrate with Microsoft Teams,0.883,0.065,0.926,0.009
4,"Microsoft, Apple, and Other Tech Stocks Have Soared. They Aren’t That Expensive.",0.758,0.133,0.867,0.0
5,Meta's Workplace to Unite With Microsoft Teams in Business Metaverse,0.382,0.106,0.894,0.0
6,Buying These 3 Robinhood Stocks Could Be the Smartest Investing Move You Ever Make,0.856,0.198,0.802,0.0
7,Should Invesco S&amp;P 500 Top 50 ETF (XLG) Be on Your Investing Radar?,0.997,0.125,0.85,0.025
8,Wolt’s $8 Billion DoorDash Sale Joins Finland’s Biggest Deals,0.716,0.055,0.915,0.03
9,Hellenic Ministry of Culture and Sport and Microsoft partner to digitally preserve ancient site of Olympia,0.999,0.136,0.858,0.006
10,Alphabet Drifts Lower After Losing EU Fine Appeal,0.202,0.08,0.857,0.062
