﻿,Titles,Polarity,Positive,Neutral,Negative
0,Amazon Names Selipsky to Lead Cloud After Jassy Becomes CEO,0.977,0.075,0.925,0.0
1,Intel doubles down on chip manufacturing with $20 billion investment,0.995,0.116,0.868,0.016
2,Discord Would Give Microsoft a $10 Billion ‘Place to Talk’,0.985,0.095,0.843,0.063
3,"Dow Jones, Nasdaq Fall As Janet Yellen, Jerome Powell Testify; Large-Cap Tech Stocks Outperform",-0.296,0.0,0.901,0.099
4,Jim Cramer: When the Market Hits a Crescendo,0.226,0.112,0.888,0.0
5,"Microsoft, IBD Stock Of The Day, Nears Buy Point After Rebounding",0.0,0.0,1.0,0.0
6,"Dow Jones Dips, But Microsoft, Chevron Show Strength; Adobe Powers Higher Ahead Of Earnings",0.164,0.07,0.93,0.0
7,Gamers turned Discord into a $10 billion juggernaut,0.0,0.0,1.0,0.0
8,Canada Skills Program Expanded to Eight Additional Post-Secondary Institutions,0.998,0.122,0.875,0.003
9,"Dow Jones Trims 100-Point Loss Ahead Of Powell Testimony; Microsoft, Netflix Rally",-0.151,0.071,0.834,0.095
10,Microsoft looks to buy Discord for $10 billion: rpt,0.978,0.106,0.849,0.045
11,Microsoft Reportedly Holding Talks on Buying Chat Platform Discord,0.718,0.194,0.806,0.0
12,"Unhappy Anniversary: A Year After Pandemic Collapse, Market Looks Ahead To Q1 Earnings",0.998,0.112,0.821,0.068
13,Microsoft (MSFT) Reportedly Mulling Discord Buyout for Over $10B,0.998,0.142,0.82,0.039
14,"Dow Jones Today, Stocks Tightly Mixed Ahead Of Powell/Yellen Hearing; China Stocks Stumble After U.S. Sanctions",0.0,0.0,1.0,0.0
15,COVID-19 market crash: reflecting one year later,0.0,0.0,1.0,0.0
16,"Report: Microsoft in Talks to Acquire Discord, a Gamer Chat Operator, for Over $10 Billion",0.026,0.083,0.847,0.069
17,Tech Giants to Watch as COVID-19 Vaccination Drive Ramps Up,0.998,0.141,0.845,0.013
18,Nintendo Targets Upgraded Cost-Effective Nvidia Graphics Chip In 2021 Switch,0.973,0.1,0.881,0.019
19,"Skyworks, Beyond Meat, Sony, Microsoft and Capcom highlighted as Zacks Bull and Bear of the Day",1.0,0.114,0.865,0.021
20,"Dow Jones Today Dips, Nasdaq Futures Rise Ahead Of Powell/Yellen Hearing; China Stocks Stumble After U.S. Sanctions",0.0,0.0,1.0,0.0
21,"The Zacks Analyst Blog Highlights: iRobot, Microsoft, Apple, NVIDIA and Tivity Health",0.998,0.095,0.883,0.021
22,"Jim Cramer on Reopening, Roblox, Discord, SPACs, Stocks Today",-0.374,0.0,0.946,0.054
23,"LIVE: Jim Cramer on Reopening, Roblox, Discord, SPACs, Stocks Today",-0.402,0.0,0.895,0.105
24,Microsoft Reportedly in Talks to Buy Discord for More Than $10 Billion,-0.402,0.0,0.912,0.088
25,Nintendo to Use New Nvidia Graphics Chip in 2021 Switch Upgrade,0.993,0.141,0.845,0.014
26,"Microsoft, GameStop, AstraZeneca, Fed's Powell: 5 Things You Must Know",-0.477,0.045,0.831,0.123
27,Microsoft Said To Be In Discussions To Acquire Discord For Over $10B,-0.794,0.091,0.811,0.098
28,Microsoft reportedly in talks to buy Discord for more than $10 billion,-0.402,0.0,0.881,0.119
29,Microsoft in Talks to Buy Discord for More Than $10 Billion,0.016,0.094,0.812,0.094
30,Microsoft in talks to acquire Discord for more than $10 billion - Bloomberg News,0.511,0.095,0.846,0.06
