﻿,Titles,Polarity,Positive,Neutral,Negative
0,Microsoft (MSFT) Gains But Lags Market: What You Should Know,0.988,0.096,0.887,0.016
1,Dow Jones Futures In Focus After 586-Point Surge; Nasdaq Closes In On Record Highs; 5 Stocks To Buy And Watch,0.0,0.0,1.0,0.0
2,Dow Jones Soars 600 Points As Stock Market Rallies Amid Fed Official's Comments,-0.113,0.0,0.941,0.059
3,Bumble Employees Awarded Week of Vacation to De-Stress,0.956,0.11,0.82,0.069
4,WISeKey Introduces WISeID Cloud Storage Service,0.952,0.115,0.873,0.011
5,How to Benefit From Company Buybacks and Earnings,0.999,0.129,0.847,0.024
6,7 Fun Stocks to Buy to Introduce Your Kids to the Stock Market,1.0,0.126,0.84,0.034
7,"Microsoft Stock Is Boss, But it Would Be Even Better Lower",0.995,0.121,0.816,0.063
8,Matthews International Corp. Goes from Graves to Green Energy – Report,0.915,0.097,0.892,0.012
9,Is Upcoming IPO SentinelOne Worth Your Attention?,0.625,0.1,0.9,0.0
10,10 Best Dividend Stocks to Buy According to Billionaire Cliff Asness,1.0,0.123,0.859,0.018
11,"Microsoft Nears Breakout As AI, Cloud Acquisition Lifts MSFT Stock",0.557,0.173,0.827,0.0
12,Fastly Is Up 40% Since May. Can It Go Higher?,0.077,0.032,0.94,0.028
13,"Dow Jones Today Aims To Snap Sell-Off As Nasdaq Reverses; Chevron, Caterpillar Rebound; Yields Edge Up Ahead Of Powell Testimony",0.361,0.106,0.894,0.0
14,"Dow Jones Today Set To Snap Sell-Off As Futures Rise; Chevron, Caterpillar Lead Rebound; Yields Edge Up Ahead Of Powell Testimony",0.527,0.206,0.794,0.0
15,5 Stocks to Watch as the Gaming Space Upholds Momentum,1.0,0.158,0.827,0.015
