﻿,Titles,Polarity,Positive,Neutral,Negative
0,Netflix will face its biggest test yet when it breaks into gaming,0.997,0.097,0.872,0.031
1,Why AvePoint Stock Is Climbing Today,0.783,0.117,0.883,0.0
2,Biden to meet next month with private sector on cyber issues,0.34,0.094,0.906,0.0
3,IBM Beats The Wall Street Forecasts,0.994,0.108,0.884,0.007
4,IBM Option Traders Optimistic After Earnings,0.318,0.133,0.867,0.0
5,Top Stock Trading Rules: The Eight-Week Hold Rule And Its Wrinkles,0.296,0.075,0.925,0.0
6,Tension between President Biden and Facebook 'remains incredibly strong': Cecilia Kang,-0.053,0.096,0.804,0.1
7,Did You Participate In Any Of Microsoft's (NASDAQ:MSFT) Incredible 434% Return?,0.999,0.177,0.8,0.024
