﻿,Titles,Polarity,Positive,Neutral,Negative
0,Google Tests Letting Apps Like Spotify Offer Own Billing,-0.892,0.054,0.855,0.091
1,Metaverse presents ‘half a trillion’-dollar opportunity: ProShares strategist,0.997,0.129,0.871,0.0
2,Why Okta Stock Was Tumbling Today,0.459,0.057,0.924,0.02
3,"Market check: Stocks pare gains, oil rises",0.0,0.0,1.0,0.0
4,Amazon Is Back to Acting Like a Wall Street Darling,0.995,0.116,0.848,0.036
5,10 Most Anticipated IPOs of 2022,0.83,0.056,0.897,0.047
6,"Microsoft Says Digital Extortion Gang Lapsus$ Targets Cryptocurrency, Too",0.938,0.07,0.879,0.051
7,10 Blue Chip Stocks with Dividends,0.999,0.098,0.883,0.019
8,Cadence (CDNS) to Participate in Microsoft RAMP Phase II Program,0.999,0.179,0.818,0.003
9,Dow Jones Futures Fall After S&amp;P 500 Reclaims Key Level; Apple Flashes Buy Signal,0.0,0.0,1.0,0.0
10,Elon Musk Has Reason To Dance As Tesla And Other Tech Names Rally,0.459,0.152,0.788,0.061
11,10 Long-Term Growth Stocks Analysts Have Their Eyes On,1.0,0.14,0.83,0.031
12,"Stocks Edge Lower, Powell On Deck, GameStop, Adobe and Hackers Hit Microsoft - 5 Things You Must Know",-0.026,0.17,0.641,0.189
13,Microsoft Confirms Hackers Gained ‘Limited Access’ to Its Systems,0.361,0.116,0.819,0.065
14,Master Microsoft Office With This E-Learning Course,0.953,0.081,0.906,0.013
15,Microsoft says hacking group that struck Okta got ‘limited’ access to software giant,0.34,0.103,0.897,0.0
16,Microsoft Confirms Hacker Group Lapsus$ Breached Its Systems,0.869,0.073,0.882,0.045
