﻿,Titles,Polarity,Positive,Neutral,Negative
0,Dow Jones Futures: Treasury Yields Surge; Apple Makes History; Time To Buy Tesla Stock?,0.202,0.079,0.921,0.0
1,The 10 Biggest M&amp;A Deals That Could Happen In 2022,1.0,0.107,0.849,0.044
2,"Tesla, Nvidia, 3 IPOs Among Top Stocks To Watch In 2022",0.459,0.2,0.8,0.0
3,Alphabet (GOOGL) Boosts Stadia Game Suite With New Titles,0.997,0.141,0.823,0.036
4,Apple’s Market Cap Briefly Tops $3 Trillion After Relentless Rally,0.997,0.112,0.865,0.023
5,7 of the Best Metaverse Stocks for 2022 to Buy Now,1.0,0.16,0.797,0.043
6,10 Tech Stocks to Buy According to Billionaire David Harding,0.999,0.104,0.874,0.022
7,Apple becomes first U.S. public company to touch $3 trillion market cap,0.919,0.064,0.936,0.0
8,"Paul Allen's Enchanted Hill, prized piece of Beverly Crest land, sells for $65 million",-0.671,0.064,0.877,0.059
9,"Stock Market News for 3, 2022",0.985,0.108,0.838,0.054
10,Telefonica (TEF) to Secure Companies With Hybrid Cloud Service,0.999,0.206,0.792,0.002
11,10 Cryptocurrencies Redditors are Buying for 2022 and Beyond,1.0,0.121,0.864,0.014
12,Are Robust Financials Driving The Recent Rally In Microsoft Corporation's (NASDAQ:MSFT) Stock?,0.999,0.167,0.823,0.009
13,"Zacks.com featured highlights include: Microsoft, East West Bancorp, CDW, and Automatic Data Processing",1.0,0.194,0.797,0.009
14,7 of the Best Robinhood Stocks for 2022 to Buy Now,1.0,0.116,0.867,0.017
15,7 of the Best Cybersecurity Stocks for 2022 to Buy Now,0.999,0.126,0.835,0.039
16,5 predictions for the stock market in 2022: Morning Brief,0.993,0.08,0.871,0.049
17,Microsoft patent puts new twist on Surface device,0.0,0.0,1.0,0.0
