﻿,Titles,Polarity,Positive,Neutral,Negative
0,DigitalOcean Stock Spiked. A Former Short Seller Says Shares Could Quadruple.,0.296,0.109,0.891,0.0
1,3 Stocks to Buy for Profits From Earnings Season Pin Action,1.0,0.176,0.76,0.065
2,Bill and Melinda French Gates Divorce Finalized: Reports,0.778,0.099,0.883,0.018
3,Take-Two Interactive to report fiscal Q1 2022 that could be hurt by reopenings,-0.176,0.053,0.897,0.05
4,"In Tech We Trust? Google, Microsoft, PayPal, Square Among Most Trusted Tech Stocks On Leaderboard",0.521,0.144,0.856,0.0
5,What are the Best Stocks to Buy Right Now?,1.0,0.143,0.833,0.024
6,"Dow Loses Steam Into Close as Rising Cases, Weaker Economic Data Weigh",0.625,0.06,0.887,0.053
7,Dow Eases From Record as Stocks Struggle for Direction,0.953,0.075,0.895,0.031
8,Could August Become 7th Straight Month Of Gains? Busy Week Could Set The Tone,0.998,0.092,0.876,0.032
9,Apple's Strongest June Quarter Ever Was Overshadowed By Chip Shortage,0.991,0.104,0.863,0.033
10,Microsoft Triumphs By Sealing A Record-Breaking Fiscal Year,0.995,0.105,0.873,0.022
11,25 Most Peaceful Countries in the World,1.0,0.214,0.677,0.109
12,10 Best FAANG Stocks to Buy Now,1.0,0.113,0.867,0.02
13,Tech Stocks In Focus: Here's The List Of The 25 Most Trusted Tech Companies,0.769,0.282,0.718,0.0
14,4 Stocks to Make the Most of Surging Demand for Cloud Gaming,0.998,0.132,0.852,0.016
15,"Tale of Fake Hewlett-Packard Gear Spurs Arrest in China, Lawsuit",-0.996,0.054,0.846,0.1
