﻿,Titles,Polarity,Positive,Neutral,Negative
0,Microsoft’s Activision Deal Could Be Entering Its ‘Final Stage’. How to Cash In.,0.44,0.155,0.794,0.051
1,A 3-Day Tech Earnings Deluge Begins. Here Are the Key Issues to Track.,0.178,0.096,0.904,0.0
2,Dow Jones Futures: What To Do Ahead Of Fed Decision; Walmart Dives On Profit Guidance Cut,0.226,0.127,0.786,0.087
3,"Walmart, Target, and tech stocks decline in after-hours trading",0.0,0.0,1.0,0.0
4,Employment in tech is ‘like a boomerang’ in 2022 compared to last year: Economist,0.0,0.0,1.0,0.0
5,"Indexes Close Mixed, Pausing After Last Week's Gains; Investors Brace For Big Tech Earnings",-0.796,0.0,0.865,0.135
6,"Fed: 'We have a chance for a pivot' once inflation and employment normalize, strategist says",0.273,0.151,0.728,0.12
7,A Tedious Session as We Await News,-0.076,0.064,0.867,0.069
8,Microsoft earnings: What to expect from the company's fourth-quarter results,0.0,0.0,1.0,0.0
9,Recession concerns are 'a boom turning into a bust': Strategist,-0.681,0.0,0.838,0.162
10,"Nasdaq leads stocks lower, bond markets move higher ahead of Fed meeting",0.986,0.108,0.855,0.036
11,"Dow Futures Dip, Walmart Tanks After Cutting Profit Forecast",0.823,0.047,0.923,0.031
12,These 10 Companies Just Cut Their Guidance,0.997,0.083,0.873,0.044
13,"Microsoft Is Best Positioned For Spending Downturn And Can Weather Storm, Bullish Analyst Says",0.98,0.134,0.811,0.056
14,Tech Stocks Cool Ahead Of Earnings Amid Mixed Stock Market Action,0.848,0.162,0.838,0.0
15,"Amazon, Google, Facebook, and Microsoft earnings: A crucial week for Big Tech",0.962,0.072,0.884,0.044
16,"Cloudforce finishes expansion at National Harbor, bucking tech-centricity of Northern Virginia",0.0,0.0,1.0,0.0
17,Big Tech earnings are about to determine the direction of the market,0.0,0.0,1.0,0.0
18,Microsoft Earnings: What to Look For From MSFT,0.382,0.106,0.894,0.0
19,"Microsoft, Alphabet, Visa Earnings: 3 Things to Watch",0.227,0.072,0.87,0.058
20,Stock Market Today: Dow Ends Higher as Energy Surge Offsets Tech Stumble,0.978,0.121,0.827,0.052
21,"Meta earnings: It will be ‘significantly harder to surprise on the top line,’ analyst says",0.0,0.0,1.0,0.0
22,"Market check: Nasdaq trades lower, bitcoin dips below $22,000",0.0,0.0,1.0,0.0
23,"I'm Not Buying Microsoft Ahead of Earnings, But I'm Pondering an Options Play",0.775,0.134,0.816,0.05
24,10 Best Stocks to Buy Now According to Billionaire Marc Lasry’s Avenue Capital,1.0,0.156,0.823,0.02
25,"Bear market ‘still looks a bit wobbly’ amid economic weakness, strategist says",-0.422,0.0,0.915,0.085
26,"US STOCKS-Dow rises at start of big earnings week, Microsoft drags Nasdaq",-0.345,0.053,0.887,0.06
27,Activison stock upgraded on ‘increasingly compelling’ merger-arbitrage opportunity,0.519,0.146,0.8,0.054
28,"Fed decision, Big Tech earnings, economic data: What to watch this week in markets",0.971,0.091,0.898,0.012
29,Dow Jones Climbs Ahead Of Big Tech Earnings,-0.296,0.0,0.901,0.099
30,"Google, Microsoft, Meta to report earnings this week",0.0,0.0,1.0,0.0
31,10 Best Stocks For Inflation According to Redditors,1.0,0.149,0.818,0.033
32,Why Earnings Season Could Be Great for Microsoft (MSFT),0.997,0.191,0.809,0.0
33,7 Nasdaq Stocks to Buy on the Dip,0.999,0.14,0.793,0.067
34,Dow Jones Futures Rebound Ahead Of Big Tech Earnings,0.0,0.0,1.0,0.0
35,The Cloud Isn’t Recession Proof,0.425,0.225,0.703,0.072
36,Why Microsoft Put an End to Minecraft's NFT Games,0.149,0.102,0.812,0.086
37,U.S. Stocks Wobble Ahead of Big Week of Economic Data and Earnings,-0.955,0.056,0.828,0.116
38,"Alphabet, Microsoft, Meta, Apple and Amazon are part of Zacks Earnings Preview",0.999,0.123,0.836,0.041
39,"Dow Jones Futures Rise: Apple Leads Earnings Wave, Fed Rate Hike Looms; What To Do Now",0.727,0.295,0.705,0.0
40,"U.S. Stock Futures Rise as Investors Eye Fed Meeting, Earnings",-0.751,0.049,0.884,0.066
