﻿,Titles,Polarity,Positive,Neutral,Negative
0,"Dow Jones Futures: Stock Market Rally Revs Higher, Google, Microsoft Flash Buy Signals; What To Do Now",0.422,0.109,0.891,0.0
1,Why Intel is unloading Mobileye,0.992,0.091,0.903,0.006
2,2 Top Stocks to Buy Before 2021 Is Over,-0.612,0.021,0.913,0.066
3,Text Provider Mitto Faces Swiss Probe Over Phone-Monitoring Report,0.718,0.044,0.932,0.023
4,"Crake Asset Management LLP Buys The Walt Disney Co, Marriott International Inc, Meta Platforms ...",0.999,0.115,0.881,0.004
5,Should Investors Be Worried About Amazon After Its Lackluster Q3 Report?,-0.422,0.115,0.759,0.127
6,Oracle's (ORCL) Q2 Earnings: Cloud Business in Spotlight,0.998,0.119,0.868,0.013
7,10 Biotech Stocks to Buy According to Billionaire Ken Fisher,0.999,0.104,0.871,0.025
8,"To Thwart Hackers, Companies Should Focus More on Modernizing Their Networks",-0.202,0.135,0.676,0.189
9,"Dow Jones Surges As Intel Jumps On Mobileye Plans; Apple, Tesla Set To Rally",0.0,0.0,1.0,0.0
10,"Dow Jones Futures Surge As Intel Jumps On Mobileye Plans; Apple, Tesla Set To Rally",0.0,0.0,1.0,0.0
11,"Dow Jones Futures Rally As Intel Jumps On Mobileye Plans; Apple, Tesla Set To Rally",0.0,0.0,1.0,0.0
12,Here's Why Apple Could Still Be the World's Most Valuable Company in the Next 10 Years and Beyond,0.774,0.088,0.912,0.0
13,This Could Be the World's Most Valuable Company in a Decade,0.769,0.13,0.835,0.036
14,CVS Health (CVS) New Alliance to Boost Digital Transformation,0.999,0.168,0.829,0.003
15,"Qualcomm, Roblox Stock Among The 5 Best Tech Stocks To Buy Or Watch Now",0.904,0.379,0.621,0.0
16,Microsoft’s Planned Takeover of Nuance Gets Further EU Scrutiny,-0.153,0.0,0.926,0.074
17,Dow Jones Futures Surge: Is Stock Market Correction Over? What To Do Now,0.727,0.283,0.64,0.077
18,Alphabet Is The Best Value In Big Tech,0.34,0.094,0.865,0.041
19,"The Zacks Analyst Blog Highlights: Microsoft, NVIDIA, Medtronic, The Progressive and Vertex Pharma",0.997,0.129,0.845,0.026
20,"Suki, a Startup Selling ‘Siri for Doctors,’ Is Valued at $400 Million",0.965,0.081,0.904,0.015
21,Microsoft-Nuance Deal Could Be Killed By European Regulators,0.0,0.0,1.0,0.0
22,Wall Street Opens Sharply Higher as Omicron Fears Recede; Dow up 400 Pts,0.95,0.075,0.883,0.042
23,Microsoft Gains on Report Office Monthly Subscription to Cost More,0.825,0.041,0.949,0.01
24,Exclusive-EU antitrust regulator seeks input on Microsoft's $16 billion Nuance deal,0.992,0.102,0.888,0.01
25,MongoDB Climbs After Lifting Forecast for Third Time,0.671,0.047,0.932,0.021
26,Dow Jones Futures Rally: Is Stock Market Correction Over? What To Do Now,0.727,0.293,0.627,0.08
