﻿,Titles,Polarity,Positive,Neutral,Negative
0,"Stocks cling to gains into the close, ARKK components surge, travel stocks in the red",0.0,0.0,1.0,0.0
1,"Walmart Amps Up Cloud Capabilities, Reducing Reliance on Tech Giants",0.0,0.0,1.0,0.0
2,Profit Off the Bear Market With Microsoft Stock,0.535,0.169,0.774,0.057
3,Zoom (ZM) Unveils New Packaging And Translation Feature,0.995,0.106,0.878,0.016
4,3 Top Robinhood Stocks to Avoid,0.989,0.111,0.82,0.069
5,3 Top Tech Stocks That Could Help Make You Rich by Retirement,0.769,0.138,0.799,0.063
6,10 Best Staffing Company Stocks To Invest In,0.999,0.115,0.869,0.016
7,Bill Gates’ Latest Stock Portfolio: Top 10 Picks,0.999,0.086,0.895,0.019
8,Missed Out On Microsoft? My Best Cloud Stock to Buy and Hold,0.202,0.021,0.979,0.0
9,"Clubhouse Tests Private Groups, Part of a Bid to Regain Relevance",0.993,0.102,0.857,0.041
10,Big Tech Gets Caught Up in Europe’s Energy Politics,0.981,0.071,0.893,0.036
11,Patti Payne: Scott Oki's haikus raise money and lift spirits,0.273,0.041,0.959,0.0
