﻿,Titles,Polarity,Positive,Neutral,Negative
0,3 Stocks With Robust Cloud Computing Operations,0.999,0.15,0.84,0.01
1,US STOCKS-Wall Street gains over 2% in broad rebound,0.983,0.089,0.878,0.034
2,Wedbush Says Microsoft Is a Secular Winner,0.996,0.169,0.789,0.042
3,10 High-Yield Dividend Stocks to Buy According to John A. Levin’s Levin Capital,1.0,0.118,0.856,0.026
4,"Microsoft Scraps Some AI Facial-Analysis Tools, Citing Risk of Bias",0.9,0.085,0.858,0.057
5,Dow Futures Ease After Major Indices Bounce Back,0.956,0.086,0.907,0.007
6,"Facebook, Microsoft, Nvidia Unite To Create Metaverse Standards",0.0,0.0,1.0,0.0
7,"Microsoft stops selling emotion-reading tech, limits face recognition",0.37,0.064,0.88,0.056
8,How boards can keep up with climate action expectations,0.0,0.0,1.0,0.0
9,Oracle (ORCL) Unveils the Second Cloud Region In France,0.991,0.079,0.91,0.011
10,Market check: Dow adds 500+ points as stocks bounce back,0.0,0.0,1.0,0.0
11,Tech stock sentiment is ‘pretty awful’ and it’s ‘a great sign’: Analyst,0.0,0.0,1.0,0.0
12,10 Blue Chip Stocks to Buy According to Billionaire Richard Chilton,1.0,0.129,0.85,0.021
13,"Microsoft, Salesforce, and Apple Remain Top Picks at Wedbush. It’s Time to Focus on Secular Winners.",0.422,0.101,0.899,0.0
14,Activision Blizzard (ATVI) Landed in FPA Queens’ Top Contributors List,0.986,0.083,0.905,0.012
15,7 Red-Hot Growth Stocks That Will Outrun a Recession,0.998,0.104,0.884,0.012
16,3 Growth Stocks to Buy Now Before the Recession Hits,0.863,0.082,0.854,0.064
17,Goldman Sachs: 'We now see recession risk as higher and more front-loaded',-0.979,0.038,0.863,0.098
18,Here’s Why Oracle Is Really a Tech Value Stock,0.995,0.094,0.874,0.031
19,Big Blue Took a Page From Dorian Gray’s Playbook,0.863,0.065,0.888,0.047
20,Stock market strategists all want one thing right now: Morning Brief,0.999,0.128,0.827,0.045
21,The Tech Sector Is Taking a Beating. Here’s Why.,-0.273,0.062,0.852,0.085
