﻿,Titles,Polarity,Positive,Neutral,Negative
0,Oracle's 3rd-Quarter Results: Looking Beyond the Numbers,0.973,0.075,0.919,0.006
1,Dow Jones Hits New High On Jobs Data; Biden Signs Stimulus Bill Into Law,0.0,0.0,1.0,0.0
2,Hedge Fund Buys and Sells: Notable Trends,0.919,0.062,0.909,0.029
3,Dow Jones Hits Record High With Biden Set To Sign Covid Stimulus Bill; Roblox Stock Jumps,0.637,0.208,0.729,0.063
4,Billionaire Steve Cohen’s Top 10 Stock Picks,1.0,0.117,0.847,0.037
5,Oracle Tumbles as Shift to Cloud Software Fails to Spur Substantial Growth,0.637,0.14,0.86,0.0
6,Oracle Falls Most in a Year After Tepid Outlook for Growth,0.998,0.161,0.816,0.023
7,Dow Jones Today Chases Nasdaq As Stocks Rally; Alaska Meeting Lifts China Stocks; Microsoft Clears Buy Point,0.178,0.061,0.939,0.0
8,Augmented Reality Finding Niche In Workplace,0.999,0.146,0.833,0.021
