﻿,Titles,Polarity,Positive,Neutral,Negative
0,"Dow Jones Futures: Stock Market Sell-Off Worsens, As These 5 Tech Giants Tumble",-0.44,0.0,0.861,0.139
1,"Market Recap: Monday, October 4",-0.026,0.0,0.965,0.035
2,Microsoft Windows 11 review: Big upgrades for workers and gamers alike,0.999,0.094,0.896,0.01
3,Oracle Loses Court Appeal For JEDI Contract: Bloomberg,0.772,0.151,0.739,0.11
4,Why These 10 Stocks Fell on Monday,0.959,0.1,0.831,0.068
5,Sell Or Hold? NVDA Stock Shows How To Handle Growth Stocks In A Stock Market Correction,0.382,0.133,0.867,0.0
6,AWS has no plans to slow its data center growth in Northern Virginia,0.0,0.0,1.0,0.0
7,"Dow Jones Dives 400 Points As Tech Stocks Sell Off, Bond Yields Rise",0.0,0.0,1.0,0.0
8,S&amp;P 500 Starts Week With Selloff as Investors Ditch Tech,0.836,0.081,0.855,0.064
9,3 Tech Stocks to Buy Now and Hold Forever,0.382,0.129,0.813,0.058
10,Microsoft (MSFT) Collaborates With At-Bay to Lower Cyber Risk,0.997,0.187,0.761,0.052
11,Has Microsoft (MSFT) Outpaced Other Computer and Technology Stocks This Year?,0.995,0.148,0.838,0.014
12,"AMD Riding on EPYC Adoption, Strong Partner &amp; Customer Base",0.996,0.16,0.83,0.01
13,S&amp;P 500 Slides as Tech Bloodbath Continues,0.95,0.087,0.866,0.047
14,"Dow Jones Rises, Tech Stocks Sell Off As Tesla Jumps On Strong Deliveries",0.25,0.081,0.862,0.057
15,Don't Be Scared to Buy Nelnet Stock,-0.361,0.0,0.878,0.122
16,GM-Backed Cruise Sees Robotaxi Unit Growing Past $50 Billion,0.991,0.069,0.909,0.022
17,Oracle Appeal Over JEDI Contract Turned Away by Supreme Court,-0.511,0.129,0.739,0.133
18,10 Best Stocks to Buy According to Quant Genius Jim Simons’ Renaissance Technologies,1.0,0.111,0.875,0.014
19,These Tech Stocks Are Helping to Improve Workplace Productivity,0.612,0.099,0.865,0.036
20,"Got $3,000? 3 Tech Stocks to Buy and Hold for the Long Term",0.844,0.106,0.894,0.0
21,Dow Jones Futures Fall 100 Points; Tesla Jumps On Strong Deliveries,0.511,0.142,0.858,0.0
22,Dow Jones Futures Fall With Market Rally Attempt Underway; Tesla Rises On Deliveries,0.0,0.0,1.0,0.0
23,Billionaire David Tepper is Selling These 10 Stocks,0.999,0.097,0.873,0.03
24,Microsoft (NASDAQ:MSFT) Is Increasing Its Dividend To US$0.62,0.994,0.121,0.862,0.017
25,Wall Street Opens Mostly Lower as OPEC+ Pushes Oil Price Higher; Dow Ekes Out Gain,0.912,0.093,0.818,0.088
