﻿,Titles,Polarity,Positive,Neutral,Negative
0,Dow Jones Futures: Market Rally Runs Up To Key Test; 5 Giants Near Buy Points,0.0,0.0,1.0,0.0
1,Time to Buy These Giant Tech Stocks as the Nasdaq Enters a Bull Market?,0.99,0.106,0.858,0.036
2,"6 Software Stocks to Buy and 4 to Sell, According to an Analyst",0.606,0.06,0.94,0.0
3,Get Ready to Shell Out for the ‘iPhone Killer’,0.998,0.115,0.843,0.041
4,10 Penny Stocks for Long-Term Profits,0.999,0.131,0.85,0.02
5,10 Best One Dollar Stocks To Buy Now,1.0,0.146,0.839,0.015
6,Video Game Stocks Pressured by Real-Life's Return from Pandemic,0.989,0.12,0.829,0.051
7,Microsoft Corporation (MSFT) is Attracting Investor Attention: Here is What You Should Know,0.999,0.127,0.866,0.007
