﻿,Titles,Polarity,Positive,Neutral,Negative
0,Dow Jones Futures: Rally Strengthens As Tesla Tops Early Buy Point; 5 Top Stocks To Buy And Watch,0.0,0.0,1.0,0.0
1,"Big Tech heads for ‘a year of thousands of tiny tech papercuts,’ but what antitrust efforts could make them bleed?",0.0,0.0,1.0,0.0
2,Stock market outlook: Sectors to watch going into 2022,-0.178,0.0,0.941,0.059
3,Don't fear a 20% stock market plunge: JPMorgan,0.971,0.075,0.896,0.029
4,"2021 YouTube trends: Gaming evolved into ‘a main part of pop culture,’ expert says",0.47,0.118,0.882,0.0
5,Meta Gains as KeyBanc Sees Strong Holiday Sales for Oculus Headset,0.986,0.136,0.835,0.029
6,Dow Jones Rallies As Tesla Approaches New Buy Point,0.477,0.157,0.843,0.0
7,How Microsoft's (MSFT) Nuance Buyout Fits Its Business Strategy,0.997,0.123,0.871,0.006
8,21 insanely wealthy people who aren't leaving it to the kids,1.0,0.154,0.799,0.046
9,Dow Jones Futures Rise As Tesla Approaches New Buy Point,0.671,0.208,0.792,0.0
10,"Microsoft, Salesforce Battle to Revitalize Customer Service",0.999,0.107,0.865,0.028
11,Microsoft Joins Other Tech Giants in Canceling In-Person Presence at CES,0.0,0.0,1.0,0.0
12,"The Zacks Analyst Blog Highlights: Microsoft, Workiva, MongoDB and Datadog",0.999,0.132,0.844,0.024
13,"The Zacks Analyst Blog Highlights: Microsoft, Home Depot, Goldman Sachs, UnitedHealth Group and Chevron",1.0,0.143,0.845,0.012
14,4 retail predictions for 2022: Morning Brief,0.998,0.099,0.853,0.048
15,15 Cybersecurity Stocks To Watch In 2022,1.0,0.143,0.835,0.022
16,What To Expect From Global Markets In 2022: Growth and the Rise of Small Caps,0.997,0.124,0.825,0.052
