﻿,Titles,Polarity,Positive,Neutral,Negative
0,3 Proven Stocks Investors Should Buy Amid a Market Rebound,0.999,0.147,0.828,0.025
1,7 Best Robinhood Stocks to Buy in July,0.999,0.12,0.84,0.04
2,Nasdaq Win Streak Is Fueled by Tech Losers Turning Into Winners,0.852,0.098,0.825,0.077
3,Video game developers are ‘migrating’ towards ‘ongoing live services’: Analyst,0.0,0.0,1.0,0.0
4,Alphabet (GOOGL) Boosts Google Photos With Pop-Up UI Update,0.997,0.13,0.85,0.02
5,Fidelity: A Ray Dalio Fintech Pick,0.998,0.147,0.835,0.018
6,"Microsoft Estimates Face PC Weakness and Currency Headwinds, Says Analyst",-0.25,0.0,0.87,0.13
7,Disney (DIS) and 9 Other Stocks Billionaire Phill Gross Was Buying Up in Q1,1.0,0.123,0.829,0.048
8,"America’s Frontier Fund to ‘start a brand new renaissance’ in tech, CEO says",0.052,0.071,0.866,0.063
9,Brazilian Billionaire Jorge Paulo Lemann Has Lost Faith in These 5 Tech Stocks,0.999,0.124,0.839,0.037
10,Brazilian Billionaire Jorge Paulo Lemann Loves These 5 Tech Stocks,1.0,0.131,0.838,0.031
11,3 EV Charging Stocks to Buy for Huge Gains in the 2020s,0.997,0.099,0.883,0.018
12,John Allison’s Unio Capital Portfolio: 10 Dividend Stocks,1.0,0.105,0.882,0.013
13,Billionaire Stephen Mandel’s 10 Must-Buy Tech Stocks,0.999,0.135,0.794,0.071
14,"Market check: Energy rebounds, Tesla stock rises, China stocks get a bid",0.0,0.0,1.0,0.0
15,10 Small-Cap ETFs to Buy Now,0.999,0.101,0.883,0.016
16,"Stocks rise in early trading, U.S. dollar pauses gains, meme stocks up",0.0,0.0,1.0,0.0
17,Microsoft Has New Weapons in The Talent War Between Big Tech,-0.874,0.031,0.843,0.126
18,Tech Giants Brace for Legal Mess of Abortion Data Subpoenas,0.956,0.079,0.857,0.064
19,7 Best Tech Stocks to Buy in July 2022,0.999,0.113,0.858,0.03
20,Microsoft Cloud Veteran Official Quits After Reports Of Verbal Abuse To Staff,0.83,0.109,0.806,0.085
21,Dow Jones Futures Rise As Key Economic Signal Rebounds; Tesla Rivals In Buy Zones,0.202,0.083,0.917,0.0
22,Microsoft Takes a Big Hit,0.66,0.265,0.735,0.0
23,Analyzing Samsung's Q2 Expectations,0.987,0.142,0.807,0.051
24,Aging politicians 'don't understand technology': Andrew Yang,0.402,0.091,0.909,0.0
25,"China Is Trying to ‘Ransack’ Western Companies, FBI Head Warns",-0.986,0.057,0.819,0.124
