﻿,Titles,Polarity,Positive,Neutral,Negative
0,"Markets: Google, Tesla, Microsoft among biggest laggards of the day",0.557,0.161,0.839,0.0
1,"Stocks under pressure as traders await inflation, earnings data",-0.382,0.068,0.812,0.12
2,Dow Futures up 0.1% Ahead of Key Inflation Report,0.735,0.07,0.888,0.042
3,Microsoft Stock Slips on Concern About Growth for Office 365,-0.128,0.0,0.945,0.055
4,3 Tech Stocks to Buy That Are About to Bounce,0.994,0.108,0.825,0.068
5,Want to Own Microsoft Office Forever With No Annual Fee? Here's How,0.083,0.059,0.941,0.0
6,"US STOCKS-S&amp;P, Nasdaq slide 1% as surging yields hammer growth stocks",0.962,0.088,0.865,0.048
7,Stock Market Today: Dow Wobbles on Tech Tantrum After U.S. Bond Yields Climb,-0.494,0.068,0.857,0.076
8,Apple's (AAPL) Recent Upgrades to Attract New Customers,0.995,0.107,0.868,0.026
9,12 Best US Stocks to Buy Now,1.0,0.149,0.837,0.014
10,"These 5 Billionaires Make You Filthy Rich, Too",0.494,0.233,0.642,0.125
11,"Couple convicted in $5 million software con that they promised would take on Microsoft — but was actually ‘a heap of junk,’ according to one employee",0.0,0.0,1.0,0.0
12,"Market check: Tech, energy sectors lead stocks lower, oil slides",0.0,0.0,1.0,0.0
13,MSFT Stock Investors Will Fly High on Boeing Partnership With Microsoft,0.992,0.104,0.886,0.01
14,Dow Jones Falls; Twitter Drops As Elon Musk Reverses Decision To Join Board; Nvidia Slides On Downgrade,0.296,0.095,0.905,0.0
15,This Cybersecurity Stock Could Just Be Getting Started,0.382,0.126,0.874,0.0
16,10 Best Tech Stocks to Buy For The Long Term,1.0,0.128,0.865,0.007
17,Dow Jones Futures Fall; Twitter Drops As Elon Musk Reverses Decision To Join Board; Nvidia Slides On Downgrade,0.296,0.099,0.901,0.0
18,10 Growth ETFs to Buy Now,1.0,0.153,0.824,0.023
19,Is Salesforce Stock A Buy Or Sell As Software Growth Stocks Struggle?,0.361,0.111,0.889,0.0
20,"Tax The Wealthy? These 5 Billionaires Make You Filthy Rich, Too",0.494,0.233,0.642,0.125
21,Another Feather in Its Cap Validates Datadog's Momentum,-0.402,0.131,0.75,0.119
22,Alibaba Stock: Witnessing the Fall of a Great Cloud Titan,0.861,0.086,0.842,0.072
