﻿,Titles,Polarity,Positive,Neutral,Negative
0,Stock market news live updates: Stock futures drift lower after reaching record highs,0.988,0.108,0.852,0.04
1,Buy These 3 Blue-Chip Tech Stocks with the Market at New Highs?,0.998,0.181,0.809,0.01
2,Dow Jones Futures: Stock Market Rally Hits Record Levels As Tesla Surges To All-Time High,0.0,0.0,1.0,0.0
3,"Dow Jones Gains As Yellen Makes This Demand; Apple, Microsoft Struggle; Amazon Falls Amid Space Move",-0.318,0.061,0.794,0.144
4,"Dow Jones Up As Yellen Makes This Demand; Apple, Microsoft Struggle; Amazon Falls Amid Space Move",-0.318,0.061,0.794,0.144
5,Microsoft (MSFT) and the Metaverse,0.0,0.0,1.0,0.0
6,Looking for a Growth Stock? 3 Reasons Why Microsoft (MSFT) is a Solid Choice,0.998,0.188,0.798,0.014
7,Dow Jones Eyes New Closing High As Small Caps Lead; Nasdaq Sets Record As Tesla Rallies,0.0,0.0,1.0,0.0
8,"Wall Street Closes at Record Highs as Energy, Consumer Shine",0.63,0.06,0.901,0.039
9,My 3 Stock Market Predictions for November,0.202,0.203,0.664,0.133
10,Meet Facebook’s metaverse competitors,-0.756,0.122,0.709,0.169
11,Microsoft (MSFT) Hits Fresh High: Is There Still Room to Run?,0.999,0.151,0.849,0.0
12,"Sega, Microsoft Weigh Cloud Gaming Partnership",0.535,0.059,0.9,0.041
13,Stock market news live updates: Stock futures rise as traders look to extend gains into November,0.996,0.089,0.894,0.017
14,"Apple, Amazon, Alphabet, Meta Platforms and Microsoft are part of Zacks Earnings Preview",0.998,0.118,0.846,0.036
15,Is It Too Late to Buy Microsoft Stock?,-0.625,0.0,0.904,0.096
16,Who's building the metaverse?,0.988,0.075,0.911,0.014
17,What Investors Should Remember About Clover Health,0.999,0.156,0.813,0.031
18,Top 8 Stock Picks of Michael Sidhom’s Immersion Capital,0.999,0.09,0.9,0.011
19,"On to November, Earnings, Climate Change, FOMC, OPEC, Microsoft, Albemarle",0.202,0.087,0.913,0.0
20,Bango and Microsoft expand access to Microsoft 365 subscriptions,0.993,0.13,0.87,0.0
21,G-20 Corporate Tax Compact Would Fork Over Cash to American Coffers,0.0,0.0,1.0,0.0
