﻿,Titles,Polarity,Positive,Neutral,Negative
0,Microsoft (MSFT) Dips More Than Broader Markets: What You Should Know,0.983,0.087,0.881,0.032
1,2 Must-Own Tech Stocks to Buy Now at Deep Discounts,0.989,0.121,0.836,0.043
2,How a former Microsoft executive brought Magic Leap back from the brink,0.361,0.22,0.664,0.116
3,EA exec on women in gaming: ‘It’s really powerful to see yourself represented’,0.25,0.063,0.938,0.0
4,"Stocks turn negative, oil falls as traders await Fed decision",0.0,0.0,1.0,0.0
5,How to Write an Investment Thesis,0.807,0.21,0.79,0.0
6,Is Snowflake Stock A Buy Or Sell Amid Software Sector Volatility?,0.0,0.0,1.0,0.0
7,10 ETFs to Buy and Hold for the Next 10 Years,0.999,0.091,0.89,0.019
8,Bill Gates’ Latest Portfolio: Top 12 Stock Picks,1.0,0.123,0.844,0.034
9,10 Monthly Dividend Stocks with Over 6% Yield,0.999,0.103,0.865,0.032
10,10 Dividend Stocks Redditors Buy for Early Retirement,0.999,0.116,0.871,0.013
11,"Software Growth Stocks To Buy, Watch Or Sell Amid Nasdaq Volatility",0.796,0.31,0.69,0.0
12,Third Time’s a Charm With Alphabet’s Latest Acquisition,0.996,0.111,0.855,0.033
13,What Is Zoom's Long-Term Growth Trajectory?,0.818,0.124,0.876,0.0
14,2 Metaverse Stocks to Buy Hand Over Fist and 1 to Avoid Like the Plague,0.34,0.052,0.948,0.0
