﻿,Titles,Polarity,Positive,Neutral,Negative
0,5 eVTOL Stocks to Buy Before Electric Helicopters Take Off in 2022,0.998,0.096,0.895,0.009
1,"Oracle, Cerner and the Liar’s Cloud",0.998,0.127,0.848,0.024
2,These Health-Tech Deals Highlight a Big Private Investing Trend,0.999,0.129,0.859,0.012
3,"4 Top Stock Trades for Monday: TSLA, MSFT, TWTR, F",0.995,0.121,0.825,0.054
4,The Profits in Exxon Mobil Are Still Good to the Last Drop,0.993,0.088,0.885,0.026
5,"BOX to Aid Businesses Via Latest Monitoring, Reporting Tools",0.998,0.168,0.827,0.006
6,"M&amp;A Soared in 2021, with Oracle, Amazon Among Major Buyers",0.0,0.0,1.0,0.0
7,4 Big Data Stocks That Could Explode in 2022,0.999,0.158,0.822,0.02
8,Dow Jones Rallies As Stock Market Extends Rebound; Tesla Tests Key Resistance Level,0.0,0.0,1.0,0.0
9,10 Value Stocks in Joel Greenblatt’s Portfolio,1.0,0.144,0.829,0.027
10,10 Dividend Stocks to Buy According to Billionaire Louis Bacon,0.998,0.082,0.917,0.001
11,Jim Simons’ Renaissance Technologies Portfolio: 10 Dividend Stocks With Over 15% Yield,0.996,0.065,0.918,0.017
12,Dow Jones Futures Rally As Stock Market Extends Rebound; Tesla Tests Key Resistance Level,0.0,0.0,1.0,0.0
13,Cloud Computing Shift To The Metaverse Makes These Tech Stocks 'Sexy' Again,0.402,0.153,0.847,0.0
14,Ride the Metaverse Boom With These 4 Stocks,0.998,0.121,0.869,0.01
15,Should iShares S&amp;P 500 Growth ETF (IVW) Be on Your Investing Radar?,0.999,0.178,0.792,0.03
16,"The Zacks Analyst Blog Highlights: Microsoft, Broadcom, Eli Lilly, Intuitive Surgical and MetLife",0.998,0.131,0.847,0.022
17,5 Dow Stocks That Helped the Index Score Big in 2021,1.0,0.155,0.835,0.009
