﻿,Titles,Polarity,Positive,Neutral,Negative
0,3 Quantum Computing Stocks to Buy Before They Go Mainstream,0.996,0.089,0.902,0.009
1,7 Virtual Reality Stocks Bringing Web 3.0 to Life,0.999,0.09,0.892,0.018
2,HPE Fuels GreenLake Expansion with Microsoft Azure Stack HCI,0.999,0.151,0.842,0.007
3,10 Cryptocurrencies To Buy and Hold for the Next 10 Years,1.0,0.116,0.845,0.039
4,U.K. Police Arrest 7 Related to Lapsus$ Hacks on Tech Firms,-0.995,0.037,0.793,0.17
5,UPDATE 2-Suspected Okta hackers arrested by British police,-0.964,0.035,0.887,0.079
6,1 Piece of Good News for Office Investors and Bad News for Tech Employees,0.077,0.018,0.982,0.0
7,Nvidia CEO: Hack was a ‘wake-up call’,0.983,0.117,0.798,0.085
8,The difference between Mark Zuckerberg and Elon Musk,0.999,0.224,0.734,0.042
9,Is Most-Watched Stock Microsoft Corporation (MSFT) Worth Betting on Now?,0.999,0.131,0.863,0.006
10,Controversial New Law for Big Tech in Europe Expected This Week,0.924,0.076,0.871,0.054
11,"Hackers Against Okta, Microsoft, NVIDIA Traced To England, Brazil: Bloomberg",0.776,0.094,0.839,0.067
12,Should iShares Russell 1000 ETF (IWB) Be on Your Investing Radar?,0.991,0.098,0.873,0.029
13,5 ETFs That Are All You Need for Retirement,0.903,0.146,0.831,0.022
14,Microsoft Affected by a Cyberattack After Nvidia and Samsung,-0.273,0.0,0.971,0.029
15,Microsoft and Its CEO Stick to Their Choice Between Russia and Ukraine,0.0,0.0,1.0,0.0
