﻿,Titles,Polarity,Positive,Neutral,Negative
0,Jeff Bezos Steps Down as CEO on Monday. Here’s What It Means for Amazon’s Stock.,0.077,0.19,0.711,0.099
1,"Dow Jones Rallies As Apple, Microsoft Lead; AMC Stock Dives; Tesla Delivery Gains Vanish",0.34,0.103,0.897,0.0
2,"Mega caps liking job numbers, Tesla's Q2 delivery record, RIDE &amp; DiDi dive",0.99,0.078,0.882,0.041
3,Drill Down Into the Price Movement of Cardano for Smarter Trades,0.999,0.159,0.81,0.031
4,These 3 No-Brainer Stocks Are Leading the Market Higher Friday,0.899,0.24,0.76,0.0
5,"3 Heavyweight, Most-Shorted Stocks Breaking Out",0.997,0.112,0.853,0.035
6,"Dow Jones Up As Microsoft, Apple Lead; Stock Market Rallies On Strong Jobs Data",0.0,0.0,1.0,0.0
7,Is Microsoft Stock A Buy As Software Giant Reaches $2 Trillion Market Cap?,0.586,0.128,0.872,0.0
8,"Jeff Bezos made Amazon a behemoth, but his legacy is complicated",1.0,0.134,0.816,0.05
9,Cloud Stocks Change Name Of The Cloud Computing Game With 'Containers',0.671,0.317,0.683,0.0
10,Apple Could Become Google's Biggest Cloud Customer,0.077,0.066,0.896,0.037
11,10 Best Young Stocks To Buy and Hold For 20 Years,1.0,0.094,0.891,0.015
12,7 Strong Stocks to Buy for July 2021,1.0,0.116,0.875,0.009
13,‘Absolutely a Sprint’: How Andy Jassy Raced to the Top of Amazon,0.999,0.095,0.862,0.043
