﻿,Titles,Polarity,Positive,Neutral,Negative
0,"Why Josh Brown Just Compared Nvidia To Apple, Microsoft",0.95,0.101,0.868,0.031
1,"Dow Jones Futures: Nvidia, Microsoft, Adobe Lead But Market Rally Narrows; Tesla AI Day On Tap, Applied Materials Earnings Top",0.0,0.0,1.0,0.0
2,Microsoft Raises Prices on Popular Suite of Business Apps,0.981,0.126,0.874,0.0
3,Microsoft To Raise Commercial Office 365 Subscription Price In 2022,0.836,0.061,0.939,0.0
4,Jim Cramer: These Firms Can Put Through a Price Increase and It Doesn't Matter,0.318,0.081,0.919,0.0
5,"General Motors, AT&amp;T Partner For 5G Connectivity To Vehicles",0.691,0.044,0.939,0.017
6,How Facebook Is Improving The Remote Working Experience?,0.934,0.075,0.917,0.009
7,"This Shoe Store Company Has A Better One-Year Return Than Amazon, Apple, Disney, Microsoft, Netflix, PayPal and Tesla",0.965,0.096,0.896,0.008
8,These Are The Fastest Growing Cannabis Companies In The US,0.996,0.178,0.816,0.006
9,Microsoft to raise prices as much as 20% for some flagship products,0.856,0.056,0.936,0.009
10,Microsoft Gains as Office 365 Gets Its First Big Price Hike in 10 Years,0.872,0.069,0.917,0.014
11,3 Dividend-Paying Tech Stocks to Buy Right Now,0.882,0.208,0.792,0.0
12,4 Stocks to Make the Most of the Rising Demand for BDaaS,0.998,0.123,0.871,0.006
