﻿,Titles,Polarity,Positive,Neutral,Negative
0,Microsoft (MSFT) Dips More Than Broader Markets: What You Should Know,0.992,0.103,0.888,0.009
1,"Dow Jones Futures Await Fed Meeting News With Stock Market Rally At Highs: Microsoft, Tesla Near Key Levels; Oracle, Roblox Are Key Movers Late",0.0,0.0,1.0,0.0
2,Oracle Drops After Cloud Sales Fall Short of High Expectations,0.996,0.163,0.832,0.004
3,CD Projekt Surges on Return of Cyberpunk to PlayStation Store,0.936,0.087,0.858,0.055
4,Replay: AvePoint-Apex Technology Fireside Chat With IPO Edge,0.978,0.056,0.938,0.006
5,Apple’s Subpoenas From Trump Era Renew Washington’s Harsh Glare,0.994,0.088,0.869,0.043
6,This stock market boosting scheme has come roaring back,0.955,0.083,0.883,0.034
7,"Dow Jones Slides, Nasdaq Near Record High; Apple Stock Eyes New Buy Point",0.0,0.0,1.0,0.0
8,"APAC Cloud Space Boom Brings AMZN, GOOGL &amp; Others in Limelight",0.998,0.086,0.898,0.016
9,"The Zacks Analyst Blog Highlights: Zoom Video, Microsoft and Cisco",0.999,0.121,0.859,0.02
10,The E3 Videogame Show’s Top Announcements So Far,0.34,0.116,0.884,0.0
11,Microsoft’s LinkedIn Gets Another Chance to Block HiQ – Report,-0.128,0.092,0.816,0.091
12,Here's Why IBM Is Wading Deeper Into Hybrid Cloud Waters (as It Should),0.499,0.145,0.855,0.0
13,You Just Missed A $1.1 Trillion Tech Stock Rally,-0.296,0.0,0.913,0.087
14,Should Oshares U.S. Quality Dividend ETF (OUSA) Be on Your Investing Radar?,0.997,0.138,0.83,0.031
15,I Found Something I Like in Microsoft and Apple: Here's How They Stack Up,0.593,0.092,0.908,0.0
16,Washington Renews Apple Inquiry Regarding Trump-Era Subpoenas: Bloomberg,0.772,0.064,0.889,0.047
17,Apple Back in Washington Spotlight Over Trump-Era Subpoenas,0.986,0.079,0.874,0.046
18,Dow Jones Futures Rise: Nasdaq On Cusp Of Record Highs As Bitcoin Surges On Elon Musk Tweet; Apple Leads 5 Stocks Near Buy Points,0.0,0.0,1.0,0.0
