﻿,Titles,Polarity,Positive,Neutral,Negative
0,How The Activision Blizzard Purchase Helps Microsoft Stock,0.996,0.096,0.879,0.025
1,"Russian Troops Building at Ukraine Border, Potential Fed Rate Hike, Rattle Markets",-0.743,0.0,0.673,0.327
2,"Munger on U.S. tech giants: ‘I want big, strong American companies’",0.0,0.0,1.0,0.0
3,Buy Cloudflare Stock as a Big Panic Dip Approaches,0.999,0.151,0.802,0.048
4,Exclusive: Charlie Munger discusses inflation and crypto with Yahoo Finance,0.128,0.045,0.955,0.0
5,Exclusive: Charlie Munger: Apple is one of the strongest companies in the world,0.996,0.168,0.818,0.015
6,Intel CEO Is Tired of Wall Street Doubting His Comeback Plan,0.998,0.103,0.862,0.035
7,7 Passive Income Stocks To Buy Despite Rising Interest Rates,1.0,0.189,0.785,0.026
8,"Dow Jones Falls Ahead Of Fed Minutes; Airbnb Rallies, Roblox Crashes On Earnings",0.0,0.0,1.0,0.0
9,IBM Boosts Hybrid Multicloud Services With Neudesic Buyout,0.998,0.152,0.821,0.028
10,"Dow Jones Futures Fall Ahead Of Fed Minutes; Airbnb Rallies, Roblox Plunges On Earnings",0.0,0.0,1.0,0.0
11,Big Tech Has a New Ally: The U.S. Chamber of Commerce,-0.974,0.055,0.872,0.073
