﻿,Titles,Polarity,Positive,Neutral,Negative
0,Why You Should Buy Cybersecurity Stocks &amp; ETFs Now,0.993,0.156,0.788,0.056
1,"Russia-Ukraine war ‘keeps me away from going all-in’ on tech stocks, portfolio manager says",0.785,0.168,0.832,0.0
2,"Stocks turn higher, oil has biggest day since November 2020",0.273,0.095,0.905,0.0
3,"Buy ‘oversold tech stocks,’ especially Apple: Analyst",0.994,0.109,0.868,0.022
4,S&amp;P 500 Extends Climb as Energy Resumes Rally on Prolonged War Bets,0.924,0.099,0.853,0.049
5,"Ransomware Hackers Used AI Images, Microsoft Flaw in Campaign",-0.994,0.044,0.822,0.134
6,"Microsoft data centres to heat Finnish homes, cutting emissions",0.557,0.048,0.927,0.026
7,"Market strategist talks stocks, investing amid rising rates, and the metaverse ETF",0.459,0.107,0.893,0.0
8,Apple and Google Are Brawling With Peers Over Future of the App Store,0.95,0.084,0.849,0.066
9,3 Growth Stocks That Could Be Headed for Trouble,0.827,0.132,0.868,0.0
10,Microsoft faces EU antitrust complaint about its cloud computing business,-0.7,0.049,0.865,0.086
11,7 Dividend Stocks That Are Poised to Move Significantly Higher This Year,1.0,0.118,0.867,0.015
12,Why Microsoft Has an Edge Over Facebook in the Metaverse,0.889,0.135,0.845,0.02
13,7 Apple Supplier Stocks to Watch Following AAPL’s March Event,0.999,0.104,0.874,0.022
14,Should Invesco S&amp;P 500 Top 50 ETF (XLG) Be on Your Investing Radar?,0.994,0.111,0.863,0.026
