﻿,Titles,Polarity,Positive,Neutral,Negative
0,Activision Blizzard delivers a ‘disappointing’ holiday-quarter amid Microsoft offer,0.226,0.158,0.743,0.099
1,"AMS Capital Ltda Buys XP Inc, Microsoft Corp, Block Inc, Sells Mastercard Inc, StoneCo, Ulta ...",0.996,0.07,0.918,0.011
2,Amazon Shares Jump as Cloud Unit Helps Drive Profit Past Estimates,0.998,0.161,0.796,0.043
3,"Amazon competition is ‘getting intense,' but lead remains intact, analyst says",0.178,0.064,0.936,0.0
4,UPDATE 1-Activision misses quarterly adjusted sales estimates on subdued demand,0.25,0.054,0.895,0.051
5,Activision Blizzard Earnings Miss Estimates After Microsoft Deal,0.971,0.078,0.868,0.054
6,Tech guidance has been more disappointing than earnings: Strategist,0.296,0.063,0.938,0.0
7,Stocks accelerate losses into market close as tech tanks,0.0,0.0,1.0,0.0
8,Meta stock blowup is an important investing lesson: strategist,0.994,0.135,0.827,0.038
9,Activision Blizzard earnings preview: Investors look for more details on Microsoft acquisition,0.876,0.07,0.882,0.048
10,Hasbro taps Microsoft VP to lead Wizards of the Coast,0.0,0.0,1.0,0.0
11,Tech stocks tumble following huge Meta earnings miss,0.0,0.0,1.0,0.0
12,Apple’s App Store Grip Challenged by Bill Advancing in Senate,0.995,0.115,0.821,0.064
13,Amazon Earnings Will Show If It’s Facebook or Alphabet,-0.194,0.073,0.82,0.106
14,10 New Stock Picks of Billionaire Dan Loeb,0.999,0.108,0.885,0.007
15,Amazon earnings: Here's what to expect,0.996,0.155,0.82,0.025
16,Buy Tech Stocks for a Big Short Squeeze This Earnings Season,0.998,0.149,0.828,0.023
17,Market check: Stocks fall as Meta earnings weigh on tech,0.0,0.0,1.0,0.0
18,Fed tightening does not signify doom for stock market: Investment Strategist,0.0,0.0,1.0,0.0
19,7 Reddit Stocks That Are Seeing a Surge in WallStreetBets Chatter,0.999,0.105,0.861,0.034
20,3 Robinhood Stocks to Buy and Hold Forever,0.893,0.165,0.815,0.02
21,Meta Drop Could Hit Stock Funds With $1 Trillion That Bet on Facebook Parent,0.947,0.117,0.802,0.082
22,Is It Too Late to Buy Microsoft?,0.881,0.145,0.855,0.0
23,My 3 Biggest Stock Market Predictions for February,-0.178,0.08,0.825,0.095
24,Top 4 Mutual Fund Holders of Microsoft (MSFT),0.637,0.215,0.785,0.0
25,"Nintendo Cuts Switch Outlook Again on Supply, Logistics Jam",0.942,0.072,0.876,0.052
26,"Mosaic Advisors LLC Buys Apple Inc, Tesla Inc, Alphabet Inc, Sells iShares Core U.S. ...",0.997,0.073,0.923,0.004
27,A Strong and Resilient Earnings Picture Amid Market Volatility,0.993,0.149,0.809,0.042
