﻿,Titles,Polarity,Positive,Neutral,Negative
0,"Jobs, Jobs Jobs: October's Focus Turns to Key Employment Data as Fed Waits in Wings",0.999,0.112,0.836,0.052
1,Developers Are Making Games for a Nintendo 4K Console That Doesn’t Exist,-0.39,0.071,0.855,0.074
2,"Top Research Reports for Microsoft, Amazon &amp; NextEra Energy",0.999,0.205,0.787,0.008
3,Microsoft’s September Swoon Doesn’t End Record Quarterly Streak,-0.252,0.101,0.798,0.101
4,Microsoft and At-Bay partner to offer data-driven cyber insurance coverage,1.0,0.229,0.726,0.044
5,"If I Could Buy Only 1 Stock, This Would Be It",0.772,0.261,0.739,0.0
6,"Salesforce.com, Upstart Among The 5 Best Tech Stocks To Buy Or Watch Now",0.904,0.379,0.621,0.0
7,10 Stocks to Buy Today According to Phil Frohlich’s Prescott Group Capital Management,0.999,0.083,0.905,0.013
8,"Stock Market News for Sep 29, 2021",0.975,0.105,0.825,0.07
9,Remote Work Projections Are on the Rise in U.S Managers Survey,0.84,0.079,0.875,0.046
10,"Covenant Logistics, Nike, Amazon, Sun Life and Microsoft highlighted as Zacks Bull and Bear of the Day",0.999,0.126,0.856,0.018
11,4 Stocks to Buy on a Booming Cloud Service Market,0.997,0.124,0.87,0.006
12,"Retail Traders Stick to Their Dip-Buying Ways, But Fatigue Lurks",0.454,0.07,0.876,0.054
13,Dow Jones Futures Rebound As Treasury Yields Fall; Growth Stocks On Track For Worst Week Since Coronavirus Crash,-0.818,0.097,0.524,0.378
14,Dow Jones Futures Rebound After Market Sells Off Amid Yellen Default Warning; Growth Stocks On Track For Worst Week Since Coronavirus Crash,-0.818,0.097,0.524,0.378
15,Microsoft CEO on failed TikTok deal: 'Strangest thing I've ever worked on',0.214,0.078,0.922,0.0
