﻿,Titles,Polarity,Positive,Neutral,Negative
0,"Top Research Reports for Microsoft, Netflix &amp; Waste Management",0.995,0.153,0.796,0.051
1,The tech trade isn't done: Jefferies analyst,0.931,0.066,0.911,0.023
2,3 Flagging Dow Giants to Buy Today,0.904,0.154,0.846,0.0
3,Juniper Breach Mystery Starts to Clear With New Details on Hackers and U.S. Role,0.994,0.092,0.835,0.074
4,3 Virtual and Augmented Reality Stocks to Buy Right Now,0.772,0.261,0.739,0.0
5,Indian Trio Reap $500 Million Each Selling Payments Startup,0.988,0.076,0.9,0.024
