﻿,Titles,Polarity,Positive,Neutral,Negative
0,Dow Jones Rallies; Biden Touts Economy Despite Inflation; AMC Trades Wildly,-0.052,0.0,0.954,0.046
1,"Group behind SolarWinds hack targets U.S. orgs, Microsoft warns",0.052,0.115,0.781,0.104
2,"Dow Jones Rallies As Inflation Picks Up; Apple Falls On Downgrade, AMC Stock Rockets 38%",0.0,0.0,1.0,0.0
3,"Microsoft reveals cyberattack, Nike splits from Neymar, Japan extends state of emergency",-0.785,0.0,0.864,0.136
4,"Dow Jones Rallies As Inflation Picks Up; Apple Downgraded, AMC Stock Rockets 38%",0.0,0.0,1.0,0.0
5,"Autodesk (ADSK) Q1 Earnings Top Estimates, Revenues Rise Y/Y",0.998,0.12,0.876,0.004
6,Tech stocks are out of favor — 5 reasons to shop alongside the contrarians,0.735,0.133,0.867,0.0
7,"This Leading Franklin Fund Focuses On Innovation, Some Pre-IPO Bets",0.906,0.406,0.594,0.0
8,Microsoft Accuse SolarWinds Hackers for Latest USAID Cyber Attack,-0.9,0.059,0.844,0.097
9,Tech Stocks Roundup: Amazon is Slowly Taking Over the World,0.202,0.073,0.927,0.0
10,"Biden, Congress Face Test on Cyber Spending After Colonial Hack",0.997,0.128,0.813,0.059
11,"Russian Hackers Resume U.S. Cyber Offensive, Microsoft Says",0.96,0.107,0.831,0.062
12,"UPDATE 1-Microsoft says group behind SolarWinds hack now targeting government agencies, NGOs",-0.442,0.084,0.814,0.102
13,"Microsoft says group behind SolarWinds hack now targetting government agencies, NGOs",-0.18,0.088,0.811,0.102
14,"SolarWinds hackers launch new attacks against 150 U.S. organizations, Microsoft says",-0.511,0.035,0.875,0.09
15,Big Tech Drawn to New Singapore Carbon Offset Trading Market,0.995,0.124,0.841,0.035
16,Big Tech Drawn to Singapore’s New Carbon Offset Trading Market,0.995,0.123,0.844,0.034
17,Russian group behind SolarWinds spy campaign conduct new cyber attacks,-0.422,0.051,0.87,0.079
18,Rebel AI group raises record cash after machine learning schism,0.882,0.161,0.807,0.032
