﻿,Titles,Polarity,Positive,Neutral,Negative
0,3 Best Big Tech Stocks to Buy Now,0.93,0.191,0.791,0.018
1,Microsoft Beats Estimates Propelling Tech Higher,0.998,0.109,0.873,0.018
2,Amazon’s Biggest Drop Since 2006 Caps Miserable Month for Tech,-0.991,0.067,0.794,0.14
3,3 top-ranked dividend stocks for May yielding an average of 3.9% — lock them in now before inflation soars higher,0.991,0.113,0.859,0.028
4,EXCLUSIVE: Qualcomm CFO Sees 'Limitless' Opportunity Ahead In Cloud Connectivity,0.996,0.132,0.868,0.0
5,Stocks: S&amp;P 500 on track for worst month since 2020 as volatility spikes,0.0,0.0,1.0,0.0
6,Volatile Big Tech earnings have whipsawed the stock market in recent weeks. Here are the winners and losers,1.0,0.18,0.769,0.05
7,Amazon stock tumbles 12% after reporting first quarterly loss in 7 years,0.97,0.09,0.854,0.056
8,"Stock Market Volatile; Apple, Facebook, Amazon Are Key Earnings, Tesla CEO Elon Musk Buys Twitter: Weekly Review",-0.45,0.0,0.877,0.123
9,"Intel reports earnings beat, stock slumps on weak guidance",0.0,0.0,1.0,0.0
10,Amazon Shares Plummet But Cloud Computing Keeps Dominating,0.0,0.0,1.0,0.0
11,An Urgent Need for Cybersecurity Stocks,0.997,0.134,0.784,0.082
12,Is Microsoft Stock a Buy Now?,0.273,0.066,0.934,0.0
13,Apple unnerves investors with '$4 billion to $8 billion' guidance,0.928,0.062,0.909,0.029
14,Nokia (NOK) Q1 2022 Earnings Call Transcript,0.875,0.143,0.857,0.0
15,"Big Tech is no longer winning as big, but these two stocks still seem safe",0.865,0.283,0.717,0.0
