﻿,Titles,Polarity,Positive,Neutral,Negative
0,The ‘Crying CEO’ Says He Loves His Employees — Even Those He Laid Off,0.917,0.092,0.846,0.063
1,The 7 Best Mutual Funds for Your 401k,0.999,0.116,0.862,0.022
2,3 Tech Titans With Hefty Acquisitions in 2022,0.999,0.176,0.813,0.011
3,Nvidia is just one symptom the PC boom is officially over,0.983,0.064,0.906,0.03
4,Stock Market Today: Dow Racks Up Gains as Easing Inflation Triggers Tech Rally,0.925,0.123,0.786,0.091
5,"Trump to be deposed, Microsoft asks employees to cut back costs, Deliveroo losses beat estimates",0.0,0.0,1.0,0.0
6,S&amp;P 500 Rides Tech Rally as Easing Inflation Pushes U.S. Yields Lower,0.981,0.131,0.797,0.072
7,Worried About a Recession? Buy These 3 Stocks and Hold Forever,0.572,0.091,0.909,0.0
8,Amazon Joins Deal Revival Spurred by Lower Valuation: Tech Watch,-0.952,0.05,0.879,0.071
9,Which Company Is Winning the Cloud Computing War?,0.494,0.061,0.939,0.0
10,Top Millennial Stock Pick Tesla's CEO Musk Sells Billions In TSLA Shares To Prep For Twitter Deal,0.287,0.097,0.903,0.0
11,The Trade Desk (TTD) Q2 2022 Earnings Call Transcript,0.44,0.137,0.805,0.058
12,Robot Arms Are Replacing Shelf Stockers in Japan’s Stores,0.866,0.063,0.914,0.023
