﻿,Titles,Polarity,Positive,Neutral,Negative
0,"Microsoft, Meta, Spotify, and other tech companies cut ties with Russia",0.0,0.0,1.0,0.0
1,7 Explosive Growth Stocks Ready to Stomp Valuation Compression,1.0,0.146,0.835,0.019
2,"Microsoft, SpaceX, Airbnb and Others Offer Ukraine Assistance",-0.382,0.079,0.786,0.136
3,"HPE CEO talks earnings, digital mega trends, and stopping shipments to Russia",0.25,0.078,0.873,0.048
4,Melinda French Gates Says She Was Upset With Bill Gates’s Meetings With Jeffrey Epstein,-0.382,0.106,0.678,0.216
5,Amazon Will Shutter 68 Physical Stores,0.612,0.273,0.727,0.0
6,Amazon's (AMZN) AWS Client Bundesliga Offers New Match Facts,0.999,0.148,0.844,0.008
7,Making Sense of Past Stock Drops,0.395,0.053,0.92,0.026
8,3 Beaten-Down Cloud Stocks to Buy After Earnings Reports,0.999,0.148,0.762,0.09
9,"Market check: Stocks higher at open, Citi upgrades U.S. tech",0.0,0.0,1.0,0.0
10,10 Most Popular Dividend Stocks on Robinhood,0.999,0.086,0.897,0.017
11,Dow Jones Rallies Ahead Of Cease-Fire Talks; Snowflake Crashes On Earnings,0.0,0.0,1.0,0.0
12,7 Stocks to Buy That Have a Shot at Becoming the Metaverse King,0.999,0.102,0.865,0.034
13,Dow Jones Futures Rise Ahead Of Cease-Fire Talks; Snowflake Crashes On Earnings,0.0,0.0,1.0,0.0
14,Box Gains After Promising Another Strong Year for Cloud Content,0.988,0.149,0.835,0.016
15,Why Alibaba Probably Hasn’t Bottomed Yet,0.783,0.065,0.886,0.05
16,7 Long-Term Stocks to Buy Now and Hold Forever,1.0,0.149,0.826,0.025
17,Snowflake Tumbles as 67% Revenue Growth Forecast Disappoints,0.874,0.075,0.884,0.041
