﻿,Titles,Polarity,Positive,Neutral,Negative
0,Microsoft closes trading with a $2 trillion market cap for first time,0.976,0.08,0.907,0.013
1,"Microsoft closes with valuation above $2 trillion, becoming second U.S. company to do so",0.128,0.059,0.941,0.0
2,Microsoft sent a strong signal to developers that could hurt Apple and Google,0.532,0.067,0.878,0.055
3,Klobuchar Says ‘Small But Mighty’ Group Is Out to Bust Trusts,0.997,0.152,0.807,0.041
4,"Microsoft Reveals Windows 11, Latest Version Since 2015",0.95,0.066,0.914,0.019
5,"Microsoft Gives Windows New Design, Builds in Conferencing Tool",0.991,0.073,0.901,0.025
6,Microsoft Still Needs Windows to Shine,0.649,0.175,0.825,0.0
7,Microsoft Windows 11 brings updated looks and a focus on multitasking and gaming,0.0,0.0,1.0,0.0
8,"Microsoft Unveils Windows 11 Operating System, Touts Usability Improvements",0.0,0.0,1.0,0.0
9,Microsoft's Windows 11 brings updated looks with a focus on multitasking and gaming,0.997,0.102,0.871,0.027
10,"S&amp;P 500, Nasdaq Boast Record Close as Biden Unveils Infrastructure Deal",0.993,0.101,0.867,0.032
11,Dow Jones Up 230 Points As Nasdaq Hits New High; Stocks Rally On Infrastructure Deal Hopes,0.649,0.238,0.762,0.0
12,"Microsoft Gives Windows New Design, Builds in Conferencing Tool",0.993,0.084,0.908,0.008
13,Windows 11: Microsoft CEO Satya Nadella on the New ‘Start’ of the PC (Exclusive),0.128,0.023,0.977,0.0
14,"REFILE-UPDATE 1-Microsoft shows Windows 11, first major overhaul in six years",0.392,0.038,0.93,0.032
15,Microsoft Will Bundle Its Slack Rival in New Version of Windows,0.87,0.1,0.9,0.0
16,Software Company Figma Raises $200M At $10B Valuation: Bloomberg,0.936,0.069,0.916,0.015
17,"Dow Jones Jumps As Tesla Stock Surges; Nvidia, Roku, Snap On The Move",0.0,0.0,1.0,0.0
18,10 Best Stocks to Buy According to Chris James’ Engine No. 1,1.0,0.109,0.857,0.034
19,Microsoft (MSFT) Boasts Earnings &amp; Price Momentum: Should You Buy?,0.999,0.15,0.85,0.0
20,Microsoft Gains While Windows 11 Is Showcased,0.951,0.083,0.909,0.008
21,Microsoft to unveil first new Windows in six years,0.872,0.063,0.902,0.035
22,The tyranny of spreadsheets,0.361,0.096,0.83,0.074
