﻿,Titles,Polarity,Positive,Neutral,Negative
0,The Sectors to Focus on As the Holiday Season Kicks Off,0.999,0.159,0.781,0.06
1,US STOCKS-Nasdaq and S&amp;P 500 end down after hitting record highs,0.992,0.098,0.864,0.037
2,"In a Sea of Mergers, Equinix Offers Standalone Strength",0.997,0.121,0.858,0.02
3,Kevin O'Leary says the 'real opportunity' for Bitcoin will come from this overlooked group of investors — but he's still a big fan of blue chip income stocks,0.999,0.154,0.824,0.021
4,Billionaire Leon Cooperman Is Selling These 10 Stocks,0.999,0.133,0.834,0.033
5,Jerome Powell still being Fed chief is bullish for stocks: portfolio manager,0.989,0.107,0.888,0.005
6,Apple Surges in Longest Rally Since July With Big Tech Surging,0.981,0.11,0.839,0.05
7,Billionaire Cliff Asness Portfolio: 10 Stocks Under $20,0.999,0.132,0.862,0.006
8,"Fed Chair Powell renomination 'is good news for long duration growth assets,' analyst says",0.0,0.0,1.0,0.0
9,Mario Gabelli is Doubling Down on These 10 Stocks,1.0,0.128,0.859,0.013
10,Ballard teams up with Caterpillar &amp; Microsoft to demonstrate megawatt-scale hydrogen fuel cell backup generator system for datacenters,0.996,0.113,0.869,0.019
11,Europe Finally Set to Vote on How to Control Biggest Tech Firms,-0.987,0.057,0.845,0.097
12,"Dow Jones Futures Rise: Biden Set To Pick Fed Chief As Market Rally Diverges; Tesla Rises, Rivian Falls",0.0,0.0,1.0,0.0
13,"The Metaverse,  Crypto and EVs Are Among 2021’s Big Tech Winners",0.946,0.083,0.864,0.053
14,"The Zacks Analyst Blog Highlights: Microsoft, Seagate Technology and JPMorgan",0.999,0.126,0.846,0.029
15,"China Easing Hints, Kotick Exit, Europe Covid Riots - What's Moving Markets",-0.995,0.043,0.85,0.107
16,"Activision CEO Tells Staff He’d Consider Leaving, Dow Jones Says",-0.988,0.084,0.784,0.131
