﻿,Titles,Polarity,Positive,Neutral,Negative
0,15 Companies with the Best Benefits,1.0,0.248,0.729,0.024
1,S&amp;P 500 in Holding Pattern Ahead of Jobs Report; AMC Hits Record High,0.935,0.066,0.905,0.029
2,Dow Jones Today Targets 5th Advance As Stocks Inch Up; DXC Upgraded; BorgWarner Nails Hyundai EV Deal,0.34,0.094,0.906,0.0
3,10 Best Tech ETFs to Buy According to Reddit,1.0,0.116,0.874,0.01
4,Microsoft on June 24 Unveiling New Windows System,0.505,0.169,0.831,0.0
5,S&amp;P 500 Flat as Materials Slip; AMC Rockets on Meme Mania,0.983,0.096,0.876,0.028
6,Morgan Stanley and Microsoft collaborate to accelerate cloud transformation,0.998,0.127,0.863,0.01
7,Accelerate: New York aimed at tackling unemployment in the metropolitan area with new opportunities for underserved communities,1.0,0.138,0.85,0.012
8,Huawei Unveils New Software to Overcome Trump Blacklist,0.997,0.125,0.852,0.022
9,Huawei Launches Harmony OS to Take On Google's Android: WSJ,0.991,0.148,0.82,0.032
10,"Dow Jones Today Targets 5th Advance, Futures Inch Up; DXC Upgraded; AMC Meme Spike Continues",0.557,0.141,0.859,0.0
11,Why You Should Avoid GameStop Stock,0.875,0.149,0.851,0.0
12,Is Snowflake Stock A Buy? Pullback Resets Valuation Ahead Of June 10 Analyst Day,0.0,0.0,1.0,0.0
13,These 4 Measures Indicate That Microsoft (NASDAQ:MSFT) Is Using Debt Safely,0.94,0.137,0.734,0.129
14,The top 20 Fortune 500 companies on diversity and inclusion,0.995,0.087,0.91,0.002
15,"Zoom Gains On Raising Outlook After All-Round Show, WFH A Way Of Life",0.955,0.079,0.921,0.0
