﻿,Titles,Polarity,Positive,Neutral,Negative
0,Dow Jones Up As Fed Fears Ease; Facebook Stock Gains Amid Trump Ban; Musk Tweet Hurts Bitcoin,0.052,0.277,0.479,0.245
1,Alphabet Inches Past Amazon in Market Cap. Only Apple and Microsoft Are Ahead.,0.751,0.211,0.789,0.0
2,Microsoft says error led to no matching Bing images for Tiananmen 'tank man',-0.44,0.027,0.926,0.047
3,Google Migrates Parts Of YouTube to Cloud: CNBC,0.915,0.074,0.913,0.013
4,"Dow Jones Rallies, Nasdaq Soars As Tech Stocks Rebound After Jobs Data Falls Short",0.649,0.24,0.76,0.0
5,Jobs recovery is ‘three times faster’ than during the global financial crisis: JPM Asset Management,0.361,0.098,0.902,0.0
6,10 Best Dividend Stocks to Buy According to Billionaire James Dinan,1.0,0.148,0.83,0.022
7,"Microsoft Is Essential Infrastructure, So Buy and Hold MSFT Stock for the Long Term",0.913,0.082,0.852,0.065
8,10 Best Passive Income Stocks in 2021,1.0,0.129,0.856,0.015
9,33 Most Famous Harvard Students of All Time,1.0,0.117,0.871,0.011
10,Cybersecurity Stocks To Buy As Sector Underperforms In 2021 Despite Hacking News,0.844,0.267,0.733,0.0
11,Is Salesforce Stock A Buy? Slack Deal Synergies Key For Digital Transformation Leader,0.361,0.088,0.912,0.0
12,"Technology Advancing Healthcare: Watch GOOGL, AMZN &amp; Others",0.999,0.165,0.826,0.01
13,3 Technology Stocks You Can Buy and Hold for the Next Decade,-0.468,0.0,0.806,0.194
14,Local governments are going to war with facial recognition technology,0.0,0.0,1.0,0.0
15,"Tech Stocks Roundup: Salesforce Shares Up After Earnings, Ahead of Slack Deal",0.202,0.073,0.927,0.0
16,"DocuSign Beats Across the Board, Stock Surges",0.66,0.076,0.924,0.0
