﻿,Titles,Polarity,Positive,Neutral,Negative
0,"Activision, Battling Sexism Complaints, Tops Quarterly Views",0.941,0.085,0.852,0.062
1,UPDATE 1-Activision Blizzard annual sales forecast disappoints,0.954,0.118,0.822,0.06
2,Activision Blizzard annual sales forecast disappoints,0.926,0.135,0.791,0.075
3,"NYC vaccination mandate sends restaurant, gym stocks lower",0.511,0.044,0.919,0.038
4,"Activision Blizzard to report Q2 earnings amid harassment scandal, C-Suite shakeup",-0.979,0.032,0.886,0.082
5,Microsoft to Require Vaccinations to Enter U.S. Offices,0.775,0.036,0.956,0.008
6,"S&amp;P 500 Rides Energy, Health Care to Close at Record",0.969,0.094,0.869,0.037
7,3 Reasons Microsoft Needs to Reveal Azure's Financials,-0.064,0.101,0.84,0.059
8,10 Best Stocks to Buy According to Senvest Management,1.0,0.117,0.863,0.02
9,Microsoft to Require Proof of Vaccination for U.S. Office Entry,0.0,0.0,1.0,0.0
10,Blizzard President Departs as Game Maker Faces Labor Lawsuit,0.927,0.099,0.858,0.043
11,Why is ‘metaverse’ the hottest tech buzzword? Apple has something to do with it,0.681,0.131,0.869,0.0
12,Microsoft (MSFT) Windows 365 Pricing Sees Tepid Reaction,0.445,0.133,0.867,0.0
13,"S&amp;P 500 Climbs as Energy, Industrials Shine",0.958,0.087,0.88,0.033
14,The Zacks Rank Explained: How to Find Strong Buy Computer and Technology Stocks,0.998,0.132,0.853,0.015
15,Marvell Tech to acquire Innovium for $1.1 billion as it courts more cloud customers,0.889,0.057,0.939,0.004
16,Marvell Tech to acquire Innovium for $1.1 bln as it courts more cloud customers,0.889,0.057,0.939,0.004
17,Automattic Values Business-Email Startup Titan at $300 Million,0.949,0.078,0.905,0.017
18,"Chinese Hackers Compromised Telecom Companies, Researchers Say",0.878,0.077,0.863,0.06
