﻿,Titles,Polarity,Positive,Neutral,Negative
0,QuantumScape Is a Risky and Unproven Bet,0.987,0.099,0.836,0.065
1,Microsoft (MSFT) Outpaces Stock Market Gains: What You Should Know,0.992,0.095,0.902,0.003
2,Indexes Start Another Week in the Green,0.993,0.14,0.826,0.034
3,"Dow Jones Futures: Apple Retakes Entry, Tesla Eyes Buy Point And Twitter Soars On Musk Stake",0.0,0.0,1.0,0.0
4,"Stocks end the day in the green, Tesla and Apple among best-performing companies",0.0,0.0,1.0,0.0
5,"Top Stock Trades for the Week of April 4, 2022",0.996,0.112,0.858,0.03
6,Microsoft hires former Seattle Police Chief Carmen Best in global security role,0.778,0.27,0.667,0.064
7,Tech Stocks Roundup: Amazon's Union Face-Off Inspires Apple Workers,0.511,0.185,0.815,0.0
8,Stock Market Today: Dow Ends Higher as Twitter Surge Keeps Tech in Vogue,0.033,0.073,0.856,0.071
9,Will Microsoft (MSFT) Beat Estimates Again in Its Next Earnings Report?,0.998,0.185,0.78,0.036
10,Is Trending Stock Microsoft Corporation (MSFT) a Buy Now?,0.998,0.125,0.866,0.009
11,Alphabet (GOOGL) Google Docs Brings Purple Underline Feature,0.998,0.174,0.822,0.004
12,Deal of the Day: You can now get lifetime access to Microsoft Office 2021 for less than $50,0.841,0.13,0.853,0.017
13,Microsoft Investors Could Get Burned By Lingering Russian Ties,-0.978,0.032,0.892,0.076
14,S&amp;P 500 Advances as Twitter Leads Tech Higher,0.753,0.083,0.851,0.067
15,"Accenture (ACN) Joins Health Data Collaborative, AI4BetterHearts",0.998,0.227,0.773,0.0
16,13 Most Ambitious Metaverse Companies in the World,1.0,0.115,0.878,0.008
17,"Market check: U.S. stocks mixed, crude oil rebounds, China stocks gain",0.0,0.0,1.0,0.0
18,10 Canadian Dividend Stocks for Steady Income,1.0,0.132,0.844,0.023
19,AMD Buys Networking Technology Maker Pensando for $1.9 Billion,0.981,0.098,0.874,0.028
20,Dow Jones Falls; Tesla Rises Despite 'Exceptionally Difficult Quarter'; Twitter Soars On Musk Stake,0.0,0.0,1.0,0.0
21,AMD To Snap Pensando For $1.9B,0.98,0.145,0.844,0.011
22,Dow Jones Futures Move Up As Tesla Rises Despite 'Exceptionally Difficult Quarter'; Twitter Soars On Musk Stake,-0.194,0.088,0.791,0.121
23,Is it a Wise Choice to Own Microsoft (MSFT) Shares?,0.979,0.096,0.889,0.014
24,5 Reasons to Buy Alphabet Before Its Stock Split,0.296,0.115,0.885,0.0
25,Amazon Web Services' Moat Has Become Nearly Unassailable,0.715,0.089,0.911,0.0
26,"Amid Zoom Fatigue, Companies Experiment With Holograms in the Office",0.649,0.128,0.872,0.0
