﻿,Titles,Polarity,Positive,Neutral,Negative
0,"LinkedIn Social Network Is Leaving China, but Microsoft Remains",0.0,0.0,1.0,0.0
1,3 Stocks to Buy on Rising Cloud Infrastructure Spending,0.996,0.1,0.894,0.006
2,"Xi’s Crackdown, Rigid Regime Defeat Last U.S. Social Media Giant",0.99,0.105,0.835,0.06
3,Dividend Stock Portfolio: 10 Stock Picks By Hedge Funds,0.999,0.098,0.868,0.033
4,"Digital Transformation, Buyouts Fueling Salesforce's (CRM) Growth",0.998,0.186,0.799,0.015
5,"The Zacks Analyst Blog Highlights: Sony, Nintendo, Microsoft and Electronic Arts",0.998,0.11,0.88,0.01
6,How Investors Made $520 Billion In 10 Days On 8 Stocks,-0.273,0.0,0.916,0.084
7,3 Top Tech Stocks to Buy Amid the Ongoing Labor Shortage,0.238,0.09,0.881,0.03
8,Bitcoin Is Jumping. A Futures ETF May Finally Be Here.,0.477,0.177,0.823,0.0
9,Here's Why Investors Shouldn't Panic on a Bad Market Day,0.016,0.039,0.924,0.038
10,Intel Stock Looks Doomed to Continue Its Downward Journey,0.996,0.122,0.828,0.05
11,Microsoft Remains a Chart Leader for the Dow and More,0.735,0.107,0.893,0.0
12,"Microsoft Dismantling LinkedIn China Due to Bottom Line Issues, Not Morals",0.06,0.05,0.909,0.041
13,LinkedIn to Shut China Platform,0.0,0.0,1.0,0.0
