﻿,Titles,Polarity,Positive,Neutral,Negative
0,Microsoft’s deal to buy Activision Blizzard facing U.K. challenge,-0.273,0.068,0.873,0.06
1,3 Best Momentum Stocks to Buy for September,0.998,0.114,0.861,0.025
2,U.K. Regulator Has Concerns About Microsoft Purchase of Activision,-0.71,0.049,0.717,0.234
3,Microsoft Combat Goggles Win First US Army Approval for Delivery,0.974,0.088,0.886,0.026
4,"Microsoft’s Activision Deal Raises Competition Concerns, Says U.K. Watchdog",-0.494,0.042,0.844,0.114
5,"3 ""Keep It Simple"" Stocks to Buy Today",0.273,0.048,0.925,0.027
6,How Low Will Microsoft Go in the Weeks Ahead?,0.296,0.112,0.795,0.093
7,"Top Millennial Pick Tesla's China August Sales Seen Rebounding To 77,000",0.287,0.097,0.903,0.0
8,10 Best Dividend Stocks to Buy According to Thomas Bailard’s Hedge Fund,0.999,0.094,0.875,0.03
9,Microsoft’s $75bn Activision deal threatened with in-depth UK competition probe,-0.898,0.037,0.821,0.141
10,Activision CEO still sees Microsoft deal closing by June,0.077,0.017,0.983,0.0
11,U.K. says an in-depth probe is needed for Microsoft's planned Activision purchase,-0.153,0.017,0.957,0.025
12,"UPDATE 4-Microsoft's $69 bln Activision deal could harm competition, UK says",0.991,0.11,0.858,0.032
13,"Netflix Weighs Charging A Whopping Sum For Advertisement On Its Ad-Supported Platform, Buyers Say",0.899,0.124,0.801,0.076
14,U.K. Competition Authority Warns Microsoft of Potential Activision Deal Probe,-0.519,0.041,0.913,0.046
