﻿,Titles,Polarity,Positive,Neutral,Negative
0,"HP Revenue Misses the Mark. ‘We Are Selling Everything We Can Produce,’ CEO Says.",-0.511,0.053,0.737,0.209
1,"For Salesforce investors, Slack must start supercharging growth — and the stock price",0.909,0.135,0.845,0.02
2,Biden urges tech execs to 'raise the bar on cybersecurity',0.0,0.0,1.0,0.0
3,Why Is Microsoft (MSFT) Up 5.5% Since Last Earnings Report?,1.0,0.133,0.85,0.017
4,Stanley Druckenmiller is Loading Up on These 15 Stocks,1.0,0.086,0.899,0.014
5,5 Stocks to Watch Amid Evolving Machine Learning Applications,0.999,0.127,0.858,0.015
6,Best Dividend Stocks September 2021,0.999,0.16,0.813,0.027
7,Dow Jones Rallies Ahead Of Jackson Hole Summit; Salesforce Jumps On Earnings,-0.296,0.0,0.896,0.104
8,Microsoft Wins Blockchain Patent For Implementing Cross Chain Token Service,0.986,0.123,0.871,0.006
9,Amazon (AMZN) Ups Cybersecurity Game With Latest Initiatives,0.999,0.224,0.74,0.037
10,Dow Jones Futures Rally Ahead Of Jackson Hole Summit; Salesforce Jumps On Earnings,-0.296,0.0,0.891,0.109
11,3 Stocks to Make the Most of the Rising Demand for IaaS,0.998,0.135,0.852,0.013
