﻿,Titles,Polarity,Positive,Neutral,Negative
0,Microsoft Says Call of Duty Is Staying on PlayStation. Activision Stock Rose.,0.599,0.164,0.836,0.0
1,Zynga Revenue Beats Estimates on Omicron Surge,0.992,0.118,0.847,0.035
2,Microsoft takes swipe at Apple and Google with new app store rules,0.993,0.095,0.877,0.028
3,Microsoft appeals to regulators ahead of $70 billion Activision-Blizzard deal,0.987,0.099,0.867,0.034
4,Biggest Single-Day Market Cap Drops in U.S. Stocks,0.86,0.127,0.846,0.026
5,"Corsair Gaming moving past pandemic-driven ‘surge of gamers,’ CEO says",-0.25,0.0,0.949,0.051
6,"Fed: 'We’re at or approaching peak hawkishness,’ strategist says",0.681,0.153,0.847,0.0
7,Meta’s Stock Slide Puts Spotlight on Tech Antitrust Bill Criteria,0.994,0.106,0.867,0.027
8,GME Stock Continues to Rise on Rumors of a Microsoft Partnership,0.994,0.1,0.892,0.008
9,UPDATE 1-Microsoft announces app store principles as it woos regulators on deal,0.92,0.071,0.922,0.007
10,Microsoft Lays Out New App Store Rules as It Seeks Approval of Its Activision Deal,0.973,0.088,0.854,0.057
11,"Stock market theme in 2022 is about 'show me the money,' strategist says",0.0,0.0,1.0,0.0
12,Microsoft unveils new app store guidelines as it woos regulators on deal,0.986,0.103,0.88,0.017
13,"Big Tech: 'It's hard to stay on top more than 10 years,' former Cisco CEO says",0.361,0.085,0.915,0.0
14,"Market check: Stocks rise in early trading, Treasury yields retreat",0.0,0.0,1.0,0.0
15,"Dow Jones Rallies As Treasury Yields Retreat; Chipotle, CVS, Lyft Are Key Earnings Movers",0.625,0.231,0.769,0.0
16,7 Tempting Sin Stocks to Profit From the Pandemic’s Most Popular Vices,0.999,0.096,0.866,0.038
17,"Dow Jones Futures Rally As Treasury Yields Retreat; Chipotle, CVS, Lyft Are Key Earnings Movers",0.511,0.171,0.829,0.0
18,Facebook Parent Meta Falls Behind Nvidia,-0.577,0.064,0.863,0.074
19,3 Reasons Activision Blizzard's Sale to Microsoft Is a Masterstroke,-0.2,0.0,0.887,0.113
20,"LinkedIn CEO on New No-Politics Button, the Great Reshuffle and More",0.128,0.032,0.968,0.0
21,Can Microsoft Regain Its Upside Momentum?,-0.19,0.11,0.75,0.14
22,"Mandiant Stock Rises on Report of Microsoft Interest, Better-Than-Expected Results",-0.318,0.0,0.913,0.087
23,6 Key Takeaways From Recent Tech Earnings Reports and Calls,0.671,0.245,0.694,0.061
