﻿,Titles,Polarity,Positive,Neutral,Negative
0,Why Gamr ETF is making a ‘concentrated bet’ on the video game tech industry: Investor,0.999,0.142,0.834,0.024
1,10 Hottest Upcoming IPOs to Watch in 2022,0.998,0.087,0.882,0.031
2,SNAP Reaches $35M Settlement in Illinois Privacy Lawsuit,0.591,0.083,0.837,0.08
3,Bill Gates Likely Saw Food Shortages Coming Years Ago — Why His Land Accumulation Feels Calculated,0.988,0.103,0.853,0.044
4,3 Metaverse Stocks with Multibagger Potential,0.999,0.16,0.824,0.016
5,Want a Slice of a Trillion-Dollar Opportunity? 2 Growth Stocks to Buy Now and Hold,0.896,0.362,0.638,0.0
6,Cloud Computing: Find Top Cloud Stocks And Track Industry Trends,0.813,0.228,0.737,0.035
7,3 Stocks to Buy While They Are on Sale,0.625,0.094,0.906,0.0
8,Is Apple Stock a Buy After Its Latest Earnings?,-0.296,0.0,0.891,0.109
9,"UPDATE 2-Sony hikes PS5 price on economic pressures, rising rates",0.881,0.096,0.832,0.072
10,A Big Risk to Tech and Data Centers You Might Not Know About,-0.494,0.0,0.802,0.198
