﻿,Titles,Polarity,Positive,Neutral,Negative
0,Roblox could change the future of gaming — but it has two major challenges,0.999,0.135,0.838,0.027
1,"Roblox, an online gaming platform, closes above $69 after strong market debut",0.994,0.109,0.88,0.011
2,10 Activist Stocks To Consider For Investors,0.999,0.098,0.887,0.015
3,"Dow Rallies 300 Points, Tech Stocks Slash Gains, Yields Flat After Inflation Data; Tesla Reverses",0.226,0.079,0.921,0.0
4,These 3 Tech Stocks Will Outperform Index Funds,0.732,0.105,0.854,0.041
5,Datto Acquires Israel's Cyber Threat Detection Company BitDam For Undisclosed Sum,-0.599,0.075,0.829,0.095
6,Tiger Cub Billionaire Lee Ainslie’s Top 10 Stock Picks,0.999,0.098,0.878,0.024
7,Dow Jones Futures Rise But So Do Treasury Yields With Final Biden Stimulus Vote On Tap; Where To Look For Breakouts,0.296,0.078,0.922,0.0
8,"GameStop Put On PS5, Xbox Series X For Sale But The Stock Didn't Last Long",0.961,0.072,0.901,0.027
