﻿,Titles,Polarity,Positive,Neutral,Negative
0,Bill Gates Stocks: 7 Top Picks From the Gates Foundation Portfolio,0.998,0.085,0.894,0.021
1,"Dow Jones Futures: What To Do After Today's Stock Market Plunge; Fed Meeting, Key Inflation Report Next",0.0,0.0,1.0,0.0
2,Microsoft reaches deal with Activision Blizzard employees on union efforts,0.0,0.0,1.0,0.0
3,Microsoft Gets New Support for Activision Deal. Why a Big Union Went From Critic to Advocate.,0.052,0.097,0.814,0.089
4,"S&amp;P 500 closes in bear market territory, bond markets move higher",0.0,0.0,1.0,0.0
5,"Tech stocks hit lows after pandemic peak, Amazon and Apple among biggest laggards",0.0,0.0,1.0,0.0
6,10 Favorite Dividend Stocks of Hedge Funds,1.0,0.125,0.858,0.016
7,"Energy and retail stocks lead markets down, Treasury yields move higher",0.0,0.0,1.0,0.0
8,Chinese Tech Stocks Seek Their Bottom,0.973,0.087,0.86,0.053
9,Microsoft Agrees to Make It Easier for Activision Employees to Unionize,0.772,0.251,0.749,0.0
10,Big Tech’s Floor Collapses on Renewed Fears of Bigger Rate Hikes,-0.873,0.08,0.816,0.104
11,PlayStation Takes On Xbox With New Subscription Service,-0.912,0.064,0.852,0.084
12,Microsoft Corporation (NASDAQ:MSFT) Shares Could Be 42% Below Their Intrinsic Value Estimate,1.0,0.176,0.806,0.018
13,"Microsoft, union enter into labor neutrality agreement",0.955,0.1,0.893,0.007
14,Getting Divorced? What CPAs Say You Need to Know About Your Taxes,-0.296,0.094,0.738,0.168
15,"Amazon, Apple lead tech stocks to the downside",0.0,0.0,1.0,0.0
16,10 Blue Chip Stocks to Buy According to Billionaire Ken Fisher,1.0,0.13,0.855,0.015
17,"Tech stock sell-off: ‘The reaction has been aggressive,’ DocuSign CEO says",0.998,0.082,0.901,0.017
18,3 Stocks You Can Keep Forever,0.704,0.143,0.812,0.045
19,‘Dollar Ate My Profit’ Is Corporate America’s Lament Once Again,0.996,0.112,0.833,0.055
20,9 Dividend Stocks to Buy According to Richard Hamm’s Bristol Gate Capital,1.0,0.108,0.889,0.004
21,Stocks open lower ahead of Fed rate announcement,0.0,0.0,1.0,0.0
22,Mario Gabelli’s 2022 Portfolio: 10 Tech Stock Picks,0.999,0.087,0.888,0.025
23,Teladoc Can’t Rely On Hype To Attract Investors,0.98,0.107,0.83,0.063
24,Stocks 'still do not look cheap': Goldman Sachs,0.974,0.103,0.837,0.06
25,4 Stable Blue-Chip Stocks to Buy for Today’s Volatile Market,0.996,0.097,0.87,0.034
26,"7 Stocks to Buy Before the S&amp;P 500 Hits 5,000",1.0,0.156,0.784,0.059
