﻿,Titles,Polarity,Positive,Neutral,Negative
0,U.S. Equity Futures Rebound Before Asia Stock Open: Markets Wrap,0.09,0.082,0.839,0.079
1,Microsoft Stock Rises on Strong Outlook for the March Quarter,0.802,0.301,0.699,0.0
2,"Dow Jones Futures: Microsoft Whipsaws On Guidance; Stock Market Volatile As Fed Meeting, Tesla Earnings Loom",-0.402,0.0,0.886,0.114
3,"Microsoft Beats Quarterly Estimates, Gives Upbeat Guidance",0.153,0.071,0.929,0.0
4,"Microsoft stock turns green after strong sales forecast, reversing a post-earnings decline",0.654,0.196,0.804,0.0
5,Microsoft's Earnings Are Already Moving the Market,0.72,0.106,0.835,0.059
6,"Hardware revenue makes a comeback for Microsoft, but cloud is still the king",0.691,0.151,0.849,0.0
7,"Macroview Investment Management Llc Buys Vanguard High Dividend Yield Indx ETF, iShares MSCI ...",0.998,0.074,0.92,0.006
8,"Sterling Investment Advisors Llc  Buys NVIDIA Corp, Microsoft Corp, Tesla Inc, Sells U.S. Bancorp",0.984,0.077,0.915,0.008
9,"Microsoft (MSFT) Tumbles on Q2 Beat, T.I. (TXN) Beats &amp; Raises",0.996,0.132,0.856,0.012
10,Activision’s Next Three Call of Duty Games Will Be on PlayStation and Xbox,0.935,0.062,0.908,0.03
11,Microsoft (MSFT) Beats Q2 Earnings and Revenue Estimates,0.996,0.101,0.891,0.008
12,"Dow Jones Futures Fall On Microsoft Earnings; Stock Market Volatile As Fed Meeting, Tesla Earnings Loom",0.0,0.0,1.0,0.0
13,Why I’m Happy About Today’s Selloff,0.999,0.121,0.853,0.026
14,"Microsoft beats Q2 estimates, stock falls",0.0,0.0,1.0,0.0
15,Microsoft Earnings: What Happened with MSFT,0.0,0.0,1.0,0.0
16,Microsoft’s Slowing Cloud Growth Casts Shadow Over Report,0.992,0.101,0.856,0.042
17,US STOCKS-Wall Street ends down as markets whipsaw ahead of Fed meeting,0.957,0.091,0.847,0.061
18,Microsoft earnings press release available on Investor Relations website,0.822,0.071,0.929,0.0
19,"Microsoft tops $50 billion in quarterly sales for first time as earnings top estimates, but stock falls in late trading",0.654,0.196,0.804,0.0
20,"Microsoft offers strong forecast, lifting shares",0.995,0.113,0.868,0.018
21,7 Dividend Paying Stocks With Large Share Buyback Programs,1.0,0.1,0.889,0.011
22,Market check: Stocks pare steep losses in another intraday reversal,0.0,0.0,1.0,0.0
23,Dow Jones Fights As Fed Meeting Starts; Microsoft Dips Ahead Of Earnings; GE Stock Dives On This,-0.318,0.0,0.901,0.099
24,10 Low Profile Stocks that Surprised in 2021,1.0,0.144,0.832,0.024
25,7 Meta Stocks to Buy after Take-Two Buys Zynga,0.999,0.11,0.877,0.012
26,S&amp;P 500 Corrects Ahead Of Fed Meeting: Let's Check The Technicals,0.999,0.11,0.839,0.051
27,"Stock Rout Continues as Rates, Russia Rattle Investors",0.0,0.124,0.752,0.124
28,"SWS Partners Buys Abbott Laboratories, Cognizant Technology Solutions Corp, American Homes 4 ...",0.994,0.058,0.938,0.004
29,"Peterson Wealth Advisors, LLC Buys Microsoft Corp, Exxon Mobil Corp, The Walt Disney Co, Sells ...",0.998,0.126,0.868,0.005
30,"The Big Tech earnings boom is over, and investors are now searching for safety",0.7,0.163,0.837,0.0
31,"The Zacks Analyst Blog Highlights: Microsoft, Visa, Cisco, Berkshire Hathaway and Thermo Fisher Scientific",0.999,0.17,0.798,0.032
32,Stocks plunge as investors await Fed meeting,0.0,0.0,1.0,0.0
33,Microsoft $22 Billion Army Goggles Still Aren’t Combat-Ready,0.984,0.104,0.831,0.065
34,Nvidia preparing to abandon $40 billion ARM deal,0.0,0.0,1.0,0.0
35,Stocks Slide On Eve Of Fed Decision; Banks On Hold; Pharma Giant Gains,0.459,0.136,0.864,0.0
36,S&amp;P 500 Ends Lower as Intraday Turnaround Fades on Tech Pressure,0.995,0.14,0.807,0.053
37,3 Risky Bets That Could Pay Off This Week,0.999,0.186,0.787,0.026
38,Stock Gyrations Continue After Wild Day,0.0,0.0,1.0,0.0
39,"Tesla, Abbott Labs, Intel Earnings: 3 Things to Watch",0.983,0.121,0.827,0.051
40,Billionaire Ken Fisher is Selling These 10 Stocks,1.0,0.128,0.854,0.019
41,Microsoft Reports Earnings Today. Here’s What To Expect.,0.0,0.0,1.0,0.0
42,"Market check: Stocks fall across the board, bitcoin rallies",-0.44,0.035,0.856,0.108
43,7 Best Technology Stocks to Buy After the Big Dip,0.999,0.112,0.863,0.025
44,"Apple’s privacy initiatives ‘created a big challenge’ for Snap, Facebook: Analyst",0.25,0.081,0.882,0.036
45,10 Mutual Funds to Buy in 2022,1.0,0.133,0.86,0.007
46,Now Isn’t the Time to Panic Out of Adobe Stock,0.998,0.161,0.761,0.078
47,Microsoft Slides Ahead of Earnings,0.296,0.091,0.909,0.0
48,5 Big Cap Earnings All Stars to Watch This Week,0.997,0.182,0.743,0.074
