﻿,Titles,Polarity,Positive,Neutral,Negative
0,"Dow Jones Rallies, Nasdaq Lags As Growth Stocks Pull Back; Tesla Falls After Earnings",0.0,0.0,1.0,0.0
1,IBM Misses Revenue Estimates on Drag From Legacy IT Unit,0.958,0.075,0.879,0.047
2,Facebook stock looks silly cheap: analyst,0.966,0.082,0.885,0.032
3,"Top Analyst Reports for Microsoft, Mastercard &amp; Pfizer",0.998,0.166,0.808,0.027
4,Pinterest Stock Spikes 13% on Report of PayPal Buyout Interest.,0.557,0.069,0.931,0.0
5,Why Pinterest Stock Is on Fire on Wednesday,0.0,0.0,1.0,0.0
6,11 High Dividend Stocks Picked by Billionaire Gabelli,0.998,0.095,0.882,0.023
7,Microsoft Shares Hit New Highs after Price Targets Raised,0.984,0.136,0.864,0.0
8,Here's Why Momentum Investors Will Love Microsoft (MSFT),0.999,0.183,0.802,0.015
9,Microsoft Earnings Are Coming. Why an Analyst Expects a ‘Masterpiece Quarter.’,0.0,0.0,1.0,0.0
10,Pinterest Stock Spikes on Report of PayPal Buyout Interest. Pinterest Has No Comment.,-0.052,0.125,0.739,0.136
11,Is Microsoft (MSFT) Stock Outpacing Its Computer and Technology Peers This Year?,0.994,0.138,0.844,0.018
12,Shares of Microsoft Corporation Exceed 52-Week High,0.989,0.115,0.875,0.01
13,Is First Trust Cloud Computing ETF (SKYY) a Strong ETF Right Now?,0.998,0.125,0.862,0.013
14,Investing in Microsoft Stock (MSFT),0.0,0.0,1.0,0.0
15,Adobe Is Well-Positioned For the Golden Age of Creativity,0.997,0.128,0.862,0.011
16,4 Funds to Rally on Cloud Computing's Steller Growth,1.0,0.161,0.83,0.009
17,TikTokers Track Lawmakers' Personal Stock Trades,0.0,0.0,1.0,0.0
18,Ken Fisher Stock Portfolio: 10 Biggest Tech Stocks,1.0,0.128,0.852,0.02
19,3 Dividend Raises You Can Still Take Advantage of,0.778,0.102,0.898,0.0
20,Tech Earnings Are Here: Which Ones Should You Buy?,1.0,0.193,0.785,0.022
21,10 Safest Stocks To Buy Now,1.0,0.127,0.846,0.027
22,"28 Stocks To Benefit From Inflation, According To Jim Cramer",0.974,0.133,0.835,0.032
23,Microsoft Target Lifted; Wedbush Sees 'Picasso-Like Masterpiece Quarter',0.912,0.147,0.853,0.0
24,Why Accenture is giving VR headsets to thousands of new hires,1.0,0.177,0.81,0.013
