﻿,Titles,Polarity,Positive,Neutral,Negative
0,Microsoft Q4 earnings preview: Analysts expect a big cloud win,0.983,0.082,0.884,0.034
1,Microsoft Focuses Aggressively On Cloud Ahead Of Fiscal Q4 Earnings Report,0.992,0.069,0.908,0.024
2,"US STOCKS-Indexes notch closing record highs as key earnings, Fed meet eyed",0.94,0.076,0.883,0.042
3,"Amid post-COVID boom, IT company Wipro invests $1 billion in cloud services",0.813,0.031,0.952,0.017
4,MSFT Option Traders Optimistic Going Into Earnings,0.542,0.209,0.791,0.0
5,This could be the peak of the tech boom — Here’s what to look for,0.81,0.275,0.725,0.0
6,"UPDATE 1-Facebook and tech giants to target attacker manifestos, far-right militias in database",-0.987,0.072,0.812,0.116
7,AAPL Option Traders Enthusiastic Ahead of Earnings,0.459,0.143,0.857,0.0
8,"Dow Jones Breaks 35,100 With Apple, Visa, Microsoft Earnings Coming",0.0,0.0,1.0,0.0
9,"US STOCKS-Wall St mostly edges up as investors eye tech earnings, Fed meeting",-0.685,0.056,0.876,0.067
10,Microsoft Earnings: What to Look For From MSFT,0.34,0.103,0.897,0.0
11,"US STOCKS-Wall Street hovers near record highs before tech earnings, Fed meeting",0.908,0.07,0.879,0.051
12,"Dow Jones Targets New High As These Stocks Lead; Tesla, Apple, Microsoft Earnings On Tap",-0.103,0.082,0.819,0.099
13,Why These 3 Microsoft Analysts Are Bullish Ahead Of Q4 Results,0.983,0.08,0.911,0.009
14,Big  5 Tech Stocks Now Account for 23% of the S&amp;P 500,-0.128,0.0,0.955,0.045
15,6 ETFs in the Spotlight Ahead of Big Tech Q2 Earnings,0.999,0.138,0.847,0.015
16,Tech earnings expected to grow into 2022: strategist,0.382,0.098,0.902,0.0
17,"Dow Jones Reverses As Bitcoin Soars Above $39,000; Tesla Earnings On Deck",0.0,0.0,1.0,0.0
18,"Dow Jones Falls As Bitcoin Soars Above $39,000; Tesla Earnings On Deck",0.0,0.0,1.0,0.0
19,"Dow Jones Today, Stocks Open Mixed As China Issues Slide, Bitcoin Rallies; Moderna, Square Rise; Microsoft Target Hiked",0.0,0.0,1.0,0.0
20,Microsoft (MSFT) to Post Q4 Earnings: Azure &amp; Teams in Focus,0.999,0.127,0.869,0.004
21,"Dow Jones Today, Futures Lag As China Stocks Slide, Bitcoin Rallies; Moderna, Square Rise; Microsoft Target Hiked",-0.026,0.107,0.782,0.111
22,Microsoft Overbought and Overloved,0.994,0.131,0.826,0.043
23,salesforce.com's (NYSE:CRM) Earnings Are Not Keeping Up With Expenses and Revenue Growth,1.0,0.223,0.742,0.035
24,"Dow Jones Futures Fall: Market Rally At Highs As Apple Earnings Loom; China Stocks Dive, Bitcoin Spikes, Here Comes Tesla",0.0,0.0,1.0,0.0
25,My Best Thoughts on Microsoft Ahead of Earnings,0.141,0.064,0.899,0.037
26,Microsoft Stock Price Target Is Raised by Jefferies on Fundamentals,0.153,0.065,0.935,0.0
27,"Microsoft, Facebook, Alphabet: Ranking the Mega-Cap Tech Stocks Ahead of Earnings",0.599,0.214,0.786,0.0
28,"Microsoft, Facebook, Alphabet - Ranking the Mega-Cap Tech Stocks Ahead of Earnings",0.599,0.214,0.786,0.0
29,Dow Futures 135 Pts Lower; Chinese Clampdown Weighs,-0.19,0.073,0.85,0.077
30,Dow Jones Futures Fall: Stock Market Rally At Highs With Apple Earnings Due; Here Comes Tesla,0.0,0.0,1.0,0.0
