﻿,Titles,Polarity,Positive,Neutral,Negative
0,Microsoft overtakes Apple as most valuable U.S. company after stock’s best month since 2015,0.414,0.094,0.862,0.044
1,"US STOCKS-Wall Street shakes off Amazon, Apple weakness to end modestly higher",0.993,0.116,0.832,0.051
2,Dow Jones Fights Back As Microsoft Snatches Apple's Crown; Donald Trump SPAC Dives Bigly; Amazon Falls On This,0.178,0.147,0.769,0.084
3,Companies in the tech sector to ‘continue to be the best in class’: Strategist,0.382,0.088,0.912,0.0
4,Dow Jones Fights As Microsoft Snatches Apple's Crown; Donald Trump SPAC Dives Bigly; Amazon Falls On This,0.178,0.147,0.769,0.084
5,Big Tech Earnings Are Over. 6 Things Investors Need to Know About a Disappointing Week.,-0.7,0.0,0.734,0.266
6,US STOCKS-Wall Street recovers from early lows on Microsoft boost,0.967,0.103,0.833,0.064
7,"S&amp;P 500, Dow Hit New Highs; This Is The Stock Market's New King",-0.813,0.0,0.693,0.307
8,Steve Wozniak on Facebook: Apple didn't have to change its name,0.693,0.053,0.904,0.043
9,"US STOCKS-Microsoft brings S&amp;P 500, Nasdaq back into record territory",0.958,0.077,0.888,0.035
10,Why Apple got hit harder by the chip shortage than Microsoft,0.903,0.064,0.878,0.057
11,Not FAANG but MAMAA: Jim Cramer reveals new acronym for the 5 largest tech giants,0.974,0.118,0.838,0.044
12,"Dow Jones Turns Positive Despite Apple Drop, But Amazon Stock Pressures Nasdaq",0.039,0.164,0.678,0.158
13,Apple Isn’t the Most Valued Publicly Traded Company Anymore. Who Took the Title.,-0.153,0.0,0.914,0.086
14,"Stock Market Rally Hits Record High As Google, Microsoft, Tesla Jump; Facebook Is Now Meta: Weekly Review",0.0,0.0,1.0,0.0
15,"UPDATE 1-Move over Apple, Microsoft now the world's most valuable company",0.876,0.103,0.833,0.065
16,How to think about investing in Facebook's Metaverse,0.511,0.113,0.887,0.0
17,Microsoft Becomes World’s Most Valuable Stock as Apple Slumps,0.993,0.129,0.846,0.024
18,Microsoft eclipses Apple as largest U.S. company for first time in nearly 16 months,0.414,0.086,0.873,0.041
19,Yale University Stock Portfolio: Top 10 Picks,0.999,0.114,0.871,0.016
20,Why This 1 Computer and Technology Stock Could Be a Great Addition to Your Portfolio,0.999,0.14,0.86,0.0
21,Lumen (LUMN) Gears Up for Q3 Earnings: What's in Store?,0.998,0.099,0.888,0.013
22,Microsoft set to overtake Apple as largest U.S. company for first time since July 2020,0.414,0.089,0.869,0.042
23,Microsoft Announces Acquisition of Moderation Company Two Hat,0.868,0.075,0.913,0.012
24,Apple set to hand crown of world's most valuable company to Microsoft,0.813,0.099,0.831,0.071
25,This Top-Performing Portfolio Focuses On A Few Elite Leading Stocks,0.778,0.228,0.772,0.0
26,Microsoft Set to Be World’s Most Valuable Stock as Apple Slides,0.99,0.113,0.863,0.025
27,Facebook's Mark Zuckerberg just ruined one of the biggest investing abbreviations ever,0.972,0.115,0.852,0.033
28,Amazon and Apple show it’s a bad time to be in the business of ‘stuff’,0.354,0.082,0.845,0.074
29,Google Cloud Gains Traction In Enterprise Market Under Kurian,0.296,0.122,0.878,0.0
30,10 Best Stocks To Buy According To Jay Genzer’s Thames Capital Management,1.0,0.128,0.859,0.013
31,FBI Chief Seeks More Help From Companies to Fight China Hacking,-0.927,0.051,0.873,0.077
32,"Apple and Amazon are struggling, so investors may want to look to these tech stocks instead",-0.077,0.094,0.801,0.105
33,4 Reasons to Avoid Dividend-Paying Stocks,0.866,0.236,0.729,0.035
