﻿,Titles,Polarity,Positive,Neutral,Negative
0,Dow Jones Futures: Inflation Report Due After Chips Hit Market Rally; Former Leader Soars On Guidance,0.0,0.0,1.0,0.0
1,Roblox Drops After Game Platform’s Bookings Miss Estimates,0.986,0.108,0.829,0.063
2,"The streaming wars will end ‘with 3 or 4 winners,’ analyst predicts",0.88,0.046,0.936,0.017
3,Microsoft Tries to Reduce Business Expenses by Restricting Spending on Travel and Company Gatherings,-0.273,0.0,0.945,0.055
4,Videogame Companies Face Slowdown as People Spend Less on Gaming,0.643,0.226,0.774,0.0
5,3 Best Tech Stocks to Buy in August,0.519,0.081,0.919,0.0
6,"Meta's 'wrenching business model change' makes its future uncertain, analyst says",0.964,0.074,0.899,0.027
7,9 Dividend Stocks to Buy According to Jacob Mitchell’s Antipodes Partners,0.999,0.104,0.886,0.01
8,10 Stocks to Buy as the Senate Passes Inflation Reduction Act,0.999,0.112,0.876,0.012
9,10 Trending Stocks This Week,0.996,0.083,0.889,0.028
10,Investors Like the News From These Companies,-0.052,0.167,0.686,0.147
11,The Fun Slows for Videogame Companies,0.643,0.226,0.774,0.0
12,AMTD Digital and MEGL Stock: Are Meme Stocks Back?,0.999,0.105,0.869,0.025
13,7 Blue-Chip Stocks to Buy Now for Growth and Dividends,1.0,0.133,0.85,0.017
14,Did You Miss What Microsoft Had to Say?,-0.818,0.061,0.721,0.218
15,Barclays deploys Microsoft Teams globally as its preferred collaboration platform to enable better connectivity for its employees worldwide,0.992,0.109,0.891,0.0
