﻿,Titles,Polarity,Positive,Neutral,Negative
0,Rivercraft: Minecraft's New Mode Teaches Students About Climate Change,0.95,0.2,0.8,0.0
1,"Elon Musk, Jeff Bezos top Forbes World’s Billionaires List for 2022",-0.202,0.036,0.93,0.034
2,Microsoft's 'Minecraft' Takes on Climate Change,0.95,0.2,0.8,0.0
3,"Boeing Air Force One planes face production issues, GM and Honda plan EV expansion",0.0,0.0,1.0,0.0
4,Microsoft Hawks Windows 11 as the Answer to Hybrid Workplaces,0.982,0.088,0.866,0.046
5,"Market check: Stocks mixed in early trading, Chinese ADRs retreat, cruise lines in the green",0.0,0.0,1.0,0.0
6,10 ETFs Popular on Robinhood,1.0,0.153,0.835,0.012
7,10 Safe Stocks To Invest in For The Long Term in 2022,1.0,0.117,0.868,0.015
8,11 Best REIT Stocks To Buy Right Now,1.0,0.14,0.847,0.013
9,Dow Jones Falls After Stock Market Rally; Elon Musk To Join Twitter Board,0.296,0.109,0.891,0.0
10,3 Dividend-Paying Tech Stocks to Buy in April,0.382,0.055,0.922,0.024
11,Dow Jones Futures Fall After Stock Market Rally; Elon Musk To Join Twitter Board,0.0,0.0,1.0,0.0
12,DNA Data Storage Alliance Welcomes 50th Member,0.998,0.108,0.892,0.0
13,2 Charts You Need to See If You Own Microsoft,0.0,0.0,1.0,0.0
14,IBM Banks on Lingering Relevance of Mainframes With New Model,0.992,0.085,0.894,0.021
