﻿,Titles,Polarity,Positive,Neutral,Negative
0,Tech stocks get pounded — here are a few simple reasons why,0.975,0.088,0.857,0.055
1,"S&amp;P 500 Closes Lower, But Tech Shows Signs of Life on Dip-Buying",0.988,0.111,0.826,0.063
2,S&amp;P 500 Off Lows as Traders Snap Up Battered Tech Stocks,0.992,0.119,0.825,0.056
3,Best Tech and Dividend Stocks to Buy According to Billionaire Chase Coleman,1.0,0.131,0.856,0.013
4,"Tech Downturn Advances, With Apple, Tesla Coming Under Early Pressure",0.997,0.094,0.855,0.051
5,10 Best Video Conferencing Stocks to Buy,1.0,0.114,0.868,0.018
6,2 Stocks to Invest in Virtual and Augmented Reality,0.66,0.12,0.88,0.0
7,30 Highest Paying Jobs with an Associate’s Degree in 2021,1.0,0.092,0.872,0.036
8,Is Salesforce Stock A Buy? Digital Transformation Powerhouse Struggles Amid Slack Deal,0.649,0.24,0.76,0.0
9,"The Zacks Analyst Blog Highlights: Google, Adobe, Microsoft and DocuSign",0.998,0.098,0.886,0.015
10,"Tech Giants Urge Congress to Fund Chip Act, Focus on Long-Term",0.907,0.071,0.892,0.037
11,Hackers Find Easy Prey as U.S. Ignores One Warning After Another,-0.996,0.098,0.759,0.142
12,"IBM Launches New Cloud, AI Services in Bid to Modernize Business",0.994,0.092,0.905,0.003
