﻿,Highest Category,Polarity,PosOrNeg
1/5/2021,NaN,,NaN
1/6/2021,NaN,,NaN
1/7/2021,NaN,,NaN
1/8/2021,Neutral,0.6616666666666666,Positive
1/11/2021,NaN,,NaN
1/12/2021,Neutral,0.27,Positive
1/13/2021,NaN,,NaN
1/14/2021,Neutral,0.983,Positive
1/19/2021,NaN,,NaN
1/20/2021,Neutral,-0.982,Negative
1/21/2021,Neutral,0.995,Positive
1/22/2021,Neutral,0.989,Positive
1/25/2021,Neutral,0.7025,Positive
1/26/2021,NaN,,NaN
1/27/2021,Neutral,0.9986666666666667,Positive
1/29/2021,Neutral,0.9660000000000001,Positive
2/1/2021,NaN,,NaN
2/2/2021,Neutral,0.8625,Positive
2/3/2021,Neutral,-0.077,Negative
2/4/2021,NaN,,NaN
2/5/2021,NaN,,NaN
2/8/2021,Neutral,-0.883,Negative
2/9/2021,Neutral,-0.459,Negative
2/11/2021,Neutral,0.8486,Positive
2/12/2021,Neutral,0.997,Positive
2/16/2021,Neutral,0.9813333333333333,Positive
2/17/2021,Neutral,0.9715,Positive
2/18/2021,Neutral,0.9703333333333334,Positive
2/19/2021,Neutral,1.0,Positive
2/22/2021,Neutral,0.30233333333333334,Positive
2/24/2021,Neutral,0.49025,Positive
2/25/2021,Neutral,0.49025,Positive
2/26/2021,Neutral,0.7942307692307692,Positive
3/1/2021,Neutral,0.9301999999999999,Positive
3/2/2021,Neutral,0.9197142857142856,Positive
3/3/2021,Neutral,0.48499999999999993,Positive
3/4/2021,Neutral,0.6152222222222223,Positive
3/5/2021,Neutral,0.467,Positive
3/9/2021,Neutral,0.597875,Positive
3/10/2021,Neutral,0.623,Positive
3/11/2021,Neutral,0.7045555555555555,Positive
3/12/2021,Neutral,0.20556249999999998,Positive
3/15/2021,Neutral,0.7630000000000001,Positive
3/16/2021,Neutral,0.4676470588235294,Positive
3/17/2021,Neutral,-0.04781818181818182,Positive
3/18/2021,Neutral,0.7287333333333332,Positive
3/22/2021,Neutral,0.4437826086956522,Positive
3/23/2021,Neutral,0.33077419354838716,Positive
3/24/2021,Neutral,0.4561176470588235,Positive
3/25/2021,Neutral,0.6177692307692308,Positive
3/26/2021,Neutral,0.5058181818181818,Positive
3/29/2021,Neutral,0.7140833333333333,Positive
3/30/2021,Neutral,0.11850000000000001,Positive
3/31/2021,Neutral,0.38060000000000005,Positive
4/2/2021,Neutral,0.5396666666666667,Positive
4/5/2021,Neutral,0.6339999999999999,Positive
4/6/2021,Neutral,0.28592307692307695,Positive
4/7/2021,Neutral,0.4747222222222222,Positive
4/8/2021,Neutral,0.2745,Positive
4/9/2021,Neutral,0.46926315789473677,Positive
4/12/2021,Neutral,0.5953863636363637,Positive
4/13/2021,Neutral,0.7478750000000001,Positive
4/15/2021,Neutral,0.70275,Positive
4/16/2021,Neutral,0.3537,Positive
4/19/2021,Neutral,0.6536666666666667,Positive
4/20/2021,Neutral,0.4188461538461538,Positive
4/21/2021,Neutral,0.3578947368421052,Positive
4/22/2021,Neutral,0.5097857142857143,Positive
4/23/2021,Neutral,0.7979999999999999,Positive
4/26/2021,Neutral,0.6697916666666668,Positive
4/28/2021,Neutral,0.5875652173913043,Positive
4/29/2021,Neutral,0.6720555555555555,Positive
4/30/2021,Neutral,0.4085625,Positive
5/3/2021,Neutral,0.6398421052631579,Positive
5/4/2021,Neutral,0.8366470588235294,Positive
5/5/2021,Neutral,0.6398333333333334,Positive
5/6/2021,Neutral,0.7014,Positive
5/7/2021,Neutral,0.6472727272727272,Positive
5/11/2021,Neutral,0.7818461538461536,Positive
5/12/2021,Neutral,0.2744615384615385,Negative
5/13/2021,Neutral,0.6752307692307693,Positive
5/14/2021,Neutral,0.4050714285714286,Positive
5/17/2021,Neutral,0.5401428571428571,Positive
5/18/2021,Neutral,0.5336153846153846,Positive
5/19/2021,Neutral,0.37821428571428567,Positive
5/20/2021,Neutral,0.46652941176470586,Positive
5/24/2021,Neutral,0.7626470588235295,Positive
5/25/2021,Neutral,0.7414166666666667,Positive
5/26/2021,Neutral,0.7859166666666667,Positive
5/27/2021,Neutral,0.7907777777777778,Positive
5/28/2021,Neutral,0.2331578947368421,Positive
6/1/2021,Neutral,0.5594285714285714,Positive
6/2/2021,Neutral,0.8169375,Positive
6/4/2021,Neutral,0.5175882352941176,Positive
6/7/2021,Neutral,0.6556842105263158,Positive
6/8/2021,Neutral,0.6010833333333334,Positive
6/9/2021,Neutral,0.5180588235294118,Positive
6/10/2021,Neutral,0.8033181818181817,Positive
6/11/2021,Neutral,0.6446153846153846,Positive
6/14/2021,Neutral,0.534,Positive
6/15/2021,Neutral,0.6111052631578948,Positive
6/17/2021,Neutral,0.4305555555555556,Positive
6/18/2021,Neutral,0.7260000000000001,Positive
6/21/2021,Neutral,0.6774374999999999,Positive
6/22/2021,Neutral,0.50153125,Positive
6/23/2021,Neutral,0.5607333333333333,Positive
6/24/2021,Neutral,0.6680000000000001,Positive
6/25/2021,Neutral,0.37018181818181817,Positive
6/28/2021,Neutral,0.6156470588235293,Positive
6/30/2021,Neutral,0.6214615384615385,Positive
7/1/2021,Neutral,0.8293636363636364,Positive
7/2/2021,Neutral,0.6882142857142857,Positive
7/6/2021,Neutral,0.3876470588235294,Positive
7/7/2021,Neutral,0.49029032258064514,Positive
7/8/2021,Neutral,0.6259999999999999,Positive
7/9/2021,Neutral,0.6108666666666668,Positive
7/13/2021,Neutral,0.4153333333333334,Positive
7/14/2021,Neutral,0.7761052631578947,Positive
7/15/2021,Neutral,0.6557692307692309,Positive
7/16/2021,Neutral,0.7442857142857141,Positive
7/19/2021,Neutral,0.14356,Positive
7/20/2021,Neutral,0.8310500000000001,Positive
7/21/2021,Neutral,0.5842499999999999,Positive
7/22/2021,Neutral,0.40582352941176475,Positive
7/26/2021,Neutral,0.3715161290322581,Positive
7/27/2021,Neutral,0.34761363636363635,Positive
7/28/2021,Neutral,0.40120930232558144,Positive
7/29/2021,Neutral,0.5434666666666667,Positive
7/30/2021,Neutral,0.8203333333333334,Positive
8/2/2021,Neutral,0.672,Positive
8/3/2021,Neutral,0.6656315789473684,Positive
8/4/2021,Neutral,0.5625833333333333,Positive
8/6/2021,Neutral,0.6560714285714285,Positive
8/9/2021,Neutral,0.599,Positive
8/10/2021,Neutral,0.7207272727272727,Positive
8/11/2021,Neutral,0.794,Positive
8/12/2021,Neutral,0.8860000000000001,Positive
8/13/2021,Neutral,0.143,Positive
8/16/2021,Neutral,0.4537857142857143,Positive
8/17/2021,Neutral,0.25349999999999995,Positive
8/19/2021,Neutral,0.7906923076923076,Positive
8/20/2021,Neutral,0.39051515151515154,Positive
8/23/2021,Neutral,0.9141,Positive
8/24/2021,Neutral,0.5741333333333333,Positive
8/25/2021,Neutral,0.6533333333333333,Positive
8/26/2021,Neutral,0.5655833333333332,Positive
8/27/2021,Neutral,0.5148666666666668,Positive
8/30/2021,Neutral,0.8805,Positive
9/1/2021,Neutral,0.889,Positive
9/2/2021,Neutral,0.9306666666666666,Positive
9/3/2021,Neutral,0.4546666666666666,Positive
9/7/2021,Neutral,0.5475,Positive
9/8/2021,Neutral,0.5551666666666667,Positive
9/9/2021,Neutral,0.7870625,Positive
9/10/2021,Neutral,0.6318333333333334,Positive
9/14/2021,Neutral,0.661695652173913,Positive
9/15/2021,Neutral,0.49885714285714283,Positive
9/16/2021,Neutral,0.47671428571428576,Positive
9/17/2021,Neutral,0.4921904761904764,Positive
9/20/2021,Neutral,0.21506666666666666,Positive
9/21/2021,Neutral,0.6443000000000001,Positive
9/22/2021,Neutral,0.4018181818181818,Positive
9/23/2021,Neutral,0.7086153846153844,Positive
9/24/2021,Neutral,0.5052999999999999,Positive
9/27/2021,Neutral,0.4712857142857144,Positive
9/28/2021,Neutral,0.44199999999999984,Positive
9/29/2021,Neutral,0.492125,Positive
9/30/2021,Neutral,0.6882307692307692,Positive
10/1/2021,Neutral,0.7969166666666666,Positive
10/4/2021,Neutral,0.5401153846153847,Positive
10/5/2021,Neutral,0.59155,Positive
10/6/2021,Neutral,0.4290416666666667,Positive
10/7/2021,Neutral,0.5281428571428571,Positive
10/8/2021,Neutral,0.5484736842105263,Positive
10/12/2021,Neutral,0.3919444444444445,Positive
10/13/2021,Neutral,0.8695999999999999,Positive
10/14/2021,Neutral,0.6844000000000001,Positive
10/15/2021,Neutral,0.5164285714285715,Positive
10/18/2021,Neutral,0.43139130434782613,Positive
10/19/2021,Neutral,0.2776153846153846,Positive
10/20/2021,Neutral,0.722,Positive
10/21/2021,Neutral,0.5014736842105263,Positive
10/22/2021,Neutral,0.5438666666666667,Positive
10/25/2021,Neutral,0.5668108108108108,Positive
10/26/2021,Neutral,0.702390243902439,Positive
10/27/2021,Neutral,0.5725319148936171,Positive
10/28/2021,Neutral,0.7784062500000001,Positive
10/29/2021,Neutral,0.5044117647058823,Positive
11/1/2021,Neutral,0.43218181818181817,Positive
11/2/2021,Neutral,0.6110769230769231,Positive
11/3/2021,Neutral,0.854388888888889,Positive
11/4/2021,Neutral,0.7123333333333334,Positive
11/5/2021,Neutral,0.8048235294117647,Positive
11/8/2021,Neutral,0.6702941176470589,Positive
11/9/2021,Neutral,0.7786,Positive
11/10/2021,Neutral,0.5397272727272727,Positive
11/12/2021,Neutral,0.7087142857142856,Positive
11/15/2021,Neutral,0.7324615384615386,Positive
11/16/2021,Neutral,0.5836000000000001,Positive
11/17/2021,Neutral,0.7949230769230768,Positive
11/18/2021,Neutral,0.42416666666666664,Positive
11/19/2021,Neutral,0.5885769230769231,Positive
11/22/2021,Neutral,0.5250588235294119,Positive
11/23/2021,Neutral,0.5791666666666667,Positive
11/24/2021,Neutral,0.44077777777777777,Positive
11/26/2021,Neutral,0.8095384615384617,Positive
11/29/2021,Neutral,0.6915294117647058,Positive
11/30/2021,Neutral,0.5742903225806452,Positive
12/1/2021,Neutral,0.46472222222222226,Positive
12/2/2021,Neutral,0.4339500000000001,Positive
12/3/2021,Neutral,0.4141304347826088,Positive
12/6/2021,Neutral,0.6428285714285714,Positive
12/7/2021,Neutral,0.5325555555555554,Positive
12/8/2021,Neutral,0.5403571428571429,Positive
12/9/2021,Neutral,0.7381249999999999,Positive
12/10/2021,Neutral,0.6214333333333334,Positive
12/13/2021,Neutral,0.6225217391304347,Positive
12/14/2021,Neutral,0.4046296296296297,Positive
12/15/2021,Neutral,0.4831875,Positive
12/16/2021,Neutral,0.5265625,Positive
12/17/2021,Neutral,0.6848181818181817,Positive
12/20/2021,Neutral,0.29229629629629633,Positive
12/21/2021,Neutral,0.5984838709677419,Positive
12/22/2021,Neutral,0.6327727272727274,Positive
12/23/2021,Neutral,0.7983888888888888,Positive
12/27/2021,Neutral,0.6698235294117647,Positive
12/28/2021,Neutral,0.5695,Positive
12/29/2021,Neutral,0.6428823529411765,Positive
12/30/2021,Neutral,0.7228181818181817,Positive
1/3/2022,Neutral,0.7709444444444444,Positive
1/4/2022,Neutral,0.5102380952380953,Positive
1/5/2022,Neutral,0.5373846153846153,Positive
1/6/2022,Neutral,0.766357142857143,Positive
1/7/2022,Neutral,0.46770000000000006,Positive
1/10/2022,Neutral,0.5623333333333334,Positive
1/11/2022,Neutral,0.624962962962963,Positive
1/12/2022,Neutral,0.67875,Positive
1/13/2022,Neutral,0.49195833333333344,Positive
1/14/2022,Neutral,0.3828260869565218,Positive
1/18/2022,Neutral,0.5465531914893617,Positive
1/19/2022,Neutral,0.5423333333333333,Positive
1/20/2022,Neutral,0.5696938775510204,Positive
1/21/2022,Neutral,0.5689777777777777,Positive
1/24/2022,Neutral,0.6434893617021278,Positive
1/25/2022,Neutral,0.6107551020408163,Positive
1/26/2022,Neutral,0.48360416666666667,Positive
1/27/2022,Neutral,0.5847500000000001,Positive
1/28/2022,Neutral,0.45477419354838716,Positive
1/31/2022,Neutral,0.6721956521739131,Positive
2/1/2022,Neutral,0.5994074074074075,Positive
2/2/2022,Neutral,0.4435609756097561,Positive
2/3/2022,Neutral,0.5960714285714285,Positive
2/4/2022,Neutral,0.5975,Positive
2/7/2022,Neutral,0.7695263157894735,Positive
2/8/2022,Neutral,0.6990344827586208,Positive
2/9/2022,Neutral,0.48912500000000003,Positive
2/10/2022,Neutral,0.8429499999999999,Positive
2/11/2022,Neutral,0.3536428571428571,Positive
2/14/2022,Neutral,0.67525,Positive
2/15/2022,Neutral,0.5207333333333334,Positive
2/16/2022,Neutral,0.3665,Positive
2/17/2022,Neutral,0.412,Positive
2/18/2022,Neutral,0.6635000000000001,Positive
2/22/2022,Neutral,0.9157500000000001,Positive
2/23/2022,Neutral,0.4758275862068965,Positive
2/24/2022,Neutral,0.49328571428571427,Positive
2/25/2022,Neutral,0.470764705882353,Positive
2/28/2022,Neutral,0.29599999999999993,Positive
3/1/2022,Neutral,0.24786666666666665,Positive
3/2/2022,Neutral,0.35850000000000004,Positive
3/3/2022,Neutral,0.5074444444444445,Positive
3/4/2022,Neutral,0.08525,Positive
3/7/2022,Neutral,0.4593888888888889,Positive
3/8/2022,Neutral,0.46806451612903227,Positive
3/9/2022,Neutral,0.6934074074074074,Positive
3/10/2022,Neutral,0.5595882352941175,Positive
3/11/2022,Neutral,0.43657142857142855,Positive
3/14/2022,Neutral,0.6891333333333333,Positive
3/15/2022,Neutral,0.5759285714285715,Positive
3/16/2022,Neutral,0.8035555555555556,Positive
3/17/2022,Neutral,0.5966666666666666,Positive
3/18/2022,Neutral,0.7281111111111112,Positive
3/21/2022,Neutral,0.60308,Positive
3/22/2022,Neutral,0.925846153846154,Positive
3/23/2022,Neutral,0.5459411764705882,Positive
3/24/2022,Neutral,0.525875,Positive
3/25/2022,Neutral,0.2879,Positive
3/28/2022,Neutral,0.33053846153846156,Positive
3/29/2022,Neutral,0.7101428571428572,Positive
3/30/2022,Neutral,0.18933333333333333,Positive
3/31/2022,Neutral,0.22952631578947363,Positive
4/1/2022,Neutral,0.42288888888888887,Positive
4/4/2022,Neutral,0.6038518518518518,Positive
4/5/2022,Neutral,0.5565333333333332,Positive
4/6/2022,Neutral,0.2861764705882353,Positive
4/7/2022,Neutral,0.7008636363636364,Positive
4/8/2022,Neutral,0.6630833333333334,Positive
4/11/2022,Neutral,0.4389565217391305,Positive
4/12/2022,Neutral,0.4758823529411765,Positive
4/13/2022,Neutral,0.40717647058823525,Positive
4/14/2022,Neutral,0.5304615384615384,Positive
4/15/2022,Neutral,0.5685,Positive
4/18/2022,Neutral,0.545625,Positive
4/19/2022,Neutral,0.7261904761904762,Positive
4/20/2022,Neutral,0.7478666666666667,Positive
4/21/2022,Neutral,0.35875,Positive
4/22/2022,Neutral,0.3691666666666667,Positive
4/25/2022,Neutral,0.25812,Positive
4/26/2022,Neutral,0.237061224489796,Positive
4/27/2022,Neutral,0.47040816326530605,Positive
4/28/2022,Neutral,0.48547368421052634,Positive
4/29/2022,Neutral,0.523875,Positive
5/2/2022,Neutral,0.5359655172413793,Positive
5/3/2022,Neutral,0.493125,Positive
5/4/2022,Neutral,0.44708333333333344,Positive
5/5/2022,Neutral,0.38064705882352945,Positive
5/6/2022,Neutral,0.18215789473684213,Positive
5/9/2022,Neutral,0.4952857142857143,Positive
5/10/2022,Neutral,0.5112916666666667,Positive
5/11/2022,Neutral,0.27073333333333327,Positive
5/12/2022,Neutral,0.2692352941176471,Positive
5/13/2022,Neutral,0.6035714285714286,Positive
5/16/2022,Neutral,0.32346153846153847,Positive
5/17/2022,Neutral,0.58735,Positive
5/18/2022,Neutral,0.2747727272727273,Positive
5/19/2022,Neutral,0.6754705882352942,Positive
5/20/2022,Neutral,0.5551,Positive
5/23/2022,Neutral,0.318,Positive
5/24/2022,Neutral,0.46799999999999997,Positive
5/25/2022,Neutral,0.47123076923076923,Positive
5/26/2022,Neutral,0.5566666666666666,Positive
5/27/2022,Neutral,0.8528235294117648,Positive
5/31/2022,Neutral,0.80025,Positive
6/1/2022,Neutral,0.7928666666666667,Positive
6/2/2022,Neutral,0.3916734693877551,Positive
6/3/2022,Neutral,0.2894074074074074,Positive
6/6/2022,Neutral,0.5267777777777778,Positive
6/7/2022,Neutral,0.4694444444444444,Positive
6/8/2022,Neutral,0.39178571428571424,Positive
6/9/2022,Neutral,0.470551724137931,Positive
6/10/2022,Neutral,0.49272727272727274,Positive
6/13/2022,Neutral,0.4931851851851852,Positive
6/14/2022,Neutral,0.6030666666666666,Positive
6/15/2022,Neutral,0.6198387096774195,Positive
6/16/2022,Neutral,0.53795,Positive
6/17/2022,Neutral,0.44689999999999996,Positive
6/20/2022,Neutral,0.9983333333333334,Positive
6/21/2022,Neutral,0.5940454545454545,Positive
6/22/2022,Neutral,0.26631578947368423,Positive
6/23/2022,Neutral,0.6445833333333334,Positive
6/24/2022,Neutral,0.5122916666666666,Positive
6/27/2022,Neutral,0.476,Positive
6/28/2022,Neutral,0.47680000000000006,Positive
6/29/2022,Neutral,0.24618181818181825,Positive
6/30/2022,Neutral,0.34188,Positive
7/1/2022,Neutral,0.5032666666666665,Positive
7/5/2022,Neutral,0.3025652173913044,Positive
7/6/2022,Neutral,0.24238709677419357,Positive
7/7/2022,Neutral,0.5698846153846153,Positive
7/8/2022,Neutral,0.5368421052631579,Positive
7/11/2022,Neutral,0.4491176470588235,Positive
7/12/2022,Neutral,0.3757826086956521,Positive
7/13/2022,Neutral,0.38546428571428576,Positive
7/14/2022,Neutral,0.2963684210526316,Positive
7/15/2022,Neutral,0.4295625,Positive
7/18/2022,Neutral,0.5298076923076923,Positive
7/19/2022,Neutral,0.49689285714285714,Positive
7/20/2022,Neutral,0.38363157894736843,Positive
7/21/2022,Neutral,0.29240740740740745,Positive
7/22/2022,Neutral,0.4494,Positive
7/25/2022,Neutral,0.3058292682926829,Positive
7/26/2022,Neutral,0.4291489361702127,Positive
7/27/2022,Neutral,0.5809375,Positive
7/28/2022,Neutral,0.353375,Positive
7/29/2022,Neutral,0.536,Positive
8/1/2022,Neutral,0.38769565217391294,Positive
8/2/2022,Neutral,0.548625,Positive
8/3/2022,Neutral,0.49156,Positive
8/4/2022,Neutral,0.39976470588235297,Positive
8/5/2022,Neutral,0.6271538461538462,Positive
8/8/2022,Neutral,0.4179230769230769,Positive
8/9/2022,Neutral,0.5923125,Positive
8/10/2022,Neutral,0.5777692307692307,Positive
8/11/2022,Neutral,0.7483333333333334,Positive
8/12/2022,Neutral,0.822625,Positive
8/15/2022,Neutral,0.5708461538461538,Positive
8/16/2022,Neutral,0.5231176470588236,Positive
8/17/2022,Neutral,0.5531818181818182,Positive
8/18/2022,Neutral,0.7384166666666667,Positive
8/19/2022,Neutral,0.5143333333333333,Positive
8/22/2022,Neutral,0.4910666666666667,Positive
8/23/2022,Neutral,0.7140000000000001,Positive
8/24/2022,Neutral,0.7077857142857142,Positive
8/25/2022,Neutral,0.6363636363636364,Positive
8/26/2022,Neutral,0.774846153846154,Positive
8/29/2022,Neutral,0.8444666666666668,Positive
8/30/2022,Neutral,0.7471818181818183,Positive
8/31/2022,Neutral,0.8629090909090908,Positive
9/1/2022,Neutral,0.18313333333333331,Positive
9/2/2022,Neutral,0.6899230769230769,Positive
9/6/2022,Neutral,0.4653846153846154,Positive
9/7/2022,Neutral,0.6511875,Positive
9/8/2022,Neutral,0.5905,Positive
9/9/2022,Neutral,0.9152857142857143,Positive
9/12/2022,Neutral,0.678448275862069,Positive
9/13/2022,Neutral,0.41947368421052633,Positive
9/14/2022,Neutral,0.5631250000000001,Positive
9/15/2022,Neutral,0.44418749999999996,Positive
9/16/2022,Neutral,0.4065789473684211,Positive
9/19/2022,Neutral,0.5391999999999999,Positive
9/20/2022,Neutral,0.67885,Positive
