﻿,Titles,Polarity,Positive,Neutral,Negative
0,Do You Really Need Another Reason to Like Google Stock?,0.998,0.115,0.878,0.007
1,"Dow Jones Futures: Market Rally Gets What It Needs, Not What You Want",0.392,0.122,0.878,0.0
2,"Apple win streak snapped just shy of record, but not before adding nearly half a trillion dollars in market cap",0.681,0.272,0.728,0.0
3,10 Web 3.0 Stocks to Buy and Hold for Long Term,1.0,0.115,0.866,0.02
4,"Apple reportedly wants to handle its own financial services, and partners’ stocks paid the price",0.0,0.0,1.0,0.0
5,Fintech stocks fall amid report of Apple's financial services plans,0.422,0.047,0.915,0.038
6,Apple and Meta Gave User Data to Hackers Who Used Forged Legal Requests,-0.997,0.064,0.836,0.1
7,Meme Stocks are Back,0.999,0.146,0.838,0.016
8,Are You Paying Attention to What the Fed Is Doing?,0.83,0.238,0.762,0.0
9,3 Blue-Chip Stocks to Buy That Are Still Oversold,0.995,0.114,0.851,0.035
10,iPhone Maker Apple Stock Receives Composite Rating Upgrade,0.511,0.086,0.914,0.0
11,Apple’s ‘CODA’ is coming back to theaters for a limited run after Oscar victory,0.382,0.094,0.906,0.0
12,Apple Working to Bring More Financial Services In-House,0.995,0.099,0.844,0.056
13,Why Apple’s hardware subscription service could be a ‘huge deal for the company’,0.369,0.051,0.902,0.047
14,"Stock Picks: Apple, Nvidia Reveal 7 Telltale Traits Of Winning Stocks",0.856,0.296,0.704,0.0
15,Apple's (NASDAQ:AAPL) Valuation may be Justified Only If Investors are Bullish on Growth,1.0,0.164,0.811,0.025
16,Here's Why BofA Remained Bullish On Apple,0.99,0.159,0.77,0.071
17,Google asked its Russian translators not to refer to a “war” in Ukraine,0.586,0.194,0.741,0.065
18,Apple (AAPL) Planning to Lower iPhone &amp; AirPods Production,0.974,0.11,0.82,0.071
19,Ciena's (CIEN) GeoMesh Extreme Solution Leveraged by EASSy,0.998,0.144,0.841,0.016
20,"Verint (VRNT) Q4 Earnings Miss Estimates, Revenues Up Y/Y",0.997,0.12,0.866,0.013
21,Apple Cuts iPhone Trade-In Prices. That Could Mean Strong Demand for the New Models.,0.465,0.14,0.806,0.054
22,3 reasons why Apple stock is on fire,0.939,0.079,0.871,0.05
23,Apple Reportedly Working to Bring More Financial Services In-House,0.852,0.088,0.898,0.014
24,Apple's market value is nearing $3 trillion after its longest win streak since the iPod,0.649,0.101,0.899,0.0
25,"The Zacks Analyst Blog Highlights Apple, The Procter &amp; Gamble, Chevron, Novo Nordisk and Canadian Natural Resources Limited",0.997,0.112,0.846,0.041
26,"UPDATE 1-Intel CEO earned 1,711 times more than average company worker in 2021",0.919,0.075,0.892,0.033
27,"Dow Jones Dips Amid Strong Market Rally; Apple, SolarEdge, Micron In Focus",0.593,0.165,0.776,0.059
28,Progress Software (PRGS) Q1 Earnings &amp; Revenues Top Estimates,0.998,0.143,0.857,0.0
29,"Dow Jones Firms Amid Strong Market Rally; Apple, SolarEdge, Micron In Focus",0.593,0.165,0.776,0.059
30,"Dow Jones Today Firms Amid Strong Market Rally; Apple, SolarEdge, Micron In Focus",0.593,0.165,0.776,0.059
31,Has Canon (CAJ) Outpaced Other Computer and Technology Stocks This Year?,0.996,0.135,0.848,0.017
32,"Dow Jones Today Falls Amid Strong Market Rally; Apple, SolarEdge, Micron In Focus",0.593,0.165,0.776,0.059
33,"FuboTV Stock Is a Buy as Subscribers Grow, It Adds Gambling",0.995,0.125,0.837,0.038
34,4 Stocks to Watch as PC Sales Continue to Soar,0.999,0.171,0.82,0.009
35,"Dow Jones Futures Today Fall Amid Strong Market Rally; Apple, SolarEdge, Micron In Focus",0.593,0.165,0.776,0.059
36,"Dow Jones Futures Today Dip Amid Strong Market Rally; Apple, SolarEdge, Micron In Focus",0.61,0.159,0.788,0.053
37,3 Streaming Stocks That Are Screaming Buys Right Now,0.998,0.104,0.869,0.028
38,Apple Explores Breakout As Top Funds Bet Big On AAPL Stock,0.318,0.141,0.859,0.0
39,Apple Launches $50 Million Supplier Employee Development Fund,0.999,0.133,0.863,0.004
40,Higher Interest Rates Could Hurt Apple More Than Most Realize,0.436,0.098,0.833,0.069
41,"Why Tesla, Google, and Amazon want to do stock splits",0.612,0.157,0.756,0.087
42,"Dow Jones Futures Fall After Stocks Jump On Russia-Ukraine Talks; Apple, Dutch Bros Break Out",-0.363,0.071,0.774,0.155
43,"Micron (MU) Gains 4% on Q2 Earnings Beat, Strong Q3 Guidance",0.999,0.132,0.845,0.023
44,Microsoft Left Out of Big Rally as Investors Balk at High Price Tag,0.971,0.097,0.831,0.072
45,The Smartest Stocks to Buy With $300 on the Dip,0.572,0.209,0.791,0.0
46,The 10 best new and updated SUVs in 2022,0.595,0.073,0.927,0.0
47,"China’s Lockdowns Are Hurting Electronics Demand, TSMC Head Says",-0.949,0.04,0.873,0.087
