﻿,Titles,Polarity,Positive,Neutral,Negative
0,"4 Top Stock Trades for Thursday: AAPL, GLD, BAC, F",0.995,0.118,0.836,0.046
1,"Dow Jones Futures: Market Correction Extends Losses, Apple Breaks Support; Four Stocks In Beat-Up Sector Worth Watching",-0.25,0.107,0.73,0.163
2,Bills targeting Apple and Google face biggest test yet,0.718,0.104,0.896,0.0
3,Fed may trigger 'bigger corrections' in stock market with its actions: strategist,-0.318,0.055,0.893,0.052
4,Netflix had 'tough 2021' but here's why analysts expect 2022 to 'get better',0.997,0.13,0.847,0.023
5,How Ad Spending Can Help Alphabet and Meta Stock Keep Climbing,0.382,0.073,0.927,0.0
6,Tech Group Warns Biden That Antitrust Bills Carry Political Risk,0.863,0.086,0.845,0.069
7,Metaverse barriers to entry are ‘rather high:’ CoinDesk Global Macro Editor,-0.148,0.05,0.909,0.04
8,"Newbridge Financial Services Group, Inc. Buys Apple Inc, NVIDIA Corp, NXP Semiconductors NV, ...",0.996,0.043,0.945,0.012
9,"Swarthmore Group Inc Buys AbbVie Inc, Pfizer Inc, Cboe Global Markets Inc, Sells Stryker Corp, ...",0.991,0.058,0.932,0.01
10,Warren Buffett’s 5 Worst Performing Stock Picks From 2021,0.988,0.078,0.887,0.036
11,"If the Fed wanted to stop inflation, it would need to hike rates to nearly 6%: expert",0.951,0.066,0.901,0.032
12,Facebook may be forced to respond to Microsoft's acquisition of Activision: analyst,0.385,0.048,0.918,0.034
13,Snap's (SNAP) New Parental Controls to Protect Teen Users,0.994,0.143,0.802,0.055
14,Google Hires PayPal Vet to Reset Strategy After Its Banking Retreat,0.997,0.111,0.843,0.046
15,"Got $3,000? 5 Buffett Stocks to Buy and Hold Forever",0.844,0.129,0.871,0.0
16,3 Key Questions About Microsoft’s Deal to Buy Activision—Including Who It Could Hurt,0.077,0.053,0.947,0.0
17,A Deep Dive into the FAANG Earnings Charts,0.999,0.203,0.762,0.036
18,"Apple, Amazon, Disney Could Snatch Up Game Makers EA, Take-Two",0.422,0.045,0.955,0.0
19,"S&amp;P 500 Ends Lower as Tech Recovery Fades, Banks Slump",0.802,0.081,0.856,0.063
20,These 3 Stocks Have Doubled Over the Last 2 Years. Can They Do It Again?,0.392,0.06,0.94,0.0
21,Future of work: Zoom CFO describes the future of hybrid jobs at the company,1.0,0.148,0.848,0.004
22,Progress Software (PRGS) Q4 Earnings &amp; Revenues Top Estimates,0.998,0.144,0.856,0.0
23,Apple Wants to Push Further Into This Major Smartphone Market in 2022,0.71,0.247,0.753,0.0
24,"Emerald Advisors, LLC Buys KraneSharesBosera MSCI China A 50 Connect Index ET, Vanguard Total ...",0.997,0.067,0.927,0.005
25,"Wolf Group Capital Advisors Buys Invesco S&amp;P 500 Top 50 ETF, iShares 3-7 Year Treasury Bond ...",0.998,0.094,0.898,0.008
26,1 Compelling Real Estate Trend to Watch in 2022,-0.103,0.087,0.82,0.093
27,Fortinet's (FTNT) SD-WAN Adds Home Hardware to Customer Database,0.999,0.164,0.832,0.004
28,3 Reasons Why PubMatic Stock Is a Buy,0.0,0.0,1.0,0.0
29,"Here's How JP Morgan Views Meta, Amazon, Apple",0.957,0.105,0.84,0.055
30,"Miracle Mile Advisors, LLC Buys Vanguard Total Stock Market ETF, Apple Inc, iShares Core MSCI ...",1.0,0.105,0.888,0.007
