﻿,Titles,Polarity,Positive,Neutral,Negative
0,Dow Jones Dips As Apple Rallies; Tesla Stock Stalls Despite Bullish Call; 3 Oil Stocks Pass Buy Points,0.103,0.129,0.719,0.151
1,"Apple Stock Sees Relative Strength Upgrade, But Still Under Key Technical Benchmark",0.718,0.353,0.647,0.0
2,10 Best Stocks to Buy Under $50,1.0,0.129,0.834,0.037
3,S&amp;P 500 Off Lows as Consumer Stocks Shine,0.511,0.101,0.812,0.087
4,Snap Stock: Bear vs. Bull,-0.153,0.055,0.883,0.062
5,"Market check: Energy stocks outperform, AMC stock rises",0.0,0.0,1.0,0.0
6,Chinese Firm That Accused NSA of Hacking Has Global Ambitions,-0.9,0.045,0.9,0.055
7,Yale University 2022 Portfolio: 8 Best Investment Ideas,1.0,0.122,0.863,0.015
8,Why It Makes Sense That Apple Is Warren Buffett's Largest Holding,0.727,0.085,0.915,0.0
9,These Investors Say Nasdaq’s Bear Market Has Legs,0.981,0.114,0.81,0.077
10,3 Dividend Stocks That Are Good Enough for Warren Buffett,0.0,0.0,1.0,0.0
11,3 Stocks That Could Be Worth More Than Apple by 2040,0.44,0.153,0.847,0.0
12,"Tesla, VW Keep Shanghai Workers Isolated Even as Lockdown Eases",0.951,0.078,0.873,0.049
13,Tech Giants Accuse India Agency of Ignorance in Xiaomi Spat,-0.859,0.061,0.865,0.074
14,Shanghai Takes Biggest Steps Toward Reopening in Two Months,-0.831,0.067,0.855,0.078
