﻿,Titles,Polarity,Positive,Neutral,Negative
0,Breaking down the most popular stocks owned by millennials and Gen Z,0.47,0.133,0.867,0.0
1,7 Tech Stocks to Buy With Breakout Potential for the Second Half of the Year,1.0,0.128,0.862,0.01
2,3 Canaries Worth Watching in the Market’s Most-Shorted Stocks,0.995,0.112,0.838,0.05
3,Intel Weighs Testing Abu Dhabi Resolve With Chipmaker Bid,0.906,0.07,0.885,0.045
4,"Once the Regulatory Dust Settles, Alibaba Could Be a Knockout Success",0.993,0.1,0.854,0.045
5,Cannabis Dispensary Shopping With New Cashless Payments: Rewards à la Starbucks With App Available Via Apple And Google,0.999,0.204,0.789,0.007
6,S&amp;P 500 Snaps 3-Week Win Streak Despite Upbeat Start to Earnings Season,0.599,0.065,0.879,0.056
7,"Biden reviewing Euro travel ban, Xiaomi dethrones Apple, Lordstown under investigation",0.226,0.114,0.823,0.063
8,"Got $1,000? 3 5G Stocks to Look at Right Now",0.296,0.081,0.919,0.0
9,Microsoft (MSFT) to Launch Windows 365,0.0,0.0,1.0,0.0
10,"Stock Market Rally Struggles Outside Apple; JPMorgan, Goldman, UnitedHealth, Taiwan Semi Are Key Earnings",-0.477,0.0,0.86,0.14
11,15 Most Valuable Watch Companies in the World,1.0,0.098,0.896,0.006
12,"Vaccine Stocks Climb After Moderna Added To S&amp;P 500, With BioNTech Also Up",0.998,0.102,0.836,0.062
13,Cryptocurrency Is Here To Stay And So Is Coinbase,0.997,0.11,0.883,0.006
14,"Apple Stock: Next Stop, $175?",0.996,0.149,0.833,0.018
15,Apple Taps Technology VP Lynch to Join Autonomous-Car Project,0.0,0.0,1.0,0.0
16,S&amp;P 500 Falls as Bulls in Hiding Despite Signs of Strong Consumer,0.785,0.068,0.883,0.049
17,Why This 1 Momentum Stock Could Be a Great Addition to Your Portfolio,1.0,0.209,0.781,0.01
18,Xiaomi Up 4% On Overtaking Apple As Second Largest Smartphone Maker,0.625,0.046,0.927,0.027
19,A Market Crash Is On the Horizon: 3 No-Brainer Stocks to Buy When That Happens,0.44,0.12,0.84,0.04
20,"The Zacks Analyst Blog Highlights: Apple, Advanced Micro Devices, Build-A-Bear Workshop, Burlington Stores and Conn's",0.998,0.11,0.868,0.023
21,"Dow Jones Futures Rise After Apple, Microsoft, Nvidia Add To Market Rally Weakness; Elon Musk Says This About Tesla Cybertruck",-0.422,0.0,0.877,0.123
22,Xiaomi Co-Founder Donates $2.2 Billion of Shares to Charity,0.993,0.146,0.845,0.009
23,Market history suggests stocks will keep climbing this year: Morning Brief,0.993,0.072,0.918,0.01
24,"Xiaomi Overtakes Apple as World’s No. 2 Phone Maker, Canalys Says",0.969,0.084,0.891,0.026
