﻿,Titles,Polarity,Positive,Neutral,Negative
0,"You May Not Like Facebook, but Its Stock Deserves Better—at Least 20% Better",0.557,0.15,0.85,0.0
1,7 Robinhood Stocks Even Billionaires Want in Their Portfolios,0.999,0.105,0.864,0.03
2,Billionaire Ken Fisher’s Top 10 High Dividend Stock Picks,0.999,0.113,0.876,0.011
3,New Investor? Here Are 3 Great Starter Stocks,-0.318,0.103,0.757,0.14
4,"Cisco CEO joins Apple, Amazon in backing 'Dreamers' immigration reform: 'This is the only place they've ever known'",0.976,0.085,0.903,0.012
5,Why Ken Burns will never make a documentary for the streaming giants,0.957,0.065,0.9,0.035
6,"Apple Arcade Launches its Biggest Expansion Yet, Growing its Award-Winning Catalog to More Than 180 Games",1.0,0.136,0.831,0.033
7,2 Top Stocks You Can Buy and Hold for the Next Decade,0.691,0.231,0.769,0.0
8,Thinking About Buying AMC and GameStop? These 2 Robinhood Stocks Are Much Better Picks,0.71,0.179,0.742,0.079
9,Why filmmaker Ken Burns won't do a documentary for the streaming giants,0.0,0.0,1.0,0.0
10,Japan’s Kioxia Is Said to Focus on IPO in Next Few Months,0.995,0.112,0.847,0.04
11,Snap looked at ways of circumventing Apple’s new privacy rules,-0.068,0.0,0.986,0.014
