﻿,Titles,Polarity,Positive,Neutral,Negative
0,Apple Is Working On a Mysterious New Product,-0.296,0.0,0.978,0.022
1,"Markets are 'at heightened risk' amid inflation, Fed rate hikes, and Russia-Ukraine war: Strategist",0.382,0.115,0.833,0.051
2,Tech Stocks Roundup: Facebook Sends a Strong Message to Russia,0.612,0.231,0.769,0.0
3,HP smashes profit forecasts,0.973,0.099,0.901,0.0
4,"Stocks in focus: Apple, Berkshire Hathaway, Dollar General, Dollar Tree, Teladoc",0.998,0.105,0.869,0.026
5,Buy and Hold SPDR S&amp;P 500 Stock for the Next 3 to 5 Years,0.995,0.116,0.831,0.053
6,5 Under-the-Radar Things to Look for When Lucid Reports Earnings,0.178,0.026,0.974,0.0
7,Don’t Mistake Positive Days for PayPal Stock As Signs of Recovery,0.958,0.123,0.77,0.107
8,"Intuit (INTU) Q2 Earnings Miss, Revenues Beat, Stock Down (revised)",0.999,0.144,0.85,0.006
9,"Market check: Nasdaq, Russell 2000 turn positive, Tesla stock jumps",0.0,0.0,1.0,0.0
10,"UPDATE 1-Lithuania asks Google, Apple to remove Russia's Yandex ride-hailing app",0.598,0.049,0.917,0.033
11,Ukraine War and Sanctions Could Affect These 10 US Stocks,-0.351,0.064,0.874,0.062
12,"Intuit (INTU) Q2 Earnings Miss, Revenues Beat, Stock Down (revised)",0.999,0.144,0.85,0.006
13,Apple Isn't Samsung's Only Big Problem,0.804,0.141,0.821,0.037
14,Stocks Fall as Fighting Continues and Sanctions Deepen; Talks Open at Border,-0.477,0.0,0.837,0.163
15,"Lithuania asks Google, Apple to remove Russia's Yandex ride-hailing app",0.598,0.051,0.914,0.035
16,"Intel, AMD reportedly halt processor sales to Russia amid Ukraine invasion",-0.477,0.0,0.903,0.097
17,"BRK.A, BRK.B: 17 Key Takeaways From Warren Buffett’s Annual Letter 2022",0.98,0.085,0.896,0.019
18,Kingsbarn buys Elk Grove office buildings for $11.9 million,0.0,0.0,1.0,0.0
19,Top 10 Millennial And Gen Z Stock Picks: Should You Buy Them Too?,0.287,0.097,0.903,0.0
20,World’s Largest Sovereign Wealth Fund to Vote Against Apple CEO Tim Cook’s Pay Package,0.494,0.122,0.878,0.0
21,"Tesla Really Is a Tech Company—Just Not a Very Good One, Analyst Says",0.511,0.163,0.837,0.0
22,Jim Cramer Likes These 10 Stocks,0.999,0.133,0.795,0.071
23,Dow Jones Futures Pare 'Swift' Market Losses; West Targets Russia Banks Amid Ukraine Invasion,0.0,0.0,1.0,0.0
24,"Digitization, Buyout to Aid Salesforce (CRM) in Q4 Earnings",0.998,0.132,0.854,0.013
25,Apple Is Putting Fintech Competitors on Notice,0.599,0.093,0.834,0.073
26,Corporate America condemns Russia — what that means for stock market: Morning Brief,0.999,0.107,0.846,0.047
27,3 Popular Dividend Stocks Billionaires Are Piling Into,0.909,0.154,0.846,0.0
