﻿,Titles,Polarity,Positive,Neutral,Negative
0,Weekly Roundup,0.896,0.339,0.661,0.0
1,"Twitter, Bed Bath &amp; Beyond, Kroger: Stocks That Defined the Week",-0.778,0.091,0.745,0.164
2,"Should you buy a new Apple Watch? The Ultra, Series 8 and SE can be preordered now",-0.318,0.021,0.935,0.044
3,Biden finalized his plan to rein in Big Tech. Big Tech wasn’t invited.,0.273,0.046,0.954,0.0
4,Dow Jones Jumps As Losing Streak Ends; Tesla Surges As Elon Musk Eyes This Move; Warren Buffett Stock Pops,0.836,0.319,0.681,0.0
5,Markets and sectors hold onto gains ahead of the closing bell,0.34,0.088,0.912,0.0
6,"Zscaler: Cybersecurity is a ‘rock of Gibraltar’ investment area, analyst says",0.0,0.0,1.0,0.0
7,Alphabet's (GOOGL) Google TV to Attract Users With New Feature,0.998,0.172,0.819,0.01
8,How to Trade in an iPhone: Best Ways to Get Cash or Credit,0.599,0.061,0.939,0.0
9,Dow Jones Jumps As Rally Strengthens; Tesla Surges As Elon Musk Eyes This Move; Warren Buffett Stock Pops,0.836,0.319,0.681,0.0
10,Alphabet's Verily Raises $1 Billion and Shakes Up Leadership Team,0.956,0.075,0.906,0.019
11,3 No-Brainer Tech Stocks to Buy if You Have Money to Invest,0.998,0.128,0.833,0.039
12,"Netflix (NFLX) Launches Lucky Luna, Expands Gaming Portfolio",0.997,0.14,0.82,0.04
13,Apple (AAPL) Expands TV+ Content With Selena Gomez Documentary,0.998,0.154,0.824,0.022
14,10 Ad-Tech Stocks to Buy as Industry Goes Through Upheaval,0.999,0.085,0.894,0.021
15,Apple wants its devices to save your life — but it still has work to do,0.989,0.083,0.883,0.034
16,The Lex Newsletter: iPhones win beauty contest,-0.572,0.036,0.871,0.093
17,16 Best Penny Stocks to Buy Now,1.0,0.119,0.863,0.019
18,"Stock Market Rally Revives, With Solar Sector Shining Bright; Apple iPhone 14 Unveiled: Weekly Review",0.0,0.0,1.0,0.0
19,3 Top Tech Stocks That Could Help Make You Richer by Retirement,0.572,0.168,0.722,0.11
20,10 Cash-Rich Tech Stocks to Buy Now,1.0,0.149,0.826,0.024
21,Apple’s satellite deal with Globalstar could spell good news for this company,-0.382,0.0,0.833,0.167
22,"Top Funds Bet Over $1 Billion On Five Stocks, Including Apple",0.785,0.239,0.712,0.049
23,"If You Are Buying an iPhone 14, Some Ways to Save on Your Wireless Bill",0.756,0.104,0.876,0.02
24,Dow Jones Futures: S&amp;P 500 Set To Retake Key Resistance; 5 Stocks Flash Buy Signals,0.0,0.0,1.0,0.0
25,2 Top Stocks for Rapid Dividend Growth,-0.273,0.0,0.97,0.03
26,"The Zacks Analyst Blog Highlights Apple, Absolute Software, Paylocity and Synchronoss",0.997,0.094,0.871,0.035
27,Apple Will Keep Globalstar in Orbit,0.026,0.148,0.71,0.142
28,"Here are the iPhone 14 deals from AT&amp;T, T-Mobile, and Verizon as preorders begin",0.44,0.17,0.83,0.0
29,Pinduoduo Emerges as Big Winner in Covid-Zero China,0.993,0.094,0.876,0.03
30,3 Reasons Warren Buffett Loves Apple Stock,0.51,0.089,0.911,0.0
31,These 3 Tech Stocks Are Building the Future,0.477,0.042,0.958,0.0
32,Warren Buffett Generates 71% of His Dividend Income From These 5 Stocks,0.0,0.0,1.0,0.0
33,UPDATE 1-India's Tata group in talks with Wistron to assemble iPhones - Bloomberg News,0.446,0.028,0.965,0.007
34,Is Apple expensive?,0.586,0.189,0.724,0.087
35,US lawmakers warn Apple on using Chinese group’s chips in new iPhone,-0.026,0.069,0.862,0.07
36,India’s Top Conglomerate in Talks to Join Club of iPhone Makers,0.985,0.079,0.9,0.021
37,Dow Jones Futures Rise: Market Rally Runs To Key Resistance; 5 Stocks Flash Buy Signals,0.0,0.0,1.0,0.0
