﻿,Titles,Polarity,Positive,Neutral,Negative
0,Tech Support: Beats Studio Buds review,0.0,0.0,1.0,0.0
1,10 Best Dividend Stocks to Buy According to Billionaire Ray Dalio,1.0,0.122,0.87,0.008
2,Is Apple Stock A Buy Before Its June-Quarter Earnings Report?,0.572,0.107,0.893,0.0
3,Why Micron Stock Finally Crashed,0.153,0.038,0.934,0.027
4,"With a Shift of Dots, the Fed Bought Itself Some More Time",0.939,0.152,0.834,0.014
5,15 Most Profitable Industries in the World in 2021,0.999,0.112,0.848,0.04
6,10 Meme Stocks to Buy After They Leave the Spotlight,1.0,0.155,0.81,0.035
7,7 Apple Supplier Stocks Every AAPL Advocate Needs To Know,0.998,0.08,0.914,0.007
8,"Dow Jones Dives As Stocks Tumble In Quadruple Witching Trade; Adobe Leaps On Earnings; Lennar, Biogen Upgraded",0.34,0.208,0.68,0.112
9,"Dow Jones Today, Stocks Tumble As  Losses Broaden; Adobe Leaps On Earnings; Lennar, Biogen Upgraded",0.34,0.208,0.68,0.112
10,Investing In Stocks: See How To Invest Using 3 Simple Steps,0.818,0.288,0.712,0.0
11,"Apple, Samsung Supplier Aims To Raise Up To $2B In Hong Kong IPO: Bloomberg",0.422,0.044,0.936,0.02
12,ROKU Partners With TCL to Launch New TV models in the U.K.,0.997,0.137,0.853,0.01
13,"Dow Jones Lags, Futures Lower As Market Diverges; Adobe Leaps On Earnings; Biogen Upgraded",0.361,0.098,0.902,0.0
14,3 Stocks to Buy on Solid PC Demand Amid Coronavirus Crisis,0.999,0.123,0.861,0.016
15,Technology Sector Gains Amid Fed's Rate Hike Signal: 6 Picks,0.999,0.116,0.874,0.01
16,"The Zacks Analyst Blog Highlights: Apple, The Home Depot, Sanofi, Applied Materials and CVS Health",0.999,0.14,0.826,0.034
17,Microsoft Plans Massive China Expansion in Asia-Wide Cloud Push,0.971,0.065,0.931,0.004
18,Apple Supplier Biel Weighs Up to $2 Billion Hong Kong IPO,0.917,0.047,0.937,0.015
