﻿,Titles,Polarity,Positive,Neutral,Negative
0,Wharton’s Jeremy Siegel warns that stocks could drop 10% as soon as December — hold fast with these 3 ‘conservative’ tech picks,0.998,0.142,0.828,0.029
1,Facebook planted the idea of the metaverse but Apple can actually populate it,0.691,0.069,0.931,0.0
2,Twitter Missed Out on Tech Peers’ Rally During Dorsey Era,0.873,0.096,0.844,0.06
3,Dow Jones Rallies As Apple Pops; Tesla Surges As Elon Musk Does This; Twitter Dips As Jack Dorsey Quits,0.0,0.0,1.0,0.0
4,5 Tech/Internet ETFs to Buy on Cyber Monday,0.983,0.073,0.894,0.033
5,Dow Jones Jumps 300 Points As Stock Market Rebounds From Friday Rout,0.34,0.107,0.893,0.0
6,10 Online Education Stocks to Buy,1.0,0.122,0.859,0.019
7,Why Is Everyone Talking About Microsoft Stock?,0.459,0.08,0.874,0.046
8,"8 of the best Apple deals we’re seeing now on Cyber Monday, from AirPods to the Apple Watch",0.196,0.036,0.942,0.022
9,S&amp;P 500 Rebounds From Friday's Rout as Tech Reigns Supreme,0.079,0.063,0.875,0.062
10,"Dow Jones Up As Apple, Microsoft Lead; EV Stocks Rally As Market Rebounds From Covid Sell-Off",-0.422,0.0,0.887,0.113
11,S&amp;P 500 Jumps as Investors Swoop Into Tech Following Friday's Rout,0.84,0.07,0.877,0.053
12,Omicron May Make Megacap Tech Even More Expensive,0.921,0.101,0.824,0.075
13,"7 of the best Apple deals we’re seeing now on Cyber Monday, from AirPods to the Apple Watch",0.196,0.036,0.942,0.022
14,Top 10 Stock Picks of Steve Leonard’s Pacifica Capital Investments,0.998,0.087,0.889,0.024
15,3 IoT Stocks to Buy and Hold for the Next 10 Years,0.998,0.115,0.853,0.032
16,The Omicron variant and the stock market: Morning Brief,0.699,0.046,0.91,0.043
