﻿,Titles,Polarity,Positive,Neutral,Negative
0,10 Blue Chip Stocks To Buy Now According To Billionaire Andreas Halvorsen,0.998,0.092,0.895,0.013
1,U.S. antitrust officials ask to join arguments in Apple appeal,-0.758,0.081,0.806,0.113
2,Apple Watch Series 8 Review: Best-in-Class Smartwatch,0.31,0.04,0.96,0.0
3,"The Best Cases to Protect and Stylize Your iPhone 14, 14 Pro, and 14 Pro Max",0.889,0.221,0.779,0.0
4,Nervous Investors Are Slamming Tech Deals. Just Look at Adobe.,0.0,0.1,0.8,0.1
5,Why Apple Stock Was Falling Earlier This Morning,-0.724,0.044,0.83,0.125
6,"'The S&amp;P is forming a bottom,' says technical analyst",0.509,0.032,0.947,0.021
7,Here's How I'm Playing This Bout of Market Uncertainty,0.318,0.119,0.881,0.0
8,"JPMorgan bullish on Amazon, iPhone 14 demand to beat expectations, International Paper downgraded",0.988,0.087,0.875,0.038
9,"Google, Microsoft Search Engine Users Fall Prey To Malvertising",-0.979,0.093,0.75,0.157
10,"Fed reviews Goldman Sachs’ Marcus unit, Apple &amp; Amazon pass on LIV Golf media rights",-0.649,0.069,0.859,0.072
11,Why Warren Buffett Loves Apple,0.599,0.129,0.871,0.0
12,Big Tech stocks face difficulty beyond rising rates,0.052,0.138,0.734,0.128
13,Dow Jones Sells Off As FedEx Plunges 23% On Profit Warning,0.402,0.217,0.681,0.102
14,Dow Jones Futures Sell Off As FedEx Plunges 20% On Profit Warning,0.402,0.227,0.667,0.107
15,"Dow Jones Futures Fall, FedEx Dives; Stock Market Set To Break Key Level As Bull Case Turns Bearish",0.0,0.0,1.0,0.0
16,Dow Jones Futures Signal Break Of Key Level As FedEx Dives; Stock Market Bull Case Turns Bearish,0.0,0.0,1.0,0.0
17,7 Stocks to Buy to Play the Tech Cold War,0.999,0.125,0.843,0.032
18,Tech giants have bigger problems than rising interest rates: Morning Brief,0.985,0.086,0.862,0.053
19,The Genius Move by Apple That You Might Not Know About,0.827,0.153,0.847,0.0
20,Apple Counts on Upscale Shoppers to Turn Latest iPhone Into Hit,0.997,0.121,0.835,0.044
21,"Tech is down, but far from out of ESG funds",0.391,0.145,0.741,0.115
