﻿,Titles,Polarity,Positive,Neutral,Negative
0,Tech Earnings Will Be Dominated by Shortage Talk. Investors Beware.,-0.128,0.085,0.772,0.143
1,Apple just fired one of the leaders of the #AppleToo movement,-0.852,0.0,0.785,0.215
2,"Debi Coleman, who contributed heavily to Oregon's tech sector growth, dies at age 69",0.527,0.185,0.815,0.0
3,Big Tech Rules the Stock Market. Why It’s Not Time to Relax.,0.361,0.143,0.857,0.0
4,Apple Shrugs Off Supply-Chain Woes as Shares Head for Best Week in Six,0.993,0.124,0.829,0.046
5,"Apple’s Child-Porn Tracking System Is Flawed, Report Says",0.176,0.093,0.813,0.094
6,Apple Fires Another Employee Who Urged Workers to Speak Out,-0.983,0.061,0.826,0.113
7,A looming strike could cost Hollywood more than the pandemic lockdowns,-0.44,0.0,0.849,0.151
8,Snap Shares Outpace Facebook’s With Faster Growth and Less Controversy,0.994,0.115,0.833,0.052
9,"Xi’s Crackdown, Rigid Regime Defeat Last U.S. Social Media Giant",0.99,0.105,0.835,0.06
10,Apple's (AAPL) New Watch 7 to Boost Wearables Market Share,0.995,0.117,0.881,0.002
11,Alphabet (GOOGL) Boosts Fitness Tracking Efforts With Fitbit,0.998,0.183,0.806,0.011
12,Mark Cuban just tripled his stake in Dogecoin — but his bet on these 2 stocks is 667x larger,0.999,0.165,0.819,0.016
13,Disney Unveils Slate Of Original Asia-Pacific Content For Streaming Service,0.994,0.112,0.858,0.03
14,Dividend Stock Portfolio: 10 Stock Picks By Hedge Funds,0.999,0.098,0.868,0.033
15,"Tesla's Move to Texas Is Less About Politics, More About Business Prospects",-0.273,0.0,0.905,0.095
16,Apple October 2021 event: What to expect,0.906,0.036,0.946,0.018
17,11 Best Penny Stocks To Buy According To Hedge Funds,1.0,0.156,0.826,0.018
18,3 Top Tech Stocks to Buy Amid the Ongoing Labor Shortage,0.238,0.09,0.881,0.03
19,Inflation is Back. Are Your Investments Ready?,0.951,0.214,0.786,0.0
20,Should Investors Be Worried About the Future of Facebook Stock?,-0.153,0.045,0.89,0.065
21,3 5G Stocks to Buy in October,0.494,0.222,0.708,0.071
22,Here's Why Investors Shouldn't Panic on a Bad Market Day,0.016,0.039,0.924,0.038
23,Intel Stock Looks Doomed to Continue Its Downward Journey,0.996,0.122,0.828,0.05
24,S.Korea targets Apple over new app store regulation,-0.438,0.055,0.889,0.055
