﻿,Titles,Polarity,Positive,Neutral,Negative
0,Top Stocks That GuruFocus Users Are Looking At,0.999,0.137,0.823,0.04
1,Aramco Selling $12.4 Billion Stake in Pipeline Rights Unit,0.991,0.13,0.865,0.006
2,The Economy Is On a Roll. Now Is the Time to Bet on These Hardware Stocks.,0.477,0.204,0.796,0.0
3,UPDATE 1-U.S. senators criticize Apple for not testifying on antitrust concerns,-0.141,0.043,0.916,0.041
4,"Apple Plans to Skip App Store Hearing, Drawing Ire From Senators",0.849,0.073,0.875,0.053
5,Dow Jones Rises To New High As Apple Extends Win Streak; Growth Stocks Break Out,0.34,0.085,0.915,0.0
6,"Apple iPhone 12 Sales Seen Getting Lift From Tax Refunds, Stimulus Checks",0.402,0.083,0.917,0.0
7,AAPL: Apple Dividend Analysis,0.802,0.301,0.699,0.0
8,"Dow Rallies, Tech Stocks Fall As Yields Rebound Amid Inflation Data; Tesla Stock Slides",0.202,0.076,0.924,0.0
9,Stock Market Today With Jim Cramer: How to Trade Okta,0.052,0.078,0.851,0.071
10,Can These 3 Robinhood Favorites Really Be Winning Stocks?,0.865,0.177,0.752,0.071
11,3 Stocks at Great Prices,0.772,0.147,0.853,0.0
12,COVID-19 is no longer markets’ greatest risk: strategist,0.103,0.094,0.827,0.079
13,Better Buy: Facebook vs. Google,-0.422,0.0,0.939,0.061
14,The 4 Best Semiconductor Stocks to Buy for the Next Decade,0.667,0.265,0.668,0.067
15,3 Brands Winning With Teens,0.923,0.15,0.85,0.0
16,"Dow Jones Futures Rise After Tech Leaders Break Out, Set Up; What To Do Now",0.71,0.228,0.772,0.0
17,"The Zacks Analyst Blog Highlights: PayPal, Square, Google, Apple and Amazon",0.999,0.107,0.869,0.024
18,"The Zacks Analyst Blog Highlights: ServiceNow, AbbVie and Apple",0.999,0.111,0.875,0.014
19,Is Apple Ready to Join the Bull Party?,0.735,0.255,0.745,0.0
20,2 Top 5G Stocks I'd Buy Right Now,-0.128,0.0,0.974,0.026
21,"Dow Jones Futures Rise, Nasdaq Futures Fall After Tech Leaders Break Out, Set Up; What To Do Now",0.71,0.228,0.772,0.0
22,"FAANG Bites: Amazon Union, Facebook's Clubhouse Rival",0.0,0.0,1.0,0.0
23,FAANG Bites: Facebook and Amazon Stocks Rise,0.0,0.0,1.0,0.0
24,"The Stock Market vs. Bitcoin, Fine Art, and Trading Cards",0.511,0.095,0.905,0.0
25,Is Apple Or Microsoft The Better Buy Right Now?,0.993,0.118,0.862,0.02
26,TSMC Quarterly Sales Rise 17% After Surge in Chip Demand,0.971,0.089,0.883,0.028
