﻿,Titles,Polarity,Positive,Neutral,Negative
0,Why megacap stocks rallied after Russia invaded Ukraine,-0.872,0.06,0.874,0.066
1,Stocks Fought Off Huge Losses After Russia Attacked Ukraine. Here’s What Else Happened in the Stock Market Today.,-0.34,0.0,0.871,0.129
2,Undervalued Spotify Could Be a Bargain as Podcasting Booms,0.997,0.107,0.866,0.027
3,7 Low Volatility Stocks to Buy Right Now for Steady Returns,1.0,0.161,0.781,0.058
4,Early Money: San Francisco-based mobile gaming startup raises $40 million in Series A funding,0.0,0.0,1.0,0.0
5,"Tech stocks ‘are way oversold,’ Wedbush’s Dan Ives says",0.296,0.053,0.947,0.0
6,Are tech stocks now a screaming buy?,0.904,0.068,0.893,0.039
7,"Would Apple, Amazon and others go through with their billion-dollar-plus new campuses? Not sure anymore.",0.775,0.172,0.828,0.0
8,Ukraine Crisis Sends Tech Stocks to Bear-Market Levels for First Time in Two Years,-0.735,0.0,0.721,0.279
9,S&amp;P 500 Shrugs Off Russia Invasion to Stage Turnaround as Big Tech Shines,0.994,0.154,0.797,0.05
10,"Why Nvidia, Apple, and Fastly Stocks Are All Falling Today",-0.527,0.043,0.846,0.11
11,Stratasys (SSYS) Q4 Earnings and Revenues Beat Estimates,0.995,0.105,0.863,0.032
12,S&amp;P 500 Turns Positive Amid Dip-Buying in Tech After Russia Invades Ukraine,0.997,0.175,0.782,0.043
13,Brookfield Renewable Sees an Enormous Opportunity in Helping Companies Go Green,0.511,0.223,0.777,0.0
14,Big Tech Tumbles. Nasdaq 100 Enters a Bear Market After Russia Attacks Ukraine.,0.296,0.048,0.925,0.027
15,2 Stocks to Buy From the Flourishing Computer Industry,0.999,0.118,0.867,0.015
16,Apple's $3 Trillion Journey,-0.077,0.075,0.879,0.046
17,Factories sprout across once-rural Williamson County,0.329,0.03,0.97,0.0
18,ANSYS (ANSS) Q4 Earnings and Revenues Surpass Estimates,0.999,0.134,0.86,0.006
19,"NetApp (NTAP) Q3 Earnings &amp; Revenues Top Estimates, Up Y/Y",0.998,0.097,0.881,0.022
20,Why Streaming Services Are Gaining Subscribers But Struggling to Keep Them,0.459,0.136,0.807,0.057
21,1 Big Reason You Shouldn't Bet Against Meta,-0.947,0.017,0.861,0.122
22,How Is the Nasdaq Only Down 16.5% While So Many Stocks Are Crashing?,0.361,0.143,0.857,0.0
23,The 7 Best Web 3.0 Stocks to Buy for March 2022,0.999,0.115,0.84,0.045
24,China’s Tencent Unveils Goal to Run on 100% Green Energy by 2030,0.995,0.098,0.873,0.029
25,"Chip Supplier to Apple, Intel Warns of Tight Capacity Till 2027",0.875,0.089,0.838,0.073
