﻿,Titles,Polarity,Positive,Neutral,Negative
0,Why Apple Stock Fell Today,0.572,0.131,0.788,0.08
1,"4 Top Stock Trades for Monday: Shiba Inu, NVDA, X, SBUX",0.993,0.12,0.831,0.05
2,"Move over Apple, Microsoft now the world’s most valuable company",-0.789,0.1,0.802,0.098
3,Apple co-founder: 'I got the new iPhone; I can’t tell the difference really',0.99,0.111,0.861,0.027
4,Microsoft overtakes Apple as most valuable U.S. company after stock’s best month since 2015,0.414,0.094,0.862,0.044
5,"S&amp;P 500, Nasdaq and Dow finish October at record highs, notching gains for the month despite soft Amazon, Apple results",-0.202,0.078,0.817,0.105
6,Why These 10 Stocks Are Trending on Friday,0.994,0.093,0.885,0.022
7,Markets gain as last week in October trading wraps,0.178,0.064,0.936,0.0
8,"US STOCKS-Wall Street shakes off Amazon, Apple weakness to end modestly higher",0.993,0.116,0.832,0.051
9,Dow Jones Fights Back As Microsoft Snatches Apple's Crown; Donald Trump SPAC Dives Bigly; Amazon Falls On This,0.178,0.147,0.769,0.084
10,"Nasdaq, S&amp;P 500, and Dow Hit Records, Amazon Slides—and What Else Happened in the Stock Market Today",-0.103,0.1,0.793,0.108
11,Stock Market Today: New Market Records Despite 2 Mega-Cap Misses,0.998,0.122,0.84,0.038
12,Companies in the tech sector to ‘continue to be the best in class’: Strategist,0.382,0.088,0.912,0.0
13,"U.S. stocks head to gains for the month despite soft Amazon, Apple results",-0.202,0.067,0.843,0.09
14,Dow Jones Fights As Microsoft Snatches Apple's Crown; Donald Trump SPAC Dives Bigly; Amazon Falls On This,0.178,0.147,0.769,0.084
15,Big Tech Earnings Are Over. 6 Things Investors Need to Know About a Disappointing Week.,-0.7,0.0,0.734,0.266
16,Even Big Tech Has Supply Chain Problems,0.998,0.114,0.857,0.03
17,Is Berkshire Hathaway a Good Stock for Rising Interest Rates?,0.459,0.13,0.87,0.0
18,US STOCKS-Wall Street recovers from early lows on Microsoft boost,0.967,0.103,0.833,0.064
19,Apple co-founder Steve Wozniak on cryptocurrencies: They will be used effectively,0.977,0.097,0.857,0.046
20,Facebook’s rebranding ‘is not a stroke of brilliance’: Fitz-Gerald Group CIO,0.0,0.0,1.0,0.0
21,"S&amp;P 500, Dow Hit New Highs; This Is The Stock Market's New King",-0.813,0.0,0.693,0.307
22,Steve Wozniak on Facebook: Apple didn't have to change its name,0.693,0.053,0.904,0.043
23,"S&amp;P 500, Nasdaq turn higher Friday afternoon despite soft Amazon, Apple results",-0.494,0.0,0.897,0.103
24,"US STOCKS-Microsoft brings S&amp;P 500, Nasdaq back into record territory",0.958,0.077,0.888,0.035
25,Apple’s Sales Miss Should Have Been No Surprise. Suppliers Raised Red Flags.,-0.402,0.0,0.856,0.144
26,Why Apple got hit harder by the chip shortage than Microsoft,0.903,0.064,0.878,0.057
27,Not FAANG but MAMAA: Jim Cramer reveals new acronym for the 5 largest tech giants,0.974,0.118,0.838,0.044
28,"Dow Jones Turns Positive Despite Apple Drop, But Amazon Stock Pressures Nasdaq",0.039,0.164,0.678,0.158
29,Here’s the math for Tesla’s stock price if it becomes the Apple of car makers,-0.422,0.0,0.851,0.149
30,"Nasdaq and S&amp;P 500 Hold Near Records, Amazon Slides—and What Else Is Happening in the Stock Market Today",-0.836,0.036,0.791,0.174
31,"Dow, S&amp;P 500, Nasdaq End October at Record Despite Amazon, Apple Wobble",0.878,0.082,0.86,0.057
32,Apple Isn’t the Most Valued Publicly Traded Company Anymore. Who Took the Title.,-0.153,0.0,0.914,0.086
33,44 Stocks Moving In Friday's Mid-Day Session,0.99,0.081,0.883,0.036
34,Weekend reads: Facebook goes Meta — what’s in a name?,0.66,0.092,0.908,0.0
35,Canoo Is a Viable Play for Investors and Traders Alike,0.996,0.12,0.824,0.056
36,"Stock Market Rally Hits Record High As Google, Microsoft, Tesla Jump; Facebook Is Now Meta: Weekly Review",0.0,0.0,1.0,0.0
37,Biden faces setback as progressive Democrats block infrastructure vote,0.0,0.0,1.0,0.0
38,Why Apple bulls aren’t sweating the latest earnings disappointment,0.0,0.235,0.575,0.19
39,"Apple (AAPL) Q4 Earnings In Line, Chip Shortage Hurts Top-Line",0.99,0.088,0.87,0.043
40,Steve Wozniak on accepting crypto pitches in ‘Unicorn Hunters’,0.0,0.0,1.0,0.0
41,"Apple’s Troubles Are About Supply, Not Demand. Why Analysts Are Still Upbeat.",0.026,0.113,0.778,0.109
42,3 Disruptive Stocks Shaping the Future of Technology,0.382,0.106,0.894,0.0
43,Facebook’s problems go beyond its new name: Steve Wozniak,0.0,0.0,1.0,0.0
44,Apple spent nearly $20 billion on stock buybacks in Q4 at average prices below the VWAP,0.527,0.053,0.947,0.0
45,"Supply-Chain Issues Bite Apple, Likely To Get Worse This Quarter",-0.511,0.0,0.777,0.223
46,"Tech sector leads U.S. stocks lower  following soft Amazon, Apple results",-0.66,0.0,0.838,0.162
47,7 Retail Stocks to Buy Regardless of Supply Shortages,1.0,0.138,0.841,0.02
