﻿,Titles,Polarity,Positive,Neutral,Negative
0,"Streaming wars: The biggest factors driving subscriptions, according to Deloitte",0.422,0.072,0.928,0.0
1,"4 Top Stock Trades for Friday: Ethereum, ARKK, FUBO, AAPL",0.998,0.139,0.814,0.047
2,Senate’s Wyden Probes Use of Forged Legal Requests by Hackers,-0.989,0.05,0.798,0.153
3,Apple Prepares New Weapons Against Banks and Fintech,-0.103,0.0,0.963,0.037
4,From VinFast to Boom Supersonic: 2022 already record year in NC for economic development (Slideshow),0.527,0.167,0.833,0.0
5,"These 10 S&amp;P 500 Stocks Have Solid Dividends, Not Just Big Buybacks",0.0,0.0,1.0,0.0
6,U.S. Stock Futures Rise Ahead of Nonfarm Payrolls,-0.965,0.045,0.857,0.098
7,Patrick Mahomes on new NFL overtime rules: 'Your job is to find a way to win',0.993,0.109,0.871,0.02
8,Apple Business Essentials Now Available for Small Businesses,0.998,0.1,0.897,0.003
9,Red Sox president on Apple TV+ and Peacock streaming baseball games: The ‘consumer will win’,0.0,0.0,1.0,0.0
10,WIX Integrates WIX Restaurants Platform With DoorDash Drive,0.997,0.134,0.852,0.014
11,Apple aims to claw back financial services: Bloomberg,0.0,0.0,1.0,0.0
12,"DWAC Drops 5% as Truth Download Data Slides, Bloomberg Reports",0.904,0.079,0.921,0.0
13,Apple and Facebook Get Tricked by Hackers,-0.422,0.065,0.833,0.102
14,Will Amazon Start Paying a Dividend?,-0.202,0.0,0.872,0.128
15,Apple (AAPL) Allows Reader Apps to Include In-App Link,0.994,0.105,0.874,0.021
16,"Down Over 30%, 2 Unstoppable Stocks That Are Compelling Buys for April",0.459,0.064,0.936,0.0
17,10 Mid-Cap Dividend Stocks to Buy Now,1.0,0.131,0.856,0.012
18,"Apple looks for new memory chip suppliers, including China: Report",0.998,0.105,0.876,0.02
19,Netflix (NFLX) Expands Family Content With Spy Kids Reboot,0.998,0.164,0.816,0.02
20,Dow Jones Falls; Oil Prices Dive As U.S. Eyes Reserve Release,0.0,0.0,1.0,0.0
21,Powerful Free Cash Flow Can Push SNAP Stock Much Higher,0.998,0.127,0.847,0.025
22,Dow Jones Futures Fall; Oil Prices Dive As U.S. Eyes Reserve Release,0.0,0.0,1.0,0.0
23,Autodesk (ADSK) Adds Bridge Solution Under Construction Cloud,0.998,0.123,0.872,0.004
24,Sabre (SABR) March Bookings Show Accelerating Travel Recovery,0.992,0.079,0.903,0.018
25,"Dow Jones Futures Fall, Crude Oil Tumbles As Biden Mulls Huge Strategic Reserves Release",-0.743,0.0,0.741,0.259
26,My Top Growth Stock to Buy in April (and It's Not Even Close),0.511,0.08,0.886,0.034
27,The Mandiant Acquisition Is Yet Another Reason to Buy Alphabet,0.988,0.072,0.914,0.014
28,Biden Considers Huge Release of Oil Reserves. It Isn’t Enough to Get Prices Back to Normal.,0.494,0.123,0.877,0.0
29,Winners and Losers in Whirlwind $1 Trillion Tech Stock Rout,0.655,0.084,0.841,0.075
30,Dow Jones Futures: Crude Oil Tumbles As Biden Mulls Huge Strategic Reserves Release,-0.743,0.0,0.741,0.259
31,"Zacks Market Edge Highlights: GameStop, AMC Entertainment, Bed Bath &amp; Beyond, Apple and Meta Platforms",0.999,0.14,0.84,0.019
32,Warren Buffett's 3 Greatest Investments of All Time,0.494,0.093,0.863,0.044
33,Apple may look to China for memory chip supplies: report,-0.361,0.0,0.884,0.116
34,"Apple Weighs More Memory Chip Suppliers, Including China",-0.274,0.062,0.876,0.062
35,"Apple mulls more memory chip suppliers, including China - Bloomberg News",-0.7,0.0,0.962,0.038
36,"Apple Weighs More Memory Chip Suppliers, Including China",0.351,0.065,0.874,0.061
37,"Dow Jones Futures Rise, Crude Oil Falls As Biden Mulls Huge Strategic Reserves Release",-0.743,0.0,0.741,0.259
