﻿,Titles,Polarity,Positive,Neutral,Negative
0,20 companies are spending billions to boost their stock prices,0.977,0.096,0.888,0.016
1,5 Reasons Apple Stock Can Trade Higher From Here,0.0,0.0,1.0,0.0
2,Morgan Stanley Sees Surprise Upside In Apple's iPhone Production,0.92,0.081,0.912,0.007
3,Airline Executives Plead With Governments To Ease Restrictions,0.781,0.086,0.837,0.077
4,10 Value Stocks to Buy According to Billionaire Paul Tudor Jones,1.0,0.139,0.858,0.003
5,"Apple iPhone Sales Are Stronger Than Expected, Says Morgan Stanley",0.153,0.074,0.926,0.0
6,Facebook Papers: How the 2021 leak could haunt Meta in 2022,0.941,0.08,0.851,0.069
7,"S&amp;P 500 Rallies as Bulls Up Bets on Tesla, Tech",0.991,0.114,0.866,0.02
8,"S&amp;P 500 Continues Rebound From Omicron Selloff as Tesla, Tech Lead Gains",0.993,0.123,0.865,0.012
9,"Stock buybacks set record in Q3, led by Apple, Meta, Google",0.361,0.082,0.918,0.0
10,"Market check: Stocks open mixed, bond volatility settles",0.0,0.0,1.0,0.0
11,"Why the Log4j vulnerability is such a big deal, according to a former NSA hacker",-0.999,0.067,0.772,0.161
12,Worried Over Big Tech Regulation? Bet on These 3 Smaller Stocks,0.998,0.15,0.794,0.056
13,Citi Bumps Up Apple Price Target By 18%; Remains Bullish,0.778,0.082,0.874,0.043
14,"This CEO Maxed Out Personal Credit Cards to Save His Company. Now, It's Worth $2 Billion",0.637,0.137,0.863,0.0
15,An Under-the-Radar Advantage Could Make This Growth Stock a Winner in 2022,0.877,0.16,0.84,0.0
16,3 Things About Amazon That Smart Investors Know,0.273,0.149,0.851,0.0
17,Doug Kass: My 15 Surprises for 2022,0.0,0.216,0.599,0.186
18,"Tesla, Voya, CarMax and Kellogg Rise Premarket",0.976,0.108,0.867,0.024
19,"Omicron Cheer, GDP Revision, 'AAA-PL' - What's Moving Markets",0.983,0.104,0.826,0.07
20,UPDATE 1-U.S. SEC allows Apple shareholder's push for details on non-disclosure,0.438,0.092,0.824,0.084
21,Biggest Companies in the World by Market Cap,0.869,0.223,0.777,0.0
22,Nasdaq vs. S&amp;P 500 vs. Dow: What's the Difference?,0.0,0.0,1.0,0.0
23,U.S. SEC denies Apple's bid to dismiss shareholder proposal on concealment clauses,0.73,0.104,0.811,0.086
24,Exclusive: Apple investors call for civil-rights audit,0.671,0.159,0.841,0.0
25,5 Electric Vehicle Companies To Watch In 2022,0.996,0.08,0.893,0.027
