﻿,Titles,Polarity,Positive,Neutral,Negative
0,Mini Options: A Useful Tool for Trading High-Priced Securities,0.802,0.218,0.782,0.0
1,Forget AMC: 1 Recovery Stock to Buy Today,0.428,0.095,0.865,0.04
2,Dow Jones Jumps 500 Points After House Stimulus Vote; DraftKings Stock Soars,0.25,0.168,0.734,0.098
3,Sonos CEO on tech competition: ‘We’re the story of software eating audio’,1.0,0.15,0.839,0.011
4,"Dow Rallies 300 Points, Tech Stocks Slash Gains, Yields Flat After Inflation Data; Tesla Reverses",0.226,0.079,0.921,0.0
5,Dow Closes at Record as Value Stocks Continue Bullish Stampede,-0.614,0.083,0.843,0.074
6,Fisker CEO's Tweet Reveals Additional Details for Project Pear EV Collab,0.99,0.107,0.882,0.011
7,Asus Launches ROG Phone 5 Aimed At Android Gamers: Bloomberg,0.989,0.152,0.827,0.021
8,These 3 Tech Stocks Will Outperform Index Funds,0.732,0.105,0.854,0.041
9,Dow Notches Fresh Record High as Value Stocks Shine; Tech Fades,0.888,0.099,0.832,0.069
10,"Google Is Eliminating Cookies, But Investors in The Trade Desk and Magnite Shouldn't Worry",0.179,0.108,0.892,0.0
11,"Is Now The Time To Buy Stock In Sundial Growers, Tilray, Apple Or Carnival?",0.954,0.065,0.935,0.0
12,"Why a Growth Stock Fund Is Betting on Align Technology, DocuSign, and Apple",0.527,0.082,0.918,0.0
13,Asus Brings PC Gaming Excess to Android With New ROG Phone,0.992,0.108,0.889,0.003
14,Which Stocks Are WallStreetBets Users Talking About Today?,0.994,0.105,0.877,0.019
15,Taiwan Probe Spurs Fears of China Poaching Top Chip Talent,0.503,0.048,0.9,0.052
16,"Sonos Targets Nearly Double Revenue by 2024, Unveils New Speaker",0.916,0.043,0.952,0.005
