﻿,Titles,Polarity,Positive,Neutral,Negative
0,"Stocks: We're 'nearing peak bear sentiment' on Big Tech, analyst says",-0.843,0.049,0.879,0.073
1,Apple trusts you to fix your own iPhone now,0.494,0.056,0.944,0.0
2,Apple set to report earnings Thursday: What to watch,0.0,0.0,1.0,0.0
3,"Looking To Snap Downtrend, Can Amazon Deliver Results in Q1?",0.999,0.145,0.817,0.038
4,Meta Shares Soar as Facebook Returns to User Growth,0.665,0.077,0.857,0.066
5,Qualcomm Gains After Chipmaker Gives Upbeat Sales Forecast,0.966,0.084,0.856,0.06
6,"Meta earnings: 'Facebook is in a pitstop,' analyst says",0.7,0.18,0.78,0.039
7,"Facebook earnings beat sends Meta stock soaring, but sales hit slowest growth in a decade",0.382,0.085,0.915,0.0
8,Apple Pay vs. Google Pay: How They Work,0.128,0.082,0.815,0.103
9,Market strategist: 'The story is the bond market' as Fed turns hawkish,0.612,0.18,0.744,0.076
10,"Dow Futures Gain, Meta Surges 18% After Earnings",0.972,0.083,0.889,0.028
11,"Dow Jones Rips 400 Points Higher, Led By Surging Visa, Microsoft Stock; Is A Stock Market Bottom Near?",0.34,0.118,0.882,0.0
12,Apple Earnings: What to Look For From AAPL,0.71,0.247,0.753,0.0
13,"Apple Reports, Amazon Earnings, McDonald's Outlook: 3 Things to Watch",0.187,0.051,0.902,0.047
14,Can Continued Services Growth Aid Apple's (AAPL) Q2 Earnings?,0.997,0.13,0.866,0.003
15,Is It Bad That Nvidia GPU Prices Continue to Drop?,-0.077,0.067,0.858,0.075
16,"What's Happening to Apple, Meta, Other Big Tech Stocks?",-0.776,0.034,0.817,0.149
17,Market check: Stocks seesaw as tech companies begin reporting earnings,0.0,0.0,1.0,0.0
18,Why Tesla Is My Top Electric Car Stock to Buy and Hold,0.363,0.069,0.906,0.025
19,Apple analysts strike cautious note ahead of tech giant’s earnings,0.0,0.0,1.0,0.0
20,10 Best Stocks to Buy According to Motley Fool,0.999,0.105,0.861,0.034
21,"Nvidia Stock Has a Path to $250, But Bulls Must Act Fast",-0.878,0.07,0.853,0.078
22,Here's why Netflix's ad-supported tier could 'force a lot of change',0.997,0.107,0.878,0.015
23,What Investors Should Know About Elon Musk Buying Twitter,0.527,0.145,0.855,0.0
24,Apple’s Self Service Repair Now Available,0.995,0.087,0.909,0.004
25,The Kroger and The Boston Beer Company have been highlighted as Zacks Bull and Bear of the Day,1.0,0.145,0.83,0.025
26,People are Googling like there's a summer travel boom coming,0.919,0.06,0.919,0.021
27,Apple’s Huge Buyback Will Need to Come With Blowout Earnings,0.989,0.112,0.822,0.066
28,1 Surprising Key to Apple's Stock Returns,0.088,0.042,0.924,0.034
29,Have Consumers Reached Subscription Fatigue?,-0.617,0.075,0.773,0.152
30,"SoftBank and Arm Move to Retake Control of China JV, Oust CEO",0.578,0.084,0.828,0.088
31,Duckin’ Autocorrect: Why Your iPhone’s Keyboard Doesn’t Always Get You,-0.778,0.0,0.837,0.163
32,"Microsoft, Chipmakers See Supply-Chain Hit From Xi’s Lockdowns",-0.985,0.039,0.879,0.082
33,"YouTube Stung by TikTok Rivalry, Apple Changes That Hit Facebook",-0.908,0.079,0.828,0.093
