﻿,Titles,Polarity,Positive,Neutral,Negative
0,"U.S. Equity Futures Fall as Amazon, Apple Sap Mood: Markets Wrap",-0.97,0.072,0.836,0.093
1,Apple Says Covid-19 Lockdowns in China Loom Over Sales,-0.477,0.156,0.598,0.246
2,"Cramer's Mad Money Recap 4/28: Google, Meta, Apple, Microsoft",0.625,0.204,0.796,0.0
3,What Apple and Amazon Said After Hours Thursday,0.332,0.034,0.944,0.021
4,"Asian Stocks Up, While Dim Tech Outlook Hits U.S. Futures",0.016,0.097,0.816,0.088
5,"Markets Rally: Apple, Intel Beat; Amazon Posts Negative Earnings",0.996,0.133,0.822,0.045
6,Apple stock swings to a loss after executives warn of billions in added costs,0.0,0.06,0.88,0.06
7,Apple (AAPL) Tops Q2 Earnings and Revenue Estimates,0.994,0.088,0.904,0.008
8,Apple Posted Another Great Quarter. The Next One Might Not Be As Good.,-0.153,0.0,0.918,0.082
9,"Apple Stock Slides As Supply Chain, China Caution Clouds iPhone-Drive Q2 Earnings Beat",0.889,0.258,0.742,0.0
10,"Dow Jones Futures Fall After Facebook-Led Market Rally; Apple Earnings Top, Amazon Tumbles",0.494,0.189,0.811,0.0
11,Apple Sales Top Estimates on Strong iPhone and Services Demand,0.681,0.068,0.882,0.05
12,Apple Earnings: What Happened with AAPL,0.0,0.0,1.0,0.0
13,Apple CEO ‘deserves a lot of credit’ amid supply chain issues: Analyst,0.178,0.082,0.918,0.0
14,Why tech giants like Meta change their names,0.361,0.085,0.915,0.0
15,"Apple beats earnings estimates, raises dividend",0.0,0.0,1.0,0.0
16,Apple’s record services revenue boosts results,0.681,0.095,0.905,0.0
17,Apple forecasts up to $8bn hit from supply headwinds,0.052,0.104,0.755,0.142
18,Apple beats Wall Street estimates despite supply chain disruptions,-0.787,0.05,0.877,0.073
19,"Apple beats sales estimates with big bumps in iPhones, services",0.95,0.076,0.878,0.046
20,Apple Reports Second Quarter Results,0.996,0.095,0.846,0.059
21,Stocks set to erase losses from earlier in the week,0.273,0.07,0.93,0.0
22,"US STOCKS-Wall Street ends sharply higher, lifted by Meta and Apple",0.978,0.086,0.865,0.049
23,"Apple Could Fall From the Tree in Q3, Warns Analyst",-0.38,0.071,0.855,0.074
24,What Mark Zuckerberg Said That Calmed Investors,0.691,0.199,0.801,0.0
25,Stocks rally as investors shake off negative GDP print,0.422,0.112,0.888,0.0
26,Dow Futures Retreat as Major Tech Earnings Disappoint,0.737,0.072,0.874,0.054
27,"Qualcomm stock heads for best day in months as Wall Street applauds smartphone strength, but shows some caution",0.296,0.073,0.927,0.0
28,Dow Jones Rallies; Mark Zuckerberg Says This As Facebook Parent Meta Surges; Apple Earnings Due,0.0,0.0,1.0,0.0
29,Snap to Sell a $230 Picture-Taking Drone That Follows You Around,0.997,0.125,0.848,0.027
30,"Stock Market Today: Dow Racks Up Gains, Led by Mega Rally in Meta",0.992,0.122,0.825,0.053
31,Baird's Power Expects Strong Quarter From Apple,0.511,0.125,0.875,0.0
32,Why Apple Stock Jumped Today,-0.178,0.099,0.789,0.112
33,"Robinhood, Apple, Amazon set to report earnings after the bell",0.977,0.072,0.906,0.021
34,S&amp;P 500 Rides Meta Rally Higher as Tech Flexes Muscles,0.991,0.127,0.82,0.054
35,"Stocks today: Tesla lags, Meta jumps, Boeing declines, Pinterest pops",0.0,0.0,1.0,0.0
36,"Stock Market Today - 4/28: Stocks Get Earnings, Tech Boost; GDP Disappoints, Apple In Focus",0.402,0.101,0.899,0.0
37,Dow Jones Rallies As Facebook Soars 18% On Earnings; Apple Earnings Due,0.0,0.0,1.0,0.0
38,10 Stocks You Should Sell According to Motley Fool,0.999,0.116,0.838,0.045
39,This New Type of Battery Could Change the World,0.999,0.118,0.852,0.03
40,US STOCKS-Wall St set for higher open as Meta earnings offset GDP gloom,-0.664,0.079,0.851,0.071
41,"Apple Earnings Preview: iPhone Demand, Buybacks, Revenue Outlook In Focus",-0.412,0.0,0.829,0.171
42,Dow Jones Futures Jump As Facebook Soars On Earnings; Apple Earnings Due,0.0,0.0,1.0,0.0
43,Is Alphabet's Stock a Buy Now?,-0.235,0.074,0.826,0.1
44,Apple to face fresh antitrust charges in Brussels,-0.137,0.09,0.808,0.102
45,US STOCKS-Nasdaq futures jump after strong Meta results; GDP data awaited,0.955,0.119,0.811,0.07
46,The Cloud Wars Could Just Be Getting Started. Here's Why Amazon Will Dominate.,0.818,0.156,0.844,0.0
