﻿,Titles,Polarity,Positive,Neutral,Negative
0,Apple Scraps Office-Return Deadline Without Setting New Date,0.961,0.09,0.855,0.055
1,Top 10 Stocks to Buy According to Legendary Value Investor Joel Greenblatt,1.0,0.138,0.839,0.023
2,10 Best Value Stocks in Warren Buffett’s Portfolio,0.999,0.092,0.885,0.023
3,UPDATE 4-Apple delays return to office indefinitely - Bloomberg News,-0.701,0.033,0.915,0.052
4,Apple delays return to office indefinitely - Bloomberg News,-0.701,0.033,0.913,0.053
5,Why analysts love Apple right now,0.0,0.0,1.0,0.0
6,Apple is close to hitting $3T — now it has to prove investors made the right call,0.96,0.057,0.904,0.039
7,"Apple: ‘A big driver’ of the iPhone 5G upgrade cycle will be ‘switchers,’ analyst says",0.586,0.1,0.9,0.0
8,S&amp;P 500 Rallies on Tech Turnaround After Fed Speeds Up Taper,-0.691,0.075,0.831,0.094
9,"As Tech Stocks Struggle in a Volatile Market, Is Apple a Good Stock to Buy Right Now?",-0.44,0.047,0.851,0.102
10,Apple Products Still On Sale For Your Last-Minute Gifting Needs,0.927,0.417,0.583,0.0
11,"S&amp;P 500 Cut Losses as Fed Speeds Up Taper, Signals Three Hikes in 2022",-0.807,0.085,0.798,0.117
12,Market check: Stocks drift as traders await Fed decision,-0.296,0.0,0.916,0.084
13,11 Best One Dollar Stocks to Buy Today,0.999,0.135,0.842,0.023
14,Misinformation Has Already Made Its Way to the Metaverse,-0.998,0.085,0.8,0.115
15,10 Very Cheap Stocks to Buy Right Now,0.999,0.114,0.862,0.024
16,Apple Set to Post Strong 2022 Returns,0.656,0.077,0.858,0.065
17,Will Apple Hit a $3 Trillion Market Cap in 2022?,0.91,0.18,0.82,0.0
18,7 Big Dividend Paying Stocks to Hold Forever,1.0,0.16,0.824,0.017
19,Apple Has Some Surprising News About the Mac and iPad,0.846,0.29,0.71,0.0
20,"Samsung Gets Competition in Foldables From a $1,250 China Phone",0.952,0.081,0.86,0.058
