﻿,Titles,Polarity,Positive,Neutral,Negative
0,Apple v. Epic: Top Apple engineer makes case for App Store security,0.318,0.059,0.941,0.0
1,Apple will face a critical test when CEO Tim Cook testifies at the Epic trial,0.879,0.079,0.845,0.076
2,We're lacking a positive catalyst in the market: Sevens Report Research President,0.0,0.0,1.0,0.0
3,"'There clearly will be more consolidation' in streaming space as WarnerMedia, Discovery deal pressures platforms: Media executive",-0.557,0.0,0.874,0.126
4,Apple made more than $100 million in commissions from 'Fortnite' - executive at trial,0.927,0.069,0.901,0.03
5,Apple made more than $100 mln in commissions from 'Fortnite' - executive at trial,0.927,0.068,0.902,0.03
6,Apple Generated Over $100 Million Revenue From Epic’s Fortnite,0.94,0.074,0.926,0.0
7,Apple Previews Powerful Software Updates Designed for People with Disabilities,0.999,0.123,0.854,0.023
8,"FB Stock Still A Buy? Facebook Rally Faces Test Amid Opt-Outs, Big Tech Slump",-0.459,0.068,0.774,0.158
9,S&amp;P 500 Ends Well Above Lows on Chip-Led Rebound in Tech,-0.262,0.076,0.851,0.073
10,Ampere announces custom computing cores as it courts cloud customers,0.981,0.086,0.908,0.006
11,Top 10 Stocks to Buy Right Now,1.0,0.124,0.85,0.027
12,3 Stocks for the Next Bear Market,0.777,0.211,0.732,0.058
13,This Top Growth Stock Is an Incredible Buy Right Now,0.625,0.254,0.746,0.0
14,Are the FAANG Stocks Still Good Buys Today?,0.0,0.0,1.0,0.0
15,S&amp;P 500 Off Lows as Traders Buy Dip in Chips to Boost Tech,0.028,0.077,0.848,0.075
16,Movie theater experience has to ‘reinvent itself’: Jane Rosenthal,0.0,0.0,1.0,0.0
17,Apple's iPad Pro is the closest it’s come to replacing the laptop,0.999,0.112,0.881,0.007
18,2 Unstoppable Stocks to Buy in the Bear Market,0.864,0.169,0.789,0.043
19,"Down 40%, Is Now the Time to Buy Spotify Stock?",0.382,0.114,0.833,0.052
20,Investing With Options: How to Choose Your Timeline,-0.593,0.0,0.867,0.133
21,Amazon is a cheap stock for long-term investors. These numbers tell you why,0.202,0.057,0.912,0.031
22,Investing With Options: What Is a Covered Call?,0.681,0.228,0.772,0.0
23,"FAANG Stocks Slip Amid Worries Over Cryptos, Commodities, Inflation",0.875,0.062,0.906,0.032
24,Should Investors Worry About the Global Semiconductor Shortage?,-0.796,0.044,0.821,0.135
25,Take-Two Interactive (TTWO) Q4 2021 Earnings Call Transcript,0.0,0.0,1.0,0.0
26,Chip Crisis Gets Even Worse as Wait Times Reach Record 17 Weeks,0.708,0.05,0.908,0.042
