﻿,Titles,Polarity,Positive,Neutral,Negative
0,"Dow Jones Futures: Apple Tests Buy Point In Market Rally As Tesla, Nio Loom; Micron Earnings Jump",0.382,0.21,0.701,0.089
1,"Dow Jones Futures: Apple, Applied Materials Test Buy Points In Market Rally As Tesla, Nio Loom; Micron Earnings Jump",0.382,0.21,0.701,0.089
2,Why Roku Stock Suddenly Jumped on Wednesday,0.361,0.055,0.945,0.0
3,Apple Faces Demand to Bar Watch From U.S. as Fight Widens,-0.914,0.042,0.889,0.07
4,Is Peloton Stock A Buy? PTON Powers Above Key Level After Corporate Wellness Launch,0.671,0.277,0.723,0.0
5,Facebook’s early antitrust win doesn't let it or Big Tech off the hook,0.989,0.072,0.882,0.046
6,Google Will Bring Digital Vaccine Cards to Android Phones,0.276,0.062,0.888,0.05
7,Powerful Digital Shift Keeps The Fire Going For Hot Covid Stocks,0.0,0.0,1.0,0.0
8,Google and Microsoft End Their Five-Year Cease-Fire,0.598,0.079,0.844,0.077
9,10 Best App Stocks to Buy Today,1.0,0.094,0.892,0.014
10,"Apple Stock Shakes Off Growth, Antitrust Worries, Nears Buy Point",0.382,0.157,0.843,0.0
11,Facebook (FB) Unveils Newsletter Platform Bulletin for Writers,0.999,0.125,0.863,0.012
12,"Microsoft, Google Terminate Six-Year Pact On Lawsuits As They Set For Open Battle: FT",0.784,0.107,0.814,0.079
13,"Dow Jones Futures: Apple, iPhone Chipmakers Near Buy Points In Market Rally; Didi IPO Set To Debut",0.0,0.0,1.0,0.0
14,3 Top Stocks That Could Triple in Price Once Again,0.823,0.336,0.664,0.0
15,3 LGBTQ+ CEOs Leading Your Investment Portfolio,0.878,0.176,0.768,0.056
16,These 3 Winners Look Ready for a Stock Split,0.807,0.186,0.754,0.06
17,Morning Bell With Jim Cramer: Skyworks and Apple - Shhh!,0.178,0.096,0.904,0.0
18,Geely Says Star Board Retreat Won’t Stop Plans to Raise Cash,0.997,0.096,0.896,0.008
19,FTC Revival of Facebook Case Hinges on Bolstering Monopoly Claim,0.989,0.097,0.839,0.064
20,"Google-Microsoft Truce Crumbles Amid Feud Over Cloud, Ad Tech",0.061,0.078,0.844,0.078
