﻿,Titles,Polarity,Positive,Neutral,Negative
0,"Super Bowl ad stars Seth Rogen, Paul Rudd on 'unstoppable train' of streaming content",0.995,0.104,0.873,0.023
1,'Bel-Air' cast details what it's like to work with Will Smith,0.0,0.0,1.0,0.0
2,10 Best Stocks under $10 in 2022,0.999,0.108,0.879,0.013
3,"Dow Jones Futures: Market Rally Takes Bearish Turn On Inflation, Russia; Apple, Google, Tesla In Focus",-0.402,0.0,0.856,0.144
4,Super Bowl halftime show performers cash in on music streaming boost,0.765,0.223,0.777,0.0
5,"Apple Takeover Still the Best Option for Peloton, Says Top Analyst",0.995,0.119,0.851,0.03
6,7 Tech Stocks Set for Strong Gains in February,1.0,0.127,0.85,0.024
7,Top Apple executives likely to be deposed in U.S. fight with Google,0.959,0.138,0.805,0.057
8,Is Growth Investing a Thing of the Past?,0.625,0.088,0.883,0.028
9,Top Stocks to Buy to Help Your Portfolio Weather the Next Market Storm,-0.214,0.069,0.838,0.093
10,Is Peloton a Buy After Its Recent CEO Shakeup?,0.999,0.148,0.82,0.032
11,"Tech stocks ‘in for tumultuous times’ similar to March of 2000, Lux Capital founder says",0.0,0.0,1.0,0.0
12,CyberArk (CYBR) Q4 Earnings and Revenues Beat Estimates,0.998,0.118,0.863,0.019
13,"Yelp (YELP) Q4 Earnings and Revenues Beat Estimates, Up Y/Y",0.998,0.126,0.864,0.01
14,SQ Stock Gets Help From Bank of America With New ‘Buy’ Upgrade,0.972,0.09,0.873,0.037
15,"VeriSign (VRSN) Q4 Earnings Beat Estimates, Revenues Up Y/Y",0.997,0.107,0.887,0.006
16,"This Tech Stock Could Soar 42%, and It Is a Terrific Bargain Right Now",0.485,0.127,0.814,0.059
17,How Should You Invest When Inflation Is High?,0.923,0.131,0.869,0.0
18,These Companies Are Winning the Metaverse Race,0.0,0.0,1.0,0.0
19,Is Apple's Latest Announcement a Threat to Block (Square)?,0.447,0.122,0.802,0.076
20,"Wedbush Is Bullish On Shopify, Thanks To Apple",0.959,0.133,0.821,0.046
21,Should You Swipe Right on Match Group Stock in 2022?,0.775,0.127,0.846,0.027
22,Xiaomi founder Lei Jun vows to challenge Apple with sharpened focus on the global high-end smartphone market,0.955,0.056,0.914,0.03
23,Top China Chipmaker Warns of Growing Shortfall as U.S. Decouples,0.799,0.073,0.875,0.052
