﻿,Titles,Polarity,Positive,Neutral,Negative
0,Qualcomm Gives Rosy Forecast as Smartphone Chip Sales Soar,0.981,0.07,0.903,0.027
1,10 Best Performing Cryptocurrencies of 2021,1.0,0.153,0.825,0.022
2,Is Social Media Fading? Meta’s Weak Outlook Raises Tough Questions,-0.178,0.1,0.769,0.131
3,"Concentrum Wealth Management Buys Apple Inc, Confluent Inc, Invesco DB Base Metals Fund, Sells ...",1.0,0.153,0.838,0.009
4,"LWS Wealth Advisors, Inc. Buys iShares MSCI Emerging Markets ETF, Apple Inc, Invesco Optimum ...",0.998,0.161,0.831,0.008
5,"Meta Plunges as Facebook Users Stall, Forecast Falls Short",0.939,0.087,0.844,0.069
6,Why the market is reacting so negatively to Facebook earnings,-0.511,0.069,0.773,0.157
7,Meta shares sink 20% as Facebook loses daily users for the first time,0.986,0.09,0.865,0.045
8,UPDATE 1-Facebook-owner Meta forecasts Q1 revenue below estimates,0.026,0.025,0.957,0.018
9,Will Amazon Earnings Follow the Trend?,0.44,0.206,0.794,0.0
10,"ETFs: Investors ‘taking sector bets on long-term growth,’ GTS principal says",0.0,0.116,0.792,0.092
11,Google beefs up hiring for Durham hub,0.0,0.0,1.0,0.0
12,"Omicron led to 'short but shallow economic damage,' market strategist says",0.0,0.0,1.0,0.0
13,Meta earnings: 'User engagement' will be key for Facebook parent company,0.758,0.211,0.789,0.0
14,"Investment Management Of Virginia Llc Buys PowerShares QQQ Trust Ser 1, Dow Inc, Apple Inc, ...",0.996,0.065,0.928,0.006
15,"TrueWealth Advisors, LLC Buys Servisfirst Bancshares Inc, iShares Core U.S. ...",0.998,0.076,0.915,0.009
16,"Payrolls report 'temporary blip in a strong recovery,' strategist says",0.0,0.0,1.0,0.0
17,Stocks turn green amid Big Tech earnings rollout,0.0,0.0,1.0,0.0
18,"Spotify set to report earnings amid Joe Rogan backlash, but analysts still bullish",0.954,0.084,0.87,0.046
19,"Google’s cloud business ‘really not gaining share’ against Microsoft, Amazon: Analyst",0.999,0.15,0.819,0.031
20,Amdocs' (DOX) Q1 Earnings and Revenues Surpass Estimates,0.996,0.093,0.897,0.011
21,This 1 Chart Says Apple's Services Business Remains Unstoppable,0.807,0.11,0.89,0.0
22,"Sensata (ST) Q4 Earnings &amp; Revenues Top Estimates, Up Y/Y",0.999,0.134,0.854,0.011
23,"Royal Harbor Partners, LLC Buys iShares MSCI Global Multifactor ETF, Goldman Sachs ActiveBeta U. ...",0.99,0.052,0.942,0.007
24,"Williams Financial, LLC Buys iShares Fallen Angels USD Bond ETF, iShares TIPS Bond ETF, ...",0.987,0.059,0.926,0.015
25,"Family Firm, Inc. Buys Apple Inc, iShares MSCI Emerging Markets ETF, PIMCO Active Bond ETF, ...",0.994,0.064,0.929,0.007
26,"Cim Investment Management Inc Buys iShares Core S&amp;P 500 ETF, iShares Core S&amp;P Mid-Cap ...",0.996,0.058,0.937,0.005
27,Could the Dow Finally Beat the Nasdaq in 2022?,0.0,0.0,1.0,0.0
28,Warren Buffett Wins in 2022: ETF Lessons to Learn From,0.999,0.136,0.838,0.026
29,Apple CEO Sees Big Potential in the Metaverse,0.827,0.133,0.843,0.025
30,How long can the Microsoft and Sony gaming truce last?,-0.372,0.086,0.812,0.102
31,Alphabet Stock Split Aimed at Bringing Google Shares to Masses,0.992,0.104,0.868,0.028
32,Sony Raises Forecast After Profit Beats on Spider-Man Boost,-0.726,0.058,0.879,0.063
33,Zuckerberg's Metaverse Gets Quiet Rollout in Facebook-Wary D.C.,0.972,0.089,0.844,0.067
34,"Insight 2811, Inc. Buys Vanguard Short-Term Government Bond ETF, Alerian MLP ETF, iShares 20+ ...",0.997,0.072,0.924,0.004
35,Were Hedge Funds Right About Apple Inc. (AAPL)?,0.996,0.091,0.896,0.013
36,Google is outdoing Apple and Tesla with a 20-for-1 stock split,0.296,0.179,0.732,0.089
