﻿,Titles,Polarity,Positive,Neutral,Negative
0,Pelosi’s Husband Locked in $5.3 Million from Alphabet Options,0.975,0.095,0.867,0.038
1,Dow Jones Futures: Apple Leads Market Rally To Tiny Gains After Fed Minutes; Meme Stock Newegg Rockets,-0.103,0.095,0.794,0.111
2,Why Apple Stock Climbed to a New High Today,0.852,0.193,0.769,0.038
3,10 Top Hedge Funds Focusing on ESG and Impact Investing,1.0,0.097,0.886,0.017
4,Google faces fresh antitrust suit from states reportedly focused on Play Store,-0.296,0.092,0.731,0.177
5,Apple stock notches first record close since January,0.557,0.195,0.805,0.0
6,Apple Stock Hits All-Time High as Market Cap Tops $2.4 Trillion,0.477,0.194,0.806,0.0
7,Apple Shares Surge to Record High as Rally Picks Up Steam,0.994,0.152,0.831,0.016
8,Apple Shares on Track for Record Close as Market Cap Tops $2.4 Trillion,0.296,0.056,0.916,0.028
9,Jim Cramer: You Did Have an Opportunity to Buy Apple at the Bottom,0.0,0.0,1.0,0.0
10,5 Dow Jones Stocks To Buy And Watch In July 2021: Apple In New Buy Range,0.637,0.097,0.903,0.0
11,"Mega caps love plunging yields, meme stock Newegg doubles",0.0,0.0,1.0,0.0
12,Apple stock on track for first record close since January,0.7,0.228,0.772,0.0
13,10 Best Bargain Stocks Right Now,1.0,0.127,0.863,0.01
14,"Dow Jones Rallies As Yields Dive; Tesla Stock Extends Losses, While Amazon, Apple, Shopify In Buy Zones",-0.103,0.075,0.833,0.092
15,"Dow Jones Slides As Yields Dive; Tesla Stock Extends Losses, While Amazon, Apple, Shopify In Buy Zones",-0.103,0.075,0.833,0.092
16,"Pentagon cancels cloud contract, Universal films head to Peacock, Chobani to go public",0.296,0.102,0.851,0.047
17,Will Apple’s winning streak last?,0.0,0.0,1.0,0.0
18,"Big tech rally: Amazon at record high, Apple extends gains",0.671,0.206,0.794,0.0
19,"Dow Jones Today Joins Advancing Stocks Ahead Of Fed Minutes; PayPal Rallies, Apple Breakout Accelerates",0.511,0.163,0.837,0.0
20,"Dow Jones Today Dips As Futures Rise Ahead Of Fed Minutes; Cybersecurity Stocks Climb, Apple's Slow-Motion Breakout",0.382,0.157,0.843,0.0
21,Will Apple Be Next to Hit All-Time Highs?,0.83,0.317,0.683,0.0
22,4 Hot Tech Stocks to Keep an Eye on This Earnings Season,0.998,0.125,0.845,0.03
23,"Banner Quarter From Facebook, Google Could Mask Apple’s Bite",0.45,0.158,0.842,0.0
24,"PayPal Leading in the “Wallet Wars,” for Now",0.972,0.087,0.889,0.024
25,"Apple Tests Record High on Samsung Profit Forecast, Treasury Bond Yield Retreat",0.422,0.147,0.853,0.0
26,These Top-10 Robinhood Stocks Are Anything But Crazy Picks,0.296,0.029,0.971,0.0
27,"Premarket Movers Wednesday: Apple, Amazon, Didi",0.599,0.312,0.688,0.0
28,"Apple Shares Gain on Samsung Profit Forecast, Treasury Bond Yield Retreat",0.422,0.147,0.853,0.0
29,"Samsung Profit Tops Estimates on Memory Demand, One-Off Gain",0.993,0.131,0.82,0.049
