﻿,Titles,Polarity,Positive,Neutral,Negative
0,"Intel Spending Billions to Revive Manufacturing, Chase TSMC",0.971,0.064,0.895,0.041
1,Former Goldman Sachs CFO Marty Chavez on how to regulate big tech like big banks,0.0,0.0,1.0,0.0
2,Adobe Projects Sales Topping Estimates on Creative Growth,0.995,0.14,0.855,0.005
3,Jim Cramer: When the Market Hits a Crescendo,0.226,0.112,0.888,0.0
4,"Iridex (IRIX) Beats on Q4 Earnings, Revenues Increase Y/Y",0.981,0.08,0.896,0.024
5,Analyst Ratings for Apple,0.936,0.063,0.926,0.01
6,Unusual Options Activity Insight: Apple,0.994,0.122,0.855,0.023
7,"Unhappy Anniversary: A Year After Pandemic Collapse, Market Looks Ahead To Q1 Earnings",0.998,0.112,0.821,0.068
8,COVID-19 market crash: reflecting one year later,0.0,0.0,1.0,0.0
9,"Thinking About Buying Stock Or Options In Moderna, Netflix, Boeing, Apple Or Tesla?",0.994,0.146,0.849,0.005
10,6 Top-Ranked Stocks to Make the Most of 5G Uptrend,0.999,0.124,0.864,0.011
11,Is The Trade Desk Stock a Buy?,-0.535,0.094,0.789,0.117
12,"The Zacks Analyst Blog Highlights: iRobot, Microsoft, Apple, NVIDIA and Tivity Health",0.998,0.095,0.883,0.021
13,Butterflies In Apple's Stomach? Judge Allows Macbook Owners To File Class Action Lawsuit,-0.875,0.02,0.93,0.05
14,Apple's iPhone 13 To Feature Samsung's LTPO Displays: Report,0.802,0.041,0.946,0.012
