﻿,Titles,Polarity,Positive,Neutral,Negative
0,7 Warren Buffett Stocks to Buy After Berkshire’s Annual Meeting,1.0,0.134,0.832,0.033
1,The consumer has ‘really been that stronghold for the economy’: Strategist,0.382,0.067,0.933,0.0
2,"US STOCKS-Wall Street ends sharply higher, fueled by Apple",0.992,0.116,0.839,0.045
3,"Nasdaq leads gains into market close, Walmart stock plunges in worst day since 1987",-0.052,0.115,0.791,0.094
4,"US STOCKS-Wall Street ends sharply higher, fueled by Apple",0.992,0.126,0.832,0.041
5,Apple Makes BofA List of Stocks That Thrive Amid Inflation,0.785,0.315,0.685,0.0
6,3 Beaten Down Tech Stocks Trading at Attractive Buying Levels,0.998,0.125,0.844,0.031
7,A Look at Apple’s Untapped Advertising Opportunity,0.995,0.123,0.871,0.006
8,Apple is postponing the final phase of its 3-days-a-week return-to-work plan,0.0,0.0,1.0,0.0
9,Living Off Dividends in Retirement: 10 Best Stocks To Consider,1.0,0.162,0.821,0.017
10,Apple Delays Plan to Have Staff in Office Three Days a Week,-0.929,0.031,0.887,0.083
11,"Buffett’s Berkshire Hathaway is buying up Chevron, Citigroup, Paramount stocks",0.0,0.0,1.0,0.0
12,‘Greedy When Others are Fearful’: Warren Buffett’s 8 New Stock Picks in 2022,0.998,0.099,0.866,0.034
13,10 Penny Stocks that Pay Dividends,0.996,0.073,0.901,0.026
14,"Market check: Stocks rally, gas futures hit record high",0.0,0.0,1.0,0.0
15,‘It’s so horrible that I want to buy it’ — Jim Cramer likes these 2 beaten-down tech names that are still posting white-hot revenue growth,0.981,0.092,0.881,0.027
16,"Stocks climb as retail earnings roll in, meme stocks gain",0.0,0.0,1.0,0.0
17,BlackRock’s Latest Portfolio 2022: Top 10 Stock Picks,1.0,0.143,0.828,0.029
18,10 Biggest Losers in Cathie Wood’s Latest Portfolio,0.998,0.084,0.871,0.045
19,Mastercard Begins Facial-Recognition Rollout With Retailers,0.255,0.07,0.861,0.07
20,"AAPL, GOOGL, MSFT Push Universal Password-Free Sign-Ins",0.612,0.263,0.737,0.0
21,"Apple Previews Innovative Accessibility Features Combining the Power of Hardware, Software, and Machine Learning",0.999,0.102,0.873,0.025
22,"Troubled EV Maker Lordstown Motors' Survival Hopes Rests On Fresh Funds, Valuation",0.375,0.072,0.873,0.055
23,"Up 600% in 10 Years, Here's Why Apple Stock Is Still So Cheap",0.586,0.304,0.696,0.0
