﻿,Titles,Polarity,Positive,Neutral,Negative
0,Apple Earnings Were Spectacular. Why Its Stock Dropped.,0.44,0.097,0.903,0.0
1,Apple AirTags: Why they’re an easy sell for iPhone users who lose their keys,0.998,0.104,0.862,0.034
2,Apple’s Q2 results were ‘outstanding by any metric you look at’: Bank of America’s Wamsi Mohan,0.0,0.0,1.0,0.0
3,"S&amp;P 500 ends at new record on stellar tech earnings, surge in U.S. economic growth",0.731,0.187,0.774,0.039
4,"UPDATE 2-Twitter shares fall as it warns of fizzling user growth, rising costs",0.967,0.086,0.865,0.049
5,Twitter's ad sales surge but says user growth could fizzle,0.917,0.068,0.888,0.044
6,How ‘Fortnite’ maker Epic Games will try to prove Apple is operating App Store as an illegal monopoly,-0.735,0.059,0.743,0.198
7,Twitter's ad sales surge but says user growth could fizzle,0.956,0.071,0.895,0.034
8,Apple will fight Epic antitrust suit by claiming ‘a carefully planned plot against Apple and Google’,0.0,0.0,1.0,0.0
9,Apple v. Epic: What to expect from a trial that could change antitrust law and the mobile-app ecosystem,0.477,0.063,0.937,0.0
10,US STOCKS-Facebook fuels S&amp;P 500 to record high close,0.967,0.094,0.875,0.031
11,Apple’s Spectacular Earnings Aren’t Lifting the Stock. The Worry Is Growth.,0.44,0.097,0.903,0.0
12,Forget Netflix: Buy Streaming Stock Roku Down 25% Before Earnings?,0.999,0.136,0.839,0.026
13,"Dow rebounds, S&amp;P 500 on track to close at all-time high on busiest day for earnings",0.731,0.179,0.784,0.037
14,"Dow Jones Rallies 240 Points As Nasdaq Reverses Higher; Biden Speech, Earnings In Focus",0.527,0.145,0.855,0.0
15,RPT: WarnerMedia to launch ad-supported HBO Max for $9.99 a month,0.0,0.0,1.0,0.0
16,US STOCKS-Facebook lifts S&amp;P 500 to record high,0.941,0.087,0.869,0.044
17,Why Facebook and Apple Couldn't Lift the Nasdaq Thursday,0.103,0.021,0.979,0.0
18,"Dow Jones Leads Stock Market But Nasdaq Lags; Biden Speech, Earnings In Focus",-0.166,0.08,0.816,0.104
19,Tech Support: Apple AirTags review,0.402,0.184,0.816,0.0
20,The Stock Market Is Rising. Here Are 3 Reasons the Nasdaq Is Falling.,0.44,0.139,0.861,0.0
21,"S&amp;P 500 holds on to gains after hitting all-time high, Dow rises as Treasury yields climb",0.0,0.0,1.0,0.0
22,How To Play This Incredible Earnings Season,1.0,0.174,0.805,0.021
23,Analysis: Why Apple has chips for iPhones while Ford got caught short,0.972,0.083,0.847,0.07
24,"Dow Rallies, Tech Stocks Slide As Apple Breakout Fades; Tesla Skids Again, While Nio, Twitter Set To Report",0.0,0.0,1.0,0.0
25,"Apple Falls on Concerns Over Continued Growth, Chip Shortages",0.98,0.104,0.855,0.041
26,"US STOCKS-S&amp;P 500 near record high on Facebook boost, Nasdaq eases",0.986,0.105,0.848,0.047
27,How to 'be vigilant' and protect your digital assets from getting hacked,0.998,0.131,0.818,0.051
28,The chip shortage has finally come for Apple,0.969,0.067,0.887,0.046
29,"S&amp;P 500 Closes at Record as U.S. Economy Grows, Earnings Impress",0.34,0.145,0.855,0.0
30,"Dow, Tech Stocks Slide As Apple Breakout Fades; Tesla Skids Again, While Nio, Twitter Set To Report",0.0,0.0,1.0,0.0
31,S&amp;P 500 Closes at Record on Facebook-Led Surge,0.992,0.125,0.838,0.037
32,"S&amp;P 500, Nasdaq gains fade midday after hitting all-time highs as Treasury yields rise",0.0,0.0,1.0,0.0
33,"Apple’s ‘Remarkable’ Quarter Merits a New Price Target, Says Canaccord Genuity",0.979,0.086,0.888,0.026
34,Apple’s momentum will continue ‘as long as they keep iPhones in stock’: Analyst,0.0,0.0,1.0,0.0
35,Why Apple’s ‘blowout’ earnings aren’t boosting its stock much,-0.235,0.0,0.925,0.075
36,"Stock Picks: Google, Facebook, Nvidia Reveal 7 Telltale Traits Of Top Stocks To Buy",0.893,0.3,0.7,0.0
37,Spotify Price Increases Are Working,0.361,0.039,0.961,0.0
38,Nobody Had a Clue How Good a Quarter the Faangs Were Putting Up,0.987,0.126,0.795,0.08
39,Delta Airlines To Become The First 5G-Equipped Global Airline,0.971,0.087,0.871,0.042
40,Apple Stock Hits Buy Point After Blowout Quarter But Cautious Guidance Softens Gains,0.361,0.11,0.837,0.053
41,Apple's Got A $204 Billion 'Problem' That's Costing It A Fortune,0.026,0.14,0.725,0.135
42,Apple's Has A $204 Billion 'Problem' That's Costing It A Fortune,0.026,0.14,0.725,0.135
43,Stock Market Today With Jim Cramer: When to Buy Apple Stock,0.0,0.0,1.0,0.0
44,Stock Rise as U.S. Economy Grows and Earnings Impress; Facebook Soars,0.34,0.152,0.848,0.0
45,"US STOCKS-S&amp;P 500, Nasdaq hit record highs on tech earnings boost, upbeat data",0.969,0.094,0.867,0.039
46,"Apple, Facebook Shares Both Get Boost From Solid Earnings, With Amazon Up Next",0.999,0.113,0.827,0.06
47,"Dow Rallies As Apple Breaks Out On Blowout Earnings; Facebook Surges, While Nio, Twitter Set To Report",0.0,0.0,1.0,0.0
