﻿,Titles,Polarity,Positive,Neutral,Negative
0,"Top Analyst Reports for Apple, Berkshire Hathaway, &amp; S&amp;P Global",1.0,0.224,0.685,0.091
1,"Meta defends its gamble on the metaverse, says it'll be worth $3 trillion",-0.602,0.041,0.918,0.041
2,"4 Top Stock Trades for Friday: AAPL, PANW, BJ, BBBY",0.864,0.075,0.87,0.056
3,"Stocks slip into the red at the close, Apple among biggest mega cap laggards of the day",0.0,0.0,1.0,0.0
4,Why Aurora Cannabis Stock Is Still Worth Buying,0.994,0.099,0.855,0.046
5,"Berkshire Hathaway takes $30 billion hit on Apple, Canada Goose posts strong earnings",0.422,0.074,0.926,0.0
6,Why Apple Stock Slipped on Thursday,0.757,0.135,0.825,0.041
7,Dow Jones Falls As Cisco Dives; Google Parent Slips Amid This Threat; Warren Buffett Stock Takes Key Level,-0.527,0.0,0.841,0.159
8,Best ETFs for High Inflation and Rising Rates,0.996,0.16,0.831,0.009
9,Amazon (AMZN) Boosts Tablet Portfolio With New Fire 7 Devices,0.997,0.136,0.837,0.028
10,How can I stop the pain and make money in this nightmarish market? BofA says this is the ‘best hope’ for bulls in 2022,0.998,0.147,0.831,0.022
11,Apple Shows AR/VR Headset to Board in Sign of Progress on Key Project,0.956,0.047,0.928,0.025
12,Stock Market Today: Dow on Cusp of 8 Weekly Losses as Tech Selloff Continues,-0.86,0.05,0.877,0.074
13,The bull case for Peloton right now isn't crazy,0.996,0.116,0.823,0.061
14,Apple (AAPL) Unveils Features for Users With Disabilities,0.999,0.147,0.831,0.022
15,"Got $1,000? Here Are 2 Stocks to Buy for the Long Term",0.872,0.153,0.798,0.05
16,"Netflix layoffs just the start as streamer stages rebound: 'It's time to be a real company,' says media exec",0.994,0.09,0.881,0.029
17,9 Stocks Under $20 to Buy Today According to Nishkama Capital,0.999,0.079,0.908,0.012
18,Dow Jones Sells Off After Stock Market Dive; Cisco Plunges 12% On Earnings,-0.44,0.0,0.854,0.146
19,The Good News for Roblox,-0.178,0.051,0.882,0.067
20,10 Best Stocks to Buy Now According to Billionaire Ken Fisher,1.0,0.146,0.819,0.035
21,12 Best DOW Stocks To Buy According To Hedge Funds,1.0,0.117,0.868,0.015
22,'A recession is not inevitable' but stocks are being priced as if it were: Goldman Sachs,-0.984,0.07,0.81,0.12
23,1 Stock-Split Stock Warren Buffett Regrets Missing Out On,0.813,0.113,0.887,0.0
24,Nasdaq Sell-Off: 2 Top Stocks to Buy and Hold Forever,0.77,0.151,0.801,0.049
25,Is The Trade Desk a Buy Now?,0.836,0.136,0.864,0.0
26,The 7 Most Undervalued Stocks to Buy After the Sell-Off,0.999,0.103,0.883,0.014
27,Stocks slammed by 'chain reaction' — here's what pros are saying,-0.983,0.052,0.848,0.1
28,"Xiaomi Logs First-Ever Quarterly Sales Fall, Hurt by Lockdowns",-0.542,0.074,0.844,0.082
