﻿,Titles,Polarity,Positive,Neutral,Negative
0,7 Best Robinhood Stocks to Buy in July,0.999,0.12,0.84,0.04
1,Why Snap Stock Is Up 14.7% This Week,0.929,0.2,0.8,0.0
2,How Apple's latest security update is taking on 'mercenary spyware’,0.867,0.089,0.846,0.066
3,Inflation: This Time It's Different?,-0.823,0.022,0.828,0.15
4,Apple’s new iOS 16 could allow ads on iPhone lock screens,0.361,0.091,0.909,0.0
5,"Markets close in the green, energy and technology stocks among biggest gainers",0.273,0.095,0.905,0.0
6,Nasdaq Win Streak Is Fueled by Tech Losers Turning Into Winners,0.852,0.098,0.825,0.077
7,Video game developers are ‘migrating’ towards ‘ongoing live services’: Analyst,0.0,0.0,1.0,0.0
8,Alphabet (GOOGL) Boosts Google Photos With Pop-Up UI Update,0.997,0.13,0.85,0.02
9,Yahoo Finance says 'until next time' to Emily McCormick,0.422,0.094,0.906,0.0
10,Can Apple Stock Lead a Stock Market Rebound?,0.226,0.095,0.905,0.0
11,"Tesla, Amazon, and Apple led short bets in June — but short interest declined overall",0.992,0.102,0.865,0.033
12,Apple to roll out iPhone lockdown mode to fight hacking,0.382,0.12,0.88,0.0
13,Meta Platforms' (META) New AI Model Can Translate 200 Languages,0.995,0.112,0.848,0.04
14,"Tesla, Amazon, Apple were the most profitable shorted stocks in June",0.0,0.0,1.0,0.0
15,Why Qualcomm Stock Was Rocking a 4.5% Gain Today,0.075,0.037,0.932,0.032
16,The 3 Best Retirement Stocks for Gen-Z Investors,0.999,0.181,0.785,0.035
17,Billionaire Stephen Mandel’s 10 Must-Buy Tech Stocks,0.999,0.135,0.794,0.071
18,"Biden grants $1 billion for airports, Apple upgrades watch screen, Elon Musk fathered twins",0.796,0.207,0.793,0.0
19,"Market check: Energy rebounds, Tesla stock rises, China stocks get a bid",0.0,0.0,1.0,0.0
20,10 Small-Cap ETFs to Buy Now,0.999,0.101,0.883,0.016
21,Tech Giants Brace for Legal Mess of Abortion Data Subpoenas,0.956,0.079,0.857,0.064
22,Beat the Bear Market With These 3 Warren Buffett Stocks,0.0,0.0,1.0,0.0
23,SoftBank’s Rajeev Misra to Step Back to Launch New Fund,0.944,0.093,0.839,0.068
24,A Stock Trader's Guide to Navigating the Chip Industry,0.636,0.09,0.817,0.093
25,Apple planning rugged version of its smartwatch with bigger screen: report,0.34,0.107,0.893,0.0
26,Aging politicians 'don't understand technology': Andrew Yang,0.402,0.091,0.909,0.0
27,Influencers with Andy Serwer: Andrew Yang,0.077,0.056,0.894,0.05
