﻿,Titles,Polarity,Positive,Neutral,Negative
0,3 of the Most-Shorted Stocks That Have Great Price Charts,0.996,0.091,0.892,0.017
1,Verizon sweetens subsidies on iPhones to match competition,0.956,0.102,0.888,0.009
2,"Dow Jones Dips As White House Raises Recession Fears; Elon Musk Praises Tesla China Rivals, Apple Falls Again",-0.178,0.11,0.722,0.168
3,These Apple Card holders are getting error messages while trying to pre-order their new iPhones,-0.44,0.043,0.89,0.067
4,UPDATE 1-Apple's Cook says he will talk with U.S. official on immigration,0.945,0.096,0.904,0.0
5,Apple's Cook says he will talk with U.S. official on immigration,0.945,0.099,0.901,0.0
6,Fintechs Pose A Threat For Conventional Lenders - Read How,0.954,0.088,0.891,0.021
7,The iPhone 13 Didn’t Surprise Anyone. Apple’s Stock Still Might.,0.599,0.164,0.836,0.0
8,"Apple, Google Pull Russia Protest-Voting App, Drawing Ire",-0.995,0.097,0.75,0.153
9,10 Best Robinhood Stocks Under $20,1.0,0.146,0.824,0.03
10,"Dow Jones Drops As Apple, Microsoft Weigh; Stock Market Hit Hard Despite Growth Stock Winners",-0.202,0.0,0.921,0.079
11,S&amp;P 500 in Second-Weekly Loss as Caution Sets in Ahead of Fed Meeting,-0.933,0.038,0.887,0.076
12,Apple (AAPL) Rumored to Start Apple Pay Service in Chile,0.996,0.14,0.826,0.033
13,Dow Jones Slides As Apple Sells Off; 4 Top Growth Stocks To Buy And Watch,0.402,0.114,0.886,0.0
14,How Apple's Fitness+ Scores Ahead Of Peloton?,0.844,0.07,0.895,0.034
15,"Uncertainty around taxes could cause stocks to pullback this month, strategist warns",1.0,0.138,0.842,0.021
16,Dow Jones Falls As Apple Slides; 4 Top Growth Stocks To Buy And Watch,0.402,0.119,0.881,0.0
17,"S&amp;P 500 Sinks as Materials, Tech Weigh",0.925,0.09,0.853,0.057
18,10 Stocks That Raised Their Dividend in 2021,0.999,0.09,0.889,0.021
19,Powell orders ethics review amid trading scandal,-0.273,0.0,0.94,0.06
20,How A.I. will exacerbate inequality between rich &amp; poor: Kai-Fu Lee,0.477,0.119,0.881,0.0
21,5 of the Best Efficient Stocks to Add to Your Portfolio,0.999,0.185,0.805,0.01
22,iPhone Reality Doesn’t Fully Ground Satellite Dreams,0.153,0.071,0.929,0.0
23,Microsoft To Launch Office 2021 On Oct 5,0.906,0.095,0.884,0.021
24,Facebook's Latest Tools Focus On Becoming Next Shopping Destination,0.951,0.116,0.867,0.018
25,3 Top Warren Buffett Stocks to Buy and Hold,0.718,0.118,0.882,0.0
26,UPDATE 1-Kremlin foes accuse Google and Apple of bowing to censorship,-0.871,0.055,0.868,0.077
27,"Google, Apple remove Navalny app from stores as Russian elections begin",0.361,0.061,0.881,0.058
