﻿,Titles,Polarity,Positive,Neutral,Negative
0,"Dow Jones Futures: Market Rally, Apple, Google Mask Growth Woes; Roku, Square, NET Stock Lead Earnings Movers As Fed Warns Asset Prices 'Vulnerable'",-0.052,0.238,0.517,0.245
1,How to tell if your passwords are vulnerable to hackers,0.998,0.144,0.807,0.049
2,Apple vs. Epic: Why cloud gaming became a huge topic in antitrust trial,0.44,0.095,0.905,0.0
3,Apple-Epic trial: Epic’s claim of stifled competition on cloud gaming offers compelling bookend to price-gouging charges,0.44,0.095,0.905,0.0
4,Google Will Make Android Apps Tell Users About Data Collection,0.983,0.127,0.864,0.009
5,"Warren Buffett Explains Why Apple, Facebook and Microsoft Are Great Businesses",0.991,0.081,0.893,0.027
6,Apple Just Crushed Earnings: 3 Things Investors Need to Know,-0.557,0.0,0.889,0.111
7,IBM debuts new chip technology that could make your phone last 4 days on a charge,0.991,0.072,0.922,0.005
8,"Shake Shack to report earnings, with eyes on UberEats delivery, COVID recovery",0.966,0.086,0.859,0.056
9,Dow Closes at Record High as Cyclicals Rally Ahead of April Jobs Report,0.981,0.088,0.877,0.034
10,"Dow Jones Rallies, Tech Stocks Reverse As Jobless Claims Fall; Apple At Key Level, While PayPal Jumps On Earnings",0.103,0.1,0.815,0.085
11,"Dow Jones Erases Gains, Tech Stocks Slide As Jobless Claims Fall; Apple At Key Level, While PayPal Jumps On Earnings",0.103,0.1,0.815,0.085
12,"Uber, Moderna Lose Ground After Both Companies Miss Analysts' Revenue Estimates",0.999,0.122,0.822,0.055
13,Beware of the inflation shock,0.0,0.0,1.0,0.0
14,Facebook board's Trump decision shows Big Tech is 'way too powerful': Elizabeth Warren,0.82,0.063,0.886,0.051
15,Dow Near Record High as Bulls Back Cyclicals Amid Recovery Optimism,0.975,0.093,0.859,0.048
16,"Apple, Tattooed Chef, on G-III Apparel Group, Funko, and AZZ highlighted as Zacks Bull and Bear of the Day",1.0,0.17,0.808,0.023
17,1 Lesson Investors Can Learn From These 2 Warren Buffett Stocks,0.852,0.146,0.854,0.0
18,Influencers with Andy Serwer: Elizabeth Warren,1.0,0.126,0.826,0.048
19,"The Zacks Analyst Blog Highlights: Apple, Google, Lam Research, Texas Instruments and Advanced Micro Devices",0.999,0.11,0.875,0.014
20,Apple Is a Top 5G Stock to Buy as the iPhone Juggernaut Starts Rolling,0.542,0.067,0.933,0.0
21,"Cryptos and stocks like NIO and Tilray are crucially linked. Here’s what you need to watch, says strategist.",0.361,0.079,0.921,0.0
22,Bull of the Day: Apple (AAPL),0.998,0.133,0.84,0.027
23,Apple’s App Store Manager to Take Center Stage at Epic Trial,0.349,0.045,0.915,0.04
24,Chip Shortage Forces Carmakers to Leave Out Some High-End Features,0.94,0.067,0.87,0.062
