﻿,Titles,Polarity,Positive,Neutral,Negative
0,"Buy, Sell, or Hold SoFi Stock After Apple’s Announcement?",0.944,0.109,0.802,0.088
1,Alphabet Stock is Your Best Option Among the FAANGs,0.997,0.123,0.833,0.044
2,Stock Market Today: Dow Caps Off Another Losing Week as Recession Bets Grow,-0.891,0.095,0.795,0.11
3,Calming Words for Investors in the Most Recent Bear Market,0.026,0.102,0.798,0.1
4,Here's Why Needham Sees Apple's Brand Value Worth At $1T,0.993,0.188,0.793,0.019
5,Apple Is Betting Big on Sports,0.361,0.059,0.941,0.0
6,Apple Stock: Bull vs. Bear,0.572,0.104,0.841,0.055
7,Tech stocks ‘could drop another 15% to 20% at least’: Strategist,0.402,0.181,0.701,0.118
8,"S&amp;P 500 Climbs on Tech Rebound, but Energy Rout Limits Gains",0.026,0.102,0.799,0.098
9,Market check: Stocks bounce back from Thursday’s steep losses,0.0,0.0,1.0,0.0
10,Apple's 13-inch MacBook Pro With the Speedy M2 Chip is Now on Sale,0.019,0.021,0.979,0.0
11,Robert Pitts’ Steadfast Capital Portfolio: 10 Dividend Stock Picks,1.0,0.138,0.844,0.018
12,"Company News for Jun 17, 2022",0.758,0.13,0.808,0.061
13,"Apple’s Brand Is Worth $1 Trillion, Analyst Says. Meta’s Is Not.",0.035,0.111,0.739,0.151
14,Is Trending Stock Apple Inc. (AAPL) a Buy Now?,0.998,0.126,0.864,0.01
15,"Dow Jones Futures Rise After Big Sell-Off; Alibaba, These China Stocks Jump",-0.649,0.109,0.632,0.26
16,"Want $1,000 in Passive Income? Buy 1,084 Shares of This Warren Buffett Stock",0.925,0.169,0.831,0.0
17,"Stock market news lives updates: Stock futures rise, but indexes still head for steep weekly losses",-0.975,0.056,0.863,0.081
18,Need Safety in Your Portfolio? Follow Warren Buffett Into These 3 Stocks,0.919,0.134,0.866,0.0
19,2 Cheap Tech Stocks to Buy Right Now,0.79,0.333,0.667,0.0
20,3 Best Tech Stocks for Inflation in 2022,0.992,0.087,0.886,0.027
21,65% of Warren Buffett's Portfolio Is Invested in These 4 Stocks,0.681,0.105,0.865,0.03
22,Crypto and US Politics: Is Bipartisan Regulation Possible?,-0.374,0.063,0.872,0.066
23,"Nations Pull WTO Back From the Brink With Vaccine, Fishery Deals",-0.934,0.083,0.821,0.096
