﻿,Titles,Polarity,Positive,Neutral,Negative
0,"4 Top Stock Trades for Tuesday: AAPL, BB, BIG, SNAP",0.998,0.144,0.812,0.044
1,"AirPods Design Revamp in 2021, AirPods Pro in 2022: Bloomberg",0.128,0.044,0.909,0.047
2,"Vietnam's Pandemic Surge Trigger Supply Chain Concerns for Apple, Samsung: Reuters",-0.871,0.031,0.9,0.069
3,"New Bill To Impose Counterfeit Goods Sale Liability On Amazon, eBay: Bloomberg",-0.34,0.089,0.809,0.102
4,The best gadgets to enjoy summer now that you’re vaccinated,0.999,0.126,0.841,0.033
5,The best gadgets for to enjoy summer now that you’re vaccinated,0.999,0.126,0.841,0.033
6,Apple Tried to Buy Rap-Battle Site Verzuz Before Triller Deal,0.918,0.09,0.879,0.031
7,How profitable is Apple’s App Store? Even a landmark antitrust trial couldn’t tell us,-0.103,0.085,0.789,0.126
8,Epic vs. Apple: The (predicted) verdict is in,0.273,0.052,0.948,0.0
9,30 Best Quotes from Warren Buffett,1.0,0.165,0.776,0.058
10,Job Ad Sparks Speculation on Apple Crypto Plans,-0.103,0.0,0.98,0.02
11,Top Grad Stocks 2021: 7 Bullseye Stock Picks Perfect for College Grads,1.0,0.147,0.827,0.025
12,Apple Stock Malaise Wears Out Analyst While Others Stay Hopeful,-0.25,0.0,0.905,0.095
13,"Dow Jones Rallies As Inflation Picks Up; Apple Falls On Downgrade, AMC Stock Rockets 38%",0.0,0.0,1.0,0.0
14,"Apple Stock Could Drop 30% If iPhones Sales Slow, Analyst Says",0.0,0.0,1.0,0.0
15,Why Is Apple (AAPL) Down 6.1% Since Last Earnings Report?,0.993,0.085,0.888,0.027
16,"Dow Jones Rallies As Inflation Picks Up; Apple Downgraded, AMC Stock Rockets 38%",0.0,0.0,1.0,0.0
17,Is It Still Worth It to Buy Apple Stock?,-0.296,0.0,0.958,0.042
18,Stem Stock Has a Clear Path to Dominating a Multi-Trillion-Dollar Industry,1.0,0.222,0.744,0.034
19,Apple Looks to Create Partnerships in the ‘Alternative Payments Ecosystem’,0.993,0.137,0.822,0.041
20,7 Renewable Energy Stocks Suffering From the Rare Earth Mineral Shortage,0.983,0.092,0.831,0.076
21,Signal Jabs at Facebook and Navigates Growing Pains as Popularity Surges,0.996,0.097,0.828,0.074
22,Pros &amp; Cons Of A Passive Buy And Hold Strategy,0.226,0.101,0.83,0.069
23,Vietnam coronavirus outbreak threatens to disrupt tech supply chain,0.545,0.05,0.901,0.049
24,"Apple Plans Redesigned AirPods for 2021, New AirPods Pro in 2022",0.94,0.046,0.944,0.009
25,"The Zacks Analyst Blog Highlights: Disney, Apple, Netflix and Amazon",0.999,0.155,0.823,0.023
26,"The Zacks Analyst Blog Highlights: Intel, Apple, HP, Lenovo and 3D Systems",0.999,0.118,0.863,0.018
27,Tech Stocks Roundup: Amazon is Slowly Taking Over the World,0.202,0.073,0.927,0.0
28,Apple Nudges Lower After Rare 'Sell' Rating From New Street Research,0.633,0.186,0.768,0.047
29,You have to be a professional investor ‘to do well’: Bruce Greenwald,0.948,0.077,0.896,0.027
30,Carmakers Forced by Chip Crisis to Rethink Just-In-Time Ordering,0.986,0.076,0.867,0.056
31,The new iMac: a Technicolor dream?,0.93,0.194,0.779,0.027
