﻿,Titles,Polarity,Positive,Neutral,Negative
0,"Epic Games chief to speak in S.Korea as Google, Apple face app store challenge",-0.832,0.018,0.939,0.043
1,Making Sense of the Evolving Earnings Picture,0.957,0.092,0.854,0.054
2,Gadget gifting may get costly this holiday season as supply chain plays The Grinch,0.945,0.051,0.936,0.013
3,Apple Loses Bid to Delay Changes to App Store Payments,-0.718,0.113,0.599,0.289
4,Disney earnings: What to expect,0.0,0.0,1.0,0.0
5,Why Are Alibaba Shares Trading Higher Today?,0.934,0.076,0.903,0.021
6,"Nvidia is on top of the world, but its rivals are gaining steam",0.998,0.095,0.889,0.016
7,Disney earnings preview: Investors focus on Disney+ subscribers,0.0,0.0,1.0,0.0
8,Apple's 'incipient antitrust conduct' cited as judge refuses to delay App Store changes,-0.988,0.059,0.853,0.089
9,Apple launches subscription service aimed at small-business users,0.957,0.068,0.919,0.013
10,Apple Introduces Apple Business Essentials,0.999,0.134,0.853,0.012
11,Poshmark crashes amid Apple privacy changes,-0.273,0.0,0.92,0.08
12,What to Watch in 2022,-0.318,0.0,0.887,0.113
13,Could This Risk Impact AppLovin Stock in the Short Term?,0.34,0.156,0.844,0.0
14,4 Stocks to Watch as Remote Working Continues to Drive PC Sales,0.997,0.119,0.86,0.021
15,"Microsoft, Apple, and Other Tech Stocks Have Soared. They Aren’t That Expensive.",0.758,0.133,0.867,0.0
16,Will Nvidia Be Worth More Than Apple by 2026?,0.886,0.142,0.858,0.0
17,Viant Technology Inc. (DSP) Q3 2021 Earnings Call Transcript,0.422,0.178,0.745,0.077
18,"With BlackBerry’s Auto App Store Progressing, BB Stock Is a Buy",0.997,0.088,0.907,0.005
19,Apple Request to Stay App-Store Payment Ruling Is Denied by Judge,-0.681,0.024,0.893,0.083
20,"DoorDash, GE Rise Premarket; Coinbase, Poshmark Fall",0.468,0.056,0.9,0.045
21,Alphabet Drifts Lower After Losing EU Fine Appeal,0.202,0.08,0.857,0.062
22,PRESS DIGEST- New York Times business news - Nov. 10,-0.082,0.075,0.854,0.072
23,Judge denies Apple’s motion to delay App Store changes in Epic antitrust case,0.0,0.0,1.0,0.0
24,UPDATE 1-U.S. judge denies Apple's request for pause of 'Fortnite' antitrust orders,0.382,0.041,0.925,0.033
