﻿,Titles,Polarity,Positive,Neutral,Negative
0,Apple Plans to Add Satellite Features to iPhones for Emergencies,-0.107,0.077,0.847,0.076
1,Why WeWork and Theranos have ‘so many similarities’,0.625,0.093,0.907,0.0
2,"Stock Market Today: S 500, Nasdaq Nab New Highs as Apple Gains",0.997,0.13,0.83,0.04
3,Dow Jones Slips As Apple Hits Record; Moderna Dives As CDC Does This; Facebook Passes Buy Point,0.0,0.0,1.0,0.0
4,Dow Jones Slips As Apple Pops; Moderna Dives As CDC Muses Vaccine Boosters; Facebook Passes Buy Point,-0.296,0.0,0.905,0.095
5,Jon Stewart to make his return to television this September with Apple TV+ original series,-0.026,0.043,0.912,0.045
6,Dow Jones Lags As Apple Pops; Moderna Dives As CDC Muses Vaccine Boosters; Facebook Passes Buy Point,-0.296,0.0,0.905,0.095
7,Why Globalstar Stock Skyrocketed Today,0.848,0.167,0.833,0.0
8,Mid-Afternoon Market Update: Affirm Shares Jump Following News Of Amazon Partnership; Adtran Shares Drop,0.992,0.093,0.893,0.014
9,2 Little-Followed Stocks That Are Soaring Monday,0.794,0.096,0.904,0.0
10,"Apple Buys Classical-Music Service Primephonic, Will Launch App",0.94,0.094,0.906,0.0
11,Apple’s Next iPhone Could Offer Satellite Service. Space Stocks Are Jumping.,0.361,0.128,0.872,0.0
12,"Apple buys Primephonic classical music service, will launch dedicated classical music app next year",0.153,0.042,0.91,0.047
13,"Apple buy Primephonic classical music service, will launch dedicated classical music app next year",0.153,0.042,0.91,0.047
14,"Zoom to report fiscal Q2 2022 earnings, as analysts focus on slowing growth",0.978,0.074,0.923,0.003
15,Mid-Day Market Update: Nasdaq Jumps Over 100 Points; Astra Space Shares Plunge,0.99,0.088,0.898,0.014
16,Apple acquires classical music streaming service Primephonic,0.998,0.158,0.833,0.008
17,Alphabet Beats Rivals With 65% Gain in Longest Rally Since 2009,0.99,0.139,0.861,0.0
18,35 Stocks Moving In Monday's Mid-Day Session,0.995,0.1,0.878,0.022
19,"Zoom Video, Crowdstrike, Consumer Confidence: 3 Things to Watch",0.983,0.101,0.862,0.038
20,Softbank Investment Lifts Whoop Valuation to over $3.6B,0.273,0.116,0.884,0.0
21,Apple Joins The Party,0.0,0.0,1.0,0.0
22,Globalstar stock rockets after report says Apple could add satellite communications to next iPhone,0.296,0.121,0.879,0.0
23,This Week's Earnings Report,0.999,0.136,0.851,0.013
24,15 Most Valuable Blockchain Companies in the World,0.999,0.087,0.902,0.011
25,10 Best Tech Growth Stocks to Buy Right Now,1.0,0.142,0.844,0.014
26,3 Reasons Why Buffett Keeps Increasing the Stake in The Kroger Co.'s (NYSE:KR),0.988,0.094,0.874,0.032
27,"Affirm stock explodes more than 40% after Amazon deal — here's why, financially speaking",0.988,0.127,0.855,0.018
28,Apple Store vs. Repair Shop: What the Right to Repair Is All About,-0.477,0.0,0.931,0.069
29,HP Inc. and Dell Stock Look Attractive and Cheap. Here’s Why.,0.361,0.098,0.902,0.0
30,28 Stocks Moving in Monday's Pre-Market Session,0.995,0.101,0.876,0.023
31,Globalstar Stock Rockets; New iPhone Said to Support Satellite Communication,0.296,0.121,0.879,0.0
32,What Kind Of Investors Own Most Of Apple Inc. (NASDAQ:AAPL)?,0.987,0.075,0.902,0.023
33,Globalstar Soars on Report iPhone 13 May Feature Satellite Communications,0.836,0.058,0.93,0.012
