﻿,Titles,Polarity,Positive,Neutral,Negative
0,Apple (AAPL) Dips More Than Broader Markets: What You Should Know,0.994,0.11,0.874,0.016
1,Dow Jones Futures: 'Rapid' Fed Shift Hits Market Rally; Elon Musk Steals Donald Trump's Thunder,0.226,0.156,0.76,0.084
2,Apple TV+ gains momentum following Coda’s Oscars win,0.586,0.213,0.787,0.0
3,"Uber, Roblox top highest-paying U.S. internships",0.273,0.091,0.909,0.0
4,Apple’s Worldwide Developers Conference Begins June 6,0.0,0.0,1.0,0.0
5,Apple Developer Event to Be Online-Only for Third Year in a Row,-0.318,0.043,0.919,0.038
6,Stock Market Today: Dow Slips on Tech Wreck as Fed Officials Talk Up Tightening,0.776,0.065,0.878,0.058
7,Citrix (CTXS) Rolls Out New Cloud-Delivered Security Solution,0.999,0.183,0.793,0.024
8,Apple’s Worldwide Developers Conference Returns in its All-Online Format,0.999,0.173,0.823,0.005
9,Why Warner Bros. Discovery merger is the 'most exciting story' in streaming: Analyst,0.998,0.124,0.852,0.024
10,"Boeing Air Force One planes face production issues, GM and Honda plan EV expansion",0.0,0.0,1.0,0.0
11,Is Trending Stock Apple Inc. (AAPL) a Buy Now?,0.998,0.125,0.868,0.007
12,3 Top Buffett Stocks To Buy and Hold for the Long Haul,0.84,0.155,0.845,0.0
13,"Market check: Stocks mixed in early trading, Chinese ADRs retreat, cruise lines in the green",0.0,0.0,1.0,0.0
14,10 ETFs Popular on Robinhood,1.0,0.153,0.835,0.012
15,11 Best REIT Stocks To Buy Right Now,1.0,0.14,0.847,0.013
16,Dow Jones Falls After Stock Market Rally; Elon Musk To Join Twitter Board,0.296,0.109,0.891,0.0
17,3 Dividend-Paying Tech Stocks to Buy in April,0.382,0.055,0.922,0.024
18,Dow Jones Futures Fall After Stock Market Rally; Elon Musk To Join Twitter Board,0.0,0.0,1.0,0.0
19,Is Apple Stock a Buy Now?,0.542,0.063,0.937,0.0
20,3D Systems (DDD) Introduces New Stereolithography Printers,0.998,0.098,0.887,0.014
