﻿,Titles,Polarity,Positive,Neutral,Negative
0,Amazon's Thursday night football: Why it's a 'long-term play' for the tech giant,0.998,0.114,0.862,0.024
1,Alphabet (GOOGL) Enhances Google Photos With Recent Features,0.998,0.128,0.863,0.009
2,Dow Jones Futures: Stock Market Selling Resumes As This Bull Case Turns Bearish; FedEx Dives,0.0,0.0,1.0,0.0
3,Apple iPhone 14 set to hit stores on Friday,0.998,0.099,0.89,0.012
4,These 3 Semiconductor Stocks Could Be Next Acquisition Targets,0.0,0.0,1.0,0.0
5,The one big downside of deleting texts in iOS 16,0.911,0.053,0.923,0.024
6,3 Chip Stocks That Could Be Takeover Targets: Analyst,0.44,0.132,0.868,0.0
7,"Early Apple iPhone 14 Lead Times Transcend Expectations, Says This Analyst",0.957,0.123,0.814,0.063
8,5 Reasons I Wouldn't Touch Shiba Inu With a 10-Foot Pole,-0.511,0.05,0.837,0.113
9,3 Mega-Cap Stocks With Unbelievably Strong Free Cash Flow,1.0,0.235,0.755,0.01
10,12 Best New Tech Stocks to Buy Now,0.999,0.091,0.889,0.02
11,"These 20 stocks have short interest of 19% or more, and AMC and GameStop are not even in the top half",-0.304,0.072,0.825,0.103
12,"Credit Card Startup Poach Apple Card's Head, Former Barclays Veteran For Key Leadership Roles",0.972,0.109,0.866,0.025
13,60% of Warren Buffett's Portfolio Is Invested in These 3 Stocks,0.863,0.149,0.851,0.0
14,Apple Watch Series 8: Worth the hype?,0.0,0.0,1.0,0.0
15,"Apple, Amazon Passed on LIV Golf Media Rights",-0.502,0.0,0.899,0.101
16,Dow Jones Reverses After Key Economic Data; 10-Year Treasury Yield Nears 11-Year High,0.202,0.083,0.917,0.0
17,"Tesla has one less bear after Needham upgrades, citing several reasons to expect a stock rally",0.765,0.202,0.798,0.0
18,10 Blue Chip Stocks to Buy According to Billionaire Jim Simons,0.999,0.102,0.879,0.019
19,Dow Jones Falls After Key Economic Data; 10-Year Treasury Yield Nears 11-Year High,0.202,0.079,0.921,0.0
20,Why This Top Advisor Is Still Buying Apple and Microsoft Stock,-0.178,0.11,0.736,0.153
21,Warren Buffett Just Bought Lots of Stocks -- Here's the One I'm Most Bullish On,0.0,0.0,1.0,0.0
22,Dow Jones Futures Fall After Key Economic Data; 10-Year Treasury Yield Nears 11-Year High,0.202,0.087,0.913,0.0
23,The Apple Watch Series 8 shows why Apple is still the smartwatch champ,0.996,0.102,0.844,0.055
24,Apple Watch SE (2nd Gen) Review: Pushing Value,0.477,0.147,0.853,0.0
25,Apple Watch Series 8 and SE Review: Both Watches Could Save Your Life. One Could Help You Make a Baby.,-0.542,0.0,0.83,0.17
26,Dow Jones Futures Rise After Key Economic Data; 10-Year Treasury Yield Nears 11-Year High,0.202,0.087,0.913,0.0
27,Samsung Goes Big On Its Carbon Neutral Goals,0.99,0.149,0.844,0.007
28,3 Stocks Warren Buffett Bought Hand Over Fist as the Market Plummeted,0.596,0.077,0.899,0.024
29,Apple taps TSMC’s latest tech and BYD races into Japan,0.382,0.162,0.769,0.069
30,Samsung to Invest $5 Billion Under Plan to Tame Rising Emissions,0.956,0.081,0.865,0.054
31,Apple Overtakes Tesla as Most-Shorted in U.S. Market,0.644,0.114,0.847,0.039
