﻿,Titles,Polarity,Positive,Neutral,Negative
0,"MLB reaches new deal with players union, baseball season to start April 7",0.318,0.084,0.866,0.05
1,Dow Jones Falls As Inflation Soars; Amazon Surges On Split; Apple Stock Stumbles,-0.202,0.163,0.682,0.155
2,The FAANG Stocks: Values or Traps?,0.996,0.138,0.82,0.042
3,Amazon stock split ‘just one more method’ to signal shareholder friendliness: Strategist,0.0,0.0,1.0,0.0
4,"Russia-Ukraine war gives Fed ‘ammunition’ to not raise interest rates quickly, CEO says",0.625,0.118,0.882,0.0
5,Dow Jones Slumps As Inflation Soars; Amazon Surges On Split; Apple Stock Stumbles,-0.202,0.163,0.682,0.155
6,Is Roblox Stock a Game Bulls Want to Play?,0.996,0.144,0.799,0.057
7,Should you get Apple's new iPhone SE?,0.952,0.057,0.921,0.022
8,Expect Renewed Strength In AAPL Stock After the Year’s First Apple Event,0.994,0.074,0.9,0.026
9,3 Restaurant Stocks to Buy as Equities Struggle Through Events,-0.972,0.102,0.788,0.111
10,Amazon stock split isn't the tech giant's only important news,0.992,0.153,0.847,0.0
11,Amazon Split and Buyback Could Deliver Much-Needed Liftoff,0.982,0.088,0.886,0.026
12,"Russia-Ukraine war: Tech workers face 'hard days,' says Ukrainian entrepreneur",-0.818,0.062,0.868,0.07
13,ANSYS (ANSS) to Work With GF on New Silicon Photonics Designs,0.998,0.142,0.842,0.017
14,"Stocks open lower, oil rises as Russia-Ukraine ceasefire talks stall",0.0,0.0,1.0,0.0
15,"Where Apple, Amazon, Alphabet, Meta and Microsoft Shares Now Stand",-0.128,0.097,0.749,0.154
16,Apple's New Lower-Cost iPhone: A Key Catalyst,0.505,0.062,0.923,0.016
17,Will Amazon’s stock split land it in the Dow Jones Industrial Average?,0.44,0.119,0.881,0.0
18,10 Best Semiconductor Stocks to Invest in According to DE Shaw,1.0,0.11,0.877,0.013
19,"Inside SoFi's Lates Acquisition (Yes, Another One)",-0.44,0.0,0.939,0.061
20,"Inside SoFi's Latest Acquisition (Yes, Another One)",-0.44,0.0,0.939,0.061
21,"Dow Jones Sells Off After Key Inflation Report; Amazon Jumps On Stock Split, Buyback",-0.128,0.139,0.697,0.164
22,Warren Buffett's Greatest Investment Ever,0.607,0.112,0.827,0.061
23,Bluegreen Vacations and Par Pacific have been highlighted as Zacks Bull and Bear of the Day,0.999,0.113,0.865,0.022
24,"Amazon Approves 20-for-1 Stock Split, $10B Buyback",0.178,0.108,0.892,0.0
25,Is it Still Safe to Invest in Apple Inc. (AAPL)?,0.993,0.117,0.878,0.005
26,"Dow Jones Futures Sell Off Ahead Of Key Inflation Report; Amazon Jumps On Stock Split, Buyback",-0.128,0.112,0.757,0.131
27,Amazon stock split: Will the tech giant join the Dow Jones Industrial Average?,0.976,0.103,0.89,0.007
28,Meta Platforms' 3 Biggest Challenges In 2022,0.665,0.128,0.872,0.0
29,How AI Can Make Weather Forecasting Better and Cheaper,0.997,0.079,0.892,0.028
30,Dow Jones Futures Fall After 'Ideal' Market Action; Inflation Report Due,-0.572,0.0,0.829,0.171
31,The 7 Best Meme Stocks to Buy Now for March 2022,1.0,0.179,0.785,0.036
32,These 2 Issues Are Weighing Heavily on Block Stock,0.454,0.066,0.873,0.061
33,Amazon stock split sends shares soaring,0.979,0.101,0.874,0.024
34,Peloton Slips Amid Reports It’s Testing a New Pricing Plan,-0.681,0.052,0.864,0.084
35,Block Is Telling a Growth Story That Investors Simply Aren’t Buying,-0.85,0.089,0.81,0.101
36,"Xiaomi, Oppo in Talks With India Firms to Make Phones for Export",0.949,0.074,0.877,0.049
37,Here's What Social Media Had to Say About Apple's New Products,0.0,0.0,1.0,0.0
