﻿,Titles,Polarity,Positive,Neutral,Negative
0,Tesla (TSLA) Beats on Top &amp; Bottom Lines; Guidance Expected,0.997,0.134,0.848,0.018
1,Can Apple's Earnings Impress Again? Tough Act To Follow For iPhone Maker In Fiscal Q2,0.999,0.085,0.889,0.026
2,"5 at 5: Your Daily Digest for Real Estate Investing, 4/26/21",0.477,0.076,0.924,0.0
3,"Big Tech Breakdown: Buy Microsoft, Apple &amp; Amazon Stock Before Earnings?",0.997,0.145,0.845,0.01
4,Apple Pledges $1 Billion for New North Carolina Engineering Hub,0.996,0.106,0.886,0.008
5,Apple Music to launch a ‘Top 25’ specific to each of these cities — based on the number of plays in each area,0.477,0.124,0.876,0.0
6,"Semiconductor Chip Crisis Extends To Washing Machine, Toasters: FT",-0.995,0.046,0.796,0.158
7,Jim Cramer: We're Not Finished Climbing,-0.226,0.0,0.905,0.095
8,Skyworks Lifts Nasdaq Ahead of Earnings; CRISPR Keeps Moving Forward,0.823,0.122,0.878,0.0
9,Tesla earnings will be a ‘blockbuster blowout’: 10MinuteStockTrader Founder,0.0,0.0,1.0,0.0
10,Facebook Presents Miniplayer For Streaming Spotify From Facebook App,0.919,0.07,0.925,0.006
11,Apple Will Spend $1 Billion to Open New Campus in North Carolina,-0.649,0.0,0.807,0.193
12,Why Churchill Capital IV Stock Popped Today,0.772,0.087,0.913,0.0
13,Apple slapped with antitrust complaint in Germany over new iPhone privacy settings,0.218,0.121,0.792,0.087
14,"UPDATE 1-Apple to establish North Carolina campus, increase U.S. spending targets",0.99,0.112,0.883,0.005
15,Is Now the Right Time to Buy Spotify?,-0.813,0.05,0.833,0.117
16,German Group Lodge Antitrust Allegations Over Apple's Privacy Update,-0.202,0.087,0.831,0.082
17,"S&amp;P 500, Nasdaq Closes at Record Ahead of Market Moving Earnings",0.944,0.069,0.9,0.032
18,Apple To Ramp Up Investment In The US To $430B,0.989,0.09,0.9,0.01
19,"Microsoft Profit, Tesla Reaction, Consumer Confidence: 3 Things to Watch",0.979,0.098,0.878,0.025
20,German business groups file complaint over Apple privacy settings,-0.859,0.065,0.84,0.095
21,Big Tech Q1 Earnings Look Strong: ETFs to Play,0.999,0.155,0.833,0.012
22,Apple to Invest $430 Billion in U.S. Over Five Years,0.599,0.12,0.88,0.0
23,Apple iPhone privacy update seen hurting Facebook revenue in second-quarter,0.987,0.096,0.865,0.039
24,Oscars 2021 recap: Highlights from the 93rd Academy Awards,0.0,0.0,1.0,0.0
25,"India smartphone sales set record, but COVID-19 surge to hit demand -report",0.968,0.112,0.845,0.043
26,"Apple to Add 20,000 U.S. Jobs Over 5 Years, Including New North Carolina Hub",0.273,0.11,0.89,0.0
27,"Mega-Cap Companies On Tap For Earnings This Week Include Tesla, Apple, Alphabet, Microsoft",0.999,0.127,0.841,0.032
28,Apple Ups U.S. Investments Over Five Years to $430 Billion,0.996,0.131,0.869,0.0
29,"Spotify's new tie-up to allow listeners play music, podcasts from Facebook app",0.872,0.071,0.91,0.019
30,Apple Hikes 5-Year US Investment Commitments To $430B,0.987,0.149,0.846,0.005
31,"Apple, Microsoft, and Exxon Report Earnings This Week. Why It’s Make-or-Break for the Stock Market.",0.0,0.0,1.0,0.0
32,NVIDIA's Bid for Arm Still Needs to Clear These 5 Hurdles,0.813,0.144,0.856,0.0
33,"Apple, Amazon, Google, Tesla and Spotify are part of Zacks Earnings Preview",0.999,0.143,0.837,0.02
34,Top 30 Video Games of All Time,1.0,0.138,0.84,0.022
35,"Apple plans $430 billion in U.S. investment, will open North Carolina campus",0.0,0.0,1.0,0.0
36,Millennials And Gen Z Bet Big On The Wrong 3 Stocks,0.093,0.074,0.866,0.059
37,Apple Commits $430 Billion in US Investments Over Five Years,1.0,0.127,0.862,0.011
38,"The Zacks Analyst Blog Highlights: Apple, Amazon, Google and Spotify",0.999,0.132,0.846,0.022
39,"The Zacks Analyst Blog Highlights: Facebook, Apple, Google and Snap",0.998,0.12,0.859,0.02
40,Apple’s privacy update shows the massive power of small design changes,-0.128,0.0,0.936,0.064
41,Tesla Earnings Kick Off Busy Earnings Week,0.637,0.181,0.819,0.0
42,Apple Commits $430 Billion in U.S. Investment Over Next Five Years,0.326,0.106,0.894,0.0
