﻿,Titles,Polarity,Positive,Neutral,Negative
0,Google Formed ‘Fortnite Task Force’ in Response to Epic’s Moves,0.952,0.092,0.853,0.055
1,10 Best Blue Chip Dividend Stocks,0.999,0.117,0.854,0.03
2,7 Stocks to Buy in November in Light of Their October Dip,0.999,0.104,0.855,0.042
3,"The meaning of the ‘metaverse,’ and all the terms you need to understand it",0.077,0.041,0.924,0.036
4,Why This Investor Thinks Qualcomm Shares Are Headed 'Well Above $200',0.949,0.089,0.899,0.012
5,IBM Designs New Quantum Chip - All You Need To Know,0.961,0.081,0.913,0.006
6,10 Stocks To Invest In According To Stephen Errico’s Locust Wood Capital,0.999,0.096,0.893,0.011
7,IBM: The Curse of Value,0.964,0.07,0.884,0.046
8,7 Technology Stocks That Will Resist Any Market Selloff,0.999,0.102,0.878,0.021
9,A Peek Into The Markets: US Stock Futures Higher Ahead Of Tyson Foods Earnings,0.44,0.052,0.907,0.041
10,Apple TV+ hopes to build on rivals' success with first Korean series,0.938,0.067,0.914,0.019
