﻿,Titles,Polarity,Positive,Neutral,Negative
0,What the Latest Fed Pronouncements Mean for the Stock Market,0.999,0.156,0.818,0.026
1,What Sectors Are Facing Margin Pressures?,0.981,0.132,0.821,0.047
2,Apple SharePlay: How to watch movies and TV shows with up to 33 people at once,0.995,0.095,0.894,0.01
3,The Rumor-Induced Pinterest Selloff Has Created a Buying Opportunity,0.998,0.128,0.824,0.048
4,"Big Tech, Tesla &amp; An ETF to Invest in Disruption",0.998,0.2,0.786,0.014
5,UPDATE 1-Apple to drop customer mask requirement at many U.S. stores - Bloomberg News,0.178,0.014,0.986,0.0
6,‘We saw all of California covered by a cloud of smoke and flames with the naked eye’: French astronaut describes climate change from space,0.0,0.0,1.0,0.0
7,Intel Loses Ground to AMD as Demand for Chromebook Chips Wanes,-0.887,0.048,0.872,0.079
8,Apple to Drop Mask Mandate at Many U.S. Stores on Falling Cases,0.941,0.064,0.907,0.03
9,Apple SharePlay: New feature enables users to listen to music together and more,0.395,0.079,0.921,0.0
10,Is Apple The Most Overpriced Tech Stock Right Now? Dan Niles Weighs In,0.978,0.114,0.861,0.025
11,7 trust traps to watch out for,0.961,0.252,0.697,0.051
12,Google to allow third-party payment options for in-app purchases in South Korea,0.765,0.17,0.83,0.0
13,"Microsoft's Ascension, Facebook's Metamorphosis",0.655,0.292,0.708,0.0
14,Apple Says France Was Playing Politics in $1.3 Billion Fight,-0.273,0.059,0.883,0.058
15,Alphabet Makes Its Own Rules; and the Big Deal That Wasn't,0.776,0.088,0.912,0.0
16,Analysts Bump Up Qualcomm Price Target Post Q4 Beat,0.991,0.119,0.836,0.045
17,"Biden, Kerry to tap Amazon, Apple and others for the tech to lower airline, steel and trucking emissions",-0.103,0.045,0.899,0.056
18,Prediction: These Will Be the 10 Largest Stocks by 2035,0.758,0.183,0.817,0.0
19,Fisker Highlights EV Launch Plans,0.802,0.067,0.898,0.035
20,10 Stocks To Buy Now According To Stamos Capital,0.998,0.092,0.893,0.015
21,Why Apple Is One of the Best 5G Stocks to Buy After Its Latest Earnings,-0.153,0.0,0.918,0.082
22,10 Stocks To Buy According To Ronald Hua’s QTRON Investments,0.999,0.087,0.888,0.024
23,10 Stocks To Invest In According To Claes Fornell,1.0,0.12,0.867,0.013
24,17 new and used cars short people will love,0.422,0.091,0.909,0.0
25,"Qualcomm Stock Surges On Q4 Earnings Beat, Solid 2022 Profit Outlook",0.44,0.139,0.861,0.0
26,Criteo (CRTO) Q3 2021 Earnings Call Transcript,0.0,0.0,1.0,0.0
27,Google to Open App Store Payments to Comply With South Korea Law,0.0,0.055,0.89,0.055
