﻿,Titles,Polarity,Positive,Neutral,Negative
0,Broadcom Delivers Upbeat Forecast on Strong Demand for Chips,0.974,0.088,0.885,0.027
1,"Apple stock closes at record high following concessions to Netflix, Spotify, other app makers",0.8,0.198,0.802,0.0
2,Apple’s Bigger Watch Will Jam More Data Than Ever on Your Wrist,0.986,0.053,0.941,0.006
3,Dow Jones Gains; Netflix Stock Pounces After Apple App Store Boost; 3 Stocks Pass Buy Points,0.494,0.138,0.862,0.0
4,The tech trade isn't done: Jefferies analyst,0.931,0.066,0.911,0.023
5,Netflix's 3 'most important' shows as content wars with Disney/Apple/HBO heat up,0.989,0.078,0.901,0.02
6,"Apple stock heads toward record after concessions for Netflix, Spotify and other app makers",0.847,0.225,0.775,0.0
7,"Apple’s stock heads toward record after concessions for Netflix, Spotify and other app makers",0.7,0.163,0.837,0.0
8,Explainer-Apple gives 'reader' apps a way around commissions. Who wins?,0.92,0.077,0.872,0.051
9,This Massive Market Could Boost Apple Stock,-0.631,0.032,0.881,0.087
10,Here's what's driving recent tech gains,0.0,0.0,1.0,0.0
11,"Why Apple Had To Make Another App Store Concession, And Could Face More",0.0,0.0,1.0,0.0
12,Whoop CEO: I expect every big tech company to enter the health monitoring space,0.44,0.079,0.921,0.0
13,"Dow Jones Rallies As Jobless Claims Fall To Pandemic Low; Bitcoin Tops $50,000, Apple Nears New High",0.0,0.0,1.0,0.0
14,UPDATE 1-Russia may treat U.S tech companies' hosting of Navalny app as meddling - regulator,0.811,0.097,0.846,0.057
15,Apple Could Lose Ground in the Fourth Quarter,0.974,0.095,0.859,0.047
16,5 GARP Stocks to Scoop Up for Maximum Returns,1.0,0.202,0.796,0.002
17,Apple Will Ease Payment Rules for Some Media Apps Like Netflix and Spotify,0.202,0.087,0.913,0.0
18,"Apple Said to Be Talking With Korean, Japanese Suppliers for Apple Car",0.0,0.037,0.912,0.051
19,Russia may treat U.S tech companies' hosting of Navalny app as meddling - regulator,0.811,0.099,0.844,0.057
20,"'Buy Now, Pay Later' Consumer Financing Takes On Credit Cards",-0.103,0.0,0.931,0.069
21,"Heading Into Jobs Report, It’s Back to a Bad News Is Good News Market",-0.735,0.0,0.856,0.144
22,Will Roku Achieve a Trillion-Dollar Market Cap by 2030?,0.511,0.07,0.93,0.0
23,WhatsApp Fined $266 Million Over Data Transparency Violations,0.092,0.055,0.888,0.057
24,Apple is losing control over its app store,0.953,0.097,0.83,0.073
25,"Ida Batters NYC, Jobless Claims, China's Tech Squeeze - What's Moving Markets",0.947,0.059,0.903,0.038
26,Indian Trio Reap $500 Million Each Selling Payments Startup,0.988,0.076,0.9,0.024
27,Apple to Let Media Apps Avoid 30% Fee After Scrutiny,0.25,0.079,0.88,0.041
28,Indonesia’s Traffic Snarls Return While Vietnamese Roads Empty,0.876,0.075,0.879,0.046
29,Apple loosens App Store payment rules for ‘reader’ apps in another concession to developers,0.671,0.134,0.866,0.0
30,Apple Changsha Opens Saturday in China,0.998,0.135,0.863,0.002
31,"Following Apple's Lead, Google to Take Chip Production In-House",0.0,0.0,1.0,0.0
32,YouTube’s Music Service Eclipses 50 Million Subscribers,0.995,0.096,0.873,0.032
33,Apple to Let Media Apps Avoid 30% Fee After Global Scrutiny,0.982,0.103,0.862,0.035
34,UPDATE 2-Apple loosens App Store rules on content companies after Japan probe,0.905,0.1,0.85,0.05
35,Apple loosens App Store rules on content companies after Japan probe,0.905,0.102,0.847,0.051
36,Apple says Japan Fair Trade Commission closes App Store investigation,0.751,0.077,0.923,0.0
37,Japan Fair Trade Commission Closes App Store Investigation,0.998,0.157,0.841,0.002
