﻿,Titles,Polarity,Positive,Neutral,Negative
0,Making the Case for Network Monitoring Tools. And Breaking Down Apple’s App Store Risk.,-0.649,0.045,0.78,0.174
1,"The Week In Cannabis: New ETF, First Delivery App On Apple, FBI, Sundial, M&amp;A And More",0.999,0.075,0.914,0.012
2,'You really need Congress and you need legislation to really bring about meaningful change in antitrust policy': Insigneo Chief Investment Strategist,0.178,0.069,0.931,0.0
3,7 Super-Safe Dividend Stock Performers to Buy,0.999,0.132,0.808,0.061
4,"Tech Deals, Data Come Under Fire in Biden’s Sweeping Order",0.992,0.091,0.865,0.045
5,Apple iPhone 13 Chip Production Boosts Taiwan Semiconductor's June Sales,0.0,0.0,1.0,0.0
6,This week in Bidenomics: Big is bad,0.985,0.088,0.86,0.052
7,"Look Out Alphabet, Amazon, and Apple. Biden Takes Aim at Big Business in Executive Order.",0.0,0.0,1.0,0.0
8,"Technology Stocks Shrug Off Biden Executive Order On Competition, Mergers",0.718,0.286,0.714,0.0
9,Apple in early talks for streaming rights of NFL Sunday Ticket games: The Information,0.71,0.057,0.943,0.0
10,Apple in early talks for streaming rights of NFL Sunday Ticket games - The Information,0.71,0.056,0.944,0.0
11,2 Top 5G Stocks That Are Screaming Buys Right Now,0.872,0.146,0.854,0.0
12,The 7 Best Tech Stocks to Buy in July,1.0,0.126,0.862,0.012
13,Top 10 Cloud Stocks to Buy on the Next Dip -- Part II,0.852,0.213,0.787,0.0
14,10 Best Vanguard Stocks to Buy Now,1.0,0.129,0.85,0.021
15,"Biden targets tech, drugs prices in new executive order",0.758,0.176,0.824,0.0
16,"Dow Jones Leads, Nasdaq Struggles As Stocks Bounce; Biden Order Targets Big Tech Stocks; GM, Ford Rally",-0.402,0.0,0.863,0.137
17,Taking Another Bite of the Apple,-0.66,0.0,0.904,0.096
18,"Dow Jones Leads Rebounding Futures, Biden Order Targets Big Tech Stocks; GM, Moderna Rally",0.0,0.0,1.0,0.0
19,"If You Invested $1000 in Apple 10 Years Ago, This Is How Much You'd Have Now",0.998,0.155,0.819,0.025
20,"Hot Stocks Apple, Microsoft, Nvidia Lead Lower-Risk Tech Play Near Buy Point",-0.052,0.138,0.67,0.192
21,Biden's Executive Order on Competition Could Slice Several Companies Into Pieces,-0.202,0.0,0.927,0.073
22,The Smartest Stocks to Buy With $500 Right Now,0.753,0.199,0.758,0.043
23,Tech Stocks Roundup: Jim Cramer Says FAANG Is Not Dead,0.202,0.083,0.917,0.0
