﻿,Titles,Polarity,Positive,Neutral,Negative
0,Only one US stock has done better than Amazon in the Jeff Bezos era,0.988,0.123,0.862,0.015
1,"Forget 5G, the U.S. and China Are Already Fighting for 6G Dominance",0.99,0.077,0.876,0.047
2,Upstart Rises 879% as Founder Bets on Making Phones in India,0.996,0.097,0.87,0.032
3,"The Zacks Analyst Blog Highlights: Apple, FedEx, Ford, Hologic and Weyerhaeuser",0.999,0.107,0.871,0.023
4,Renesas Set To Acquire Apple Supplier Dialog Semiconductor For $5.9B,0.934,0.078,0.922,0.0
5,Apple supplier Dialog Semiconductor snapped up by Japanese tech giant for $6 billion,0.0,0.0,1.0,0.0
6,Dialog Agrees to $6 Billion Takeover by Renesas Electronics,0.995,0.101,0.882,0.017
7,"Apple Car Talks Aren’t Happening, Say Automakers Hyundai, Kia",-0.835,0.07,0.863,0.067
8,Clubhouse App Offers Chinese Rare Glimpse of Censor-Free Debate,0.989,0.093,0.866,0.041
9,Chip Shortage Spirals Beyond Cars to Phones and Consoles,-0.883,0.063,0.856,0.081
10,"Hyundai, Kia Shares Fall, Did-They-Didn’t-They Game Over Apple Talks Continues",-0.848,0.04,0.904,0.056
