﻿,Titles,Polarity,Positive,Neutral,Negative
0,"Jawbone Ghost Rises to Sue Google, Apple Over Ear Pods, Phones",-0.981,0.073,0.811,0.116
1,"Facebook Warns iOS Changes Are Hurting Advertising Numbers, But Here's Why That Isn't A Big Concern Yet",-0.725,0.05,0.889,0.061
2,"Russia's Navalny criticises Apple, Google over app removal, social media posts say",0.54,0.104,0.798,0.098
3,"Future of Apple TV+ amid Emmy wins, ‘Ted Lasso’ success",-0.128,0.0,0.949,0.051
4,The iPhone 13 Arrives Friday. It’s a Big Day for Consumers—and Investors,0.612,0.208,0.792,0.0
5,The iPhone 13 Arrives Tomorrow. It’s a Big Day for Consumers—and Investors,0.612,0.208,0.792,0.0
6,"Facebook Stock Puts In A Bottom, Options Traders Bet Big On Further Upside",0.772,0.03,0.939,0.03
7,EU's Latest Proposal Could Mean Setback For Apple: Report,0.103,0.047,0.924,0.03
8,"S&amp;P 500 Rallies as Bulls Find Joy in Energy, Financials",0.992,0.117,0.849,0.034
9,"FDA approves booster shots, Facebook CTO steps down, White House’s chip shortage meeting",0.0,0.0,1.0,0.0
10,Apple (AAPL) Rumored to Launch AR-Supported Headset in 2H22,0.997,0.125,0.875,0.0
11,"Netflix (NFLX) Buys Roald Dahl Story Company, Expands Portfolio",0.998,0.164,0.822,0.014
12,iPhone 13 Preorders Soar. This Analyst Says Consumers Want Apple’s Newest Model.,0.0,0.0,1.0,0.0
13,My Top Stock to Buy in the China Sell-Off,-0.827,0.0,0.906,0.094
14,S&amp;P 500 Jumps as Cyclical Stocks Continue Post-Fed Rally,0.991,0.112,0.862,0.026
15,"Ambarella (AMBA), Dongfeng Fengshen Tie Up to Build DMS",0.996,0.143,0.838,0.02
16,September Sell-Off: 2 Top Stocks to Buy Now,-0.178,0.056,0.858,0.086
17,Apple Employee Bonus Plan Leaks -- Amid Tech Giant's Crackdown on Leaks,0.542,0.045,0.955,0.0
18,iPhones May Need Redesign as EU Pushes for Common Charger,-0.433,0.063,0.876,0.061
19,"UPDATE 1-EU plans one mobile charging port for all, in setback for Apple",-0.82,0.028,0.919,0.053
20,"EU plans one mobile charging port for all, in setback for Apple",0.724,0.054,0.907,0.039
21,Dow Jones Futures Rise Despite China's Evergrande Default Warning After Fed Fuels Market Rally,0.542,0.22,0.78,0.0
22,Better FAANG Stock: Facebook vs. Apple,-0.103,0.0,0.975,0.025
23,Facebook Affirmed at Morgan Stanley After iOS Underreport Post,-0.273,0.0,0.877,0.123
24,Fed Gives Bond-Buy Tapering Signal Without Timeline: 5 Picks,1.0,0.176,0.811,0.013
25,5 Stocks to Watch Amid Surging Demand for Digital Payments,0.999,0.152,0.842,0.006
26,"Market Sell-Off Fears: Where to Invest $1,000 Right Now",-0.854,0.0,0.865,0.135
27,Microsoft Keeps Surface in Its Place,0.431,0.168,0.832,0.0
28,Dow Jones Futures Rise Amid Mixed Evergrande News After Fed Meeting Fuels Stock Market Rally,0.542,0.22,0.78,0.0
29,2 FAANG Stocks to Buy and 1 to Avoid in the Fourth Quarter,0.727,0.272,0.728,0.0
30,"Premarket Movers Thursday - Darden, Salesforce, Biogen, BlackBerry",0.0,0.0,1.0,0.0
31,"Pfizer, Salesforce and Darden Restaurants Rise Premarket; Rite Aid Falls",0.705,0.051,0.909,0.04
32,UPDATE 1-Australia's Commonwealth Bank mocks Apple's 'pro-competition' claim,-0.103,0.05,0.896,0.054
33,Facebook Recovering after Warning of Apple Privacy Rules Led to Weakness,-0.92,0.04,0.884,0.077
34,Australia's Commonwealth Bank mocks Apple's 'pro-competition' claim,0.537,0.05,0.907,0.043
35,"White House to host Intel, Apple, Microsoft execs to discuss chip shortage",0.052,0.066,0.873,0.06
36,Facebook Blames Apple for Its Ad Business Woes Amid Escalating Feud,0.511,0.117,0.883,0.0
