﻿,Titles,Polarity,Positive,Neutral,Negative
0,Amazon announced its first stock split in more than 20 years,0.927,0.198,0.802,0.0
1,"Amazon Jumps on Plan to Split Stock, Buy Back Up to $10 Billion",0.967,0.107,0.849,0.044
2,Dow Jones Futures: 5 Stocks Set Up Amid Ideal Market Action; Crude Oil Dives As Inflation Report Looms,-0.459,0.112,0.659,0.229
3,"Good News From Target, a Change for Disney+, and More",0.511,0.071,0.929,0.0
4,"Markets end the day with stocks in the green, commodity prices down",-0.572,0.0,0.907,0.093
5,U.S. Stocks Keep Global Rally Going as Dip Buyers Shed War Fears,0.929,0.086,0.862,0.052
6,Why Apple Stock Climbed Today,0.296,0.049,0.951,0.0
7,Market check: S&amp;P 500 on track for best day since May 2020,0.542,0.134,0.866,0.0
8,3 Cathie Wood Stocks to Buy,0.997,0.114,0.848,0.039
9,People Loved This Cool Twitter Hack During Apple's Big Event,0.25,0.138,0.789,0.072
10,Is Clover Stock a Buy Right Now? Its 160% Revenue Growth Says Yes.,0.999,0.157,0.804,0.039
11,Apple’s Latest Event Had A Few Surprises. Here Are 6 Key Things to Know.,-0.141,0.0,0.928,0.072
12,Twitter Makes a Big Change for Apple's Big Event,0.273,0.123,0.877,0.0
13,Apple continues shift away from Intel processors with new M1 chip,0.99,0.081,0.915,0.004
14,US Lawmakers Urge DOJ To Probe Amazon: WSJ,0.973,0.165,0.795,0.04
15,Apple (AAPL) Launches Most Affordable iPhone to Attract Customers,0.996,0.141,0.831,0.028
16,Apple's (AAPL) New iPad Air Integrated With Ultra-Fast M1 Chip,0.994,0.125,0.868,0.008
17,Tim Cook pay vote shows ISS should not be judge and jury,0.477,0.082,0.918,0.0
18,"Market check: Stocks open higher, financials lead",0.0,0.0,1.0,0.0
19,"Apple (AAPL) Launches M1 Ultra, Mac Studio and Studio Display",0.997,0.107,0.89,0.003
20,10 Best Vanguard ETFs to Invest In,1.0,0.182,0.798,0.02
21,Dow Jones Jumps; Bitcoin Surges As Biden Unveils Executive Order,0.0,0.0,1.0,0.0
22,"Tesla Bears, Watch Out. How the Stock Could Rise Like Apple’s Did.",0.494,0.208,0.792,0.0
23,5G Stocks To Buy: Apple Targets Mid-Range Smartphones With 5G IPhone SE,0.637,0.181,0.819,0.0
24,"MongoDB (MDB) Q4 Loss Narrower Than Expected, Revenues Rise",0.99,0.087,0.876,0.037
25,Apple to chime louder in Asia with 5G iPhone SE,0.884,0.096,0.838,0.067
26,Dow Jones Futures Jump; Bitcoin Surges As Biden Unveils Executive Order,0.0,0.0,1.0,0.0
27,"Apple Introduces M1 Ultra Processor, Product Updates",0.273,0.087,0.913,0.0
28,"Russia Is Small Potatoes For Tech Stocks Apple, Alphabet And Others — And Then There's China",0.052,0.09,0.827,0.083
29,NCR Boosts Digital Banking Capabilities Through Tech IP Buyout,0.998,0.121,0.877,0.002
30,Microsoft CFO Stressed On The Importance Of Windows: CNBC,0.994,0.223,0.746,0.031
31,Dow Jones Futures Jump After Stock Market Whipsaws Amid Russia Crude Oil Ban,-0.905,0.0,0.681,0.319
32,3 Beaten-Down Growth Stocks to Buy Right Now,0.0,0.0,1.0,0.0
33,"Bumble, Macy's, Apple Rise Premarket; Stitch Fix Slumps",0.788,0.071,0.879,0.05
34,Dow Futures Rise 430 Pts; Tentative Signs of Diplomacy Over Ukraine,-0.913,0.057,0.866,0.078
35,"Ukraine Peace Hopes, Russian Chaos, Apple Launches - What's Moving Markets",-0.989,0.046,0.867,0.088
36,Why Apple Stock Lagged the Market Today,-0.157,0.0,0.881,0.119
37,Meta Accused of Failing to Warn Investors of Apple Privacy Tweak,-0.923,0.069,0.829,0.102
