﻿,Titles,Polarity,Positive,Neutral,Negative
0,"Needham Sees Netflix Losing Out To Amazon, Disney, Apple and Other Streaming Rivals",0.963,0.138,0.826,0.036
1,"Apple’s M1 Ultra chip is good for you, but a problem for Intel, AMD, and Nvidia",0.998,0.109,0.868,0.022
2,EU's Vestager aims for March deal on tech rules,0.902,0.073,0.927,0.0
3,"Apple (AAPL) Releases watchOS 8.5, Leads Smartwatch Market",0.997,0.125,0.87,0.005
4,Apple Customers May Have Reason to Cheer,-0.296,0.045,0.897,0.058
5,Why You Should Keep an Eye on Cirrus Logic (CRUS) Stock?,0.999,0.155,0.83,0.015
6,Tech Stocks Are at the Fed’s Whim With Rate Hike Looming,0.98,0.093,0.856,0.051
7,"Russia-Ukraine war: Financial sector 'on high alert' for cyberattacks, Crowdstrike CEO says",-0.612,0.061,0.76,0.178
8,Apple's Latest iPhone Could Help It Become a $3 Trillion Stock,0.153,0.095,0.831,0.074
9,Dow Jones Jumps On China And 'More Realistic' Russia-Ukraine Talks,0.542,0.171,0.829,0.0
10,Citrix (CTXS) Focused on Gaining From Hybrid Work Innovation,0.998,0.136,0.864,0.0
11,"Dow Jones Futures Jump On China, And 'More Realistic' Russia-Ukraine Talks",0.542,0.179,0.821,0.0
12,My 3 Favorite Stocks Right Now,0.823,0.115,0.885,0.0
13,Foxconn Covid-19 Closure Reminds Us Apple Stock Has a China Problem,-0.588,0.075,0.851,0.074
14,Global Efforts To Reduce Semiconductor Dependence Will Further Exacerbate Crisis: Bloomberg,0.879,0.122,0.801,0.077
15,2 Best Metaverse Stocks to Buy in 2022 and Beyond,0.891,0.11,0.89,0.0
16,WeCrashed — Jared Leto and Anne Hathaway take on WeWork’s excess,0.44,0.146,0.854,0.0
17,The most popular wartime apps in Ukraine and Russia,-0.893,0.094,0.68,0.227
18,Blockchain's financial utility is 'undeniable': Adam Dell,0.948,0.081,0.906,0.013
19,UPDATE 1-Apple supplier Foxconn's Q4 profit beats estimates,0.402,0.046,0.919,0.034
20,Foxconn Partly Restarts Shenzhen iPhone Hub Hit by Lockdowns,-0.848,0.04,0.893,0.067
21,New IPhones Help 5G Handsets Capture More Than Half the Market,-0.218,0.059,0.888,0.054
22,The Global Fight Over Chips Is Only Going to Get Worse,-0.974,0.053,0.884,0.063
