﻿,Titles,Polarity,Positive,Neutral,Negative
0,Why Investors Were Loving AppLovin on Tuesday,0.796,0.125,0.856,0.019
1,Should Amazon (AMZN) Antitrust Concerns Worry Investors?,-0.171,0.077,0.811,0.112
2,Apple files appeal notice in copyright lawsuit against cybersecurity firm,-0.026,0.05,0.911,0.039
3,Why Apple Is A 'Top Tech Name' To Own Right Now,0.985,0.094,0.886,0.021
4,"Apple Chip Supplier TSMC's Market-Cap Leapfrogs Above High-Profile Chinese Tech Stalwarts Tencent, Alibaba",0.917,0.077,0.884,0.038
5,"MP Materials: Rare Earth Mining Company Is The Thing Behind The Thing For EVs, Other Sectors",0.998,0.128,0.851,0.02
6,S&amp;P 500 Snaps 5-Day Streak as Retail Sales Flag Consumer Worries,0.911,0.064,0.887,0.049
7,Apple to Increase Covid Testing of Staff as Delta Spreads,0.98,0.077,0.91,0.013
8,Google Adds Larger Screen and Battery to Its Cheapest 5G Phone,0.992,0.127,0.858,0.015
9,Wedbush: Apple Stock Is a Buy Ahead of iPhone 13 Launch,0.998,0.149,0.83,0.021
10,Scarlett Johansson Inks First Film Role After Disney Lawsuit,0.839,0.043,0.936,0.021
11,A Rollercoaster In Apple,0.973,0.073,0.9,0.027
12,This Is the Only Video Game Stock You Need,0.706,0.084,0.916,0.0
13,S&amp;P 500 Slumps as Worries Over Consumer Grow After Retail Sales Slide,0.796,0.053,0.907,0.039
14,Will Sea Limited Be a Trillion-Dollar Company by 2030?,-0.25,0.048,0.887,0.065
15,Apple Selects 15 Black- and Brown-Owned Businesses for First-of-Its-Kind Impact Accelerator,1.0,0.137,0.856,0.007
16,"Clover Health, Wish, AMC, Tesla, Apple And More — What WallStreetBets Is Talking About Today",0.961,0.082,0.902,0.017
17,"Apple Still a 'Top Tech Name to Own,' Wedbush Analyst Ives Says",0.66,0.265,0.735,0.0
18,"Apple, GM, Kroger, AbbVie, Merck, Bristol Myers Squibb, Biogen — How Warren Buffett's Berkshire Adjusted Its Portfolio In Q2",0.982,0.099,0.87,0.031
