﻿,Titles,Polarity,Positive,Neutral,Negative
0,"QCOM Stock, Apple Surge Off Lows Ahead Of Quarterly Earnings Reports",0.71,0.219,0.781,0.0
1,Snap Stock Is Down by Double Digits After Earnings. Meta Platforms Drops Too.,0.0,0.0,1.0,0.0
2,"Meta, Alphabet Knocked Down After Snap’s ‘Awful’ Results",-0.982,0.032,0.836,0.132
3,Apple’s Market Cap Could Soar by $1 Trillion. One Analyst Is Betting on Subscriptions.,0.44,0.045,0.955,0.0
4,Morgan Stanley predicts Apple could hit $3 trillion on services shift,0.34,0.103,0.897,0.0
5,Market strategist explains why she ‘started adding risk back’ into portfolios,0.0,0.0,1.0,0.0
6,Samsung Eyes $200 Billion Expansion of Chip Plants in Texas,0.945,0.087,0.862,0.051
7,Stock Market Today: Dow Closes Higher on Surge in Tech,0.289,0.092,0.818,0.089
8,Kate Bush’s ‘Running Up that Hill’ goes viral after ‘Stranger Things’ boost,0.0,0.0,1.0,0.0
9,Why investors love GameStop’s stock split,0.557,0.141,0.859,0.0
10,How the metaverse is slowly transforming the workplace,0.969,0.055,0.921,0.024
11,T-Mobile Collaborates With Apple In Its Bid To Extend Consumer Benefits,0.97,0.107,0.884,0.009
12,Samsung Weighs Massive US Ambitions As CHIPS Bill Gathers Momentum,0.984,0.127,0.866,0.006
13,"Crude oil falls on demand concerns, bitcoin falls below $23,000",0.0,0.0,1.0,0.0
14,T-Mobile and Apple to sell small-business connectivity plan,0.128,0.018,0.966,0.016
15,Has Apple Finally Matched Supply and Demand?,-0.128,0.0,0.909,0.091
16,Morgan Stanley Reasons Why It Sees Apple Reaching $3T Valuation,0.981,0.123,0.852,0.025
17,Is a Beat Likely for F5 Networks (FFIV) This Earnings Season?,0.998,0.12,0.875,0.005
18,"Zacks Market Edge Highlights: Microsoft, Apple, Sony, Expedia and Booking",0.999,0.137,0.84,0.023
19,"Changing Sentiment, Bad Headlines, Reality Bites, Bright Side, Apple of My Eye",-0.66,0.0,0.81,0.19
20,Which US Big Tech Was Highest Lobbying Spender Against Antitrust In Q2 - Answer Is Not Shocking,0.763,0.065,0.889,0.046
21,"Microsoft, Lyft's Actions Highlights Concerns Over Lingering Economic Uncertainty: Report",0.763,0.096,0.832,0.072
22,"Amazon's ginormous retail business is being priced at 'virtually zero value,' making the stock 'attractive': Analyst",0.991,0.138,0.828,0.034
23,"Social media revenue growth expected to slow as TikTok, Apple compete",0.911,0.083,0.865,0.052
24,"Tesla, MicroStrategy, Block Face Hit From Bitcoin",-0.728,0.067,0.864,0.069
25,Why This Tech Stock Could Take Off This Earnings Season,0.923,0.125,0.875,0.0
26,U.S. Initial Jobless Claims Top 250k For First Time Since January,-0.238,0.041,0.918,0.041
27,Amazon Breaks Lobbying Record Amid Antitrust Fight,-0.668,0.05,0.889,0.061
28,TikTok Owner Spends Record $2.14 Million on US Lobbying,0.914,0.078,0.867,0.055
29,3 Best Music Stocks to Buy Now,0.999,0.15,0.837,0.013
