﻿,Titles,Polarity,Positive,Neutral,Negative
0,"Dow Jones Futures Fall After Market Rally Whipsaws On Inflation Fears; Tesla, Apple Lead 8 Stocks At Key Levels",-0.625,0.0,0.805,0.195
1,"Dow Jones Futures: Market Rally Whipsaws On Inflation Fears; Tesla, Apple Lead 8 Stocks At Key Levels",-0.625,0.0,0.805,0.195
2,"Dow Jones Futures: Stock Market Rally Whipsaws Ahead Of Key Inflation Data; Tesla, Apple Lead 8 Stocks At Key Levels",-0.625,0.0,0.805,0.195
3,"Earnings Roundup: Facebook, Amazon, and Shopify",0.0,0.0,1.0,0.0
4,"Google Pay Introduces International Money Transfer With Wise, Western Union: Reuters",0.958,0.122,0.855,0.023
5,Big Tech Join Intel To Seek Congressional Funding For Chip Production,0.951,0.112,0.841,0.047
6,Apple pushes back against Epic claims to defend app payment system,0.0,0.0,1.0,0.0
7,"Apple Defends App Review, Payment System to Deflect Epic Claims",-0.989,0.059,0.82,0.121
8,"Apple stock slips, but has bounced sharply off 200-day moving average",-0.788,0.017,0.929,0.053
9,"Jony Ive Delivers Virtual Commencement Speech, Courtesy of Nick Knight",0.824,0.054,0.916,0.03
10,"These 10 Tech Stocks Are Still Soaring, But Apple Is 'Dead Money'",-0.818,0.0,0.691,0.309
11,"S&amp;P 500 Closes Lower, But Tech Shows Signs of Life on Dip-Buying",0.988,0.111,0.826,0.063
12,"Apple Strengthens Ties With Corning, Invests $45M",0.984,0.096,0.875,0.029
13,Got $100? You Can Buy These 3 REITs,0.612,0.109,0.891,0.0
14,S&amp;P 500 Off Lows as Traders Snap Up Battered Tech Stocks,0.992,0.119,0.825,0.056
15,Apple Says App Store Stopped More Than $1.5 Billion in Fraud,-0.735,0.0,0.754,0.246
16,"Tech Downturn Advances, With Apple, Tesla Coming Under Early Pressure",0.997,0.094,0.855,0.051
17,Tech stocks extend losses,-0.402,0.0,0.917,0.083
18,30 Highest Paying Jobs with an Associate’s Degree in 2021,1.0,0.092,0.872,0.036
19,Is Apple Stock a Buy?,0.727,0.1,0.853,0.047
20,Wall Street Slumps at Open as Correction Broadens; Dow Down 380 Pts,-0.92,0.064,0.851,0.085
21,Apple's attempt to diversify manufacturing to India is being stymied by New Delhi's coronavirus crisis,0.304,0.045,0.916,0.039
22,Tech giants join call for funding U.S. chip production,-0.643,0.043,0.904,0.053
23,"Tech Giants Urge Congress to Fund Chip Act, Focus on Long-Term",0.907,0.071,0.892,0.037
24,"FAANG Slips On Fear Of Money Tightening, Regulatory Action To Tame Big Tech",-0.628,0.051,0.879,0.07
25,"Tesla, Palantir, ARK and Apple, Wynn - 5 Things You Must Know Tuesday",-0.44,0.061,0.771,0.168
26,Exclusive: Foxconn iPhone India output drops 50% amid COVID surge-sources,0.719,0.069,0.866,0.065
