﻿,Titles,Polarity,Positive,Neutral,Negative
0,The Market Was Mixed Today. Here's Why.,0.985,0.108,0.858,0.034
1,"How Is Tesla Stock Worth $3,000? By Becoming Bigger Than Apple.",-0.44,0.0,0.881,0.119
2,"How Is Tesla Worth $3,000? By Becoming Bigger Than Apple.",-0.44,0.0,0.881,0.119
3,"Facebook and Amazon Unleash Spending, Vault Atop U.S. Lobbying",0.928,0.078,0.897,0.025
4,Chinese Government Attacks H&amp;M Over Statement On Xinjiang Forced Labor: Report,-0.966,0.031,0.899,0.07
5,Intel CEO: 'There is competitive fun going on with Apple',0.998,0.176,0.815,0.009
6,Dow Jones Rallies As These Plays Flourish; GameStop Sinks As Tech Stocks Flounder,0.743,0.289,0.711,0.0
7,"Up Over 2,000% in a Year, Digital Turbine Stock Might Just Be Getting Started",0.751,0.099,0.901,0.0
8,"Apple Launches Teacher Portfolio, Updates Learning Apps",0.993,0.133,0.863,0.005
9,"7 things you really shouldn’t be buying with that $1,400 stimulus check",-0.823,0.0,0.751,0.249
10,"The Zacks Analyst Blog Highlights: Skyworks Solutions, Qorvo, Analog Devices, Viavi Solutions and Corning",0.999,0.115,0.87,0.015
11,What’s behind Intel’s $20 billion plan,0.0,0.0,1.0,0.0
12,Why GoPro's Competitive Advantage Should Concern You,0.077,0.039,0.928,0.033
13,Structure Your Retirement Portfolio With These 5 Tech Stocks,1.0,0.177,0.804,0.019
14,Xiaomi Reports Profit Jump After Grabbing Huawei’s Market Share,0.979,0.082,0.908,0.01
15,Apple Card Doesn't Discriminate Against Women — At Least Not In Terms Of Credit Limit,0.856,0.099,0.832,0.069
16,Intel CEO Charts Comeback on Foundry Model TSMC Mastered,0.997,0.117,0.845,0.038
