﻿,Titles,Polarity,Positive,Neutral,Negative
0,"AlphaClone Alternative Alpha  ETF Buys Caesars Entertainment Inc, PagerDuty Inc, FormFactor ...",0.995,0.067,0.928,0.005
1,10 Most Popular Dividend Stocks Among Famous Hedge Funds,0.999,0.112,0.865,0.024
2,Can Lucid Motors Stock Hit New Highs Despite SEC Subpoena?,0.966,0.077,0.866,0.056
3,7 Stocks to Buy Now for a Potential Year-End Rally,1.0,0.106,0.877,0.017
4,3 Stocks These Investors Don't Need to See Earnings for Every Quarter,0.511,0.091,0.877,0.032
5,5 Tech Stocks That Should Be on Every Investor’s 2022 Buy List,0.999,0.115,0.867,0.018
6,Microsoft Prepares To Win Unconditional EU Approval For Nuance Deal,0.961,0.131,0.869,0.0
7,Apple’s Market Cap Is Heading to $3 Trillion. That’s Just the Warm-Up.,0.296,0.109,0.891,0.0
8,"Simplify Exchange Traded Funds Buys Twitter Inc, Amazon. ...",0.986,0.064,0.914,0.023
9,10 Best Stocks Under $20 According to Jim Simons’ Fund,1.0,0.112,0.872,0.016
10,Dow Jones Rallies After Hot Inflation Reading; Tesla Slides As Elon Musk Sells More Shares,0.226,0.079,0.921,0.0
11,Read Why Goldman Sachs Turned Bullish On Jabil,0.972,0.132,0.868,0.0
12,ASML Aims To Make Next-Gen Chips Below 3-Nm: All You Need To Know,0.939,0.067,0.922,0.011
13,Apple Shuts Texas Store On COVID-19 Outbreak,0.977,0.109,0.865,0.027
14,"2021 Business Person of the Year: Tim Sweeney, CEO, Epic Games",-0.318,0.0,0.946,0.054
15,Why we chose Sweeney as our 2021 Business Person of the Year,0.422,0.097,0.903,0.0
16,Apple Sued Over Apple Watch Screen Allegedly Causing Injury,-0.226,0.0,0.927,0.073
17,10 Most Popular EV Stocks Among Famous Hedge Funds,1.0,0.138,0.841,0.021
18,"Intel CEO to Visit Taiwan, Home of Biggest Chipmaking Rival",-0.187,0.072,0.857,0.071
19,#AppleToo leader Cher Scarlett accused Apple of breaking its promise regarding employee rights,-0.052,0.095,0.774,0.131
