﻿,Titles,Polarity,Positive,Neutral,Negative
0,"How Apple, Big Tech benefit from taking on Russia",0.996,0.135,0.786,0.079
1,These Are All The Big Companies Pulling Out Of Russia Right Now,0.0,0.0,1.0,0.0
2,"Nutanix (NTNX) Q2 Loss Narrower Than Estimated, Revenues Beat",0.995,0.094,0.885,0.021
3,Russia will be impossible to invest in for a long while: Mobius,0.936,0.084,0.871,0.045
4,Accenture and Spotify Are the Latest to Leave Russia. Here’s the Growing List of Others.,-0.902,0.0,0.869,0.131
5,Tech CEO Defends Himself Against Employee Criticism That He Was Soft on Russia,-0.992,0.056,0.85,0.094
6,"HPE halts shipments to Russia, CEO says situation completely unacceptable",0.042,0.086,0.836,0.078
7,Apple to Again Drop Mask Mandate for Employees as Cases Decline,-0.843,0.022,0.929,0.049
8,7 Funds to Buy to Sidestep the Stock Market Volatility,1.0,0.121,0.843,0.036
9,Volkswagen and Spotify Are the Latest to Leave Russia. Here’s the Growing List of Others.,-0.637,0.026,0.882,0.092
10,"HPE CEO talks earnings, digital mega trends, and stopping shipments to Russia",0.25,0.078,0.873,0.048
11,Here's Why Morgan Stanley Downgraded Teradyne,0.902,0.107,0.845,0.048
12,"BOX Q4 Earnings and Revenues Surpass Estimates, Rise Y/Y",0.998,0.112,0.88,0.008
13,Garmin (GRMN) Expands Outdoor Portfolio With Descent G1 Solar,0.998,0.182,0.813,0.004
14,Amazon Will Shutter 68 Physical Stores,0.612,0.273,0.727,0.0
15,"Intel faces ‘all-or-nothing’ situation, analyst says in downgrade",0.0,0.0,1.0,0.0
16,Apple Led Tech Companies Into Smartphones. Now It May Lead Them Out of Russia.,0.0,0.0,1.0,0.0
17,Apple announces March 8 product launch event,0.986,0.099,0.888,0.013
18,"Moody's Cuts Russia's Credit, Wheat Prices Soar, Powell Allays Investors' Fears",0.34,0.098,0.902,0.0
19,Apple Makes a Big Announcement That Can Boost Its Revenues,0.55,0.061,0.939,0.0
20,"Pure Storage (PSTG) Q4 Earnings Beat Estimates, Shares Up",0.999,0.129,0.848,0.023
21,Anticipating Apple's 'Peek Performance' Spring Event,0.0,0.0,1.0,0.0
22,"Market check: Stocks higher at open, Citi upgrades U.S. tech",0.0,0.0,1.0,0.0
23,10 Most Popular Dividend Stocks on Robinhood,0.999,0.086,0.897,0.017
24,Dow Jones Rallies Ahead Of Cease-Fire Talks; Snowflake Crashes On Earnings,0.0,0.0,1.0,0.0
25,7 Stocks to Buy That Have a Shot at Becoming the Metaverse King,0.999,0.102,0.865,0.034
26,Dow Jones Futures Rise Ahead Of Cease-Fire Talks; Snowflake Crashes On Earnings,0.0,0.0,1.0,0.0
27,"Market Music, Maestro Powell, Algo Reading, Crude Wildcard, Trading Ford",-0.718,0.093,0.61,0.297
28,Would Buying NFL Sunday Ticket Be a Mistake for Apple or Amazon?,0.572,0.071,0.909,0.02
29,"Apple to hold March 8 event, expected to bring new iPhone SE model",0.273,0.036,0.964,0.0
