﻿,Titles,Polarity,Positive,Neutral,Negative
0,"4 Top Stock Trades for 2022: AAPL, PYPL, TWTR, CSCO",0.997,0.138,0.813,0.049
1,Apple Becomes World's First $3 Trillion Company,0.0,0.0,1.0,0.0
2,Apple Briefly Tops $3 Trillion Market Cap,0.296,0.128,0.872,0.0
3,Stock Market Today: Apple Leads Sweet Start for Stocks in 2022,0.999,0.173,0.801,0.026
4,Apple comes up short of $3 trillion market cap,0.34,0.16,0.764,0.076
5,US STOCKS-Wall St gains on first trading day of 2022; Apple hits $3 trln market cap,0.986,0.111,0.87,0.019
6,Apple at $3 Trillion Isn’t All About Apple,0.178,0.075,0.925,0.0
7,Apple’s Market Cap Briefly Tops $3 Trillion After Relentless Rally,0.997,0.112,0.865,0.023
8,Apple Becomes the First Company Worth $3 Trillion,0.026,0.05,0.95,0.0
9,Apple Shares Briefly Top $3 Trillion Valuation,0.34,0.068,0.932,0.0
10,"Market outlook: Stocks ‘will probably play out pretty well' in 2022, strategist says",0.0,0.0,1.0,0.0
11,7 of the Best Metaverse Stocks for 2022 to Buy Now,1.0,0.16,0.797,0.043
12,Conservative Stock Portfolio: 10 Best Stocks To Buy,1.0,0.123,0.849,0.029
13,"Analysis-Is Apple worth $3 trillion? Bulls, bears examine the case",0.992,0.103,0.862,0.035
14,Apple becomes first U.S. public company to touch $3 trillion market cap,0.919,0.064,0.936,0.0
15,"Apple’s market cap tops $3 trillion dollars, a first for any stock",0.422,0.055,0.909,0.035
16,"Apple hits $3 trillion market cap, becoming first company to hit the mark",0.762,0.055,0.92,0.024
17,VOLT Stock: My No. 2 Moonshot Pick for 2022,0.992,0.094,0.846,0.061
18,Here's Why Momentum Investors Will Love Apple (AAPL),0.999,0.178,0.805,0.017
19,"Tesla Gains, Apple's Value, Vaccine News: 3 Things to Watch",0.993,0.121,0.873,0.006
20,Apple's (AAPL) In-App Purchase Policy to be Probed by CCI,0.998,0.134,0.848,0.018
21,OPEC+ Set to Boost Supply Again With Oil Market Looking Tighter,0.783,0.061,0.892,0.047
22,Is Apple (AAPL) Stock Outpacing Its Computer and Technology Peers This Year?,0.985,0.09,0.9,0.01
23,"Dow Jones Rallies As Tesla Surges On Blowout Deliveries; Chinese EV Leaders Li Auto, Nio, Xpeng Jump",0.511,0.13,0.87,0.0
24,Apple Hits $3 Trillion Market Cap,0.959,0.127,0.856,0.017
25,Implied Volatility Surging for Apple (AAPL) Stock Options,0.988,0.11,0.87,0.02
26,Amazon Stocks Looks Attractive After a Wild Year for Tech. Here’s Why.,0.178,0.149,0.766,0.084
27,3 Surefire Metaverse Stocks That Could Make You Richer in 2022,0.735,0.093,0.907,0.0
28,"Have $2,000? These 2 Stocks Could Be Bargain Buys for 2022 and Beyond",0.969,0.291,0.69,0.019
29,7 of the Best Robinhood Stocks for 2022 to Buy Now,1.0,0.116,0.867,0.017
30,5 predictions for the stock market in 2022: Morning Brief,0.993,0.08,0.871,0.049
