﻿,Titles,Polarity,Positive,Neutral,Negative
0,CNN+ needs a Jennifer Aniston moment to save it from Quibi’s fate,-0.71,0.0,0.742,0.258
1,7 of the Top EV Stocks from the DRIV ETF,1.0,0.135,0.85,0.015
2,"Amazon to Undergo Racial Audit, Led by Former AG Loretta Lynch",0.949,0.089,0.871,0.04
3,Match Group Stock Is Well-Positioned to Rally,0.991,0.104,0.863,0.033
4,Dow Futures Rise as Q1 Earnings Heats Up,0.746,0.059,0.907,0.034
5,"Here's What Made Needham Bullish On Nvidia, AMD Versus Others In Semiconductor Space",0.994,0.144,0.828,0.028
6,Q&amp;A: NCEDP's Christopher Chung on megasite success and how to maintain the momentum,0.735,0.138,0.833,0.028
7,Q&amp;A: EDPNC's Christopher Chung on megasite success and how to maintain the momentum,0.735,0.138,0.833,0.028
8,11 Best Augmented Reality Stocks to Invest In,1.0,0.134,0.854,0.012
9,Tech companies offer perks to lure workers back to offices,0.998,0.152,0.822,0.026
10,Apple retail workers in New York City eye unionization,0.999,0.128,0.859,0.013
11,"The Zacks Analyst Blog Highlights Netflix, Disney, and Apple",0.998,0.123,0.854,0.023
12,"Cargo ship dislodged; Apple workers, Etsy sellers mull unionization; FDA investigates Lucky Charms",0.25,0.094,0.828,0.078
13,ASML Holding (ASML) to Post Q1 Earnings:: What's in the Cards?,0.998,0.125,0.865,0.01
14,Lam Research (LRCX) to Post Q3 Earnings: What's in the Cards?,0.996,0.107,0.884,0.008
15,"Amid labor shortages, businesses are taking a more proactive approach to college recruitment",0.128,0.053,0.907,0.04
16,"Market check: Stocks mixed at open, bitcoin sees 5-day drop",0.984,0.062,0.922,0.016
17,What to Expect Ahead of Iridium (IRDM) Q1 Earnings Release?,0.999,0.132,0.856,0.012
18,Is Alphabet (GOOG) a Smart Long-Term Investment?,0.989,0.104,0.896,0.0
19,Where Will Meta Platforms Be in 5 Years?,-0.637,0.098,0.77,0.132
20,3 Dow Stocks to Buy for Q2 and Beyond,0.999,0.132,0.838,0.03
21,Twitter needs to close a deal with Elon Musk: Morning Brief,0.993,0.081,0.872,0.047
