﻿,Titles,Polarity,Positive,Neutral,Negative
0,It’s Time to Give GOEV Stock a Green Light,0.992,0.092,0.887,0.021
1,5 Stocks to Buy in 2021 for Rapid-Fire Growth,1.0,0.179,0.804,0.017
2,"IBM's Q4 Earnings Beat Estimates, Stock Down on Revenue Miss",0.998,0.077,0.917,0.006
3,"Q4 Earnings Come to Regional Banks: ALLY, HBAN &amp; More",0.998,0.149,0.839,0.012
4,Intel Tumbles After New CEO Recommits to Chip Manufacturing,0.987,0.088,0.871,0.041
5,12 Biggest Companies with Gay CEOs,0.998,0.077,0.905,0.017
