﻿,Titles,Polarity,Positive,Neutral,Negative
0,"Stocks fall to session lows to end the week, energy finishes in the green",-0.318,0.079,0.792,0.128
1,Apple Is Set for Longest Run of Down Weeks Since May as Tech Stocks Drop,0.785,0.073,0.865,0.062
2,3 Ark Invest Most-Shorted Stocks to Buy,0.983,0.093,0.848,0.059
3,BANK 2018-BNK10 -- Moody's affirms eight classes of BANK 2018-BNK10,1.0,0.108,0.837,0.055
4,"Apple, Google, and Gap join dozens of businesses renouncing Texas’s anti-trans law",-0.917,0.061,0.853,0.087
5,10 Dividend Stocks Warren Buffett is Backing in 2022,0.999,0.111,0.864,0.025
6,SAP Seeks to Raise Fees on Largest Software Partners,0.996,0.093,0.87,0.037
7,Here's what Amazon's stock split could mean to you,0.987,0.127,0.863,0.01
8,Nike Stock Is Near a Bottom Going Into an Earnings Report,0.97,0.091,0.84,0.069
9,"Oracle (ORCL) Q3 Earnings Miss Estimates, Revenues Up Y/Y",0.999,0.123,0.874,0.003
10,Apple’s new iPhone SE: What to know,0.963,0.055,0.945,0.0
11,"Zacks Value Investor Highlights: Meta Platforms, Apple, Amazon, Netflix and Alphabet",0.999,0.138,0.83,0.032
12,"Stock Market, Crude Oil Prices Whipsaw Amid Russia's Ukraine Invasion, Hot Inflation: Weekly Review",-0.718,0.0,0.75,0.25
13,Evercore ISI Lauds Apple's Acquisition Of Friday Night MLB Rights,0.958,0.134,0.812,0.053
14,"DocuSign is pivoting ‘back to generating demand’ after pandemic growth, CEO says",0.382,0.098,0.902,0.0
15,Blackbaud (BLKB) Collaborates With Change Donation Platform,0.998,0.164,0.832,0.005
16,Dow Jones Rallies On Putin's Ukraine Comments; Rivian Dives On Earnings,0.0,0.0,1.0,0.0
17,Citrix (CTXS) Cloud Services Being Leveraged by Markerstudy,0.998,0.135,0.865,0.0
18,"Zacks Investment Ideas feature highlights: Apple, Advanced Micro Devices and Nvidia",1.0,0.184,0.782,0.034
19,COVID-19 pandemic 2 years later: 3 things that have changed for investing,0.966,0.069,0.898,0.033
20,"Forget Twilio (TWLO), Buy These 3 Hot Tech Stocks Instead",0.999,0.157,0.808,0.034
21,Amazon Stock Split: The Real Reason It Matters,0.878,0.198,0.802,0.0
22,These Types of Stocks Can Outpace Inflation,0.807,0.138,0.829,0.033
23,7 Growth Stocks That Trade at Attractive Valuations,1.0,0.197,0.777,0.025
24,Biz: Raleigh shop can't keep Ukrainian flags in stock; RDU still on track to regain European flights,-0.103,0.0,0.928,0.072
25,"Tech Walls Off Russia Like Never Before, Posing New Risks for U.S.",-0.993,0.068,0.833,0.099
26,Apple's Tim Cook raises concern over LGBTQ laws in the U.S.,-0.702,0.043,0.896,0.061
27,"Apple, Google and Microsoft Oppose Texas Order on LGBT Youth",-0.918,0.048,0.876,0.076
