﻿,Titles,Polarity,Positive,Neutral,Negative
0,3 Things About Snap That Smart Investors Know,0.796,0.131,0.869,0.0
1,"2 Reasons to Buy ExxonMobil, and 1 Reason to Hesitate",0.908,0.286,0.714,0.0
2,Warren Buffett Says He Has No Plans to Step Down as Berkshire CEO,0.0,0.0,1.0,0.0
3,"The Best Stocks to Invest $1,000 in Right Now",0.83,0.168,0.806,0.027
4,"Restaurants still grappling with inflation, labor woes: 'Toughest operating environment ever'",0.994,0.092,0.864,0.043
5,"1 Green Flag for Snap in 2022, and 1 Red Flag",0.891,0.162,0.838,0.0
6,3 Mutual Funds to Buy for April,0.997,0.094,0.894,0.011
7,7 Stocks to Sell if You Believe These Analyst Downgrades,0.998,0.11,0.82,0.069
8,"Tim Cook of Apple and financier Ray Dalio should register as agents for China, US panel hears",0.977,0.061,0.906,0.033
9,"Apple, others face shipment delays as China COVID curbs squeeze suppliers - analysts",-0.935,0.023,0.923,0.054
10,Buy Snap Stock Now Down 60% For Long-Term Growth?,0.997,0.148,0.82,0.032
