﻿,Titles,Polarity,Positive,Neutral,Negative
0,Big Tech Stocks Tumbled in the Market Swoon,0.178,0.095,0.852,0.054
1,"Emmy Award ratings surprise to the upside, boosted by big wins from 'The Crown,' 'Ted Lasso'",0.852,0.249,0.751,0.0
2,"Facebook, Alphabet Poised for Bigger Fines Over Russia Content",-0.994,0.047,0.853,0.099
3,"Top Analyst Reports for Apple, Thermo Fisher &amp; Royal Dutch Shell",0.999,0.209,0.767,0.024
4,Megacap Tech Selloff Hits $600 Billion After Nasdaq 100’s Peak,-0.623,0.061,0.868,0.071
5,Here's Why Apple's iPhone 13 Should Be a Resounding Success,0.917,0.179,0.821,0.0
6,Texas Startups Mount Fight Against Abortion Ban—Except Big Tech,0.893,0.088,0.838,0.074
7,"Emmy Award ratings surprise to the upside, boosted by big wins from 'The Crown,' 'Ted Lasso'",0.999,0.234,0.73,0.037
8,OpenSea Releases App: Here's Why You Can't Buy Or Sell NFTs On It,0.965,0.095,0.866,0.04
9,"Here's the biggest risk from the Evergrande crisis, says Goldman Sachs",-0.991,0.056,0.812,0.132
10,iOS 15: Top 10 Tips for Apple’s New iPhone Software Update,-0.128,0.0,0.963,0.037
11,Big Tech Stocks Are Tumbling in the Market Swoon,0.44,0.196,0.804,0.0
12,S&amp;P 500 Falls as China Credit Contagion Fears Deepen September Slide,-0.956,0.098,0.777,0.125
13,"Apple iPhone 13 Setup Looks Worse Than iPhone 12, Says Analyst",0.0,0.0,1.0,0.0
14,"Sears closes final store, Netflix wins big at Emmy Awards",0.586,0.101,0.899,0.0
15,Evaluating Apple (AAPL) After Epic Antitrust Decision,0.077,0.064,0.936,0.0
16,Apple's (AAPL) Comedy Series Ted Lasso Wins Seven Emmy Awards,0.999,0.284,0.705,0.01
17,Apple's Epic Loss Could Be A Game Changer For Spotify,0.998,0.142,0.836,0.022
18,S&amp;P Slumps as China Contagion Fears Trigger Spike in Volatility,-0.984,0.08,0.78,0.14
19,"Dow Jones Plunges 550 Points On China Property Fears; AMD, Apple, Nvidia, Tesla Sell Off",-0.422,0.0,0.877,0.123
20,3 Stocks That Could Double Your Money,0.823,0.407,0.593,0.0
21,Analysts Are Upgrading These 10 Stocks,0.998,0.084,0.895,0.022
22,10 Trending Technology Stocks on Reddit,0.997,0.075,0.905,0.02
23,"Dow Jones Futures Dive On China Property Fears; AMD, Apple, Nvidia, Tesla Sell Off",-0.422,0.0,0.891,0.109
24,2 Bargain Stocks to Buy and Hold for the Next 5 Years,0.382,0.14,0.86,0.0
25,"'Buy Now, Pay Later' Consumer Financing Takes On Credit Cards",-0.103,0.0,0.931,0.069
26,Dow Jones Futures Dive On China Default Fears With Stock Market Rally At Turning Point; What To Do Now,-0.422,0.0,0.903,0.097
27,September's Weakness Provides Good Entry Point: Top 6 Picks,1.0,0.149,0.83,0.021
28,85% of Warren Buffett's Portfolio Is in These 3 Sectors,0.0,0.0,1.0,0.0
29,"Apple’s global hit comedy series ""Ted Lasso"" scores history-making win for Outstanding Comedy Series at the 2021 Primetime Emmy Awards",1.0,0.289,0.7,0.011
30,"Apple joins streaming elite, Netflix crosses milestone with Emmy wins",0.998,0.211,0.764,0.025
31,Netflix Breaks Through at the Emmys on Night Streaming Dominates,1.0,0.244,0.717,0.04
32,Apple’s ‘Ted Lasso’ Snags Two Supporting Actor Awards at Emmys,0.997,0.18,0.777,0.043
