﻿,Titles,Polarity,Positive,Neutral,Negative
0,Semiconductor Chip Crisis Continues to Stimulate Chipmakers' Revenue: CNBC,0.527,0.065,0.885,0.051
1,"5 Dow Jones Stocks To Buy And Watch In June 2021: Apple Rallies, Microsoft Slides",0.637,0.095,0.905,0.0
2,TSMC Says Construction of Arizona Chip Plant Is ‘Well Underway’,0.953,0.091,0.877,0.032
3,Investors walking away from tech could be making the ‘mistake of a lifetime’: Expert,0.0,0.0,1.0,0.0
4,10 Best Cheap Tech Stocks to Buy According to Mario Gabelli,1.0,0.124,0.859,0.017
5,"Verizon Hands Out Free iPhones, Android Phones to Win 5G Customers: Bloomberg",0.823,0.074,0.883,0.043
6,Why HP Is a Good Pick for Both Value and Growth Investors,0.999,0.157,0.821,0.023
7,"UPDATE 1-Coinbase to allow users to use card via Apple, Google wallets",0.807,0.074,0.902,0.025
8,"Coinbase to allow users to use card via Apple, Google wallets",0.807,0.076,0.899,0.026
9,Apple to Launch Podcast Subscription Service in June – Report,0.99,0.125,0.824,0.051
10,Apple (AAPL) Leads Competition in Growing Smartwatch Space,1.0,0.172,0.821,0.007
11,10 Best Cheap Stocks to Buy Now According to Billionaire Jim Simons,0.999,0.103,0.887,0.01
12,"Vietnam Asks Samsung, Other Firms to Find Virus Vaccines",0.867,0.042,0.949,0.009
13,Apple vs Epic Games court case yielded comedy and existential questions,-0.933,0.016,0.864,0.12
