﻿,Titles,Polarity,Positive,Neutral,Negative
0,Charles Schwab: Don’t fear disaster in 2022 — cash in on these 3 investing trends,0.998,0.137,0.841,0.022
1,"Dow Jones Falls As Nasdaq Dives; Elon Musk Does This, Tesla Plunges; DocuSign Stock Collapses",-0.34,0.0,0.897,0.103
2,Even Good Penny Stocks Like Senseonics Aren’t Always Profitable,0.997,0.114,0.84,0.046
3,UPDATE 1-U.S. State Department phones hacked with Israeli company spyware - sources,0.786,0.084,0.843,0.074
4,Jim Cramer is Bearish on These 10 Stocks,0.998,0.091,0.886,0.023
5,Stock market sentiment ‘all goes back to the Fed’: Strategist,0.402,0.142,0.757,0.102
6,"Why Lithium Americas, QuantumScape, and Blink Charging Stocks Got Destroyed Today",-0.25,0.049,0.882,0.069
7,U.S. State Department Employee iPhones Reportedly Targeted by Spyware,-0.949,0.049,0.877,0.074
8,"Top Research Reports for Apple, Cisco &amp; Linde",0.997,0.152,0.821,0.026
9,Warren Buffett’s Picks: 10 Stocks to Watch,0.998,0.078,0.91,0.012
10,3 Stocks to Buy That Are Blissfully Ignoring the Mayhem,0.997,0.115,0.845,0.04
11,Exclusive-U.S. State Department phones hacked with Israeli company spyware - sources,0.856,0.086,0.842,0.072
12,U.S. State Department phones hacked with Israeli company spyware - sources,0.786,0.085,0.84,0.075
13,S&amp;P 500 Ends Week Lower After 'Colossal Miss' in Jobs Report,0.703,0.085,0.842,0.074
14,The Chip Shortage Could Be Spreading to iPhones,-0.625,0.0,0.81,0.19
15,10 Best Low-Cost Tech Stocks to Buy Right Now,0.999,0.125,0.861,0.014
16,Trade IBM Stock Tactically Into the New Year,0.977,0.104,0.828,0.068
17,S&amp;P 500 Slips on Tech Wreck After November Job Gains Fall Short,0.929,0.091,0.848,0.061
18,Why Apple Popped 10% Last Month,0.44,0.085,0.863,0.052
19,Amazon's (AMZN) 18 Projects to Bolster Net-Zero Carbon Efforts,0.997,0.16,0.818,0.021
20,"#AppleToo co-founder Cher Scarlett doesn't regret standing up for inclusion and equity, despite the abuse she endured",0.0,0.0,1.0,0.0
21,Demand for Apple's iPhone Is Weakening? Not So Fast,0.0,0.0,1.0,0.0
22,"Best Mutual Funds Bet Billions On Tech Stocks Like Apple, Nvidia As Market Faces Test",0.671,0.249,0.669,0.082
23,Here's Why I Plan to Hold Berkshire Hathaway Stock Forever,0.925,0.137,0.863,0.0
24,"3 Reasons to Buy Matterport, and 1 Reason To Sell",0.691,0.125,0.875,0.0
25,"Google, Other Tech Giants Enlist Mom-and-Pop Shops in Antitrust Campaign",0.934,0.076,0.86,0.064
26,AAPL Takes a Hit Due to Weak Demand for iPhones Heading into the Holidays,0.663,0.093,0.814,0.094
27,Apple Learns the Hard Way That Fewer People Want Its New iPhones,-0.128,0.0,0.939,0.061
28,Nvidia’s Plan to Become the King of Chip Design Hits the Rocks,0.994,0.094,0.864,0.042
