﻿,Titles,Polarity,Positive,Neutral,Negative
0,"Dow Jones Futures: Market Rally Retreats, BBBY Stock Falls On This; Time To Bite Into Apple Stock?",0.0,0.0,1.0,0.0
1,Apple iPhone SE vs. Google Pixel 6a: Which Smartphone is Right For You?,0.785,0.277,0.723,0.0
2,Apple set to unveil iPhone 14 at upcoming September launch event,0.979,0.077,0.898,0.025
3,7 Stocks That Are Still Hedge Fund Favorites,0.997,0.096,0.86,0.043
4,Warren Buffett’s 10 Favorite Dividend Stocks for the Rest of 2022,0.999,0.105,0.881,0.015
5,Shopify (SHOP) Unveils Collabs to Connect Merchants &amp; Creators,0.999,0.147,0.832,0.021
6,Where is value in the metaverse? Experts detail promises and risks,0.962,0.082,0.862,0.056
7,Apple Targets Sept. 7 for iPhone 14 Launch in Flurry of New Devices,0.933,0.043,0.934,0.023
8,Stock Market Today: Dow Slips on Target Earnings Miss; Chips Dip to Dent Tech,0.956,0.11,0.84,0.05
9,Apple seeks to test Watch and MacBook production in Vietnam,0.0,0.0,1.0,0.0
10,Why Apple is among this analyst’s ‘top picks’,0.402,0.181,0.74,0.079
11,Better Buy: Unity Software vs. Matterport,-0.304,0.108,0.753,0.139
12,"Dow Jones Lower Ahead Of Fed Minutes; Retail Sales Miss Expectations; Apple, Costco Near Buy Points",0.382,0.126,0.874,0.0
13,4 Reasons Apple Stock Just Got Upgraded,0.382,0.102,0.898,0.0
14,3 Top Tech Stocks That Could Help Make You Rich by Retirement,0.88,0.135,0.865,0.0
15,Warren Buffett Loaded Up on These 10 Stocks for the Rest of 2022,1.0,0.125,0.85,0.025
16,From iPhones to AirPods to MacBooks: The Apple Gadgets You Should—and Shouldn’t—Buy Right Now,-0.153,0.087,0.808,0.105
17,Streaming embraces the traditional TV bundle — why that might not be such a bad thing,0.983,0.067,0.907,0.026
18,Will This Brand-New Tax Change Hurt Stock Market Returns?,0.25,0.15,0.75,0.1
19,How Warren Buffett's Berkshire Hathaway Lost Nearly $44 Billion in Q2,0.273,0.123,0.812,0.064
20,UPDATE 2-Apple suppliers to make Apple Watch and MacBook in Vietnam - Nikkei,-0.952,0.03,0.883,0.087
21,REFILE-UPDATE 1-Apple suppliers to make Apple Watch and MacBook in Vietnam - Nikkei,-0.902,0.023,0.901,0.076
22,Apple suppliers to make Apple Watch and MacBook in Vietnam - Nikkei,-0.952,0.031,0.88,0.09
23,"UPDATE 1-Apple supplier BOE, others say production hit by Sichuan power rationing",-0.579,0.015,0.951,0.034
24,China’s Reliance on Taiwan Would Make Trade Retaliation Costly,-0.773,0.059,0.877,0.064
