﻿,Titles,Polarity,Positive,Neutral,Negative
0,Breaking Down the Outlook for Margins,0.965,0.098,0.848,0.054
1,"Dow Jones Futures: Apple Breaks Out, Tesla Pops As Rivian, Lucid Reverse; Nvidia, Cisco Lead Earnings Movers",0.0,0.0,1.0,0.0
2,Apple Boosts Profits With Buybacks. It Can Keep It Up for Years to Come.,0.103,0.117,0.808,0.075
3,How Apple’s buyback party could continue for 15 more years,0.813,0.24,0.721,0.038
4,"ICO Probes Companies Including Apple, Google",-0.84,0.033,0.908,0.059
5,5 Stocks Insiders Are Selling,0.988,0.078,0.917,0.005
6,"Apple, IBD Stock Of The Day, Breaks Out Amid Holiday Sales Buzz",0.832,0.323,0.625,0.052
7,Why Apple Stock Is Climbing on Wednesday,-0.103,0.03,0.934,0.036
8,"Stocks: Travel and crypto dip, retail rallies, pharmaceuticals rise",-0.273,0.0,0.913,0.087
9,3 5G Stocks to Buy and Hold,0.998,0.102,0.883,0.015
10,Bernstein Sees 13% Downside In Apple - Read Why,0.981,0.14,0.822,0.038
11,Apple to Launch Self-Service Repair Program in Early 2022,0.0,0.0,1.0,0.0
12,Apple Announces 'Self Service Repair' For Customers: What You Need To Know,0.966,0.076,0.918,0.006
13,Alibaba Stock Is Still a Monster Earner and Will Soar Again,-0.877,0.068,0.854,0.079
14,S&amp;P 500 Closes Lower as Cyclicals Stutter,0.92,0.1,0.827,0.073
15,"S&amp;P 500 Flat as Energy, Financials Weigh",0.827,0.1,0.821,0.078
16,"Qualcomm CEO talks Apple, cloud computing, car technology, handsets, metaverse, and more",0.0,0.0,1.0,0.0
17,"Apple makes a concession to ‘right to repair’ movement, will let you repair your own iPhone",0.0,0.0,1.0,0.0
18,Apple Will Sell Parts for Customers to Make Their Own Repairs,0.714,0.068,0.887,0.045
19,Apple Announces Self Service Repair,0.995,0.089,0.909,0.002
20,This Apple Chart Is Quite Attractive and It's Working on a Breakout Move,-0.66,0.091,0.743,0.166
21,Analysts Bump Up Qualcomm Price Targets Post Analyst Day,0.975,0.095,0.86,0.045
22,Apple to Offer Users Parts for At-Home Repairs,0.318,0.119,0.881,0.0
23,Here Are The Winners of Metaverse Buzz,0.998,0.133,0.845,0.022
24,Nvidia Earnings Are a Big Deal. But There’s Something More Important.,0.382,0.082,0.918,0.0
25,"Metaverse Is a Multitrillion-Dollar Opportunity, Epic CEO Says",0.909,0.068,0.902,0.031
26,South Korea weighs monetary fines to rein in app store operators,-0.958,0.017,0.897,0.086
27,"China Founders Now Have ‘You Can’t Kill Me’ Attitude, VC Says",0.969,0.082,0.88,0.038
