﻿,Titles,Polarity,Positive,Neutral,Negative
0,"Dow Jones Futures: Market Rallies, But Be Wary; Tesla Rivals Lucid, Rivian, Xpeng, Li Auto Skid; DocuSign, Asana Dive With Jobs Report On Tap",-0.572,0.0,0.783,0.217
1,Apple Stock Shrugs Off Report That IPhone Demand Is Weakening,-0.422,0.092,0.685,0.223
2,10 Best Fast Growth Stocks to Buy Now,0.999,0.099,0.894,0.007
3,U.S. Sues to Block Nvidia Deal for Chip Designer Arm,-0.823,0.046,0.888,0.065
4,Dow Jones Jumps More Than 600 Points; Apple Stock Sells Off On This; These Homebuilder Stocks Rally,0.625,0.212,0.788,0.0
5,"Omicron What? Dow Jones Shakes Off Fears, Surges 680 Points on Boeing, Visa, AmEx Gains",0.0,0.0,1.0,0.0
6,Dow Jones Rallies; Mitch McConnell Makes This Shutdown Pledge; Warren Buffett Stock Rockets,0.0,0.0,1.0,0.0
7,Dow Jones Rallies As Boeing Soars; McConnell Makes This Pledge Amid Shutdown Deal; Builders Surge,0.0,0.0,1.0,0.0
8,Is Apple stock a major buy right now? This strategist says yes,0.95,0.088,0.869,0.043
9,"US STOCKS-S&amp;P 500, Dow surge over 1% on boost from financials, Boeing",0.94,0.068,0.897,0.035
10,Dow Paces Stock Market Rebound As Boeing Soars; Nasdaq Lags As Apple Falls,0.527,0.167,0.833,0.0
11,What iPhone Troubles? Apple May Look To Augmented Reality In 2022,-0.459,0.0,0.87,0.13
12,3 Tips I Follow During a Downturn in the Market,-0.128,0.0,0.96,0.04
13,"Own Apple stock? Take slowing iPhone demand seriously, says analyst",0.879,0.064,0.904,0.032
14,Apple stock slides amid fears of slowing iPhone demand,-0.841,0.042,0.87,0.088
15,S&amp;P 500 Climbs Back as Bulls Snap Up Oversold Stocks,0.972,0.091,0.861,0.048
16,"Apple stock: Slowing iPhone demand ‘should be taken seriously,’ analyst says",-0.25,0.131,0.705,0.164
17,"US STOCKS-S&amp;P 500, Dow climb on boost from financials, Boeing",0.976,0.088,0.872,0.041
18,Apple Stock Falters On Report IPhone Demand Weakening During Holiday Season,-0.153,0.092,0.75,0.158
19,"Apple Sales, Oil Prices, Jobs Report: 3 Things to Watch",0.747,0.054,0.907,0.039
20,"Earnings Roundup: Best Buy, Dick's Sporting Goods, Zoom Video",0.361,0.164,0.718,0.117
21,Stock Market Bounces As Apple Gaps Down On iPhone Report; These Stocks Boost The Dow,-0.296,0.107,0.68,0.214
22,3 Reasons to Buy and Hold Pinterest Stock Right Now,0.995,0.13,0.802,0.068
23,S&amp;P 500 Rebounds as Buyers Load Up on 'Oversold' Stocks,0.641,0.075,0.866,0.059
24,"Dow Jones Rallies, But Stock Market Sell-Off Worsens; Apple Slides On Weak iPhone Demand",-0.743,0.0,0.722,0.278
25,"Apple Falls on iPhone Demand Report, Weighing on Suppliers",-0.85,0.032,0.902,0.066
26,The market reaction to Omicron ‘was much broader’ than it needed to be: Strategist,0.296,0.061,0.939,0.0
27,"Dow Jones Bounces, But Stock Market Sell-Off Worsens; Apple Slides On Weak iPhone Demand",-0.743,0.0,0.722,0.278
28,Apple stock slides on slowing iPhone demand,-0.44,0.0,0.755,0.245
29,"US STOCKS-S&amp;P 500, Dow eye higher open after Omicron-led selloff",0.898,0.068,0.887,0.045
30,5 Top Stock Decliners Thursday as Stocks Post Gains,0.34,0.13,0.87,0.0
31,"Apple's Falling, but This Beaten-Down Stock Is Flying Higher Thursday",0.09,0.021,0.963,0.017
32,"Dow Jones Futures Bounce, But Stock Market Sell-Off Worsens; Apple Slides On Weak iPhone Demand",-0.743,0.0,0.711,0.289
33,Apple's Augmented Reality Glasses Could Be In Focus For 2022,0.0,0.0,1.0,0.0
34,"US STOCKS-Boeing drives S&amp;P, Dow futures higher after Omicron drubbing",0.459,0.057,0.897,0.047
35,"Dow Jones Futures Rise, Tech Futures Fall After Market Rally's Bearish Reversal; Apple Retreats, Snowflake Jumps",-0.66,0.0,0.876,0.124
36,"Dow Extends Surge On Omicron Optimism; Apple, Rate Bets Hold Down Tech Stocks",0.599,0.196,0.716,0.088
37,"Dow Jones Futures Rise After Market Rally's Bearish Reversal On U.S. Omicron Case; Apple Falls, Snowflake Jumps",-0.494,0.0,0.928,0.072
38,The Stock Market Is Unhinged. Omicron Is Just One Factor.,0.25,0.074,0.882,0.044
39,The Key to the Market Today Will Be the Close,0.567,0.248,0.642,0.11
40,3 Warren Buffett Stocks I'd Buy in December Without Any Hesitation,0.831,0.177,0.823,0.0
41,Zacks Earnings Trends Highlights: Apple and Amazon,0.988,0.097,0.857,0.046
42,Apple Tells Suppliers iPhone Demand Weakens Ahead of Holiday Period—Reports,-0.649,0.053,0.812,0.135
43,Boeing Helps Dow Power Through Omicron Worries: Apple Holds Down Nasdaq - Stock Market Today,0.422,0.07,0.93,0.0
44,"Premarket Movers Thursday - Apple, Boeing, Uber",-0.44,0.097,0.79,0.113
45,Apple Partner Foxconn in Talks to Help Saudi Arabia Build EVs,0.978,0.063,0.922,0.015
46,Apple shares fall amid report of waning demand for iPhone,0.586,0.205,0.736,0.058
47,Apple warns suppliers over iPhone demand: report,0.586,0.205,0.736,0.058
