﻿,Titles,Polarity,Positive,Neutral,Negative
0,"Modera Wealth Management, LLC Buys Microsoft Corp, Amazon. ...",0.999,0.101,0.894,0.005
1,Column: Is this the beginning of Facebook's downfall?,0.381,0.058,0.888,0.054
2,Tech Earnings Impress in the Face of Economic Headwinds,0.997,0.09,0.877,0.033
3,Facebook's Apple-Induced Face Plant Could Haunt Company A While,-0.494,0.0,0.849,0.151
4,Dow Jones Futures: Five Stocks Showing Strength In Tricky Market Rally; What To Do Now,0.649,0.185,0.815,0.0
5,"Big Tech’s Week Featured Alphabet and Amazon Rallies, Meta Crash",0.992,0.162,0.775,0.063
6,The Best Is Yet to Come for Innovative EV Play Lucid Group,0.998,0.121,0.859,0.02
7,"Snap seems ‘more insulated’ from Apple privacy change, TikTok competition: Strategist",0.542,0.192,0.757,0.05
8,Apple Aims to Debut a New Low-Cost 5G iPhone and iPad in Early March,0.549,0.053,0.91,0.037
9,"January jobs report 'was full of surprises,' Opimas CEO explains",0.637,0.161,0.839,0.0
10,"NortonLifeLock (NLOK) Q3 Earnings in Line, Revenues Up Y/Y",0.998,0.124,0.867,0.009
11,"Amazon stock on track for largest single-day market cap gain ever, bitcoin price pops",0.0,0.0,1.0,0.0
12,"Broad Peak Investment Holdings Ltd. Buys International Game Technology PLC, Pershing Square ...",0.991,0.059,0.936,0.005
13,Amazon surges with record $190 billion gain in value,0.991,0.161,0.801,0.037
14,Paylocity (PCTY) Q2 Earnings and Revenues Beat Estimates,0.996,0.115,0.87,0.015
15,It’s Time to Binge-Buy Netflix,0.996,0.095,0.876,0.029
16,S&amp;P 500 in Two-Week Win Streak as Amazon Rally Keeps Tech Revival Alive,0.995,0.144,0.825,0.031
17,Apple-Broadcom Win $1.1B CalTech Patent Trial,0.519,0.083,0.855,0.061
18,"Analysis-Digital ad minnows Snap, Pinterest soar past giant Meta",0.915,0.053,0.931,0.016
19,"Markets undergoing ‘massive change in rate expectations,’ strategist says",0.0,0.0,1.0,0.0
20,"Amazon stock soars, Meta falls, Snap skyrockets, Pinterest rises amid flurry of tech earnings",0.178,0.078,0.922,0.0
21,"Apple, Nvidia Lead List Of New Buys By The Best Mutual Funds",0.637,0.149,0.851,0.0
22,"Fortive (FTV) Q4 Earnings Beat Estimates, Revenues Miss",0.998,0.124,0.871,0.005
23,"Empirical Finance, LLC Buys Apple Inc, Microsoft Corp, Tesla Inc, Sells Invesco Optimum Yield ...",0.996,0.052,0.945,0.004
24,"Apple, Broadcom win new trial in $1.1 billion Caltech patent case",-0.896,0.037,0.889,0.074
25,"UPDATE 2-Apple, Broadcom win new trial in $1.1 bln Caltech patent case",-0.896,0.036,0.892,0.072
26,"GoPro (GPRO) Q4 Earnings &amp; Revenues Beat Estimates, Up Y/Y",0.997,0.104,0.882,0.014
27,"Amazon CEO is the ‘outside insider’ that can push the company to new heights, professor says",0.998,0.122,0.825,0.052
28,Snap set to open 42% higher after smashing earnings,0.45,0.054,0.912,0.034
29,Apple's Holiday Quarter Was Nearly Flawless,-0.273,0.043,0.879,0.078
30,Best Growth Stocks to Buy for February 4th,0.985,0.089,0.911,0.0
31,"Putnam Mutual Fund Champions Sustainability Values, Outperforms",0.802,0.301,0.699,0.0
32,The Zuckerberg Effect Is Fading in Social Media,-0.402,0.0,0.816,0.184
33,Pinterest Soars as Q4 Beat Calms Nerves Over Apple’s Rules,0.966,0.132,0.795,0.073
34,Snap Surges as First Profit Leaves Apple’s Privacy Tweaks Behind,0.94,0.105,0.861,0.034
35,"Snap Stock Soars On Q4 Earnings Beat; Ad Sales, User Growth Surprise",0.758,0.231,0.769,0.0
36,2022 Space Awards winners: Top development projects,0.7,0.293,0.707,0.0
37,Senate Committee Passes Sweeping App Store Reform Bill,-0.765,0.0,0.769,0.231
38,Amazon trots out YouTube-sized advertising business,0.971,0.097,0.893,0.009
39,Facebook owner Meta loses record $232 billion in market value after ‘saying the quiet part out loud’,0.296,0.052,0.948,0.0
