﻿,Titles,Polarity,Positive,Neutral,Negative
0,10 High Yield REIT Dividend Stocks For 2022,0.999,0.15,0.838,0.013
1,"HM Capital Management, LLC Buys ProShares UltraShort S&amp;P500, Automatic Data Processing Inc, ...",0.994,0.065,0.93,0.004
2,Plans unveiled for $2B Pearson Ranch mixed-use hub,0.0,0.0,1.0,0.0
3,Who gains if Spotify loses?,0.527,0.185,0.815,0.0
4,Metaverse: How Overtime’s basketball league created a virtual reality dunk show,0.296,0.068,0.932,0.0
5,Return of the Mac: Apple Sees Computer Sales Rise,0.511,0.148,0.852,0.0
6,Could BBY Stock Be the Next Big Metaverse Bet? One Analyst Thinks So.,0.988,0.077,0.912,0.011
7,Buy These Mega-Cap Stocks Now and Hold for Years?,0.988,0.097,0.88,0.022
8,5 Things To Expect This Week,0.996,0.115,0.833,0.052
9,Market volatility ‘bigger than the Federal Reserve’: Strategist,0.66,0.13,0.87,0.0
10,7 Blue-Chip Stocks to Buy for February,1.0,0.155,0.831,0.015
11,3 Red Flags For Spotify's Future,-0.141,0.0,0.931,0.069
12,How to navigate market volatility as Fed hikes rates,0.813,0.17,0.83,0.0
13,"Allen Capital Group, LLC Buys Crocs Inc, Microsoft Corp, Alphabet Inc, Sells Verizon ...",0.994,0.055,0.936,0.009
14,3 Small-Cap Stocks to Buy That Face Extreme Duress,0.999,0.133,0.798,0.069
15,7 Reddit Stocks to Add to Your February Buy List,0.999,0.132,0.824,0.044
16,"Top Analyst Reports for Apple, Tesla &amp; Johnson &amp; Johnson",0.999,0.166,0.782,0.051
17,What to expect when Google parent Alphabet reports earnings,0.0,0.0,1.0,0.0
18,This Beaten-Down 5G Stock Could Go Parabolic in 2022,0.153,0.078,0.922,0.0
19,Spotify saga has ‘more to come’ as tech platforms battle misinformation: Media reporter,-0.511,0.0,0.842,0.158
20,Apple Stock: Morgan Stanley’s Top Pick for 2022,0.993,0.121,0.859,0.02
21,Apple Stock: The Sneaky Way Covid Helped Tim Cook's Company,0.511,0.148,0.852,0.0
22,Media: Joe Rogan promises to balance information on his podcast,-0.599,0.0,0.782,0.218
23,"Market check: Stocks higher in early trading, oil rises, Tesla shares pop",0.0,0.0,1.0,0.0
24,S&amp;P 500 in Rally Mode as Tech Continues Comeback,0.931,0.11,0.819,0.071
25,Apple’s M1 chips enable tech giant to ‘leapfrog the competition’: Analyst,0.44,0.112,0.888,0.0
26,Tech Stocks Roundup: Have the Mega-Cap Tech Titans Become too Powerful?,0.612,0.222,0.778,0.0
27,"One Capital Management, LLC Buys PowerShares QQQ Trust Ser 1, Microsoft Corp, iShares Core ...",0.997,0.065,0.928,0.007
28,"Acas, Llc Buys The Home Depot Inc, Pfizer Inc, Bank of America Corp, Sells Apple Inc, iShares ...",0.99,0.076,0.917,0.007
29,Apple Overcomes Supply Chain Bottlenecks to Report Record Sales in Q1,-0.318,0.0,0.837,0.163
30,"It’s Another Big Week for Big Tech. What to Expect From Google, Meta, and Amazon.",0.178,0.072,0.928,0.0
31,"Stock Market News for Jan 31, 2022",0.998,0.129,0.854,0.017
32,"Amazon, Costco, and the Art of Pricing Power",0.827,0.176,0.783,0.041
33,Dow Jones Futures Fall: Market Rally Still Must Take This Step; Tesla Rises On Upgrade,-0.329,0.0,0.899,0.101
34,Why Amazon Prime may cost you more soon,0.974,0.126,0.827,0.047
35,3 Metaverse Stocks to Buy Now That Aren't Ridiculously Expensive,0.156,0.103,0.833,0.064
36,Byju’s Aims for SPAC Merger Agreement Within a Month,0.786,0.043,0.922,0.035
37,Why the stock market is as vulnerable as someone after a bad breakup: Morning Brief,0.998,0.095,0.857,0.049
38,"Microsoft, Apple, Meta Platforms, Alphabet and Amazon are part of Zacks Earnings Preview",0.997,0.091,0.875,0.034
39,Gay Dating App Grindr Vanishes From China App Store,-0.053,0.053,0.896,0.051
40,"Spotify-Joe Rogan backlash widens, but economics back streaming giant's clout",0.992,0.079,0.883,0.038
