﻿,Titles,Polarity,Positive,Neutral,Negative
0,10 Best Stocks to Invest Your $1000,1.0,0.162,0.825,0.013
1,Khan Named FTC Chair by Biden in Victory for Tech’s Critics,0.986,0.073,0.896,0.031
2,FOX News Media Introduces FOX News Podcasts+ On Apple Podcasts,0.902,0.094,0.88,0.026
3,FB Stock Still A Buy? Facebook Looks To Join $1 Trillion Club,0.0,0.0,1.0,0.0
4,Apple’s Subpoenas From Trump Era Renew Washington’s Harsh Glare,0.994,0.088,0.869,0.043
5,Chelsea Sanders on the financial impact of black women: ‘we represent trillions of dollars’ in the market,0.273,0.045,0.955,0.0
6,"Apple Launches Podcast Subscriptions Worldwide, After a Delay",0.967,0.057,0.927,0.016
7,"Apple and Google’s web browsers, operating systems and app platforms come under new scrutiny from this regulator",0.477,0.146,0.854,0.0
8,"Apple, Google's Privacy Updates Have Massively Impacted Advertising Strategies: CNBC",0.813,0.074,0.891,0.035
9,Apple and Google’s Platforms Are Under New Regulatory Scrutiny. Why Investors Should Watch This Case.,0.318,0.091,0.909,0.0
10,This stock market boosting scheme has come roaring back,0.955,0.083,0.883,0.034
11,"Report: Apple Planning Upgrades, Updates for Apple Watch",0.44,0.04,0.96,0.0
12,"Dow Jones Slides, Nasdaq Near Record High; Apple Stock Eyes New Buy Point",0.0,0.0,1.0,0.0
13,Apple Podcasts Subscriptions and channels are now available worldwide,1.0,0.131,0.845,0.024
14,Is Google Stock A Buy? Internet Search Giant Could Finally Be Best FANG Stock In 2021,0.382,0.088,0.912,0.0
15,"UK Competition Watchdog Launches 12-Month Study On Google, Apple Mobile Ecosystems Over Antitrust Concerns: Report",0.128,0.039,0.936,0.025
16,"EU Top Court Says Facebook, Other Big Tech Also Subject To EU Privacy Rulings: Report",0.901,0.098,0.853,0.049
17,"US Representative Seek To Unwind Facebook's Instagram, WhatsApp Acquisitions: Bloomberg",0.901,0.077,0.906,0.017
18,"The Zacks Analyst Blog Highlights: Google, Apple, NVIDIA, Intuit and Applied Materials",0.999,0.126,0.855,0.019
19,"UPDATE 1-UK watchdog looking into Apple, Google's dominance of mobile phone systems",0.357,0.068,0.894,0.039
20,Here's My Top FAANG Stock Pick,0.813,0.125,0.875,0.0
21,"UK watchdog looking into Apple, Google's dominance of mobile phone systems",0.357,0.069,0.892,0.039
22,I Found Something I Like in Microsoft and Apple: Here's How They Stack Up,0.593,0.092,0.908,0.0
23,2 Great Reasons to Buy This Cancer Treatment Stock Now,0.431,0.191,0.675,0.134
24,Washington Renews Apple Inquiry Regarding Trump-Era Subpoenas: Bloomberg,0.772,0.064,0.889,0.047
25,Apple’s Beats Unveils Studio Buds Earbuds Priced at $149.99,0.995,0.175,0.81,0.015
26,Apple Back in Washington Spotlight Over Trump-Era Subpoenas,0.986,0.079,0.874,0.046
27,Merrick Garland and DOJ to tighten rules for accessing lawmaker data in light of new Trump-era revelations,0.637,0.178,0.822,0.0
28,Dow Jones Futures Rise: Nasdaq On Cusp Of Record Highs As Bitcoin Surges On Elon Musk Tweet; Apple Leads 5 Stocks Near Buy Points,0.0,0.0,1.0,0.0
