﻿,Titles,Polarity,Positive,Neutral,Negative
0,Apple Nears $3 Trillion. Why It Could Still Be a Top Stock Pick for 2022.,0.477,0.124,0.876,0.0
1,Coupang Still Holds Opportunities Despite Its Rough Year,0.998,0.15,0.801,0.049
2,What’s next for Apple as it nears a $3 trillion market cap,0.0,0.0,1.0,0.0
3,"Apple Stock May Pause From Its Rally, And This Options Strategy Profits From That Scenario",0.828,0.2,0.8,0.0
4,"Apple’s stock rises toward another record, as Wedbush says no need to worry about supply issues",0.128,0.117,0.779,0.105
5,Apple Stock Nears $3 Trillion Market Cap. Why Morgan Stanley Still Says It’s a Top Pick for 2022.,0.477,0.124,0.876,0.0
6,Why Apple's stock is on fire right now,-0.18,0.061,0.889,0.051
7,7 Christmas Stocks to Buy for a Jolly Ending to 2021,0.999,0.11,0.876,0.014
8,US STOCKS-Nasdaq leads Wall Street lower after sharp rally this week,0.906,0.067,0.889,0.044
9,Barclays Sees Apple Vulnerable To TAC Pressure From Google,0.861,0.093,0.858,0.049
10,10 Stocks to Buy According to Billionaire Paul Tudor Jones,0.999,0.106,0.873,0.021
11,S&amp;P 500 Slips as Caution Sets in Ahead of Inflation Report,0.97,0.1,0.844,0.057
12,Weekly Jobless Claims Hit New Post-Pandemic Low,0.977,0.077,0.9,0.022
13,"Consumer Prices, Core Prices, Sentiment: 3 Things to Watch",0.259,0.048,0.914,0.038
14,Jobless Claims 184K: A New Covid Low,0.987,0.085,0.894,0.021
15,"Apple car unit loses key engineers to Jobi, Archer air taxi upstarts",-0.25,0.016,0.957,0.028
16,"Ethereum developer sounds off on NFTs, metaverse and 'dystopian' Facebook",0.997,0.093,0.869,0.038
17,"Apple wins delay in Epic case, Amazon fined $1.3 billion by Italy's antitrust regulators",0.361,0.101,0.899,0.0
18,S&amp;P 500 Takes Breather Ahead of Inflation Report,0.981,0.108,0.837,0.055
19,"B. Riley Believes Now Is An Excellent Time To Buy Globalstar, Thanks To Apple, Qualcomm",0.925,0.086,0.904,0.01
20,Apple Car Project Loses 3 More Vital Engineers In Quick Succession,0.052,0.048,0.904,0.047
21,A Dirt-Cheap Tech Stock to Buy Right Now,0.0,0.072,0.856,0.072
22,Apple Loses Key Self-Driving Car Engineers To Rivals,0.153,0.133,0.762,0.105
23,This Could Cause Mobile Advertising Spend to Surge,-0.813,0.037,0.798,0.166
24,Missed Out On Roku? My Best Software Stock to Buy and Hold,0.527,0.158,0.758,0.084
25,Inflation Data Lie in Wait as the Stock Market’s Next Nemesis,-0.637,0.0,0.848,0.152
26,Once-Hot IPOs Stumble as Market Volatility Picks Up,0.88,0.102,0.812,0.086
27,Zacks Earnings Trends Highlights: Apple and Amazon,0.983,0.092,0.86,0.048
28,Evgo Soars as 2021 Downloads on PlugShare Platform Top 1 Million,0.785,0.053,0.936,0.012
29,"GameStop, Lucid, Amazon Fall Premarket; CVS Health Rises",0.273,0.076,0.868,0.057
30,"Apple Named 'Favorite Idea,' 'Safety Blanket,' for 2022",0.841,0.323,0.677,0.0
31,Apple Stock Gets a New Street-High Price Target,0.994,0.108,0.88,0.012
