﻿,Titles,Polarity,Positive,Neutral,Negative
0,Score an Apple Watch Series 7 for $70 Off,0.557,0.195,0.805,0.0
1,Why Metaverse Stocks Flew High Today,0.863,0.169,0.831,0.0
2,Is Disney Stock a Buy or Sell Right Now?,0.994,0.101,0.882,0.017
3,"Dow Jones Futures: Apple Retakes Entry, Tesla Eyes Buy Point And Twitter Soars On Musk Stake",0.0,0.0,1.0,0.0
4,"Stocks end the day in the green, Tesla and Apple among best-performing companies",0.0,0.0,1.0,0.0
5,Stocks rise as European Union eyes more sanctions against Russia,-0.572,0.0,0.837,0.163
6,These 10 Stocks are Making Headlines Today,0.985,0.054,0.936,0.01
7,Dow Jones Gains; Twitter Stock Explodes As Elon Musk Invests; Donald Trump SPAC Plummets,0.586,0.211,0.789,0.0
8,Frustrated Apple employees reject CEO Tim Cook’s hybrid plan by threatening to quit,0.888,0.061,0.901,0.038
9,"Top Stock Trades for the Week of April 4, 2022",0.996,0.112,0.858,0.03
10,U.S. Stock Futures Little Changed as Tech Recovers,0.527,0.078,0.858,0.063
11,"Apple, IBD Stock Of The Day, Ripe For Another Potential Buy Point",-0.422,0.0,0.882,0.118
12,Tech Stocks Roundup: Amazon's Union Face-Off Inspires Apple Workers,0.511,0.185,0.815,0.0
13,Looking for a Growth Stock? 3 Reasons Why Apple (AAPL) is a Solid Choice,0.999,0.243,0.741,0.016
14,Stock Market Today: Dow Ends Higher as Twitter Surge Keeps Tech in Vogue,0.033,0.073,0.856,0.071
15,Apple's (AAPL) Apple TV+ Launches New Premium Docuseries,0.998,0.199,0.782,0.019
16,Alphabet (GOOGL) Google Docs Brings Purple Underline Feature,0.998,0.174,0.822,0.004
17,S&amp;P 500 Advances as Twitter Leads Tech Higher,0.753,0.083,0.851,0.067
18,Apple (AAPL) is a Top-Ranked Growth Stock: Should You Buy?,0.996,0.203,0.794,0.004
19,"DecisionPoint (DPSI) Swings to Loss in Q4, Revenues Decline Y/Y",0.995,0.122,0.843,0.034
20,"Market check: U.S. stocks mixed, crude oil rebounds, China stocks gain",0.0,0.0,1.0,0.0
21,10 Finance &amp; Investment Stocks to Invest in According to Warren Buffett’s Berkshire Hathaway,0.998,0.086,0.891,0.023
22,"5 Reasons to Buy Qualcomm, and 1 Reason to Sell",0.103,0.048,0.924,0.029
23,Apple (AAPL) Now Rumored to Launch Foldable iPhone in 2025,0.982,0.098,0.854,0.048
24,Would You Still Dare to Invest in Apple Inc. (AAPL)?,0.972,0.095,0.882,0.023
25,"Dow Jones Futures Signal Slim Market Rally; Twitter Surges On Elon Musk Stake, Tesla Deliveries Hit High",0.0,0.0,1.0,0.0
26,"Dow Jones Futures Rise Amid Market Rally Pullback; Tesla, Apple Near Buy Points",0.0,0.0,1.0,0.0
27,2 FAANG Stocks to Buy Hand Over Fist and 1 to Avoid Like the Plague,0.542,0.186,0.746,0.068
28,"Dow Jones Futures Fall Amid Market Rally Pullback; Tesla, Apple Near Buy Points",0.0,0.0,1.0,0.0
