﻿,Titles,Polarity,Positive,Neutral,Negative
0,"Apple's Q1 Surprises to the Upside, Visa Also Beats",0.997,0.144,0.829,0.027
1,"Dow Jones Futures Rise On Apple Stock After Market Sells Off Again, Tesla Plunge Signals End For These Stocks",-0.296,0.0,0.891,0.109
2,Apple Stock Is Rising on Strong Sales. The Chip Shortage Can’t Stop the iPhone.,0.586,0.242,0.758,0.0
3,Apple (AAPL) Tops Q1 Earnings and Revenue Estimates,0.994,0.09,0.9,0.01
4,"Livingston Group Asset Management CO (operating as Buys Blackstone Inc, Microsoft Corp, ...",0.999,0.086,0.909,0.005
5,"Bordeaux Wealth Advisors LLC Buys Upstart Holdings Inc, Apple Inc, iShares Core S&amp;P 500 ...",0.999,0.115,0.881,0.004
6,"4 Top Stock Trades for Friday: AAPL, MCD, NOW, LCID",0.993,0.112,0.837,0.051
7,"Apple reports blowout earnings, record revenue",-0.46,0.047,0.909,0.044
8,Apple Stock Rises As iPhone Maker Beats Holiday Sales Expectations,0.34,0.107,0.893,0.0
9,Apple earnings show ‘better job managing supply chains’: Analyst,0.0,0.0,1.0,0.0
10,Why Block Stock Tumbled by Nearly 5% on Thursday,0.743,0.136,0.826,0.039
11,"Apple reports a parade of sales records as earnings top $30 billion for the first time, stock gains",0.84,0.231,0.769,0.0
12,UPDATE 3-Apple sales and profit top estimates as hit from chip shortages eases,0.99,0.081,0.89,0.029
13,Apple sales and profit top estimates as hit from chip shortages eases,0.989,0.085,0.889,0.026
14,US STOCKS-S&amp;P 500 ends lower after another wild ride,-0.863,0.059,0.873,0.069
15,Apple Reports First Quarter Results,0.992,0.089,0.85,0.061
16,Apple sales and profit top estimates as iPhone dodges supply chain hits,0.982,0.08,0.875,0.046
17,"Asian Stocks Up as Strong Apple Earnings Boost Sentiment, Volatility Remains",0.982,0.098,0.865,0.037
18,Market check: Stocks lose steam into session close,-0.296,0.0,0.872,0.128
19,Spotify going through mega-platform test amid Neil Young-Joe Rogan saga,0.0,0.0,1.0,0.0
20,7 Big Tech Stocks Likely to Outperform the Nasdaq in 2022,1.0,0.134,0.845,0.021
21,"Why Apple Stock Popped, Then Dropped on Thursday",0.71,0.103,0.897,0.0
22,"Relyea Zuckerberg Hanson LLC Buys Vanguard Value ETF, Apple Inc, iShares Core MSCI ...",0.998,0.076,0.92,0.003
23,Apple (AAPL) to Enable NFC Payments With New iOS Feature,0.992,0.114,0.838,0.048
24,"Apple to report earnings today, revealing its holiday sales amid chip shortage",-0.32,0.048,0.895,0.057
25,Billionaire Ken Fisher’s Performance in 2021: 15 Best Performing Stocks,1.0,0.176,0.812,0.012
26,GDP Grew Better than Expected in Q4,0.981,0.079,0.897,0.024
27,"iPhones to accept payments, China clears AMD for Xilinx acquisition, Spotify removes Neil Young’s music",-0.402,0.0,0.932,0.068
28,"Chevron, Caterpillar, Spending and Income: 3 Things to Watch",0.949,0.09,0.866,0.044
29,"Q4 GDP at +6.9%; Jobless Claims, Durable Goods Lower",0.989,0.082,0.896,0.022
30,Economy Grew More Than Expected in 4Q; Stocks Jump,0.382,0.12,0.88,0.0
31,"Market check: Stocks rise in early trading, Tesla shares fall, Robinhood declines",0.0,0.0,1.0,0.0
32,Now It’s Apple’s Turn to Try and Boost Tech Stocks After Rout,0.603,0.075,0.851,0.074
33,"Dow Jones Surges Amid Stock Market Volatility; Tesla Skids On Earnings, Apple Earnings Due",0.0,0.0,1.0,0.0
34,"Brown Financial Advisory Buys Vanguard Tax-Exempt Bond ETF, Apple Inc, Sells Vanguard Total ...",0.977,0.094,0.894,0.012
35,US STOCKS-Tech stocks set to push Wall Street higher at open,0.983,0.086,0.886,0.027
36,Is Peloton a Smart Buy in 2022?,0.571,0.299,0.701,0.0
37,"Here’s What You Should Look Up to in Apple Inc, (AAPL)",0.99,0.125,0.865,0.01
38,"Dow Jones Futures Rise Amid Stock Market Volatility; Tesla Falls On Earnings, Apple Earnings Due",-0.296,0.0,0.901,0.099
39,"Software stock sell-off looks overdone, ServiceNow CEO suggests",0.999,0.143,0.843,0.014
40,Apple Plans Service That Allows Direct Payment to Phones,-0.296,0.0,0.879,0.121
41,Apple Is Dominating in China. That Should Be Good for Earnings — and the Stock.,0.296,0.081,0.919,0.0
42,3 Inflation-Resistant Stocks to Buy Right Now,-0.197,0.022,0.944,0.034
43,Block Shares Fall on Report Apple Will Turn iPhones Into Payment Terminals,0.382,0.133,0.867,0.0
44,Block shares lower on report Apple to let iPhones accept payments without extra hardware,-0.077,0.115,0.764,0.122
45,7 High-Growth Stocks With High Margins for Your February Buy List,1.0,0.142,0.834,0.024
46,Apple Earnings Preview: Revenue Is Expected to Slow,0.527,0.286,0.714,0.0
47,Apple Reports Earnings Today. Here’s What to Expect.,0.586,0.242,0.758,0.0
