﻿,Titles,Polarity,Positive,Neutral,Negative
0,How the new Google Store compares to Apple's,0.995,0.099,0.874,0.027
1,Google Postpones Removing Cookie Tracking Technology By Two Years To 2023: WSJ,0.919,0.089,0.86,0.051
2,"As U.S. Government Plots Investments, Semiconductor Stocks Face Up To Chip Shortage",-0.511,0.0,0.863,0.137
3,MOVES-Self-driving sensor firm Aeva Technologies adds two Apple veterans,0.82,0.041,0.959,0.0
4,"Break Up Amazon, Make More Money",0.998,0.14,0.82,0.04
5,Better Buy: Apple or All 30 Dow Jones Stocks?,0.273,0.1,0.9,0.0
6,It's Not Too Late to Take Advantage of NVIDIA's Stock Split. Here's Why,0.66,0.136,0.824,0.039
7,Here Comes The Third $2 Trillion Company After Microsoft And Apple,0.361,0.111,0.889,0.0
8,Google takes on Apple with first retail store opening in NYC,0.981,0.105,0.874,0.021
9,3 Stocks to Supplement Your Social Security Income,0.818,0.161,0.804,0.036
10,FuboTV’s Move Into Sports Betting Stokes Investor Attention to ‘Bros’ Cable,0.995,0.088,0.89,0.022
11,Apple’s Car Obsession Is All About Taking Eyes Off the Road,0.999,0.103,0.864,0.032
