﻿,Titles,Polarity,Positive,Neutral,Negative
0,3 Computing Stocks with Promise,0.997,0.11,0.859,0.031
1,"Apple’s stock peeked briefly into record territory after Wolfe Research boosted rating, price target",0.612,0.134,0.829,0.037
2,"Why Facebook Stock Dropped This Morning, but Apple and Roku Popped",0.769,0.16,0.775,0.065
3,Dow Jones Falls Amid Weak Jobs Data; Apple Stock Hits Record High; Wells Fargo Dives,0.25,0.083,0.917,0.0
4,Facebook's Latest Move To Win User Time From TikTok,0.952,0.13,0.842,0.028
5,"Dow Jones Fights Its Way Back, Apple Hits High; Wells Fargo Flashes Sell Signal; 5 Stocks Pass Buy",-0.077,0.079,0.83,0.091
6,Google Might Design Its Own Computer Chips — Just Like Apple Did,0.0,0.0,1.0,0.0
7,Why Fastly and Cloudflare Shares Jumped Today (and Akamai Ticked Higher),0.84,0.102,0.898,0.0
8,These are the three most important shows for Netflix: Analyst,0.0,0.0,1.0,0.0
9,Apple asks U.S. employees to report vaccination status - Bloomberg News,-0.395,0.0,0.98,0.02
10,Google stock has quietly gone berserk — here's why,0.995,0.134,0.859,0.008
11,Apple Enables Touchless Airport Security Screening Experience,0.844,0.067,0.915,0.018
12,Apple Asks All U.S. Employees to Report Vaccination Status,0.865,0.046,0.933,0.021
13,What Makes Apple (AAPL) a New Strong Buy Stock,0.997,0.123,0.867,0.01
14,Here Are The Top Stocks Cathie Wood Is Buying For Her Next Fund,0.128,0.126,0.773,0.101
15,Dow Jones Falls As Jobs Data Misses Estimates; Apple Hits All-Time High,-0.527,0.0,0.784,0.216
16,Google Might Make Its Own Computer Chips — Just Like Apple Did,0.0,0.0,1.0,0.0
17,Apple's iOS Privacy Update Affects Vera Bradley Q2 Earnings; Stock Plummets On Trimmed Outlook,0.813,0.167,0.833,0.0
18,"Apple's stock gains after WSJ report of new blood pressure, fertility planning features for smartwatches, eventually",0.66,0.108,0.865,0.028
19,Apple announces first states signed up to adopt driver’s licenses and state IDs in Apple Wallet,1.0,0.135,0.861,0.004
20,Apple Tops $2.5 Trillion Market Cap as States Sign Up for Wallet,0.852,0.05,0.941,0.009
21,Google Follows Apple’s Path to Make Its Own Computer Chips: Report. What to Know.,0.0,0.0,1.0,0.0
22,Get Earnings Surprise From 5 Top Stocks,1.0,0.177,0.813,0.01
23,5 Stocks to Buy as Microchip Industry Continues to Thrive,0.994,0.101,0.856,0.044
24,Apple Reportedly Plans Blood-Pressure Measure in Smartwatch,0.0,0.0,1.0,0.0
25,Cathie Wood’s Planned ETF Bets ‘Transparency’ Buzzier Than ESG,0.637,0.149,0.812,0.039
26,Love Share Buybacks? These 3 Stocks Are for You,0.923,0.169,0.817,0.014
27,3 Top Warren Buffett Stocks to Buy in September,0.881,0.371,0.568,0.061
28,"Didi Creates Union, Setting a Precedent for Xi’s Workers Agenda",0.125,0.096,0.825,0.078
29,"New Apple Watch reportedly running into production problems, delays",-0.402,0.0,0.881,0.119
