﻿,Titles,Polarity,Positive,Neutral,Negative
0,"Dow Jones Futures: How To Handle The Market Rally Now; Airbus, Apple, Nvidia, Tesla, Moderna, Peloton In Focus",0.285,0.102,0.898,0.0
1,"PreMarket Prep Plus: Why Sean Udall Is Buying DraftKings, Apple",0.971,0.104,0.865,0.031
2,Apple Hires Tesla’s Autopilot Software Director for Car Effort,-0.904,0.022,0.936,0.042
3,Facebook’s Profit Engine Is Proving Irresistible for Investors,0.82,0.095,0.824,0.08
4,"This Video Communications App Passed Netflix, Coinbase And Twitter In Apple's App Store",0.906,0.072,0.891,0.037
5,"Alphabet shares briefly top $3,000 for first time",0.527,0.101,0.899,0.0
6,Rob Arnott on Market Bubbles and Profiting from Valuation Gaps,-0.856,0.043,0.855,0.103
7,"Wall Street Clinches Records as Jobs Report, Covid Optimism Spurs Bullish Bets",0.845,0.055,0.902,0.043
8,7 Penny Stocks That Could Have an Explosive Year-End,1.0,0.112,0.862,0.026
9,"S&amp;P 500 Eases From Record, But Positive Jobs, Covid Update Stoke Optimism",0.915,0.095,0.829,0.076
10,Is Roku Stock a Buy?,-0.422,0.0,0.935,0.065
11,Peloton Posts Biggest-Ever Stock Wipeout After Forecast Cut,0.977,0.081,0.863,0.056
12,3 5G Stocks to Buy in November,0.422,0.174,0.826,0.0
13,Apple Reportedly Drops Mask Mandate at 100 Retail Stores,0.361,0.135,0.787,0.079
14,It’s Crystal Clear Why Microsoft Is No.1 Again,0.991,0.073,0.912,0.015
15,MercadoLibre Jumps as Revenue Growth Soars,0.983,0.148,0.83,0.022
16,Tech Stocks Roundup: Microsoft Launches New Tools For Metaverse,0.612,0.24,0.76,0.0
