﻿,Titles,Polarity,Positive,Neutral,Negative
0,"Texas Power Failures Shut Chip Factories, Squeezing Tight Supply",0.962,0.054,0.925,0.022
1,Top 15 Serial Entrepreneurs In The World,0.999,0.109,0.873,0.018
2,Buffett's Berkshire Reveals New Secret Picks,0.859,0.148,0.852,0.0
3,"Dow Jones Futures: Apple, Tesla Test Support As JPMorgan, Caterpillar Break Out; 7 Key Earnings",-0.026,0.115,0.766,0.119
4,"Warren Buffett's favorite indicator is at a dangerous level, but he just bought these stocks anyway",0.997,0.138,0.833,0.029
