﻿,Titles,Polarity,Positive,Neutral,Negative
0,Apple's new feature to protect children raises concerns on privacy &amp; security,0.382,0.14,0.86,0.0
1,"Samsung's Unpacked Event 2021: 2 New Smartphones, Improved Earbuds, A Feature-Rich Smartwatch",0.99,0.083,0.906,0.01
2,Unity Software Stock Jumps 12% on Analyst Upgrades,0.637,0.123,0.812,0.064
3,"UPDATE 1-U.S. lawmakers introduce bill to rein in Apple, Google app stores",0.9,0.051,0.923,0.025
4,"Senate Bill Would Ban Apple, Google App Stores From Forcing Developers to Use Their In-App Payment Systems",0.998,0.135,0.825,0.041
5,Unity Software stock jumps 10% as analysts credit it with dodging Apple’s online-ad crackdown,0.823,0.304,0.696,0.0
6,"Bill takes aim at Apple and Google app-store tactics, senator calls it ‘craven textbook abuse’ that harms consumers",0.422,0.085,0.915,0.0
7,"U.S. lawmakers introduce bill to rein in Apple, Google app stores",-0.751,0.015,0.947,0.038
8,Apple’s Privacy Move Could Benefit This Software Company,0.0,0.0,1.0,0.0
9,Apple needs to guard free speech while it's protecting kids,0.952,0.087,0.849,0.065
10,"Dow Jones Rallies, Tech Stocks Fall As Inflation Remains High; Coinbase, Unity, Upstart Surge On Earnings",0.0,0.0,1.0,0.0
11,Big Tech Has Spoken,0.998,0.127,0.855,0.018
12,Samsung and Google take aim at the Apple Watch with the Galaxy Watch4 and Watch4 Classic,0.997,0.106,0.852,0.042
13,Samsung’s Galaxy Z Flip3 brings back the classic clamshell phone with a foldable screen,0.813,0.077,0.872,0.051
14,Samsung Makes $999 Foldable Phone in Challenge to Coming iPhones,0.993,0.099,0.876,0.025
15,Top 5 Blue-Chip Picks to Gain From Dow's Strong Rally,0.999,0.135,0.858,0.006
16,Jamf Holding Corp. (JAMF) Q2 2021 Earnings Call Transcript,0.0,0.0,1.0,0.0
17,Telcos Seek Killer App to Recoup Billions Spent on 5G,0.998,0.095,0.89,0.015
18,These Apple Suppliers Could Benefit From New iPhone Models,0.572,0.198,0.802,0.0
