﻿,Titles,Polarity,Positive,Neutral,Negative
0,"Ukraine Urges Apple to Halt Russian Product Sales, App Store",-0.852,0.059,0.87,0.071
1,Dow Jones Futures: Market Rally Continues Amid Russia's Ukraine Invasion; Apple Leads 5 Stocks Setting Up,0.361,0.143,0.857,0.0
2,Tech stock winners that may 'power through' inflation and other market risks,-0.052,0.163,0.7,0.137
3,7 Berkshire Hathaway Stock Picks to Buy If You Wanna Be Like Warren,1.0,0.117,0.857,0.026
4,7 Best Stocks to Buy for a Recession,0.999,0.134,0.809,0.056
5,Zacks Industry Outlook Highlights Apple and HP,0.999,0.121,0.858,0.021
6,Recognize co-founder: ‘Talent and inflation’ are companies' top priorities,0.128,0.125,0.79,0.084
7,Autodesk (ADSK) Q4 Earnings and Revenues Beat Estimates,0.998,0.11,0.89,0.0
8,"Zscaler (ZS) Q2 Earnings and Revenues Beat Estimates, Up Y/Y",0.998,0.106,0.882,0.011
9,"Intuit (INTU) Q2 Earnings Miss, Revenues Beat, Stock Down",0.999,0.145,0.853,0.002
10,10 Stocks to Buy Now According to Hari Hariharan’s NWI Management,1.0,0.131,0.86,0.009
11,10 Smart Home Technology Stocks To Buy Today,1.0,0.185,0.796,0.019
12,The Best Warren Buffett Stocks to Buy With $300 Right Now,0.44,0.123,0.795,0.082
13,Apple Seen Unveiling Lower-Cost 5G iPhone At Upcoming Event,0.0,0.0,1.0,0.0
14,AT&amp;T Stock Is a Buy for the Dividend and a Hold for the Upcoming Spinoff,0.991,0.09,0.87,0.041
