﻿,Titles,Polarity,Positive,Neutral,Negative
0,Apple seeks to avoid allowing developers to link out to other payment options in Epic appeal,-0.477,0.0,0.903,0.097
1,Narrow Impact for Microsoft's (MSFT) New OS and Hardware,0.0,0.0,1.0,0.0
2,"Apple’s New Watch Is in Tight Supply, Leading to Long Wait Times",-0.901,0.072,0.836,0.092
3,"Big Tech, Saudi Oil, And the Pursuit of $100 Billion Profits",0.25,0.156,0.74,0.105
4,"Apple Stock Remains a ‘Buy’ Despite Supply Chain Challenges, Says J.P. Morgan",0.958,0.103,0.836,0.061
5,Flying Pig winner turned entrepreneur: How Oakwood native Jack Randall is taking on Garmin and Apple Inc.,0.32,0.053,0.924,0.024
6,This Stock Is a Screaming Buy Right Now,0.925,0.194,0.806,0.0
7,"Ted Lasso's famous biscuits are getting the real-life treatment, thanks to Milk Bar",0.96,0.076,0.907,0.018
8,Microsoft Windows 11: What Investors Need to Know,0.542,0.139,0.807,0.054
9,Sony Plans To Invest In Apple Supplier's Japanese Chip Plant: Nikkei Asia,0.542,0.035,0.953,0.012
10,Apple plans big office expansion in Los Angeles area as it adds employees,0.973,0.085,0.901,0.014
11,Apple Is Building a Massive New Campus Straddling L.A. and Culver City,0.924,0.046,0.94,0.014
12,"Paul Marshall and Ian Wace’s Stock Picks: Biogen Inc (BIIB), Apple Inc (AAPL) and More",0.999,0.079,0.902,0.019
13,Apple and the Rest of Big Tech Dealt a Blow as Ireland Joins Global Tax Agreement,0.422,0.094,0.906,0.0
14,Apple Stock Could Struggle. This Analyst Explains Why.,0.153,0.058,0.942,0.0
15,10 Boring Stocks That Make Money,0.999,0.113,0.852,0.035
16,Analyzing TSM's Q3 Revenue: Bloomberg,0.681,0.079,0.869,0.052
17,"TSMC Posts Record Sales as Auto, iPhone Demand Fuel Orders",0.942,0.096,0.845,0.058
