﻿,Titles,Polarity,Positive,Neutral,Negative
0,Biden Team Considers New Clampdown on China’s Biggest Chipmaker,-0.145,0.082,0.844,0.073
1,Warren Buffett says these are the absolute best stocks to own — check out 3 choice picks from his collection,0.998,0.131,0.855,0.014
2,WHO Issues Omicron Warning; Strain Spreads in U.S.: Virus Update,0.99,0.059,0.899,0.042
3,"4 Top Stock Trades for Wednesday: AAPL, NVDA, UPST, NET",0.996,0.138,0.787,0.075
4,Dow Jones Falls; Senate Approves Debt Ceiling Hike; Tesla Slips On Elon Musk Move,-0.361,0.0,0.902,0.098
5,Dow Jones Falls; Tesla Stock Slips On Elon Musk Move; Senate Approves Debt Ceiling Hike After Schumer Push,-0.361,0.0,0.902,0.098
6,"Dow Jones Futures: Stock Market At Turning Point As Fed Decision Looms; Microsoft, Google, Tesla, Nvidia At Key Levels",0.0,0.0,1.0,0.0
7,Dow Jones Falls As Microsoft Dives; Tesla Slips On Elon Musk Move; Schumer Makes Debt Ceiling Push,-0.361,0.0,0.902,0.098
8,"US STOCKS-Wall Street ends down, investors eye inflation and Omicron",0.977,0.078,0.875,0.047
9,3 Stocks That Can Make You Rich in Just a Few Years,0.999,0.124,0.836,0.041
10,Don’t Run! Be Ready to Buy Into Twilio Stock.,0.999,0.157,0.801,0.041
11,Duolingo adds former Mozilla CEO John Lilly to its board of directors,0.0,0.0,1.0,0.0
12,Things Are Looking Up for Cloudflare as Value Collides With Growth,0.996,0.128,0.811,0.061
13,Apple Restores Mask Mandate for All U.S. Stores,0.0,0.0,1.0,0.0
14,US STOCKS-Wall Street drops as investors eye inflation and coronavirus,0.954,0.062,0.903,0.034
15,"Apple, Google Hold ‘Vise-Like Grip’ on Smartphones, U.K. Regulator Says",0.0,0.0,1.0,0.0
16,"Apple stock dips, software stocks slump, AMC and GME remain volatile",0.0,0.0,1.0,0.0
17,Why Apple Stock Dropped Today,0.5,0.178,0.762,0.06
18,"Apple’s augmented-reality ambitions could be a ‘game changer,’ Bank of America says in upgrade",0.402,0.091,0.909,0.0
19,UPDATE 1-Apple makes masks mandatory at U.S. retail stores as COVID-19 cases rise,0.326,0.031,0.951,0.018
20,Politician says Germany should ban Telegram unless it tackles extremist content,-0.977,0.075,0.778,0.147
21,Apple to Again Require Masks at U.S. Stores and Limit Crowds,0.975,0.087,0.871,0.042
22,Stocks in defensive setup ahead of Fed announcement,0.0,0.0,1.0,0.0
23,Apple makes masks mandatory at U.S. retail stores as COVID-19 cases rise,0.326,0.032,0.949,0.019
24,"Newfound Risk Managed US Sectors Fund Buys Vanguard S&amp;P 500 ETF, Vanguard U.S. ...",-0.952,0.041,0.905,0.054
25,"Dow Falls As Apple, Microsoft Weigh; Nasdaq Loses Support As Growth Stocks Sell Off",0.103,0.113,0.792,0.096
26,10 Best Jim Cramer Stocks to Watch in December,0.999,0.114,0.868,0.018
27,"Principal Exchange-Traded Funds Buys Apple Inc, Microsoft Corp, Amazon.com Inc, Sells ,",0.985,0.062,0.93,0.009
28,"Lennar Profit, Retail Sales, Oil Stocks: 3 Things to Watch",0.818,0.083,0.849,0.068
29,The Worst Mistake Roku Investors Can Make Right Now,0.649,0.249,0.751,0.0
30,Apple nears $3 trillion milestone. Analyst sees 'best days to come.',0.778,0.107,0.893,0.0
31,"US STOCKS-S&amp;P 500, Nasdaq slide on hot producer prices data as Fed meet looms",0.986,0.07,0.915,0.015
32,Apple Close to Hitting $3T Market Cap: 5 ETFs to Buy,0.999,0.136,0.85,0.015
33,"Here’s the best way to spot stock-market winners, according to this 25-year tech analyst",-0.318,0.064,0.845,0.091
34,Why Apple Is a Top Metaverse Stock to Buy Right Now,0.836,0.107,0.893,0.0
35,US STOCKS-Futures fall after PPI data as Fed meet looms,0.978,0.069,0.916,0.016
36,The Fed Meeting Could Be D-Day for Bitcoin and Other Cryptos,0.318,0.144,0.746,0.111
37,3 Environmentally Friendly Alternatives to Bitcoin,0.374,0.079,0.879,0.042
38,UPDATE 1-Key EU parliament committee agrees tough position on DSA tech rules,-0.66,0.059,0.871,0.07
39,BofA Turns Bullish On Apple - Read Why,0.891,0.07,0.908,0.022
40,3 Firecracker Stocks to Buy Now for the New Year,-0.34,0.0,0.897,0.103
41,Red-Hot Chip Stocks Are Cooling,0.974,0.096,0.849,0.055
42,Omicron variant and threat of higher interest rates cause investors to hoard cash: BofA,0.922,0.074,0.912,0.015
43,Apple Price Targets Keep Rising as $3 Trillion Milestone in View,0.949,0.099,0.846,0.055
44,UPDATE 3-UK regulator says Google and Apple hold 'vice-like' grip on consumers,0.979,0.104,0.883,0.013
45,UK regulator says Google and Apple hold 'vice-like' grip on consumers,0.979,0.106,0.881,0.013
46,Wall Street Opens Mixed as PPI Reinforces Fed Concerns; Dow up 40 Pts,0.943,0.065,0.896,0.039
