﻿,Titles,Polarity,Positive,Neutral,Negative
0,Zuckerberg Believes the Metaverse Is the ‘Next Big Thing’ in the Tech World,0.999,0.116,0.875,0.009
1,3 Stocks to Buy for Profits From Earnings Season Pin Action,1.0,0.176,0.76,0.065
2,"Google's New Smartphone Processor, Google Tensor, Set For Debut In Fall",0.743,0.082,0.869,0.049
3,"Dow Loses Steam Into Close as Rising Cases, Weaker Economic Data Weigh",0.625,0.06,0.887,0.053
4,Tesla's Musk denies demanding to be Apple CEO,-0.273,0.098,0.711,0.191
5,Google’s New Pixel Phones Feature a Processor Designed In-House,0.992,0.078,0.915,0.007
6,Dow Eases From Record as Stocks Struggle for Direction,0.953,0.075,0.895,0.031
7,Apple's Strongest June Quarter Ever Was Overshadowed By Chip Shortage,0.991,0.104,0.863,0.033
8,25 Most Peaceful Countries in the World,1.0,0.214,0.677,0.109
9,FB Stock A Buy? Here's Why Facebook Got A $500 Price Target,-0.153,0.0,0.932,0.068
10,10 Cheapest Stocks on Robinhood,0.999,0.104,0.881,0.015
11,10 Best FAANG Stocks to Buy Now,1.0,0.113,0.867,0.02
12,Qualcomm Slips As Google Decides To Build Own Processors,-0.201,0.028,0.934,0.038
13,Tech Stocks In Focus: Here's The List Of The 25 Most Trusted Tech Companies,0.769,0.282,0.718,0.0
14,ON Semiconductor Stock Rises on Earnings Beat and Strong Guidance,-0.128,0.0,0.903,0.097
15,4 Must-Buy Efficient Stocks to Build a Powerful Portfolio,0.999,0.17,0.814,0.016
16,Top 6 Momentum Stocks to Tap Wall Street Rally in August,1.0,0.149,0.844,0.006
17,The Top 50 Robinhood Stocks in August,0.868,0.174,0.826,0.0
