﻿,Titles,Polarity,Positive,Neutral,Negative
0,Apple (AAPL) Outpaces Stock Market Gains: What You Should Know,0.99,0.095,0.892,0.013
1,Facebook parent Meta set to take nearly 50% cut from virtual sales — and Apple is calling it out,-0.361,0.072,0.783,0.145
2,iMovie 3.0 Update: Apple Adds Two New Modes For Creating Movies,0.66,0.231,0.769,0.0
3,"Dow Jones Futures: Market Rally Rebounds, But Don't Get Excited; 7 Stocks Near Buy Points",0.593,0.216,0.784,0.0
4,Apple MacBook Shipments Delayed as China’s Lockdowns Slow Production,-0.466,0.045,0.896,0.059
5,"Don't Call Me an Apple Bear, But You Might Not Like What I Have to Say",0.612,0.109,0.891,0.0
6,Markets check: Stocks head higher as earnings season kicks off,0.361,0.102,0.898,0.0
7,Facebook Follows Apple with a Controversial Move,-0.511,0.0,0.858,0.142
8,Apple's big motive for fighting a new antitrust law,0.989,0.103,0.832,0.065
9,How Hulu's 'The Kardashians' fits into the 'survival of the fittest' media landscape,0.997,0.072,0.901,0.027
10,"Nvidia Stock Is a Buy, but the Question Is When?",0.917,0.074,0.877,0.049
11,Stock Market Today: Dow Rides Tech Higher After JPMorgan Q1 Falls Short,0.451,0.102,0.808,0.089
12,Infosys (INFY) Falls 3% as Q4 Earnings &amp; Revenues Miss Estimates,0.998,0.124,0.846,0.03
13,"Apple (AAPL), Tom Hanks' Playtone Ink Multi-Year Content Deal",0.999,0.16,0.826,0.015
14,GoPro (GPRO) Rolls Out HERO10 Black Bones: Major Highlights,0.996,0.094,0.9,0.005
15,What ‘The Kardashians’ debut on Hulu means for the streaming landscape,0.0,0.0,1.0,0.0
16,TELUS (TU) Rolls Out New Mobile Health Clinic in Calgary,0.998,0.138,0.859,0.003
17,Should You Buy Alphabet Before the Stock Split?,0.361,0.122,0.878,0.0
18,Apple may increase stock buybacks by $90 billion,0.273,0.077,0.923,0.0
19,Alphabet (GOOGL) to Enhance Music Experience With New Features,0.998,0.163,0.828,0.009
20,Chinese Lockdown Extends to More People Than the Entire U.S. Population,-0.273,0.0,0.909,0.091
21,Is It Better to Buy Before or After a Stock Split? Consider These 3 Charts.,0.859,0.165,0.804,0.031
22,CACI Bags $258M DoD Contract for Tech Support &amp; Modernization,0.998,0.137,0.856,0.007
23,"The Zacks Analyst Blog Highlights Apple, Berkshire Hathaway, JPMorgan Chase, NVIDIA, and Bank of America",0.999,0.145,0.819,0.036
24,2 Semiconductor Stocks That Could Go Parabolic,0.649,0.087,0.896,0.017
25,Yahoo Finance Presents: Cathie Wood,0.25,0.065,0.935,0.0
26,PayPal Stock: Bull vs. Bear,0.0,0.0,1.0,0.0
27,"If fuboTV Can Do This 1 Thing, I Will Buy More Shares",0.25,0.133,0.867,0.0
28,Google Bets on Offices With $9.5 Billion U.S. Investment,0.798,0.076,0.867,0.057
29,Apple Laptop Maker Joins Growing Covid Plant Closures in China,-0.988,0.032,0.879,0.089
30,Celebrities Toss $87 Million to Crypto-Payments Company MoonPay,0.955,0.079,0.883,0.037
31,Apple Stumbles On a Very Annoying Obstacle,-0.601,0.0,0.9,0.1
