﻿,Titles,Polarity,Positive,Neutral,Negative
0,David Rolfe's Top 6 Trades of the 1st Quarter,1.0,0.168,0.805,0.027
1,Apple to launch a redesigned MacBook pro this summer: RPT,0.0,0.0,1.0,0.0
2,"Google Puts Tools Rivaling Microsoft, Slack at Center of I/O",0.976,0.071,0.908,0.02
3,Google is making big design and privacy changes to the world's most popular operating system,0.993,0.104,0.892,0.003
4,Google is teaming up with Samsung to take on the Apple Watch,0.993,0.119,0.867,0.014
5,Apple’s Phil Schiller takes grilling from Epic attorney on email trail,0.026,0.056,0.889,0.054
6,Google Adds Feature to Zap Recent Search History in Privacy Push,0.974,0.117,0.874,0.01
7,Is ‘Rocky’ Worth $9 Billion? Amazon-MGM Talks Highlight Value of Content.,0.557,0.159,0.841,0.0
8,"Warren Buffett Buys British Insurer Aon, Boosts Kroger Stake",0.998,0.117,0.865,0.018
9,Dow Ends Deeper in Red on Late-Selling as Tech Pares Gains,0.965,0.095,0.849,0.056
10,"Apple (AAPL) Music to Add Lossless Audio, Dolby Atmos Support",0.999,0.133,0.863,0.004
11,"Apple Readies MacBook Pro, MacBook Air Revamps",0.993,0.061,0.93,0.01
12,Tesla is the 'biggest short in the market': strategist,0.0,0.0,1.0,0.0
13,Apple's $430 Billion U.S. Investment Has Huge Investor Implications,0.34,0.038,0.962,0.0
14,"S&amp;P 500 Flat as Reopening Stocks Gain, but Energy Loses Power",0.98,0.113,0.837,0.05
15,"I’ve been using Apple’s M1-powered iMac for a week, and its convinced me to buy one",0.999,0.143,0.844,0.013
16,3 Cloud Computing Stocks to Buy After Q1 2021 Earnings,-0.232,0.0,0.97,0.03
17,3 Top Growth Stocks That Are Screaming Buys Right Now,0.765,0.409,0.591,0.0
18,Options Trading 101: Intrinsic Value and Time Value,-0.625,0.121,0.692,0.187
19,Amazon eyes MGM as race for streaming domination heats up,0.527,0.14,0.86,0.0
20,10 Best Dividend Stocks to Buy According to Billionaire Kerr Neilson,1.0,0.135,0.842,0.023
21,iPhone Maker Foxconn May Conquer Car Cockpits With Stellantis,0.967,0.078,0.922,0.0
22,Amazon in Talks to Buy MGM,0.0,0.0,1.0,0.0
23,Options for Beginners: What Are Puts and Calls?,0.0,0.0,1.0,0.0
24,Apple Faces Continued iPad Pro Delays Due to Next-Gen Displays,0.938,0.064,0.908,0.028
