﻿,Titles,Polarity,Positive,Neutral,Negative
0,Apple's app store to allow more payment options for Dutch dating app developers,-0.347,0.047,0.89,0.063
1,Exxon May Be Making ‘More Than God.’ But Apple and Alphabet Are More Profitable.,0.856,0.277,0.723,0.0
2,Crypto Takes On Hollywood and the Broken Studio System,0.999,0.117,0.85,0.032
3,5 High-Quality Stocks Sizzling this Summer,0.999,0.108,0.862,0.031
4,Apple's AirPods Max Are the Perfect Headphones for Traveling,0.872,0.382,0.618,0.0
5,"Apple probed by antitrust group, Spirit Airlines upgraded to 'Overweight', DocuSign shares plummet",0.026,0.039,0.924,0.037
6,Jan. 6 Hearings Need to Deliver Additional Viral Moments to Reach Americans,-0.986,0.053,0.854,0.094
7,"Why Apple, Amazon, and Nvidia Plunged Today",0.772,0.115,0.885,0.0
8,"Why Apple's 'buy now, pay later' doesn't scare Affirm's founder",0.967,0.103,0.838,0.059
9,Apple's Cook urges U.S. lawmakers to pass federal privacy law,0.681,0.072,0.928,0.0
10,Apple (AAPL) to Expand Apple TV+ Content With New Series 'Sugar',0.998,0.179,0.773,0.047
11,Tesla Files for 3-for-1 Stock Split,0.477,0.048,0.952,0.0
12,Stock Market Today: Dow Falls on Tech Wreck as Yields Hitch Ride on Inflation Wave,-0.679,0.082,0.826,0.092
13,Apple Wants a Slice of BNPL. How to Play It.,0.273,0.101,0.801,0.098
14,"Stock Market Rally Under Pressure As Indexes Tumble, Breakouts Fail: Weekly Review",-0.818,0.0,0.678,0.322
15,Why the Affirm CEO isn’t worried about Apple’s 'pay later' service,0.296,0.081,0.875,0.044
16,S&amp;P 500 Slumps as Surprise Jump in Inflation to Keep Fed on Rate Hike Trail,0.597,0.086,0.838,0.075
17,"Down 79% in 2022, Is fuboTV Stock a Buy?",0.226,0.072,0.893,0.035
18,15 Best Penny Stocks To Invest In,0.999,0.109,0.865,0.027
19,"British Antitrust Watchdog Comes After Apple, Google: All You Need To Know",0.975,0.121,0.849,0.03
20,10 Best Stocks to Buy According to Billionaire Chris Rokos,0.999,0.096,0.893,0.011
21,Apple and Google Face a New Threat. Regulator Says They ‘Hold All the Cards.’,0.202,0.114,0.886,0.0
22,3 Undervalued Stocks to Buy That Are Preparing to Rocket in 2022,0.999,0.179,0.786,0.035
23,"Market check: Dow falls 500+ points, Nasdaq in the red",0.0,0.0,1.0,0.0
24,This Is How Apple's WWDC Announcements Could Affect Your Stocks,0.422,0.071,0.885,0.043
25,10 Safest Stocks To Invest In,1.0,0.125,0.848,0.028
26,The Era of Descending Capital Costs Planted Seeds for Tomorrow,0.994,0.088,0.861,0.051
27,Will Big Tech or Bitcoin Be Regulated?,-0.671,0.054,0.758,0.188
28,"Apple, Google Face New Antitrust Investigations in U.K.",-0.382,0.096,0.763,0.141
29,Why Bundled Services Could Help Streamers Stem Subscriber Losses,0.915,0.165,0.808,0.027
30,Goldman cuts Netflix to 'Sell' citing competition and a 'consumer recession',-0.794,0.041,0.883,0.076
31,Apple and Google face UK probe over mobile browser dominance,0.077,0.085,0.915,0.0
32,Apple and Google ‘Hold All the Cards.’ The Tech Giants Face a New Regulatory Threat.,0.202,0.114,0.886,0.0
33,7 Large Cap Stocks to Buy for Long-Term Stability,1.0,0.193,0.781,0.026
34,Stock market news live updates: Stock futures mixed before key inflation data,-0.948,0.036,0.908,0.056
35,2 Reasons Investors Should Love Apple Pay Later,0.265,0.114,0.886,0.0
36,Why Big Businesses Could Dominate AR in the Near Future,0.395,0.062,0.905,0.032
37,"UPDATE 1-UK plans to probe Apple, Google's mobile browser dominance",0.996,0.147,0.826,0.027
38,China Tech Titans Make a Comeback as US Peers Stumble,0.996,0.119,0.841,0.04
39,Prediction: These 3 Warren Buffett Stocks Will Be the Biggest Winners This Decade,0.93,0.215,0.765,0.02
40,U.K. regulator probing Apple and Google over mobile browsers and gaming,0.077,0.033,0.967,0.0
41,"UK plans to probe Apple, Google's mobile browser dominance",0.996,0.149,0.823,0.028
42,A tangle of cables is the price for Apple’s innovation,-0.754,0.017,0.894,0.088
43,Gorillas Startup Dream of Food Delivery and Office Raves Falters,-0.886,0.066,0.865,0.068
44,Bezos and Ambani Set to Battle Over $7.7 Billion Cricket Rights,0.994,0.085,0.887,0.028
