﻿,Titles,Polarity,Positive,Neutral,Negative
0,"EV Startup That Drew Apple Interest Takes On Tesla, GM In Hot Pickup Market",0.0,0.0,1.0,0.0
1,Apple Chip Supplier Qorvo May Be More Important Than Ever. Here’s Why.,0.296,0.081,0.919,0.0
2,Dow Jones Hits New High On Jobs Data; Biden Signs Stimulus Bill Into Law,0.0,0.0,1.0,0.0
3,Dow Jones Hits Record High With Biden Set To Sign Covid Stimulus Bill; Roblox Stock Jumps,0.637,0.208,0.729,0.063
4,Augmented Reality Finding Niche In Workplace,0.999,0.146,0.833,0.021
5,"Primoris Services, Regis Corp, Apple, Alphabet and Amazon highlighted as Zacks Bull and Bear of the Day",1.0,0.127,0.85,0.022
6,Oppo Launches New Flagship Smartphone as China Market Roars Back,0.973,0.087,0.879,0.033
7,Influencers with Andy Serwer: Walter Isaacson,1.0,0.119,0.827,0.054
8,Goldman Sachs pledges $10 billion to change the lives of ‘One Million Black Women’,0.273,0.13,0.87,0.0
9,Apple starts iPhone 12 assembly in India,0.912,0.071,0.911,0.018
10,Apple Tilts to iPhone Playbook for Car as Automaker Talks Stall,0.989,0.079,0.881,0.041
