﻿,Titles,Polarity,Positive,Neutral,Negative
0,"4 Top Stock Trades for Tuesday: Bitcoin, AAPL, MSFT, PLTR",0.985,0.109,0.827,0.064
1,"MEMBERS Trust Co Buys JPMorgan Ultra-Short Income ETF, Apple Inc, General Electric Co, Sells ...",0.999,0.135,0.861,0.004
2,"Mkd Wealth Coaches, Llc Buys iShares MSCI EAFE ETF, Stellantis NV, iShares MSCI Intl Quality ...",0.999,0.117,0.879,0.004
3,"Baker Boyer National Bank Buys Dimensional U.S. Core Equity 2 ETF, Dimensional World ex U.S. ...",0.993,0.049,0.948,0.004
4,3 Stocks to Buy on the Dip Amid the Market Selloff,0.972,0.099,0.848,0.053
5,Tesla and Apple Will Make or Break the Nasdaq This Week,0.0,0.0,1.0,0.0
6,"Stocks pare losses but hold lower ahead of earnings, Fed meeting",0.34,0.094,0.906,0.0
7,"Apple earnings: 'The big question' is about supply chain disruptions, analyst says",0.997,0.111,0.868,0.021
8,Exiled Cloud Emperor Alibaba Stock Could Be On Its Way Back Home,0.762,0.091,0.822,0.087
9,Apple and Other Large-Cap Tech Stocks Provide No Shelter From the Selloff—Except for One,0.477,0.114,0.886,0.0
10,Market check: Stocks bounce back slightly after Nasdaq drops 4%,0.0,0.0,1.0,0.0
11,"Large-Cap Tech Stocks Provide No Shelter From the Selloff, With One Exception",0.477,0.114,0.886,0.0
12,S&amp;P 500 Follows Nasdaq Into Correction; Fear Index Up,0.0,0.0,1.0,0.0
13,"AustralianSuper Pty Ltd Buys ICL Group, Apple Inc, Taiwan Semiconductor Manufacturing Co, Sells ...",0.993,0.047,0.949,0.004
14,"National Mutual Insurance Federation of Agricultur Buys Apple Inc, Meta Platforms Inc, ...",0.988,0.057,0.938,0.006
15,3 Stocks to Buy Under Extreme Levels of Fear on Wall Street,0.998,0.137,0.771,0.092
16,Snap stock sinks as analyst says company is most exposed to risks from TikTok’s rise,-0.202,0.131,0.709,0.16
17,"Why Shares of Amazon, Apple, and Meta Platforms Are Falling Today",0.66,0.135,0.813,0.052
18,Will Activision Boost Microsoft's Metaverse Ambitions?,0.0,0.0,1.0,0.0
19,ETFs in Focus Ahead of Big Tech Q4 Earnings,0.999,0.128,0.844,0.029
20,Is Taiwan Semiconductor the Most Important Company on Earth?,0.884,0.154,0.809,0.037
21,"Will Apple, Google, Nike, or Lululemon Buy Peloton?",0.542,0.231,0.769,0.0
22,Apple Stock Before Earnings: Sell or Buy?,0.511,0.074,0.877,0.049
23,Snap Stock Sinks After a Big Downgrade. Blame TikTok and Apple.,0.572,0.107,0.828,0.064
24,Tech Stocks Roundup: The Battle for the Metaverse — Let the Games Begin,0.612,0.222,0.778,0.0
25,Market sell-off is ‘a normal course’ as Fed gets ready to hike interest rates: Strategist,0.671,0.169,0.831,0.0
26,Downward Slide for Stocks Continues to Start the Week,0.459,0.13,0.87,0.0
27,Apple Is Plunging and a Weaker Dollar May Be the Savior It Needs,0.625,0.086,0.835,0.08
28,More of the Same to Start a New Trading Week,0.996,0.129,0.864,0.007
29,"Tech M&amp;A will be ‘incredibly active’ in 2022, Union Square Advisors co-founder says",0.998,0.11,0.872,0.018
30,Avnet (AVT) to Report Q2 Earnings: What's in the Offing?,0.998,0.129,0.866,0.005
31,Apple Fined After Failing to Meet Dutch App Payment System Rules,-0.9,0.037,0.897,0.066
32,"Stock market ‘not giving any due respect’ to earnings beats, strategist says",0.0,0.0,1.0,0.0
33,Xilinx (XLNX) Set to Report Q3 Earnings: What's in Store?,0.998,0.13,0.85,0.02
34,"Peloton's Market Cap Drops: Will Apple, Google, Lululemon Buy It?",0.542,0.231,0.769,0.0
35,"Pennsylvania Capital Management Inc  Buys Apple Inc, Berkshire Hathaway Inc, Meta Platforms ...",0.994,0.059,0.93,0.011
36,TSMC Aims To Construct Advanced Packaging Fab In Taiwan,0.974,0.098,0.898,0.005
37,4 Investors Pick Their Top Stocks for 2022,0.542,0.122,0.801,0.077
38,Elon Musk (And You) Lost $1.7 Trillion On 9 Imploding Giant Stocks,-0.634,0.056,0.735,0.209
39,Dow Jones Futures Fall As Market Correction Shows No Mercy; Fed Meeting Leads 5 Big Catalysts,-0.115,0.0,0.935,0.065
40,"Peloton CEO must be fired immediately, activist says in scathing new letter",-0.985,0.062,0.832,0.105
41,"Apple, Microsoft, Tesla and McDonald's are part of Zacks Earnings Preview",0.998,0.121,0.848,0.031
42,Tesla (TSLA) Headlines Busiest Week of Earnings So Far,0.999,0.137,0.846,0.018
43,7 Hot Stocks to Buy That Definitely Are Worth the Love,0.999,0.118,0.865,0.017
44,"IBM’s Pension Slashed Stakes in Apple, Microsoft, and Tesla. It Bought GE.",0.0,0.0,1.0,0.0
45,iPhone Assembler Hon Hai Expects ‘Unprecedented’ First Quarter,-0.878,0.05,0.877,0.073
46,"Activist Investor Said to Push Peloton to Fire CEO, Seek Sale",-0.6,0.071,0.851,0.077
47,Dow Jones Futures Rise After Market Correction Shows No Mercy; Fed Meeting Leads 5 Big Catalysts,-0.115,0.0,0.935,0.065
