﻿,Titles,Polarity,Positive,Neutral,Negative
0,What is the ‘metaverse’ and how much will it be worth? Depends on whom you ask,0.0,0.0,1.0,0.0
1,Texas Put Up Millions to Lure a Samsung Plant and Won. Will It Pay Off?,0.998,0.103,0.863,0.034
2,"Thanksgiving box office: Vaccines for kids ‘will play a major role’ in family movie attendance, analyst says",0.382,0.067,0.933,0.0
3,Zoom Stock Being Out of Favor Is an Opportunity,0.998,0.168,0.765,0.068
4,"Supply chain environment 'most dynamic I've ever seen,' Pure Storage CEO says",-0.361,0.0,0.873,0.127
5,"HP stock and Dell stock both rise after solid earnings, strong guidance",0.0,0.0,1.0,0.0
6,"Dow Jones Slides As Yields Rise; Tesla Skids, While Gap, Nordstrom Plunge On Earnings",0.0,0.0,1.0,0.0
7,"If You Had Invested $1,000 in Meta in 2012, This Is How Much You Would Have Today",0.739,0.282,0.648,0.07
8,"Dow Jones Futures Fall As Retailers Gap, Nordstrom Plunge On Earnings; Tesla Threatens To Extend Losses",-0.494,0.0,0.833,0.167
9,"UPDATE 1-Apple warns Thai activists ""state-sponsored attackers"" may have targeted iPhones",-0.612,0.051,0.885,0.064
10,2 Unstoppable Growth Stocks to Buy Now and Hold,0.979,0.322,0.678,0.0
11,"UPDATE 1-""Not currently available"": Turks can't buy iPhones after lira plunge",-0.938,0.039,0.887,0.075
12,"Apple warns Thai activists ""state-sponsored attackers"" may have targeted iPhones",-0.665,0.046,0.89,0.064
13,"Dow Jones Futures Fall As Market Direction Turns Murky; Tesla Falls, 3 Stocks In Buy Zones",-0.166,0.078,0.81,0.111
14,Could You Retire on Bitcoin Alone?,0.925,0.217,0.752,0.03
15,"""Not currently available"": Turks can't buy iPhones, other electronics after lira plunge",-0.939,0.026,0.902,0.073
16,"China Oct smartphone shipments up 30.6% y/y, likely driven by iPhone",-0.402,0.036,0.915,0.049
17,Xiaomi Growth Withers After Chip Shortages Wallop Phone Sales,-0.669,0.096,0.809,0.095
