﻿,Titles,Polarity,Positive,Neutral,Negative
0,5 Best Websites To Research Stocks,0.999,0.117,0.85,0.033
1,"Apple's Sept. 7 'Far Out' Event is Official, Here's What to Expect",0.0,0.0,1.0,0.0
2,"Apple's Sept. 7 ""Far Out"" Event is Official, Here's What to Expect",0.0,0.0,1.0,0.0
3,Top Millennial Pick Tesla Stock Splits Wednesday,0.287,0.097,0.903,0.0
4,"Dow Jones Futures: Nvidia, Snowflake, CRM Lead Earnings; Warren Buffett's Top Stock Has New Buy Point",0.202,0.091,0.909,0.0
5,10 Best High Margin Growth Stocks to Buy Now,1.0,0.154,0.819,0.027
6,"Samsung’s $279 Galaxy Watch 5 is the go-to for Android smartwatches, for now",0.998,0.105,0.881,0.014
7,7 Stocks for Investors Over 30 to Buy and Hold,1.0,0.151,0.837,0.012
8,Apple set to unveil new iPhone at September 7 launch event,0.813,0.065,0.935,0.0
9,Shopify (SHOP) Unveils Shopify Capital to Aid Base Down Under,0.996,0.112,0.849,0.039
10,"As Congress flounders in Big Tech regulation push, the FTC isn’t waiting around",0.0,0.0,1.0,0.0
11,Apple Is Expected to Launch iPhone 14 at ‘Far Out’ Special Event on Sept. 7,0.402,0.034,0.966,0.0
12,"Netflix (NFLX) Launches New Heads Up Game, Expands Portfolio",0.997,0.147,0.814,0.04
13,Apple Stock Gets Fresh Buy Point Ahead Of iPhone 14 Reveal,0.0,0.0,1.0,0.0
14,"Apple Sends Invites for Sept. 7 Event, New iPhones Expected",0.0,0.0,1.0,0.0
15,"Apple Confirms Sept. 7 Launch Date for iPhone 14, New Watches",0.921,0.049,0.924,0.028
16,Apple schedules Sept. 7 event expected to mark iPhone 14 debut,0.0,0.0,1.0,0.0
17,"UPDATE 1-Apple sends invites for Sept 7 event, analysts expect new iPhones",0.026,0.008,0.981,0.011
18,Apple to host iPhone 14 event Sept. 7,0.208,0.026,0.957,0.017
19,"Apple sends invites for Sept 7 event, analysts expect new iPhones",0.026,0.008,0.98,0.012
20,Amazon Is Taking Nearly $100 Off the Apple Watch SE,0.765,0.099,0.901,0.0
21,3 No-Brainer Stocks I'd Buy Right Now Without Hesitation,0.921,0.523,0.477,0.0
22,7 Safe Investments for Seniors to Consider in 2022,1.0,0.134,0.842,0.024
23,A Bad Year May Get Worse for Snapchat and Facebook Owners,0.845,0.091,0.823,0.085
24,10 Long-Term Stocks to Buy and Hold According to Warren Buffett,0.999,0.094,0.892,0.014
25,Redditors Recommend These 10 Dividend Stocks for College Students,1.0,0.14,0.83,0.031
26,Exclusive-Tinder-owner Match ups antitrust pressure on Apple in India with new case,0.555,0.069,0.875,0.055
27,Vietnam to start making Apple Watch and MacBook for first time,0.599,0.06,0.94,0.0
28,Dow Jones Futures: Apple Near Buy Point; Elon Musk Tells Tesla FSD Beta User Not To Do This,-0.422,0.0,0.882,0.118
29,3 Warren Buffett Stocks to Hold Forever,0.0,0.0,1.0,0.0
30,Index Fund Investors Might Not Be as Diversified as They Think,0.103,0.027,0.973,0.0
31,2 Unstoppable Growth Stocks to Buy if There's a Stock Market Sell-Off,0.595,0.154,0.749,0.097
32,Warren Buffett Just Did Something He Hasn't Done This Century,0.827,0.113,0.87,0.017
33,Goldman Says Hedge Funds Back Betting Big on Megacap Tech Stocks,0.92,0.085,0.858,0.057
34,Apple’s return-to-office order sparks anxiety among tech workers,0.557,0.213,0.787,0.0
35,Buy-Now-Pay-Later Tech Pioneers Squeezed as Big Banks Muscle In,0.995,0.1,0.852,0.048
36,"Dow Jones Futures Fall: Market Rally Struggling; Apple, These 5 EV Plays Are Near Buy Points",0.25,0.095,0.905,0.0
37,Sony Unveils High-End PS5 Controller With Parts You Can Mix &amp; Match,0.775,0.058,0.914,0.028
