﻿,Titles,Polarity,Positive,Neutral,Negative
0,Judge presses Epic CEO during second day of Apple antitrust trial,0.918,0.061,0.918,0.021
1,Day 2 of Apple-Epic trial offers peek into developers’ troubles with App Store,0.511,0.082,0.891,0.027
2,"Dow Jones Futures: Split Market Rally Returns As Apple, Nvidia Lead Tech Sell-Off; Janet Yellen Backs Off Rate Hike Warning",0.202,0.06,0.94,0.0
3,A Positive Earnings Backdrop,0.999,0.119,0.863,0.019
4,Apple Stock Was the Biggest Loser in the Dow. The Index Still Rose.,-0.572,0.0,0.861,0.139
5,These 5 Growth Stocks Are Worth a Closer Look,0.999,0.15,0.828,0.021
6,Automation is a ‘win-win’ in every way: XPO Logistics CEO,0.382,0.067,0.933,0.0
7,Apple Lawyer Needles Epic CEO to Punch Holes in Antitrust Claims,0.99,0.112,0.844,0.043
8,Apple Stock Is Sliding. Here’s What Investors Are Worried About.,0.382,0.071,0.929,0.0
9,S&amp;P 500 Falls After Yellen Triggers Rate Hike Jitters,0.963,0.096,0.845,0.059
10,Better Buy: Alphabet vs. Twilio,0.78,0.121,0.879,0.0
11,S&amp;P 500 Slips on Tech Wreck as Yellen Stokes Inflation Jitters,0.983,0.108,0.849,0.044
12,10 Best Streaming Stocks to Buy Now,1.0,0.114,0.875,0.012
13,Twitter Acquires News Site Ad Blocker Service Scroll For Undisclosed Sum,-0.555,0.051,0.892,0.057
14,The Stock Market Is Slipping. Why Strong Earnings Aren’t Enough.,0.0,0.0,1.0,0.0
15,"Dow Jones Today, Stocks Slump, Inflation Fears Rise As Copper, Oil Near Highs; Gartner Rallies On Earnings",-0.34,0.0,0.848,0.152
16,Apple vs. Spotify: Which Company Has the Better Podcast Strategy?,0.649,0.092,0.908,0.0
17,Don't Forget to Buy This Top Growth Stock in May,0.925,0.231,0.75,0.02
18,Here's How Much You'd Have If You Invested $1000 in Apple a Decade Ago,0.999,0.175,0.803,0.023
19,The Stock Market Is Slipping. Why Strong Earnings Aren’t Enough.,0.0,0.0,1.0,0.0
20,"Dow Jones Today, Futures Slump, Inflation Fears Rise As Copper, Oil Near Highs; Gartner Rallies On Earnings",-0.542,0.0,0.766,0.234
21,Dow Jones Futures Slide As Apple Nears New Buy Point; Tesla Tests Key Level,0.128,0.118,0.786,0.096
22,10 Best Augmented Reality Stocks to Buy Now,1.0,0.146,0.845,0.008
23,Warren Buffett Has Gained $158 Billion on These 4 Stocks,0.586,0.211,0.789,0.0
24,Dow Jones Futures Signal Modest Gains Amid Stock Market Rotation As Apple Nears New Buy Point; Tesla Tests Key Level,0.402,0.124,0.876,0.0
25,Investing in This ETF Right Now Could Make You a Millionaire Retiree,0.422,0.063,0.914,0.023
26,PRESS DIGEST- Wall Street Journal - May 4,-0.361,0.046,0.906,0.048
27,Dow Jones Futures Fall: Stock Market Rotation? Apple Nears New Buy Point; Tesla Tests Key Level,0.128,0.118,0.786,0.096
28,Dow Jones Futures: Stock Market Rotation? Apple Nears New Buy Point; Tesla Tests Key Level,0.128,0.118,0.786,0.096
