﻿,Titles,Polarity,Positive,Neutral,Negative
0,Apple Resolves Outage That Hobbled Apps and Internal Systems,-0.959,0.06,0.835,0.105
1,"UPDATE 2-Apple services including music, TV resume after outages",-0.765,0.017,0.939,0.045
2,S&amp;P 500 Cuts Losses to End Flat as Tech Finds Dip-Buyers Late Into Close,-0.967,0.063,0.828,0.11
3,Apple Could Add $10 Billion of Revenue by Selling More Ads. Here’s How.,0.0,0.0,1.0,0.0
4,How Apple Could Add $10 Billion of Revenue,0.0,0.0,1.0,0.0
5,S&amp;P 500 Slips as Tech Wobbles on Aggressive Fed Rate Hike Fears,-0.946,0.064,0.829,0.107
6,4 Stocks on My Radar During This Tech Sell-Off,0.735,0.217,0.783,0.0
7,"7 Tech Stocks to Buy as Apple, Intel, and Microsoft Lead Russia Boycotts",0.998,0.097,0.841,0.062
8,2 Warren Buffett Stocks to Buy and Hold if the Market Crashes,-0.87,0.038,0.779,0.183
9,Volkswagen's (VWAGY) Porsche Lays Out Ambitious EV Targets,0.993,0.088,0.908,0.003
10,"Russia’s Invasion Is Accelerating Splinternet, French Envoy Says",-0.965,0.045,0.874,0.081
11,Deal of the Day: Apple AirPods Pro hit lowest price of the year on Amazon,0.751,0.262,0.738,0.0
12,"Dow Jones Falls As Oil Prices, Treasury Yields Jump; Boeing Stock Slumps On Airplane Crash",0.0,0.0,1.0,0.0
13,China's Smartphone Shipment Plunges By 32% In February,-0.101,0.084,0.83,0.086
14,Is it Still Worthy to Buy Apple (AAPL) Shares?,0.921,0.067,0.897,0.036
15,Dow Jones Futures Fall As Oil Prices Jump Again; Boeing Dives On Airplane Crash,0.0,0.0,1.0,0.0
16,3 Vanguard ETFs That Could Help You Retire a Millionaire,0.649,0.261,0.739,0.0
17,Piper Sandler Lists Reasons Behind Its Optimistic View On Qualcomm,0.983,0.168,0.779,0.053
18,Korean family saga Pachinko is Apple’s best show so far,0.318,0.126,0.874,0.0
19,UPDATE 1-Foxconn 'basically' resumes normal operations in China's Shenzhen,-0.617,0.01,0.957,0.033
