﻿,Titles,Polarity,Positive,Neutral,Negative
0,Apple ekes out revenue growth on iPhone sales and services,-0.402,0.0,0.948,0.052
1,GuruFocus Feature Highlight: Financial Glossary and Term Pages,0.982,0.084,0.916,0.0
2,"Amazon, Apple Up on Earnings; Intel Takes a Bath",0.998,0.141,0.822,0.038
3,Apple iPhone Sales Remain Resilient as Company Reports 11% Decline in Profit,0.0,0.0,1.0,0.0
4,Apple says macro issues aren’t hurting iPhone business as earnings top expectations,-0.226,0.113,0.72,0.168
5,Apple Earnings Beat Estimates Thanks to the iPhone. The Stock Is Rising.,0.844,0.349,0.651,0.0
6,Apple (AAPL) Tops Q3 Earnings and Revenue Estimates,0.994,0.093,0.895,0.012
7,"Strong iPhone Sales, Services Revenue Drive Apple's June-Quarter Beat",0.44,0.139,0.861,0.0
8,"Dow Jones Futures Rise: Market Rally Extends Momentum As Apple Pops, Amazon Soars On Earnings; Intel, Roku Dive",0.077,0.069,0.868,0.063
9,Apple Delivers an Earnings Beat. The Stock Is Rising.,0.848,0.147,0.853,0.0
10,Apple sales are still 'all about the iPhone': Analyst,0.999,0.128,0.845,0.027
11,"Stocks to watch in after-hours: Apple, Amazon, Intel, Roku, IMAX",0.0,0.0,1.0,0.0
12,"Stocks Close Higher, Extending Post-Fed Gains",0.226,0.128,0.872,0.0
13,"Apple Will Be ‘Deliberate’ With Spending as It Confronts Economic Slowdown, CEO Says",-0.758,0.058,0.863,0.079
14,"Strong iPhone, Services Sales Drive Apple's June-Quarter Beat",0.44,0.139,0.861,0.0
15,Apple stock rises in after-hours following a Q3 earnings beat,0.671,0.282,0.718,0.0
16,"Apple Profit Falls About 11%, but iPhone Sales Remain Resilient",0.0,0.0,1.0,0.0
17,Apple stock gains as iPhone powers earnings beat past big decline in Mac sales,-0.226,0.113,0.72,0.168
18,Apple reports record revenue of $83B amid high inflation,0.883,0.063,0.898,0.039
19,"UPDATE 3-Apple forecasts faster sales growth, strong iPhone demand despite glum economy",0.973,0.082,0.872,0.046
20,Apple Narrowly Tops Estimates as iPhone Fares Better Than Feared,-0.986,0.047,0.867,0.086
21,Apple results top estimates as iPhone escapes economic slump,0.973,0.083,0.871,0.046
22,Apple Reports Third Quarter Results,0.991,0.091,0.853,0.056
23,Apple results top estimates as iPhone escapes economic slump,0.949,0.087,0.85,0.063
24,"Inflation: 'Investors are pricing in a less hawkish Fed', strategist says",0.599,0.114,0.886,0.0
25,Jon Stewart Rips Republicans Stalling Bill on Toxic Burn Pits,-0.827,0.093,0.812,0.094
26,Dow Jones Rallies; Yellen Denies Recession Despite This Major Signal; Solar Stocks Shine On Manchin Move,-0.511,0.095,0.738,0.167
27,Wall Street cuts price targets for Apple and Amazon ahead of their earnings,0.986,0.097,0.863,0.039
28,"Dow Futures Flat, Apple and Amazon Report",0.912,0.115,0.808,0.077
29,"Markets bounce back into the green on declining GDP, bitcoin rallies to over $23,000",0.718,0.207,0.793,0.0
30,Here's What We're Watching as These 2 Mega-Caps Report After the Bell,0.273,0.08,0.92,0.0
31,"UPDATE 1-Google blocks Krafton's battle-royale game in India, citing government ban",-0.957,0.022,0.879,0.099
32,Meta Shares Near a 2-Year Low as Ad Market and TikTok Take a Toll,-0.25,0.09,0.738,0.172
33,"The Countdown to Apple Earnings Is On, Here’s What to Expect",0.978,0.091,0.876,0.033
34,Spotify's post-earnings surge an 'overreaction' amid lack of profitability: Analyst,-0.353,0.074,0.851,0.075
35,"Comcast failed to add broadband subscribers in Q2, stock plunges",0.514,0.07,0.876,0.054
36,"Stocks slip, bitcoin rallies following GDP reading",0.0,0.0,1.0,0.0
37,UK’s Channel 4 Set for Sale as Both Tory Candidates Support Plan,0.893,0.102,0.829,0.069
38,"US Economy Shrinks for a Second Quarter, Fueling Recession Fears",-0.888,0.07,0.853,0.077
39,7 Stocks to Buy on the Dip,0.998,0.111,0.85,0.039
40,Dow Jones Futures Fall On 'Day 2' After Market Rallies Strongly On Powell Hints Of Slower Fed Rate Hikes,0.273,0.1,0.9,0.0
41,From Apple to Epic Games: 5 key projects shaping Cary's explosive growth,0.0,0.0,1.0,0.0
42,Why Warren Buffett Loves Apple,0.296,0.093,0.831,0.076
43,7 Semiconductor Stocks to Buy and Hold Forever,0.999,0.112,0.853,0.035
44,"8 Stocks With 1,000% Upside Potential",1.0,0.143,0.809,0.048
45,"Dow Jones Futures Fall: Market Rallies Strongly As Powell Hints At Slower Fed Rate Hikes, But Watch Out For 'Day 2'",0.273,0.1,0.9,0.0
46,"Stocks Lower Ahead of GDP Data, Meta, Spirit, Ford And Apple In Focus - Five Things To Know",0.153,0.138,0.735,0.127
47,Why the Fed's latest rate hike sent stocks soaring: Morning Brief,0.971,0.043,0.941,0.016
