﻿,Titles,Polarity,Positive,Neutral,Negative
0,Dow Jones Futures: Inflation Report Due After Chips Hit Market Rally; Former Leader Soars On Guidance,0.0,0.0,1.0,0.0
1,Walmart negotiates a potential streaming service deal,0.995,0.116,0.867,0.016
2,The Best Lightning Cables of 2022,0.718,0.24,0.76,0.0
3,Lenovo Weathers China Slowdown With 11% Jump In Qtrly Profit,0.987,0.123,0.849,0.029
4,DOJ Is Preparing to Sue Google Over Ad Market as Soon as September,0.806,0.067,0.878,0.055
5,"The streaming wars will end ‘with 3 or 4 winners,’ analyst predicts",0.88,0.046,0.936,0.017
6,Apple to occupy 4-story Durham building as Triangle footprint grows,0.25,0.081,0.919,0.0
7,"Apple and Amazon could ‘destroy the streaming business,’ analyst argues",0.836,0.076,0.873,0.051
8,Disney earnings: What to expect as 'big strategic questions' loom for media giant,0.968,0.073,0.893,0.034
9,"Chipmaker Selloff Deepens as Micron, Nvidia Fan Slowdown Fears",-0.985,0.028,0.859,0.113
10,"Apple, Amazon look to acquire Big Ten streaming rights",0.988,0.111,0.876,0.013
11,Lululemon Workers to Vote This Month on Unionizing D.C. Store,0.981,0.119,0.861,0.02
12,Disney (DIS) to Post Q3 Earnings: Key Factors to Consider,0.99,0.101,0.871,0.028
13,"Leveraged Tesla, Coinbase Funds Among New Single-Stock ETFs",-0.241,0.039,0.93,0.031
14,3 Best Tech Stocks to Buy in August,0.519,0.081,0.919,0.0
15,10 Stocks to Buy as the Senate Passes Inflation Reduction Act,0.999,0.112,0.876,0.012
16,10 Trending Stocks This Week,0.996,0.083,0.889,0.028
17,10 Dividend Stocks to Buy According to Billionaire Louis Bacon,1.0,0.124,0.857,0.019
18,GM and 9 Other Stocks That Should Shine in a 2023 Recession: Citi,-0.361,0.09,0.801,0.109
19,"Down 47% in a Year, Time to Buy This Growth Stock?",0.459,0.104,0.854,0.043
20,7 Stocks to Buy This Week,1.0,0.157,0.808,0.035
21,TikTok Parent Cements Presence In Healthcare With Latest Acquisition: Report,0.988,0.166,0.834,0.0
22,"Despite Supply Issues, ClearBridge Investments Expects a Robust Demand for Apple (AAPL) Products",0.977,0.104,0.858,0.039
23,Investors Like the News From These Companies,-0.052,0.167,0.686,0.147
24,"The New Stock Buyback Tax: What It Means For Apple, S&amp;P 500",0.0,0.0,1.0,0.0
25,"Netflix Stock Slump: Despite Recent Losses, This Streamer Still Dominates",0.318,0.113,0.887,0.0
26,2 Warren Buffett Stocks to Buy Hand Over Fist Right Now,0.186,0.11,0.89,0.0
27,Apple’s Chart-Topping Run Gets a Boost From Retail Investors,0.99,0.104,0.841,0.056
28,"Checking In on Caterpillar, Arista Networks, and Pinterest",0.0,0.0,1.0,0.0
29,The Off-the-Radar Stock Warren Buffett Has Bought $62 Billion of in 4 Years,0.0,0.0,1.0,0.0
30,S.Korea to probe app store operators over suspected in-app payment violations,-0.796,0.042,0.888,0.069
31,UPDATE 2-S.Korea to probe app store operators over suspected in-app payment violations,-0.796,0.041,0.891,0.067
32,S.Korea to probe app store operators over suspected in-app payment violations,-0.952,0.011,0.892,0.097
33,"Alibaba Reduced Workforce by Nearly 10,000 in Three Months",0.691,0.069,0.883,0.048
34,ByteDance Pays $1.5 Billion for China Hospital Chain in Health Foray,0.189,0.062,0.886,0.052
35,Small businesses count cost of Apple’s privacy changes,0.44,0.069,0.886,0.045
