﻿,Titles,Polarity,Positive,Neutral,Negative
0,Investors really hate tech stocks right now— but should they?,0.995,0.131,0.805,0.064
1,Dow Jones Higher As Fed Sticks To No Rate Hike Until 2024; These Dow Stocks Near Buy Points,-0.202,0.0,0.924,0.076
2,Dow Jones Rallies But Nasdaq Drops As Stocks Mixed Ahead Of Key Fed Decision,0.0,0.0,1.0,0.0
3,"S&amp;P 500, Dow Hit Records as Dovish Fed Move Helps Tech Comeback",0.95,0.087,0.861,0.051
4,"Dow Rallies, Tech Stocks Tumble As Treasury Yields Jump Ahead Of Fed Decision; Plug Power Dives, Tesla Skids",0.202,0.073,0.927,0.0
5,Apple Spent $2.8B Raised From Green Bond Issue For Clean Energy Projects,0.991,0.14,0.84,0.02
6,Facebook (FB) to Launch New Platform for Independent Writers,0.998,0.126,0.856,0.018
7,"Dow Jones Futures Steady, Tech Futures Tumble As Treasury Yields Pop Before Fed Meeting; Plug Power Dives On Accounting",-0.153,0.081,0.811,0.108
8,More States Open Vaccinations to All,0.0,0.0,1.0,0.0
9,Forget Day Trading! Buy and Hold These 3 Stocks,0.944,0.263,0.706,0.032
10,French Data Watchdog CNIL Opens Probe Into Clubhouse App,0.838,0.07,0.902,0.028
11,"UPDATE 2-Apple gets boost in French privacy fight, but still faces probe",0.876,0.107,0.805,0.089
12,Apple welcomes French watchdog decision not to suspend privacy feature,0.96,0.195,0.768,0.037
13,Apple Is Said to Cut Off Chinese Supplier Over Xinjiang Labor,-0.982,0.049,0.862,0.089
14,Apple Cuts Off China’s Ofilm Over Xinjiang Labor,-0.982,0.049,0.862,0.089
15,Apple Spends 15% of Debut Euro Green Bond in First Year Projects,0.901,0.083,0.903,0.014
16,Apple App Store Discount For Small Businesses Only Makes A 2.7% Dent To Revenue: Research,-0.838,0.046,0.888,0.066
17,Apple Inc spending from 'green bonds' hits $2.8 billion,0.931,0.066,0.919,0.015
18,Apple’s $4.7 Billion Green Bond Spend is Helping to Create 1.2 Gigawatts of Clean Power,0.998,0.11,0.881,0.009
19,"Hacker Of Elon Musk, Bill Gates, Barack Obama, Apple Twitter Accounts To Spend 3 Years In Prison",-0.884,0.063,0.857,0.08
20,Samsung Warns of Severe Chip Crunch While Delaying Key Phone,-0.872,0.057,0.867,0.076
21,Coming to a TV Near You: Ad Fraud That Costs Marketers Millions,-0.999,0.064,0.787,0.149
22,Why Lucid CEO Doesn't See Apple Car As Threat To EV Makers Like His Company And Tesla,0.735,0.036,0.953,0.011
23,Alibaba’s Web Browser Is Removed From Chinese App Stores,0.455,0.091,0.835,0.074
