﻿,Titles,Polarity,Positive,Neutral,Negative
0,"Activision Union Bid Will Go to a Vote, Labor Board Orders",0.928,0.081,0.861,0.059
1,Dow Jones Futures: Bears Hunt Down Market Bulls; What Investors Should Do Now,-0.735,0.0,0.66,0.34
2,Tech companies gear up to report earnings next week,0.0,0.0,1.0,0.0
3,What’s driving the nationwide push for labor unionization,0.66,0.184,0.816,0.0
4,Facebook Is Broken. Execs Say a Fix Won’t Come Fast.,0.382,0.091,0.909,0.0
5,"Unions’ push at Amazon, Apple and Starbucks could be ‘most significant moment in the American labor movement’ in decades",0.178,0.102,0.898,0.0
6,Market sell-off indicates investors think the Fed is ‘behind the curve’: Strategist,0.459,0.077,0.923,0.0
7,Markets check: Stocks extend losses as Dow eyes worst day of 2022,-0.71,0.0,0.796,0.204
8,Apple gave investors more than $100 billion last year — how much more is coming?,0.237,0.08,0.868,0.051
9,"Apple Stock Offers a Good Hiding Place in a Rocky Stock Market, Says Deutsche Bank",0.998,0.15,0.818,0.033
10,Previewing Tech Earnings After Netflix's Fiasco,0.999,0.126,0.852,0.022
11,The Entire AirPods Family is Discounted on Amazon,0.557,0.175,0.825,0.0
12,Social Media Stocks Fall After Snap Posts Rising User Growth,0.402,0.119,0.881,0.0
13,Is a Beat Likely for Atlassian (TEAM) This Earnings Season?,0.998,0.119,0.872,0.009
14,Apple’s Q1 lobbying spending was its highest ever for a quarter,-0.077,0.0,0.967,0.033
15,Apple Stock Called 'Good Hiding Place' In Volatile Market,0.557,0.175,0.825,0.0
16,"Meta Stock Falls, Pinterest Tumbles After Snap Posts Rising User Growth",0.402,0.119,0.881,0.0
17,Stakes are high as megacap companies highlight big earnings week,0.947,0.078,0.876,0.046
18,Why Meta Platforms Stock Was Sinking Further This Week,-0.296,0.091,0.753,0.156
19,"SNAP Q1 Earnings Miss Estimates, User Growth Aids Top Line",0.996,0.108,0.877,0.015
20,Microsoft (MSFT) to Report Q3 Earnings: What's in the Cards?,0.999,0.164,0.819,0.018
21,"SAP SE's (SAP) Earnings Decline Y/Y in Q1, Revenues Increase",0.998,0.09,0.899,0.011
22,Why This Investor Is Happy With Amazon CEO Andy Jassy,-0.44,0.0,0.921,0.079
23,"After Netflix and CNN+ busts, Wall Street wonders if streaming is a good investment",-0.572,0.065,0.764,0.171
24,Alphabet (GOOGL) to Report Q1 Earnings: What's in the Cards?,0.999,0.13,0.87,0.0
25,"Got $1,000? 5 Buffett Stocks to Buy and Hold Forever",0.93,0.14,0.848,0.011
26,Factors Likely to Decide Avnet's (AVT) Fate in Q3 Earnings,0.997,0.119,0.873,0.008
27,Snap posts earnings loss in Q1 following Apple ad changes,0.0,0.0,1.0,0.0
28,Tech Sell-Off: 1 Growth Stock to Buy at a 56% Discount,0.915,0.212,0.788,0.0
29,American Express CEO still not seeing signs of a recession after earnings beat,0.99,0.124,0.852,0.024
30,Even Uber Pays Better Than Apple,0.202,0.073,0.927,0.0
31,iCheap? Even Uber Pays Better Than Apple,0.202,0.073,0.927,0.0
32,"When Your Team Gets Creative, Reply The Right Way",0.44,0.116,0.884,0.0
33,Shopify’s Stock Split Fails to Rekindle Investor Romance,0.996,0.114,0.85,0.035
34,"Meta Stock Rises, Pinterest Slips After User Growth at Snap Jumps 18%",0.402,0.119,0.881,0.0
