﻿,Titles,Polarity,Positive,Neutral,Negative
0,Tech antitrust bill vote postponed by Congress until end of summer,0.0,0.0,1.0,0.0
1,"Amazon Hires Senior Senate Aide, Boosting Efforts to Stymie New Tech Antitrust Bill",0.89,0.08,0.889,0.031
2,Top 5 Active Noise Canceling Headphones Tested,0.785,0.301,0.699,0.0
3,Apple Seeks To Raise Money Via Debt For Buyback And Dividends,0.987,0.164,0.783,0.054
4,"Apple follows up robust earnings, swift iPhone sales with $5.5 billion debt deal",0.34,0.091,0.909,0.0
5,Apple is sued by French app developers over app store fees,-0.974,0.02,0.876,0.104
6,"CHIPS Act to ‘scale up’ the smartphone market, Akoustis CEO says",0.34,0.128,0.814,0.058
7,Stock Market Today: Dow Starts August in Red as Global Growth Fears Bite,0.747,0.143,0.733,0.124
8,Video Game Consoles Are Somehow Spared From Inflation in Japan,-0.7,0.07,0.852,0.078
9,Apple Is Borrowing Money to Buy Back Stock. What That May Say About the Bond Market.,0.718,0.111,0.868,0.021
10,Trump Takes Center Stage Again in Michigan Congressional Primary,0.998,0.133,0.804,0.063
11,7 REITs Trading at a Major Discount Right Now,1.0,0.121,0.863,0.016
12,No-Brainer Dividend Stocks to Buy Now,0.866,0.134,0.847,0.019
13,S&amp;P Stutters as Global Growth Concerns Dent Recent Optimism,-0.248,0.114,0.776,0.11
14,Metaverse job postings plunge 81% as tech world ponders reality of recession,0.0,0.0,1.0,0.0
15,10 Best Penny Stocks to Buy and Hold According to Reddit,0.999,0.097,0.881,0.022
16,"Apple Starts Four-Part Bond Sale to Fund Buybacks, Dividends",0.962,0.087,0.877,0.036
17,Apple Is Selling Bonds to Buy Stock,0.718,0.111,0.868,0.021
18,"Midday Movers: Boeing, Apple, NIO and More",0.963,0.132,0.832,0.035
19,LIV Golf ‘absolutely needs a broadcast deal’: League president,0.996,0.081,0.907,0.012
20,10 Undervalued High Free Cash Flow Stocks to Buy Amid Recession,0.999,0.122,0.832,0.046
21,10 High Free Cash Flow Stocks to Buy in 2022,1.0,0.122,0.837,0.041
22,"Apple Starts Four-Part Bond Sale to Fund Buybacks, Dividends",0.859,0.07,0.89,0.04
23,How Smart Investors Should React to Apple Earnings,0.727,0.353,0.647,0.0
24,"Google, Apple Back Affirmative Action in Harvard Case",0.996,0.122,0.828,0.05
25,7 Large-Cap Growth Stocks to Buy on the Dip,0.999,0.113,0.85,0.037
26,"AutoZone, Costco and Uber, Airbnb, Expedia, Booking are part of Zacks Earnings Preview",0.999,0.137,0.826,0.037
27,"Apple TV+ 'never' set out to win streaming, still 'limited' versus Netflix: Analyst",0.999,0.151,0.833,0.016
28,Here's Why Alphabet Has Done Relatively Well Amid Apple's Privacy Changes,0.906,0.208,0.792,0.0
29,Intel CEO: 'This is a time for a bit of austerity',0.619,0.046,0.921,0.033
30,Why being an investor feels terrible right now: Morning Brief,-0.207,0.075,0.849,0.076
31,Why Alphabet Is One of the Best Companies to Invest In During These Uncertain Times,-0.681,0.096,0.752,0.152
32,"Giant Pension Bought Apple Stock. It Sold Tesla, Microsoft and AT&amp;T.",0.097,0.12,0.778,0.102
