﻿,Titles,Polarity,Positive,Neutral,Negative
0,"Japan Pressed to Spend Billions, Cut Tax to Revive Chip Industry",0.981,0.077,0.891,0.032
1,3 Santa Claus Rally Stocks to Buy,0.996,0.109,0.865,0.026
2,"Disney Chair Discusses Exit Plans, Strategic Acquisitions",0.7,0.111,0.809,0.08
3,Apple Upgraded to Top Bond Rating by Moody’s on Growth Prospects,0.991,0.09,0.879,0.031
4,Moody's gives Apple top 'AAA' credit rating on growth promise,0.964,0.116,0.855,0.028
5,AT&amp;T Sells Xandr Ad Business to Microsoft for $1 Billion,0.964,0.077,0.896,0.026
6,QQQ Stock Trading Risks and Rewards,0.71,0.272,0.665,0.063
7,Apple Inc. -- Moody's upgrades Apple to Aaa; outlook stable,1.0,0.147,0.781,0.073
8,"Microsoft, Apple Suppliers Exposed in Australia Anti-Slavery Law",-0.995,0.04,0.87,0.09
9,How Mariah Carey is cashing in on the enduring popularity of ‘All I Want For Christmas Is You’,0.796,0.182,0.818,0.0
10,"NXP (NXPI) Processors to be Used by Foxconn, Clientele to Grow",0.999,0.194,0.801,0.005
11,3 Stocks to Buy in a Heartbeat If There's a Stock Market Crash in 2022,0.202,0.223,0.586,0.191
12,"S&amp;P 500 Snaps 3-Day Losing Streak as Traders Buy Dip in Energy, Tech",0.942,0.08,0.884,0.036
13,Apple's Smart Speaker Business Is Finally Taking Off,0.71,0.219,0.781,0.0
14,S&amp;P 500 Jumps as Investors Swoop in on Beaten Down Stocks After Rout,0.94,0.083,0.883,0.034
15,My Highest-Conviction Market Prediction for 2022,-0.144,0.083,0.844,0.073
16,SiriusXM (SIRI)-YMH Studios Deal Strengthens Content Portfolio,0.998,0.156,0.835,0.009
17,S&amp;P 500 Buybacks Set A Record High,0.998,0.054,0.939,0.007
18,1 Great Stock to Own Whether the Stock Market Goes Up or Down,0.718,0.122,0.851,0.026
19,The Biggest Reason Apple Stock Is a Screaming Buy for 2022,0.818,0.134,0.866,0.0
20,Amazon stock is falling,0.996,0.181,0.763,0.056
21,Duke Energy battles with opponents over new rules for multi-year rate plans,0.66,0.202,0.732,0.066
22,7 Best-Looking Stock Charts Going Into Christmas,1.0,0.159,0.81,0.031
23,Husband-and-Wife Team Worth $586 Million After Map Startup’s IPO,0.989,0.062,0.916,0.022
24,"Nasdaq 19,000, Apple and Microsoft at $3 Trillion and Metaverse Mania",0.202,0.065,0.935,0.0
25,Amazon Rival Snapdeal Reveals Sales Dive Ahead of Mega India IPO,0.991,0.102,0.861,0.037
26,MapmyIndia Shares Soar 54% in First Day of Trading After IPO,0.992,0.13,0.84,0.03
