﻿,Titles,Polarity,Positive,Neutral,Negative
0,10 Technology Stocks that Pay Dividends,0.998,0.085,0.881,0.034
1,"Dow Jones Futures: Apple, Tesla Are New Buys In Market Rally; Disney Makes Bullish Earnings Move Late As 5 IPOs Report",0.511,0.142,0.858,0.0
2,It's going to be a 'really long time' until Disney's streaming revenue is able to get close to theme park revenue,0.0,0.0,1.0,0.0
3,Disney Q3 earnings top estimates,0.0,0.0,1.0,0.0
4,"US STOCKS-S&amp;P 500, Dow set fresh records as recovery marches forward",0.994,0.104,0.88,0.016
5,US STOCKS-Big tech lifts S&amp;P 500 to fresh record close in listless session,0.992,0.093,0.9,0.007
6,Dow Jones Lags As Apple Stock Offers This Opportunity; Tesla Gains As Nio Falls,-0.527,0.0,0.833,0.167
7,US STOCKS-Technology stocks lift S&amp;P 500 to record high in listless session,0.985,0.072,0.918,0.01
8,Dow Jones Slips But Nasdaq Climbs; Apple Joins Elite List; Why Palantir Stock Is Soaring,0.0,0.0,1.0,0.0
9,Apple Stock Has Lowest Volatility In A Year; How Can You Profit With Options?,0.511,0.24,0.667,0.093
10,10 Penny Stocks Redditors are Buying in August,0.999,0.088,0.896,0.017
11,EU to propose legislation on common mobile charger in Sept - source,-0.89,0.053,0.875,0.072
12,"S&amp;P 500, Dow Keep Record Run Going on Apple-Led Gains in Tech",0.586,0.061,0.89,0.049
13,Apple Eyes 150 Level,0.0,0.0,1.0,0.0
14,Supply Crunch Puts Microchips in Focus: 5 Stocks to Buy,0.999,0.133,0.827,0.04
15,Could Affirm Be the Next Big Acquisition Target?,-0.103,0.0,0.924,0.076
16,IPhone Maker Hon Hai’s Profit Beats as Covid Fuels Gadget Demand,0.94,0.086,0.863,0.051
