﻿,Titles,Polarity,Positive,Neutral,Negative
0,Why Apple Escaped Tuesday's Tech Stock Meltdown,-0.751,0.051,0.763,0.186
1,Korean-Japanese Billionaire Masayoshi Son’s 2022 Portfolio: 10 Stocks to Watch,1.0,0.121,0.853,0.026
2,"Apple's 2022 Pride Watch Bands Are Here, With a New Watch Face",0.586,0.202,0.798,0.0
3,"Climate change: Ukraine shouldn’t ‘become an excuse’ to pollute, John Kerry says",0.557,0.164,0.782,0.055
4,Get ready for the Great Resistance. Companies and employees are locked in a battle of wills over returning to the office.,0.402,0.137,0.863,0.0
5,Dow Jones Gains But Bears Feast On These Fears; Snap Warning Hits Tech Stocks; Apple Stock Slides,-0.478,0.129,0.664,0.207
6,BofA Lists Reasons For Its Bullishness On Apple,0.986,0.153,0.822,0.025
7,"Meta stock tumbles on Snap guidance, Abercrombie reports surprise loss, Apple shops for EA",0.0,0.0,1.0,0.0
8,"Tech stock sell-off ‘feels different’ than dot-com bubble, strategist says",0.99,0.071,0.878,0.05
9,Dow Jones Falls As New Data Raises These Fears; Snap Earnings Warning Hits Tech Stocks; Apple Stock Slides,-0.823,0.059,0.621,0.321
10,10 Best Stocks to Buy in 2022 According to Billionaire Paul Tudor Jones,1.0,0.137,0.834,0.029
11,SNAP Expects Reduced Profit Amid Economic Disruptions,0.976,0.078,0.87,0.052
12,"How Apple, Facebook, Google, Facebook and more Bay Area brands rank by reputation",0.637,0.154,0.846,0.0
13,Apple Gives Back Monday’s Gains. The Stock Is Down on Snap’s Guidance.,0.785,0.365,0.498,0.136
14,Apple Inc. (AAPL) is Attracting Investor Attention: Here is What You Should Know,0.999,0.129,0.862,0.01
15,Apple Unveils New Apple Watch Pride Edition Bands,0.999,0.156,0.835,0.009
16,Apple Ready to Give Back Monday’s Gains. It’s Down on Snap’s Guidance.,0.785,0.343,0.53,0.128
17,Implied Volatility Surging for Apple (AAPL) Stock Options,0.986,0.1,0.882,0.019
18,"With Both Down More Than 40%, Should Investors Buy Meta Platforms or Netflix?",0.402,0.042,0.958,0.0
19,"Apple Expands Today at Apple Creative Studios, Providing New Opportunities to Young Creatives",0.999,0.156,0.844,0.0
20,Netflix doesn't have a 'natural investor base' right now: analyst,0.997,0.189,0.748,0.063
21,This Warren Buffett Stock Just Proved Why It's a Great Buy,0.606,0.298,0.702,0.0
22,U.S. Stocks Fall as Investors Worry About Recession Ahead,-0.979,0.045,0.834,0.121
23,Here Are Warren Buffett's 10 Best Dividend Stocks,0.202,0.101,0.899,0.0
24,"Snap, Abercrombie &amp; Fitch Plunge in Premarket; Zoom Rises",0.803,0.08,0.851,0.068
25,Social Media Stocks Set to Erase $100 Billion on Snap Warning,0.971,0.132,0.79,0.078
26,Apple and Other Tech Safe Plays Turn Into Falling Stars,-0.829,0.0,0.703,0.297
27,"Snap Falls After Cutting Revenue Forecast, Slowing Hiring",0.947,0.092,0.845,0.063
