﻿,Titles,Polarity,Positive,Neutral,Negative
0,Apple Impact Accelerator selects Minneapolis energy company Sagiliti,0.0,0.0,1.0,0.0
1,Apple's Entry-Level iPad Returns to $299 on Amazon,0.902,0.187,0.813,0.0
2,Meet the Bay Area startups accepted into Apple's Impact Accelerator,0.0,0.0,1.0,0.0
3,"Stocks near session highs at the close, Nasdaq 100 extends gains to 1.5%",0.869,0.07,0.906,0.024
4,11 Best Depressed Stocks To Invest In,1.0,0.143,0.821,0.036
5,10 Stocks That Jumped After Jim Cramer’s Negative Call,0.999,0.113,0.838,0.049
6,Dow Jones Futures Rise On China Stimulus: Nvidia Leads Earnings Movers; Tesla Rallies After Stock Split,-0.064,0.067,0.855,0.077
7,4 of the Best Growth Stocks to Ride for the Rest of 2022,1.0,0.198,0.779,0.024
8,Is Apple Stock a Buy After Its Latest Earnings?,-0.296,0.0,0.891,0.109
9,China’s power crunch and why SoftBank cut back on Alibaba,-0.202,0.093,0.807,0.1
10,‘Trussonomics’ Gets a Reality Check,-0.361,0.079,0.839,0.083
11,Dow Jones Futures Rise: Warren Buffett Stock Has New Buy Point; Nvidia Leads Earnings Movers,0.202,0.091,0.909,0.0
12,Top 10 Stock Picks of Mark Kleiman’s Factorial Partners,1.0,0.111,0.881,0.008
