﻿,Titles,Polarity,Positive,Neutral,Negative
0,The Best Amazon Prime Day Earbuds and Headphones Deals,0.178,0.064,0.936,0.0
1,NFL is seeking a streaming platform to host its Sunday Ticket,0.0,0.0,1.0,0.0
2,"The Dow Fell 46 Points, But These 3 Stocks Eked Out Gains",0.938,0.241,0.733,0.026
3,"Google Wants to Settle With the DoJ Over Ads, Report Says. Why One Analyst Says It Won’t Happen.",0.0,0.0,1.0,0.0
4,"Stocks search for direction into the close, Treasury yields invert deeper",0.202,0.07,0.93,0.0
5,Berkshire Hathaway Director Scooped Up Shares After Tough Month for the Stock,-0.077,0.082,0.821,0.097
6,Apple is not buying this Russian-sourced metal — but here’s why many companies may still be using it,0.202,0.033,0.947,0.02
7,Apple’s move to end Russia tungsten imports is an important one – but will China give Moscow a covert backdoor to the west?,0.202,0.033,0.947,0.02
8,Stock Market Today: Dow in Weekly Win Despite Slip as Strong Jobs Fuel Fed Fears,0.645,0.06,0.892,0.048
9,Netflix (NFLX) Adds Spatial Audio to Select Movies and Shows,0.994,0.12,0.867,0.013
10,Tech Investors Should Brace for More Pain as Earnings Season Dawns,-0.572,0.059,0.796,0.145
11,S&amp;P 500 Cuts Losses to Inch Higher Following Stronger Jobs Data,0.918,0.086,0.853,0.062
12,The first major battle in VR is between Facebook and TikTok’s parent companies,0.026,0.014,0.986,0.0
13,Market check: Stocks drift lower on strong jobs report,0.0,0.0,1.0,0.0
14,"Market check: Stocks fall, jobs report weighs on bond market",0.0,0.0,1.0,0.0
15,Nancy Pelosi Stock Portfolio: 10 Latest Stocks To Consider,1.0,0.115,0.848,0.037
16,You Can Now Order The Redesigned MacBook Air with M2,0.0,0.0,1.0,0.0
17,7 Best Biotech Stocks to Buy in July 2022,0.999,0.119,0.835,0.046
18,TSMC Sales Soar 44% in Another Sign of Resilient Tech Demand,-0.956,0.066,0.83,0.104
