﻿,Titles,Polarity,Positive,Neutral,Negative
0,Apple WWDC Keynote Hints at Future of Computing,0.983,0.065,0.914,0.021
1,Apple’s FaceTime update is a bet on the hybrid friendship,0.414,0.09,0.91,0.0
2,10 Best Mutual Funds for 2021,1.0,0.2,0.795,0.006
3,Apple’s Tim Cook Kicks Off WWDC by Doubling Down on Privacy,-0.273,0.0,0.89,0.11
4,"Apple will show you how often apps track you, and who they share your info with",0.996,0.114,0.866,0.02
5,"WWDC: Apple takes aim at Zoom with FaceTime, rolls out new privacy updates",0.0,0.0,1.0,0.0
6,Apple Employees Don't Ever Want to Go Back to the Office,0.361,0.06,0.895,0.045
7,Apple launches new IOS,0.0,0.0,1.0,0.0
8,"Apple Debuts iOS 15 Software For iPhones, Touts Privacy Enhancements At WWDC",0.0,0.0,1.0,0.0
9,‘Apple right now has to do more than just give a pep rally’: Expert,0.0,0.0,1.0,0.0
10,Apple’s WWDC Keynote Just Ended. Here Are the Highlights.,0.273,0.08,0.92,0.0
11,"Facebook to Forego Creator Commission Till 2023, Charge Lower Commission than Apple",0.751,0.047,0.943,0.01
12,Apple Introduces New Developer Tools and Technologies to Create Even Better Apps,0.999,0.129,0.862,0.009
13,"iOS 15 Brings New Ways to Stay Connected and Powerful Features That Help Users Focus, Explore, and Do More with On-device Intelligence",1.0,0.134,0.854,0.012
14,"Apple Advances Its Privacy Leadership with iOS 15, iPadOS 15, macOS Monterey, and watchOS 8",0.999,0.124,0.852,0.024
15,Apple Advances Personal Health by Introducing Secure Sharing and New Insights,1.0,0.177,0.798,0.025
16,"watchOS 8 Brings New Access, Connectivity, and Mindfulness Features to Apple Watch",1.0,0.133,0.857,0.01
17,macOS Monterey Introduces Powerful Features to Get More Done,1.0,0.151,0.838,0.011
18,Apple Previews New iPad Productivity Features with iPadOS 15,1.0,0.132,0.861,0.007
19,Apple debuts watchOS 8 and new health features at WWDC 2021,0.999,0.196,0.782,0.022
20,"Apple boosts FaceTime, messaging with iOS 15 software upgrades",0.893,0.245,0.755,0.0
21,"Apple rolls out iPadOS 15, making the iPad even more of a laptop replacement",0.986,0.102,0.88,0.018
22,"Apple Upgrades FaceTime, Adds Drivers Licenses in iOS 15 Update",0.991,0.106,0.89,0.004
23,Apple Debuts iOS 15 Software For iPhones At WWDC,0.0,0.0,1.0,0.0
24,"Apple debuts iOS 15, bringing huge changes to the iPhone",0.997,0.103,0.881,0.015
25,Apple’s WWDC Event Is Underway. Here Are the Highlights.,0.273,0.084,0.916,0.0
26,"Apple Unveils FaceTime SharePlay, Allowing Synchronized Media Playback and Real-Time Chat",0.915,0.062,0.938,0.0
27,UPDATE 2-Apple will enable storage of IDs like drivers licenses on iPhones,0.983,0.116,0.831,0.054
28,"Ahead of Apple's developer conference, Facebook says it won't charge creators until 2023",0.751,0.076,0.897,0.027
29,"Facebook trolls Apple with vow not to take cut of revenue from creators until 2023, unveils new payout interface before WWDC",0.083,0.039,0.961,0.0
30,"With Apple Stock Volatility Lower, Here's A Bull Call Spread Option Idea",-0.273,0.0,0.9,0.1
31,"S&amp;P 500 Swings Between Gains, Losses to End Flat; Biogen Soars",0.818,0.093,0.823,0.084
32,"Zuckerberg Says Facebook Won’t Take Cut of Creator Revenue Until 2023, Takes Swipe at Apple’s Fees",0.886,0.069,0.898,0.033
33,10 Small-Cap AI Stocks,1.0,0.131,0.862,0.008
34,10 Most Successful Short Sellers of All Time,0.999,0.1,0.871,0.03
35,Google fined $270M from France over ad practices,0.982,0.085,0.862,0.053
36,Google Overhauls Global Ad Model After French Antitrust Fine,0.976,0.1,0.843,0.057
37,G7 Agrees to Minimum 15% Corporate Tax: Reuters,0.958,0.145,0.802,0.052
38,This 5G Stock Is a Terrific Bargain Right Now,0.915,0.163,0.837,0.0
39,Wedbush: What’s on the Menu for Apple’s Worldwide Developers Conference,0.982,0.091,0.879,0.03
40,"Dow Jones Futures: Market Rally Takes Big Step, Janet Yellen Says Fed Rate Hikes A 'Plus'; Tesla Model S Plaid+ Cancelled",0.599,0.174,0.767,0.059
41,5 Stocks to Buy as Jobs Report Allays Inflation Fears,0.998,0.135,0.844,0.02
