﻿,Titles,Polarity,Positive,Neutral,Negative
0,10 Precious Metals Stocks to Buy According to Ken Fisher,0.999,0.117,0.86,0.023
1,"The yield curve is ‘scaring the bajeezus out of most investors,’ strategist says",0.296,0.053,0.947,0.0
2,Dow Jones Gains As Apple Pops; Tesla Stock Charges As Elon Musk Celebrates 'Great Day'; Alibaba Jumps,0.823,0.301,0.699,0.0
3,Apple’s Privacy Changes Crushed Facebook. But Roku Could Find an Opportunity.,0.0,0.0,1.0,0.0
4,Is Apple Stock a Buy After Popping on Porsche Partnership Rumors?,0.998,0.132,0.832,0.036
5,Why Affirm CEO Max Levchin has not sold a single share of his company's stock,0.999,0.135,0.831,0.034
6,Stock Market Today: Dow Jumps Despite Rising Fed-Hike Bets; Meme Stocks Return,0.979,0.107,0.85,0.043
7,What's in Store for One Stop Systems' (OSS) Q4 Earnings?,0.996,0.128,0.833,0.039
8,"UPDATE 1-Apple, WiLAN settle patent disputes with license agreement",0.953,0.127,0.818,0.055
9,Apple App Store faces new laws from global regulators,0.922,0.039,0.954,0.007
10,S&amp;P 500 Takes Aggressive Fed Rate Hike Bets in Stride,0.929,0.097,0.846,0.057
11,There Are Too Many Reasons to Avoid Peloton Stock Despite Recent Rally,0.89,0.083,0.85,0.068
12,Bernstein Explains How Apple Could Produce $10B In Incremental Revenue,0.96,0.138,0.789,0.074
13,Yahoo Finance Presents: Affirm Founder Max Levchin,0.0,0.0,1.0,0.0
14,10 Penny Stocks That Can Explode in 2022,1.0,0.152,0.819,0.029
15,Why Snap Continues to Move Downward Despite its Best Day Ever,0.993,0.118,0.825,0.057
16,3 Risks for Coinbase Stock,-0.103,0.057,0.878,0.065
17,AliveCor Launches Antitrust Lawsuit Against Apple Watch: Reuters,0.733,0.135,0.766,0.099
18,3 Surefire Investments You'll Thank Yourself for Later,0.09,0.092,0.832,0.077
19,"Got $5,000? 3 Top Dividend Stocks to Buy Right Now",-0.273,0.064,0.809,0.127
20,"Apple, WiLAN sign patent licensing agreement settling disputes",0.971,0.146,0.817,0.038
21,Xiaomi Beats Profit Estimates After Holiday Quarter Sales Gain,0.477,0.068,0.864,0.068
22,Cold War 2.0? The Global Economic Impact of Sanctions Against Russia,-0.477,0.043,0.849,0.108
