﻿,Titles,Polarity,Positive,Neutral,Negative
0,The Apple Car Is Back in the News. It’s Still a Stretch.,0.0,0.0,1.0,0.0
1,"Dow Jones Futures: Apple, Amazon, Nvidia Rally Is Mixed Bag; Rivian, Lucid Dive As Applied Materials Leads Earnings Movers",0.743,0.278,0.722,0.0
2,"4 Top Stock Trades for Friday: Bitcoin, AAPL, PYPL, BABA",0.81,0.084,0.842,0.074
3,"Apple’s repair program may be good news for consumers, but I embrace the right NOT to fix my iPhone — or anything else",-0.296,0.0,0.901,0.099
4,Amazon stock could be a powerful investment the next five years: Top analyst,0.997,0.177,0.811,0.012
5,"Apple: Strong iPhone 13 Demand Bodes Well for Holiday Season, Says Analyst",0.99,0.1,0.883,0.016
6,Apple is postponing its full office reopening until March,0.0,0.0,1.0,0.0
7,Why Investors Love Apple Stock Today,0.608,0.052,0.948,0.0
8,"As 2021 nears end, NC economic developers chase $69B in potential investment",0.84,0.312,0.688,0.0
9,Apple’s Return-to-Office Deadline Pushed to Feb. 1 From January,0.456,0.053,0.914,0.034
10,Apple's electric car could debut as soon as 2025 - Bloomberg News,0.832,0.063,0.914,0.023
11,Wedbush Picks Apple as Favorite 2022 FAANG Stock,0.0,0.0,1.0,0.0
12,"Could U.S. follow Portugal, where bosses can't call, email or text workers after business hours?",-0.566,0.059,0.781,0.161
13,3 Stocks to Buy From Catastrophic Price Action,0.999,0.13,0.808,0.063
14,"Apple Accelerates Work on Car Project, Aiming for Fully Autonomous Vehicle",0.998,0.094,0.873,0.033
15,"S&amp;P 500, Nasdaq Close at Records as Tech Flexes Muscles",0.984,0.107,0.865,0.028
16,"Mark Mahaney explains how to pick the best tech stocks, the future of Amazon, and Uber's value",0.422,0.09,0.88,0.03
17,Apple’s hiring spree suggests its retail plan for India is back on track,0.957,0.071,0.877,0.052
18,Why Can't More Companies Be Like Netflix?,0.595,0.08,0.92,0.0
19,Amazon Is Goldman’s Top U.S. Internet Stock Pick for 2022,0.958,0.126,0.801,0.073
20,"S&amp;P 500 Climbs as Apple, Chip Stocks Drive Tech Higher",0.984,0.108,0.868,0.024
21,"Activision Employees, Shareholders, Sony Demand CEO Resignation",-0.875,0.022,0.907,0.071
22,Apple Stock Surges On Report Saying Autonomous Car Coming in 2025,0.0,0.0,1.0,0.0
23,Apple Reportedly Steps Up EV Plans After Reaching Key Chip Milestone: Bloomberg,0.727,0.068,0.92,0.013
24,"Dow Jones Futures Rise As Nvidia, Tesla Lead; Rivian, Lucid Continue To Reverse",-0.193,0.0,0.949,0.051
25,12 Best Big Stocks To Invest In,1.0,0.107,0.876,0.016
26,Apple To Launch DIY Product Repair Program,-0.318,0.0,0.913,0.087
27,"Dow Jones Futures: Apple, Tesla Mask Market Weakness As Rivian Reverses; Nvidia Leads Earnings Movers",0.0,0.0,1.0,0.0
