﻿,Titles,Polarity,Positive,Neutral,Negative
0,Top 4th-Quarter Trades of Jeremy Grantham's Firm,0.999,0.131,0.846,0.022
1,"You can now sort company ratings by race, gender identity on Glassdoor",0.971,0.059,0.92,0.022
2,Apple Hiring Engineers to Develop 6G Wireless,0.989,0.08,0.904,0.016
3,Apple Supplier SiTime Raises $190.5M At 9.5% Discount,0.941,0.107,0.885,0.008
4,Warren Buffett’s Top 10 Stock Picks,0.999,0.13,0.854,0.016
5,"Biden Team Pressing Taiwan, Allies on Auto Chip Shortfall",-0.843,0.071,0.857,0.073
