﻿,Titles,Polarity,Positive,Neutral,Negative
0,Exclusive: China's Tencent in talks with U.S. to keep gaming investments - sources,0.741,0.07,0.886,0.045
1,Red Hot Chili Peppers to sell song catalog for $140 million: RPT,0.0,0.0,1.0,0.0
2,"Dow Jones Rises On Yellen Comments; Apple Stock Rebounds, Peloton Dives",0.751,0.28,0.72,0.0
3,Jim Cramer: FAANG's Still Got Teeth,-0.042,0.145,0.727,0.128
4,"Cramer's Mad Money Recap: Facebook, Amazon, Apple, Google",0.487,0.217,0.783,0.0
5,Dow Notches Record Highs as Strength in Cyclicals Offset Tech Drag,0.967,0.12,0.79,0.09
6,Check out these stocks: 25 companies that have incredible sales growth — and pricing power,0.493,0.065,0.935,0.0
7,"Uber Outlook, Moderna Profit, Jobless Claims: 3 Things to Watch",0.977,0.1,0.86,0.04
8,"An Earnings ""FAANGover""",0.981,0.072,0.901,0.027
9,3 Top Large-Cap Stocks to Buy in May,0.9,0.188,0.813,0.0
10,"Lyft, GM Earnings Impress, Lifting Shares Ahead Of Uber's Report Slated For Later",0.999,0.127,0.798,0.075
11,10 Best Dividend Stocks to Buy According to Billionaire Paul Tudor Jones,1.0,0.136,0.842,0.022
12,10 Best Software Stocks to Buy According to Billionaire Paul Tudor Jones,1.0,0.095,0.885,0.021
13,"Dow Jones Today Eyes Record, Tech Stocks Bounce As Yellen Clarifies; Big 5, Under Armour Lead Retail Rally",0.681,0.099,0.901,0.0
14,"Dow Remains Near Record Highs as Cyclical Rally, Tech Rebounds",0.801,0.097,0.819,0.084
15,"Dow Jones Today, Futures Rise, Tech Stocks Bounce As Yellen Clarifies; Big 5, Under Armour Lead Retail Rally",0.382,0.11,0.89,0.0
16,"Zacks Earnings Trends Highlights: Apple, Microsoft, Google, Amazon and Facebook",0.999,0.111,0.867,0.022
17,II-VI stock bounces after Apple more than doubles awards from manufacturing fund,0.949,0.195,0.764,0.041
18,Apple Awards an Additional $410 Million from its Advanced Manufacturing Fund to II-VI,0.998,0.141,0.842,0.017
19,5 Technology Giants to Buy on the Dip After Earnings Beat,0.999,0.116,0.874,0.01
20,Are Investors Still Underestimating Facebook?,-0.718,0.0,0.857,0.143
21,"Crypto Mania Sends Doge Soaring, Crashes Robinhood Token Trading",0.992,0.111,0.857,0.031
22,"Dow Jones Futures: Janet Yellen Walks Back Rate Hike Warning; Split Market Rally Returns As Apple, Nvidia Lead Tech Sell-Off",0.202,0.06,0.94,0.0
