﻿,Titles,Polarity,Positive,Neutral,Negative
0,7 Social Media Stocks to Buy on the Heels of the Dead Pinterest Deal,0.999,0.116,0.849,0.035
1,"7 Superstocks That Have Returned Over 10,000% in 30 Years",0.999,0.117,0.854,0.029
2,"Google Parent Alphabet Crosses $2T Mark, Sharing Podium With Apple, Microsoft",0.99,0.132,0.868,0.0
3,The metaverse can’t go mainstream without brick-and-mortar stores,0.402,0.109,0.891,0.0
4,11 Best Young Stocks To Buy Now,1.0,0.14,0.84,0.02
5,"Google hits $2 trillion market cap, joining ranks of Microsoft and Apple",0.875,0.045,0.942,0.013
6,A Fast-Growing Tech Stock to Buy in November,0.906,0.195,0.788,0.017
7,Goldman Sachs Crushes Expectations Once Again,0.586,0.054,0.946,0.0
8,Is Pinterest Stock a Buy?,0.296,0.064,0.936,0.0
9,"Dow Jones Futures Rise, Tesla Stock Falls After Elon Musk Wins 'Approval' To Sell 10% Of Stake",0.285,0.097,0.903,0.0
10,"Google Stock Hits Record High, Joins Apple, Microsoft in $2 Trillion Club",0.542,0.114,0.886,0.0
11,Roku Stock Is Poised to Bounce Back,0.995,0.109,0.852,0.039
12,10 Large-Cap Stocks to Buy According to Matthew Tewksbury’s Stevens Capital,0.999,0.111,0.873,0.016
