﻿,Titles,Polarity,Positive,Neutral,Negative
0,"Dow Jones Futures: Market Rally Gets Win As CDC Lifts Mask Mandate; Apple, Microsoft Hit Resistance As Bitcoin, Tesla, Square Fall; Disney, Coinbase Lead Earnings Movers",0.0,0.0,1.0,0.0
1,Recent privacy changes in the digital ad industry will mainly benefit people in rich countries,0.735,0.181,0.819,0.0
2,"Apple stock bounces back above the 200-day moving average, like it did 13 months ago",0.691,0.063,0.904,0.034
3,Why Unity Isn't Worried About Apple's Ad Tracking Crackdown,0.654,0.08,0.92,0.0
4,Parts of Taiwan Go Dark After Plant Failure Triggers Outage,-0.211,0.042,0.901,0.057
5,Amazon’s Alexa Gets Biggest Auto Rollout in Six-Year Ford Deal,0.996,0.116,0.874,0.011
6,"Analysis: In Apple vs Epic Games, battle of the experts gets personal",0.865,0.053,0.904,0.043
7,Investing in high growth stocks in the U.S. and Asia during tense times,0.796,0.081,0.919,0.0
8,Parts of Taiwan Go Dark After Plant Failure Triggers Outage,0.567,0.05,0.895,0.055
9,Korea Unveils $450 Billion Push for Global Chipmaking Crown,0.996,0.092,0.884,0.024
10,Apple Says Ads Engineer Leaves Company After Comments Draw Fire,0.936,0.074,0.879,0.047
