﻿,Titles,Polarity,Positive,Neutral,Negative
0,Fired Engineer Says Apple Was Previously Aware of His Writing,0.594,0.071,0.865,0.064
1,"Dow Jones Futures: ASML, Google, Goldman Flash Buy Signals In Tough Market; Why Apple Is A False Leader",0.064,0.119,0.697,0.183
2,Apple Supplier Foxconn Reiterates Aggravating Semiconductor Chip Crisis Warning: Bloomberg,-0.818,0.076,0.834,0.091
3,US Senators On The Verge Of A $52B Chip Funding Deal Announcement: Reuters,0.893,0.099,0.862,0.039
4,Dow Jones Gains As Rally Continues; Google Stock Offers Buy Point; Apple Retakes Key Level,0.0,0.0,1.0,0.0
5,Bitcoin’s reflecting a new dimension of thinking about cryptocurrency: Rayliant Global Advisors CIO,-0.318,0.0,0.897,0.103
6,Apple v. Epic: Apple is ready to defend itself from anticompetition claims,0.128,0.048,0.952,0.0
7,Click to Buy Amazon Shares Today,0.996,0.132,0.824,0.044
8,Will 2021’s ‘Digital Acceleration’ Bring Back the Once Great IBM?,0.985,0.075,0.903,0.022
9,These 5 Tech Stocks Offer Growth at Reasonable Valuations,1.0,0.161,0.833,0.007
10,Tech Fights Claim That Foreign-Worker Spouses Help Take Jobs,0.996,0.138,0.812,0.051
11,"S&amp;P 500 Ends Week in Red Despite Signs Tech, Value Can Co-Exist",0.995,0.117,0.863,0.02
12,Spotify's Quickly Following in Netflix's Footsteps,0.422,0.072,0.928,0.0
13,Apple Is Not A Leader,0.991,0.144,0.807,0.049
14,Better Buy: Tencent vs. Apple,0.671,0.124,0.876,0.0
15,Churchill Capital IV Looks Poised for a Comeback,0.996,0.119,0.824,0.057
16,S&amp;P 500 Racks Up Gains as Tech Turnaround Continues After Recent Rout,0.995,0.122,0.858,0.02
17,Streaming Services Thrive on Pandemic: 4 Stocks to Watch,0.999,0.156,0.829,0.016
18,"Apple, Tesla, and Bitcoin Are in a Technical ‘Excess Phase Top”",0.995,0.103,0.828,0.069
19,Will Apple's 5G Modem Development Sink Skyworks Solutions?,-0.273,0.0,0.9,0.1
20,"Dow Jones Futures Set To Extend Market Rally Rebound, But What To Do Now? Disney, Coinbase Lead Earnings Movers",0.0,0.0,1.0,0.0
21,Apple and Microsoft’s Rivalry Had Cooled. Now It’s Back and Getting Testier,-0.096,0.068,0.865,0.068
22,IPhone Maker Hon Hai Again Warns Components Crunch Worsening,0.975,0.106,0.829,0.065
23,Foxconn: diversifying revenues away from Apple is proving costly,0.42,0.069,0.901,0.03
