﻿,Titles,Polarity,Positive,Neutral,Negative
0,"Dow Jones Futures: Apple, Tesla, Microsoft, Fed Meeting On Tap As Bears Rule; What To Do Now",-0.115,0.0,0.935,0.065
1,"D. Scott Neal, Inc. Buys Vanguard Short-Term Inflation-Protected Securities, Vanguard Mid-Cap ...",0.998,0.077,0.921,0.002
2,"GFS Advisors, LLC Buys Bank of America Corp, Unilever PLC, iShares Short Treasury Bond ETF, ...",0.998,0.079,0.916,0.006
3,"Sterling Manor Financial, LLC Buys First Trust Consumer Staples AlphaDEX Fund, FIRST TR EXCH ...",0.999,0.095,0.901,0.004
4,Stock market: How investors should think about the ongoing rout,0.557,0.173,0.733,0.093
5,7 Beaten-Down Semiconductor Stocks for Your Bargain-Buy List,1.0,0.126,0.857,0.017
6,"Dow Jones, Nasdaq Trade Near Intraday Lows; Netflix Stock Falls 22% On Earnings",-0.459,0.0,0.852,0.148
7,Buy Exxon Mobil Stock While Still Great,0.995,0.123,0.824,0.053
8,Big-Tech Earnings Jitters Mount as Pandemic Darlings Get Crushed,-0.954,0.075,0.828,0.097
9,Google Splurges on 30% Lobbying Boost Amid Rising D.C. Hostility,0.628,0.079,0.845,0.076
10,"Grandview Asset Management LLC Buys Apple Inc, Microsoft Corp, Vanguard High Dividend Yield ...",0.998,0.105,0.878,0.017
11,7 Low Labor-Cost Stocks to Buy for Solid Margins in 2022,0.998,0.082,0.882,0.036
12,10 Best Dividend Stocks According to John Overdeck And David Siegel’s Two Sigma Advisors,0.999,0.097,0.89,0.013
13,"Google, Epic Games agree to trial in early 2023",-0.026,0.08,0.84,0.081
14,"Netflix experiencing a ‘reset in expectations,’ analyst says",0.511,0.122,0.84,0.038
15,"Apple: Healthy Demand Merits a Price Target Hike, According to this Analyst",0.993,0.109,0.855,0.036
16,"Netflix (NFLX) Q4 Earnings Beat, User Growth Misses Estimates",0.996,0.089,0.888,0.023
17,Microsoft (MSFT) to Report Q2 Earnings: What's in the Cards?,0.998,0.141,0.837,0.021
18,Netflix is ‘battling behemoths’ with stronger content production: Analyst,0.999,0.113,0.849,0.039
19,"Amazon, Facebook set Washington lobbying spending records",-0.077,0.0,0.942,0.058
20,"Market check: S&amp;P, Nasdaq drop, meme stocks under pressure",-0.666,0.052,0.882,0.066
21,"Netflix ‘takes more shots on goal than anyone else,’ media analyst says",1.0,0.152,0.811,0.037
22,Roku Investments At These Levels Make Sense,0.931,0.101,0.819,0.08
23,"Market check: Stocks open lower, Nasdaq falls further into correction territory",0.0,0.0,1.0,0.0
24,Concord Wealth Partners Buys Schwab Intermediate-Term U.S. ...,0.999,0.081,0.911,0.008
25,Here's Why Wells Fargo Bumped Up Apple's Price Target By 24%,0.971,0.14,0.824,0.036
26,Apple Stock Gets a Big Target Price Boost. Supply-Chain Problems Are Improving.,0.735,0.298,0.702,0.0
27,What's in the Offing for Logitech (LOGI) in Q3 Earnings?,0.997,0.113,0.872,0.016
28,2 Stocks to Invest in Virtual Reality,0.962,0.234,0.766,0.0
29,F5 Networks (FFIV) to Report Q1 Earnings: What's in Store?,0.998,0.135,0.855,0.011
30,Apple Earnings Could Be Better Than Expected. That Might Not Help the Stock.,0.422,0.118,0.882,0.0
31,"'Netflix stock may be dead money,' says analyst",0.196,0.058,0.892,0.05
32,3 Hot Stocks That Can Live Up to Their Lofty Valuations,0.0,0.0,1.0,0.0
33,"The Zacks Analyst Blog Highlights: American Express Co., Apple Inc., The Boeing Co., Caterpillar Inc. and Chevron Corp",1.0,0.136,0.851,0.014
34,Netflix Shocks Wall Street With Subscriber Numbers. Is It Still a Growth Stock?,-0.34,0.0,0.906,0.094
35,Apple on Track to Beat Earnings Estimates Again; Target Price $210 in Best Case,0.996,0.122,0.867,0.011
36,2 FAANG Stocks to Buy and 1 to Avoid in 2022,0.318,0.158,0.769,0.073
37,"Netflix, Peloton Bring the Pandemic-Stock Era to Shuddering Halt",0.988,0.113,0.812,0.075
38,Peloton Takes Quick Ride From Pandemic Stardom to Layoff Woes,0.686,0.085,0.835,0.08
39,"Insight Folios Inc Buys Lumen Technologies Inc, TC Energy Corp, PayPal Holdings Inc, Sells ...",0.996,0.072,0.921,0.007
40,"Pinnacle Wealth Management Advisory Group, LLC Buys Microsoft Corp, Apple Inc, Berkshire ...",0.999,0.101,0.894,0.005
