﻿,Titles,Polarity,Positive,Neutral,Negative
0,UPDATE 1-Apple to help workers get COVID-19 shots at its offices,0.66,0.039,0.961,0.0
1,Previewing Big Tech Earnings,1.0,0.152,0.836,0.012
2,Snap can still ‘dream the dream’ as earnings show big Snapchat growth still possible,0.727,0.21,0.79,0.0
3,The Top Reddit Stocks (And Dogecoin) Have Created Bubbles. Here’s What to Do Next.,0.996,0.087,0.877,0.035
4,"Google, Amazon Spent Millions Lobbying While Facing Bipartisan Scrutiny",0.332,0.077,0.844,0.079
5,Apple IOS 14.5 is bringing big changes to your iPhone — here's what to expect,0.978,0.05,0.921,0.03
6,Facebook’s digital ad revenue just keeps rolling in despite antitrust threat,-0.361,0.064,0.811,0.124
7,"Apple Stock Buybacks, Dividend Hike Could Be Sugar On Top For March Quarter",0.625,0.145,0.855,0.0
8,Apple to Launch Program for Employees to Get Covid-19 Shots,0.965,0.086,0.889,0.025
9,Biden administration's $50 billion to help end chip shortage 'is a great first step': Intel CEO,0.995,0.101,0.866,0.033
10,Facebook Stock Is Getting a Boost From Two Different Wall Street Banks. Here’s Why.,0.929,0.165,0.786,0.048
11,"Dow Jones Jumps 250 Points As Stock Market Rallies; Apple, Goldman Lead Blue Chips",-0.273,0.0,0.909,0.091
12,Snap adds more users than Wall Street expected as improved app takes hold,0.993,0.153,0.795,0.051
13,"Dow Climbs Ahead of Busiest Earnings Week as Financials, Tech Rally",0.938,0.078,0.885,0.038
14,Tech Support: iOS 14.5 updates explained,0.402,0.162,0.838,0.0
15,"Apple’s business is roaring, and investors are about to find out how much of that cash is coming their way",0.765,0.209,0.791,0.0
16,"Google, Amazon Hike Lobbying Efforts Amid Growing Antitrust Probe: Bloomberg",0.727,0.08,0.844,0.076
17,"Tesla Hits Record Production, Deliveries Despite Global Semiconductor Shortage",0.884,0.085,0.838,0.077
18,"Ocugen Stock Relief Pop Is Great, But It Needs More",0.995,0.106,0.851,0.043
19,7 Great ETFs to Buy to Ride Out Rough Seas,0.998,0.107,0.873,0.02
20,"Spotify Is Launching Podcast Subscriptions, and Unlike Apple Won’t Take a Cut From Creators",0.985,0.066,0.92,0.014
21,"Intel, American Express, Honeywell All Under Pressure After Earnings, But Snap Rebounds",0.995,0.094,0.837,0.069
22,Could Apple Take A Bite Out Of FB Ad Revenues? Facebook Prepares To Open The Books On Q1,0.997,0.103,0.872,0.025
23,Top 10 Undervalued Tech Stocks,1.0,0.122,0.864,0.014
24,10 Best Tech Stocks to Invest in For Long Term,1.0,0.127,0.849,0.024
25,Snap investors can still ‘dream the dream’ as earnings show big growth avenues still ahead,0.727,0.21,0.79,0.0
26,"Dow Jumps as Bulls Shrug Off Tax Hike Jitters, Swoop in on Financials, Tech",0.818,0.078,0.872,0.05
27,Facebook (FB) to Report Q1 Earnings: What's in the Cards?,0.998,0.148,0.835,0.017
28,Apple (AAPL) to Report Q2 Earnings: What's in the Offing?,0.999,0.161,0.82,0.019
29,"Stock Market Rally Retreats, Bitcoin Dives Amid Biden Capital Gains Tax Plan; Netflix, Snap, United Airlines In Focus",0.178,0.158,0.74,0.103
30,Baidu-Geely Joint Venture Aims $7.7B Investment In Smart Car,0.823,0.048,0.933,0.019
31,FAANG Bites: When to Buy FAANG Stocks Like Netflix,0.0,0.0,1.0,0.0
32,Facebook taking ‘very aggressive measures” to remove vaccine misinformation: Carolyn Everson,0.981,0.121,0.829,0.05
33,"FAANG Bites: Don't Bet Against Facebook, Apple and Netflix",0.0,0.0,1.0,0.0
34,Baidu and Geely Plan $7.7 Billion Smart Car Push,0.975,0.078,0.91,0.012
35,Xi’s Next Target in Tech Crackdown Is China’s Vast Reams of Data,0.999,0.14,0.821,0.039
36,Xiaomi Said to Mull Investing in AI Chipmaker Black Sesame,0.986,0.075,0.917,0.008
37,Xi’s Next Target in Tech Crackdown Is China’s Vast Reams of Data,0.999,0.142,0.82,0.038
38,Xiaomi Is Said to Mull Investing in AI Chipmaker Black Sesame,0.984,0.075,0.912,0.013
39,"Dow Jones Futures: Bitcoin Plunges Below $50,000, Intel, Snap Key Movers After Biden Capital Gains Tax Hike Plan Hits Market Rally",0.052,0.117,0.777,0.107
