﻿,Titles,Polarity,Positive,Neutral,Negative
0,Apple AR Glasses: How Big Is The Business Opportunity?,0.422,0.113,0.887,0.0
1,Gamestop and AMC up to 2022 'greatest win in retail trading history': 40 Finance host,0.993,0.069,0.917,0.014
2,Netflix Needs New Subscribers. Its Korean Playbook Is Its Secret Weapon.,0.998,0.091,0.875,0.035
3,Breakthrough Transplants Signal BIG Opportunity,0.997,0.112,0.851,0.037
4,Investment Opportunity Breakdown: Video Game Stocks,1.0,0.132,0.829,0.039
5,Bill banning stock trading by lawmakers is 'fair for everyday people': Retail trader,0.898,0.058,0.901,0.041
6,7 Great Growth Stocks to Add to Your January Buy List,1.0,0.193,0.771,0.036
7,"Market check: Nasdaq poised to end three-day streak, tech and health care lag",-0.12,0.037,0.93,0.033
8,7 Best Cheap Stocks if You Want to Spruce up Your Portfolio,1.0,0.157,0.818,0.025
9,"Market check: Tech stocks lead Nasdaq, S&amp;P 500 lower",0.296,0.104,0.896,0.0
10,"Platt Investment Counsel, LLC Buys Apple Inc, Sells S&amp;P 500 ETF TRUST ETF, First Trust ...",0.994,0.14,0.849,0.011
11,"Burt Wealth Advisors Buys iShares MSCI Emerging Markets Asia Index Fund, WisdomTree Yield ...",0.999,0.127,0.869,0.004
12,7 Hot Stocks to Pounce on if Their Prices Drop,1.0,0.146,0.836,0.018
13,Viewpoint: Labor market will be flush with workers — soon,0.402,0.119,0.881,0.0
14,Labor market may soon be flush with workers,0.402,0.119,0.881,0.0
15,"Earnings: ‘Margins are going to be under attack’ in Q1, strategist says",0.052,0.076,0.853,0.071
16,3 mega-cap tech stocks that will gain big as interest rates rise: analyst,0.968,0.1,0.861,0.039
17,Snap Stock Smacked On Downgrade Tied To Ad-Tracking Changes By Apple,0.0,0.0,1.0,0.0
18,10 Energy Dividend Stocks to Buy According to Billionaire Jim Simons’ Portfolio,0.999,0.126,0.857,0.017
19,Apple Again Inches Toward $3 Trillion. Up Next Are Earnings and AR Glasses.,0.0,0.0,1.0,0.0
20,Microsoft (MSFT) Accelerates Manufacturing Homegrown Chips,0.992,0.102,0.89,0.008
21,How to Invest Online,0.0,0.0,1.0,0.0
22,S&amp;P 500 Slides as Tech Rally Fizzles,0.975,0.096,0.867,0.037
23,S&amp;P 500 Stumbles as Tech Wreck Resumes,0.974,0.093,0.875,0.032
24,"Microsoft hires Apple chip veteran, cannabis compounds may prevent COVID infection, TPG prices IPO",0.952,0.131,0.856,0.013
25,Apple loses another chip talent this month — this time to Microsoft,-0.25,0.0,0.931,0.069
26,Workers ‘should be able to organize without any interference’: U.S. Labor Secretary,0.997,0.162,0.813,0.025
27,Alibaba Stock Is Headed for Its Biggest Drop of the Year,0.911,0.153,0.824,0.023
28,"Better Buy: Tesla or Equal Parts of Lucid, Rivian, Nio, and Ford?",0.71,0.119,0.84,0.041
29,Here’s What Makes Apple Inc. (AAPL) A Great Investment Pick,0.977,0.091,0.909,0.0
30,12 Best Dow Stocks To Buy According To Hedge Funds,1.0,0.124,0.85,0.026
31,"Weak Demand, Supply Issues Take a Toll on Q4 PC Shipments",0.988,0.095,0.851,0.055
32,Alibaba’s 2-Day Winning Streak Is About to End,0.925,0.174,0.826,0.0
33,Better Buy: Microsoft vs. Alphabet,0.727,0.097,0.903,0.0
34,"Dell, HPE Lead Rally in Cheap Stocks as Rates Surge",0.983,0.107,0.836,0.057
35,3 Dividend-Paying Tech Stocks to Buy Right Now,0.0,0.0,1.0,0.0
36,Snap Falls After Cowen Downgrade,-0.118,0.034,0.93,0.036
37,TSMC Profit Beats Estimates Thanks to Prolonged Chip Crunch,0.937,0.071,0.882,0.047
38,These Stocks Would Make Great Gifts,0.902,0.209,0.751,0.04
