﻿,Titles,Polarity,Positive,Neutral,Negative
0,Dow Jones Dips As Fed Rally Falters; Adobe Stock Plummets On This; Tesla Stalls As Ford Gains,-0.296,0.0,0.913,0.087
1,Meta Cracks Down on Companies That Spied on Users in 100 Countries,-0.997,0.058,0.836,0.105
2,Three Risks All Investors Need To Consider In 2022,-0.988,0.077,0.814,0.109
3,"Why AMD, Qualcomm, and Skyworks Stocks Just Crashed",0.137,0.082,0.844,0.074
4,These companies' values soared since the start of Covid-19,0.0,0.0,1.0,0.0
5,"Skyworks, Broadcom Are Trading Lower Today, Thanks To Apple",0.541,0.087,0.845,0.068
6,3 Spatial Computing Stocks to Buy to Get in on the Next Hot Tech Trend,0.998,0.091,0.898,0.011
7,"Why Are Affirm, Afterpay, PayPal Shares Trading Lower Today?",0.31,0.057,0.892,0.051
8,Why Apple Stock Was Down Today,-0.25,0.06,0.867,0.073
9,Apple Leads Big Tech Lower as Investors Reconsider Fed Moves,0.985,0.097,0.863,0.04
10,"Stocks mixed: Apple and Nvidia lead Nasdaq down, 10-year Treasury dips, oil and bitcoin up",-0.153,0.0,0.914,0.086
11,10 Biotech Stocks in Billionaire Ray Dalio’s Portfolio,0.999,0.117,0.859,0.025
12,"Apple postpones return to work plans indefinitely, temporarily closes a few stores",-0.422,0.0,0.92,0.08
13,Apple Builds Team in New Office to Make Own Wireless Chips,0.989,0.064,0.914,0.022
14,Apple Builds New Team in Southern California to Bring More Wireless Chips In-House,0.992,0.068,0.909,0.023
15,S&amp;P 500 Wobbles as Big Tech Wreckage Offsets Shine in Cyclicals,0.989,0.13,0.835,0.034
16,"Sustainable IPOs, Apple delays return to office, Bruce Springsteen sells music catalog, McDonald’s settles with former CEO",-0.026,0.043,0.911,0.046
17,KeyBanc Warns Against Heavily Constrained Apple iPhone 13 Supply,0.907,0.096,0.863,0.041
18,Could Apple Soon Deploy a Fully Autonomous Vehicle?,-0.44,0.0,0.946,0.054
19,Covid’s Resurgence Is Halting Reopening Plans. What to Know.,-0.612,0.0,0.808,0.192
20,"Supply chain normalizations are 'at the top of our wishlists', strategist says",0.34,0.145,0.783,0.072
21,10 Micro-Cap Stocks to Buy According to Hedge Funds,0.999,0.107,0.857,0.036
22,Why analysts love Apple right now,0.982,0.063,0.92,0.017
23,Why Apple Stock Is Still a Good Buy,0.71,0.133,0.867,0.0
24,Zacks Earnings Trends Highlights: Apple and Amazon,0.989,0.101,0.853,0.046
25,"Covid Pushes Back Office Returns, Cancels Broadway Shows and Hits Pro Sports",-0.612,0.0,0.808,0.192
26,I Ran A Stock Scan For Earnings Growth And Apple (NASDAQ:AAPL) Passed With Ease,0.999,0.198,0.782,0.021
27,Dow Futures Rise 230 Pts; Fed Confidence Boosts Risk Appetite,0.933,0.092,0.844,0.064
28,"Stocks Roar On Fed Certainty, Apple, Moderna and Bruce Springsteen - Five Things To Know",0.0,0.0,1.0,0.0
29,"Apple Joins Microsoft, Google in Delaying Office Return as Omicron Looms",0.194,0.049,0.898,0.053
30,Why Apple Stock Rallied Today,0.318,0.102,0.846,0.052
