﻿,Titles,Polarity,Positive,Neutral,Negative
0,Synopsys' (SNPS) Buyback Plan to Boost Shareholders' Wealth,0.997,0.167,0.833,0.0
1,Apple looks set to be the first stock with a $3 trillion market cap,0.0,0.0,1.0,0.0
2,"Invesco V.I. Capital Appreciation Fund Buys Atlassian Corporation PLC, Apple Inc, Datadog Inc, ...",0.999,0.112,0.878,0.01
3,"T. Rowe Price Exchange-Traded Funds, Inc. Buys Microsoft Corp, Amazon. ...",0.996,0.053,0.943,0.003
4,J.P. Morgan Raises Apple Price Target to Street High,0.989,0.09,0.882,0.028
5,Apple launches AirTag detector app for Android to boost privacy,0.881,0.088,0.889,0.024
6,10 Best Stocks to Buy for the Next 10 Years,1.0,0.13,0.841,0.028
7,Social-Video App Triller Is in Merger Talks With Seachange,0.778,0.102,0.82,0.078
8,"Apple stock 'is here to stay,' Santosh Rao says",0.0,0.0,1.0,0.0
9,Apple Management-Training Chief Joel Podolny Leaves for Startup,0.84,0.084,0.858,0.058
10,10 Asset Management Stocks to Buy to Ride Out Omicron,1.0,0.121,0.863,0.016
11,"Stock market: Tesla dips, Facebook up amid red day across the board",-0.572,0.0,0.829,0.171
12,US STOCKS-Wall Street falls on Omicron worries ahead of Fed meeting,0.994,0.113,0.857,0.03
13,Apple Stock Boost Seen From 5G Version Of Low-Cost iPhone SE,0.0,0.0,1.0,0.0
14,"Apple has even more room to ‘build on this incredible ecosystem,' analyst explains",0.0,0.0,1.0,0.0
15,10 Cheap Growth Stocks to Buy Today,1.0,0.128,0.852,0.02
16,"Apple stock nears $3 trillion market cap, JPMorgan raises price target",0.296,0.091,0.909,0.0
17,S&amp;P 500 Eases From Record as Omicron-Fueled Jitters Dent Cyclicals,0.977,0.107,0.829,0.063
18,S&amp;P 500 Retreats as Cyclicals Slide on Omicron Worries,0.975,0.122,0.805,0.073
19,"Producer Prices, Core Wholesale, Apple: 3 Things to Watch",0.907,0.087,0.869,0.044
20,Apple's upcoming iPhone SE 5G could help attract billion-plus Android users- J.P.Morgan,0.761,0.046,0.924,0.029
21,"Market check: Tesla shares fall, travel stocks under pressure",-0.296,0.0,0.934,0.066
22,US STOCKS-Wall Street edges lower on Omicron worries; Fed meeting awaited,0.993,0.113,0.858,0.029
23,Qualcomm Finds Way To JPMorgan's Analyst Focus List,0.954,0.112,0.866,0.022
24,Apple inches closer to $3 trillion valuation as J.P. Morgan says investors ‘underappreciate’ key upgrade opportunity,0.296,0.128,0.872,0.0
25,Apple closes in on $3 trillion market value,0.998,0.152,0.831,0.017
26,Fiscal and monetary policy changes will happen ‘as slowly as possible’: Strategist,0.494,0.106,0.894,0.0
27,5 giant stocks are driving the S&amp;P 500 to records: Goldman Sachs,-0.636,0.041,0.903,0.056
28,"Dow Jones Falls As Apple Hits New Highs; Tesla Skids, Rivian Called 'Most Remarkable' Truck Of The Year",0.0,0.0,1.0,0.0
29,Apple Inching Closer to Landmark $3 Trillion Market Value,0.959,0.143,0.784,0.073
30,This Cheap Tech Stock Could Have a Blockbuster 2022,0.671,0.256,0.744,0.0
31,"Apple Nears $3 Trillion. The Stock Won’t Stop There, J.P. Morgan Says.",0.422,0.145,0.789,0.066
32,10 Best Tech Stocks to Buy According to Noam Gottesman’s Man GLG,1.0,0.12,0.859,0.021
33,US STOCKS-Wall St set to open higher as Apple leads; Fed meeting awaited,0.969,0.08,0.904,0.017
34,Dow Jones Futures Rise As Apple Eyes New Highs; Rivian's 'Most Remarkable' Truck Of The Year,0.34,0.094,0.906,0.0
35,Warren Buffett’s Top 10 Stock Picks,0.999,0.108,0.88,0.012
36,Stock market news live updates: Stock futures point to slightly higher open,0.373,0.038,0.933,0.03
37,US STOCKS-Futures edge higher as Apple leads; Fed meeting awaited,0.974,0.095,0.882,0.023
38,Could Tesla Be the World's Most Valuable Company in 10 to 15 Years?,0.85,0.101,0.899,0.0
39,3 Investors Pick Their Top Wealth-Building Stocks,0.743,0.149,0.851,0.0
40,Sirius Ropes In Disney Streaming Veteran To Compete With Spotify,0.981,0.111,0.883,0.006
41,3 Reasons to Buy Roku Stock During This Massive Pullback,0.998,0.136,0.811,0.053
42,Just Buy Apple?,0.382,0.07,0.889,0.041
43,Polish regulator to investigate Apple's privacy policy,-0.23,0.04,0.916,0.044
44,One chart explains why the stock market is back in rally mode: Morning Brief,0.998,0.109,0.838,0.053
45,Apple Stock Nears $3 Trillion Value As JPMorgan Price Target Boost Adds To Wall Street Bull Rush,0.494,0.144,0.856,0.0
