﻿,Titles,Polarity,Positive,Neutral,Negative
0,"'No-brainer' for White House to seek private sector help on critical infrastructure, ex-NSA hacker explains",0.974,0.064,0.91,0.025
1,Apple Tactics in Smartwatch Trade-Secrets Fight Irk Masimo CEO,-0.957,0.071,0.848,0.082
2,Who is Andy Jassy? Amazon's new CEO visits the White House,0.37,0.091,0.836,0.073
3,"S&amp;P 500 Closes Just Shy of 4,500 Amid Record Climb",0.962,0.09,0.867,0.043
4,This could be Apple’s next $20 billion business,0.402,0.094,0.906,0.0
5,Apple’s Secret Weapons For Growing Revenue: Advertising and Search,0.681,0.267,0.66,0.073
6,Analyst expects $300B growth opportunity in cloud security,0.997,0.115,0.832,0.053
7,Major CEOs heading to the White House today- here's what to expect,0.34,0.076,0.924,0.0
8,YouTube Enhances Content Streaming Experience With Picture-in-Picture In iPhone YouTube App,0.727,0.054,0.931,0.015
9,25 Best Board Games for Families,1.0,0.141,0.836,0.022
10,10 Stocks to Buy and Hold for Long Term According to Warren Buffett,0.999,0.088,0.9,0.012
11,"S&amp;P 500, Nasdaq Continue Record Run as Financials, Energy Shine",0.973,0.096,0.862,0.042
12,Spotify's Confusing Buyback Plans,0.834,0.127,0.854,0.019
13,Amazon (AMZN) Launches 2nd Generation Echo Show 8 in India,0.999,0.237,0.753,0.01
14,Apple Stock Has Thrived During Tim Cook’s First Decade as CEO. What About the Next 10?,0.649,0.194,0.806,0.0
15,6 Must-Buy Corporate Giants As Major Indexes Hit Record High,1.0,0.145,0.844,0.011
16,Xiaomi Buys Self-Driving Tech Startup to Propel EV Ambitions,0.99,0.079,0.914,0.007
17,4 Steps to Prepare for the Next Market Downturn,-0.527,0.0,0.932,0.068
18,These 4 Stocks Make Up 70% of Warren Buffett's Portfolio,0.821,0.148,0.822,0.031
19,"Apple, Google App Store Models Face New Threat in South Korea",0.132,0.071,0.847,0.082
20,"Cyberattacks Draw Tech, Bank CEOs to White House for Brainstorm",0.99,0.102,0.877,0.021
21,Tech Executives to Meet  With Biden to Discuss Cybersecurity,-0.153,0.0,0.922,0.078
22,"UPDATE 1-S.Korea parliament committee votes to curb Google, Apple commission dominance",0.542,0.083,0.854,0.064
23,"S.Korea parliament committee votes to curb Google, Apple commission dominance",-0.818,0.047,0.887,0.065
