﻿,Titles,Polarity,Positive,Neutral,Negative
0,"Apple May Dump iPhone Mini, Massively Upgrade Camera With 2022 Lineup: Report",0.983,0.101,0.89,0.009
1,"Geely Launches Premium EV Brand Zeekr, Intensifying War With Tesla, Nio: Report",0.823,0.041,0.946,0.012
2,"Netflix, Inc. -- Moody's upgrades Netflix's CFR to Ba1 from Ba3; the outlook is positive",1.0,0.103,0.855,0.042
3,House approves legislative blueprint to rein in Big Tech,0.791,0.086,0.914,0.0
4,Dow Jones Hits New High As Stocks Rally On Jobs Data; These 2 Hot IPO Stocks Jump,0.743,0.24,0.76,0.0
5,"Microsoft launches Edge Kids Mode, the first kid-friendly version of a major web browser",0.976,0.055,0.935,0.01
6,"Dow Jones Rallies As Apple Snaps Back; Nvidia Regains Buy Point, While Coinbase IPO Jumps",0.0,0.0,1.0,0.0
7,Top stocks to watch as earnings season kicks off,0.178,0.059,0.941,0.0
8,Apple's iPhone 12 Shows Its 5G Dominance,0.382,0.053,0.928,0.019
9,Apple creates fund for 'working forests' as part of carbon-removal efforts,0.984,0.096,0.896,0.008
10,Apple and Partners Launch First-Ever $200 Million Restore Fund to Accelerate Natural Solutions to Climate Change,0.999,0.117,0.868,0.015
11,"Stock Market News for Apr 15, 2021",0.996,0.103,0.878,0.019
12,Streaming Services Get a Boost From Pandemic: 4 Stocks to Watch,0.999,0.156,0.834,0.01
13,4 Stocks to Watch as 5G Drives Rebound in Smartphone Sales,0.995,0.095,0.896,0.009
14,"Exclusive: Wistron shakes up India structure, management after factory troubles - sources",-0.741,0.052,0.89,0.059
15,4 Stocks to Focus on Solid Momentum in PC Shipments,0.997,0.105,0.88,0.014
16,"TSMC Lifts Spending, Sales Targets as Chip Crunch Persists",0.89,0.079,0.854,0.067
