﻿,Titles,Polarity,Positive,Neutral,Negative
0,"Buy the Dip: Apple, SoFi, Disney",0.077,0.187,0.685,0.128
1,10 Stocks Making Headlines on Monday,0.993,0.074,0.908,0.018
2,Dow Jones Falls As Tech Stumbles; Twitter Rallies As Elon Musk Does This; Apple Stock Slides,-0.412,0.0,0.854,0.146
3,"Towering buildings, hulking employers to even further shape North Austin",0.511,0.093,0.907,0.0
4,"Semiconductor Watchlist: Apple, AMD, Onsemi",0.273,0.191,0.711,0.098
5,PC sales down 5% in Q1 2022 after two years of growth,0.077,0.084,0.841,0.074
6,"DoorDash adds new subscription tier for college students, Etsy sellers go on strike",0.0,0.0,1.0,0.0
7,What's in Store for Taiwan Semiconductors' (TSM) Q1 Earnings?,0.997,0.109,0.878,0.013
8,Dow Futures up 0.1% Ahead of Key Inflation Report,0.735,0.07,0.888,0.042
9,Why Apple Stock Is Falling Today,-0.128,0.029,0.922,0.049
10,3 Tech Stocks to Buy That Are About to Bounce,0.994,0.108,0.825,0.068
11,"Is rom-com dead? Maybe just 'dormant,' says entertainment analyst — here's how it could rebound",0.999,0.135,0.826,0.039
12,Streaming TV is using baby boomers and MLB to get live events right for millennials,0.494,0.167,0.833,0.0
13,10 Best Stocks To Buy For Beginners Right Now,1.0,0.133,0.838,0.029
14,Stock Market Today: Dow Wobbles on Tech Tantrum After U.S. Bond Yields Climb,-0.494,0.068,0.857,0.076
15,Apple's (AAPL) Recent Upgrades to Attract New Customers,0.995,0.107,0.868,0.026
16,"Simulations Plus (SLP) Q2 Earnings Top Estimates, Revenues Up",0.994,0.095,0.885,0.02
17,First-Quarter PC Shipments Fell 5.1%. Apple and Dell Gained Share While HP Slipped.,0.0,0.0,1.0,0.0
18,"Fortnite Maker Epic Gets $2 Billion From Sony, Lego Owner",0.632,0.068,0.879,0.052
19,Amazon Kicks Off a Jumbo 7-Part Bond Sale Including 40-Year Debt,0.975,0.12,0.81,0.07
20,2 Top Growth Stocks to Buy Right Now,0.422,0.196,0.714,0.089
21,"Market check: Tech, energy sectors lead stocks lower, oil slides",0.0,0.0,1.0,0.0
22,Warner Bros. Discovery opens at $24.08 a share in public debut as newly-formed company,0.994,0.111,0.858,0.031
23,Vendors Ship More Than 80M PCs in Q1 Despite Supply-Chain Woes,0.997,0.122,0.855,0.023
24,10 Best Tech Stocks to Buy For The Long Term,1.0,0.128,0.865,0.007
25,10 Growth ETFs to Buy Now,1.0,0.153,0.824,0.023
26,Piper Sandler’s ‘Overweight’ Call on Snap Stock Is a No Brainer,0.996,0.086,0.888,0.026
27,"Dow Jones Futures Fall On China, Yields; Tesla Falls, Elon Musk Won't Join Twitter Board",-0.09,0.0,0.947,0.053
28,Qualcomm and the Great Tech Downgrade,-0.667,0.096,0.807,0.097
29,This Hot Tech Stock Is a Stealth Safe Play,0.502,0.069,0.902,0.029
30,Apple starts manufacturing iPhone 13 in India,0.318,0.021,0.979,0.0
31,2 Semiconductor Stocks to Buy Hand Over Fist and 1 to Avoid Like the Plague,0.791,0.368,0.632,0.0
32,"Twitter, Apple, Nio Fall Premarket; Veru, Sailpoint Soar",-0.919,0.015,0.925,0.06
33,Exclusive-Senior EU officials were targeted with Israeli spyware-sources,0.973,0.077,0.88,0.043
34,Dow Jones Futures Fall In Ailing Market Rally; Tesla CEO Elon Musk Won't Join Twitter's Board,-0.09,0.0,0.947,0.053
