﻿,Titles,Polarity,Positive,Neutral,Negative
0,Apple and Microsoft: Buy Biggest Tech Stocks Ahead of Earnings?,1.0,0.114,0.87,0.016
1,GOP seeks to change regulations for big tech companies,0.0,0.0,1.0,0.0
2,Apple's event on April 20: What to expect,0.997,0.084,0.894,0.021
3,Apple found fans beyond the iPhone as pandemic gave life to Mac and iPad,0.67,0.147,0.853,0.0
4,How the Venmo Debit Card May Save PayPal,0.128,0.03,0.932,0.038
5,New Feature: GuruFocus User Stock Notes,0.985,0.079,0.906,0.015
6,Here’s Why Stewart Asset Managment Sold its Apple (AAPL) Shares,0.997,0.152,0.834,0.015
7,Apple launches $200 million forestry fund it says will bring financial return for investors,0.572,0.118,0.882,0.0
8,FAANG Bites: How Valuable Is Apple?,-0.25,0.064,0.833,0.102
9,FAANG Bites: Can Apple Stock Get Back on Track?,-0.25,0.064,0.833,0.102
10,Netflix Earnings: Analysts Eyeing The Subscriber Base Growth And Possible 'Pull-Forward',1.0,0.128,0.85,0.022
11,Dow Jones Futures Rise As Treasury Yields Rebound Fades After Stock Market Rally; 3 Giants Flash Buy Signals,0.361,0.171,0.829,0.0
12,"Rumored Apple Car, Cloaked In Mystery, Could Recharge Apple Stock",0.0,0.0,1.0,0.0
13,"Apple (AAPL) Acquires Fathom Rights, Expands Content Portfolio",0.996,0.132,0.858,0.01
14,"The Zacks Analyst Blog Highlights: Gartner, Logitech, Google, HP and Apple",0.998,0.102,0.879,0.019
15,"Dow Jones Futures Rise, Techs Fall As Treasury Yields Rebound After Stock Market Rally; 3 Giants Flash Buy Signals",0.361,0.171,0.829,0.0
16,3 Popular Robinhood Stocks That Warren Buffett Owns -- and You Should Too,0.649,0.091,0.909,0.0
17,Apple’s New Privacy Zeal Is a Threat to Small App Developers,0.998,0.12,0.839,0.041
