﻿,Titles,Polarity,Positive,Neutral,Negative
0,"PC industry suffered worst decline in years, but how bad it is depends on Apple",-0.273,0.0,0.909,0.091
1,macOS Ventura Preview: Productivity is Front and Center,0.0,0.0,1.0,0.0
2,iPadOS 16 Preview: It's all About Multitasking,0.0,0.0,1.0,0.0
3,The Road to Better Tech Is Strewn With Losers… Here’s How to Find the Next Winner,0.966,0.089,0.836,0.075
4,"Tech and communication stocks lag, U.S. dollar index reaches 20-year highs",0.681,0.048,0.929,0.024
5,"PC shipments plunging, consumer demand ‘at risk of perishing in the long term,’ analysis finds",-0.382,0.0,0.911,0.089
6,The Pain in Affirm Stock Will Continue,-0.863,0.079,0.823,0.098
7,watchOS 9 Preview: A Bevy of Fitness and Health Features,0.511,0.136,0.864,0.0
8,iOS 16 Preview: Custom Lock Screens and Editable Messages,0.318,0.091,0.909,0.0
9,PC Demand Is Sagging. Intel and AMD Head Into a ‘Much Weaker’ Second Half.,-0.718,0.0,0.741,0.259
10,Netflix interviewing external candidates to lead ad-supported service: report,0.402,0.047,0.953,0.0
11,Don’t Risk Any Capital on Snap Stock,0.976,0.092,0.852,0.055
12,Shopify (SHOP) Completes Deliverr Acquisition for $2.1B,0.998,0.142,0.835,0.024
13,"Apple Can’t Avoid the Economic Slowdown, Analyst Warns",-0.382,0.0,0.841,0.159
14,Marvel’s ‘Thor: Love and Thunder’ brings in $143 million in opening weekend,0.869,0.259,0.741,0.0
15,This Trade Will Improve Apple's Chart,0.087,0.035,0.935,0.03
16,"Meta, Amazon, Tesla stocks fall as tech sector under pressure",0.0,0.0,1.0,0.0
17,Penny Pritzker details Chicago’s 'massively vibrant' tech industry,1.0,0.157,0.787,0.056
18,"Earnings Season Preview: Stocks Need Solid Profit Boost To Challenge Recession Bets, Bear Market Slump",-0.735,0.039,0.809,0.152
19,2 Growth Stocks to Set You Up Through the Market Downturn and Beyond,0.586,0.144,0.813,0.044
20,"Market check: Nasdaq falls, U.S. dollar at highest level since 2002",0.0,0.0,1.0,0.0
21,7 Best Dow Stocks to Buy in July,0.999,0.138,0.803,0.059
22,Apple iPhone 14 To Face Weak Consumer Spending Environment,0.153,0.103,0.897,0.0
23,Market check: Stocks open lower as investors brace for earnings,0.0,0.0,1.0,0.0
24,"Meta Stock Is a Sell. ‘Use It as a Source Of Funds,’ Analyst Says.",-0.511,0.0,0.798,0.202
25,Alibaba Is Tumbling. Chinese Tech Stocks Have a New Headache.,0.318,0.126,0.874,0.0
26,Tech Earnings Are Coming. 6 Reasons to Brace for Even More Pain.,-0.572,0.059,0.796,0.145
27,Should You Throw In The Towel On These Once-Prized Stocks?,0.44,0.206,0.7,0.093
28,Here Are the Top CEOs of 2022,0.077,0.064,0.936,0.0
29,Texans Asked to Conserve Electricity as Grid Nears the Brink,-0.917,0.054,0.859,0.087
30,2 of the Best Growth Stocks to Buy if Inflation Has Peaked,0.681,0.117,0.854,0.028
31,Citi sees a surprising stock market rally into year-end,0.959,0.1,0.838,0.062
