﻿,Titles,Polarity,Positive,Neutral,Negative
0,Apple employees push back against return-to-office mandate,0.991,0.093,0.859,0.048
1,Apple (AAPL) Provides Self-Service Overhaul for Mac Notebooks,0.994,0.115,0.839,0.046
2,Historic hearing aid ruling could help 'those four-out-of-five people' who go untreated,0.989,0.092,0.875,0.033
3,"Apple to compete with Xiaomi, Samsung in India’s smartphone market",0.751,0.218,0.782,0.0
4,Chip Giant Nvidia's Stock Slump Fails to Remove Its Pricey Tag,0.97,0.083,0.854,0.063
5,Here Are Warren Buffett's Best Performing Dividend Stocks,0.997,0.124,0.842,0.034
6,Apple plans to produce iPhone 14 in India: Report,0.9,0.047,0.936,0.017
7,"These Investment Wines Have Outperformed Apple, Ford And Tesla Over The Past Year",0.99,0.119,0.837,0.044
8,Alphabet (GOOGL) Boosts Fitness Tracking With Latest Move,0.999,0.205,0.789,0.006
9,Apple Sees This Business Reaching $10 Billion Soon,0.0,0.0,1.0,0.0
10,3 Things About Unity Software That Smart Investors Know,-0.34,0.065,0.848,0.086
11,Apple Stock Just Had Its Worst 2 Days Since June. Why Investors Are Suddenly Worried.,-0.266,0.059,0.847,0.095
12,Engineer admits stealing Apple Car trade secrets before trying to flee to work for rivals in China,-0.871,0.019,0.915,0.065
13,Apple to Cut New iPhone 14 Production Lag Between India and China,0.0,0.099,0.803,0.099
14,2 Simple Reasons Why Apple's Next iPhone Could Be a Roaring Success,0.859,0.149,0.81,0.041
15,Down Between 51% and 78%: 3 Nasdaq Growth Stocks That Are Worth a Look,0.625,0.113,0.837,0.05
16,"UPDATE 2-Apple plans to cut iPhone 14 production lag between China, India - Bloomberg",0.0,0.014,0.975,0.011
17,3 Best Blue-Chip Stocks Under $15 to Buy Now,0.999,0.136,0.856,0.008
18,China-Bound Ex-Apple Engineer Admits to Trade Secrets Theft,-0.969,0.048,0.86,0.093
19,UPDATE 1-Former Apple car engineer pleads guilty to trade secret theft,-0.35,0.059,0.86,0.081
20,Apple’s New iPhone 14 to Show India Closing Tech Gap With China,0.989,0.076,0.893,0.031
21,"Apple plans to cut iPhone 14 production lag between China, India - Bloomberg",0.0,0.014,0.975,0.011
22,Hyundai is catching up with Tesla in the global EV race,0.361,0.163,0.736,0.101
23,"Google’s Asia Head on Singapore Growth, Regional Challenges: Q&amp;A",0.998,0.094,0.881,0.025
