﻿,Titles,Polarity,Positive,Neutral,Negative
0,"An Investment In One Of These Three Artists Last Year Would Have Outperformed Tesla, Apple and Microsoft",0.996,0.127,0.854,0.019
1,"Dow Jones Futures: What The Market Rally Needs Now; Six Stocks In Focus, Tesla Rival Xpeng On Tap",0.857,0.308,0.692,0.0
2,"Oscars 2022: Streaming platforms to get their ‘comeuppance,’ Box Office Guru editor says",0.103,0.095,0.823,0.082
3,"Stock market ends the week mixed, energy and tech outperform",0.0,0.0,1.0,0.0
4,Amazon’s MGM purchase made it one of the biggest Oscar contenders overnight,0.459,0.25,0.75,0.0
5,Apple and Google criticize the new EU Digital Markets Act that will radically change the way they have operated for the past 20 years,0.988,0.092,0.884,0.024
6,"Market check: Stock indices mixed, China stocks slump, cannabis stocks jump",0.963,0.072,0.921,0.007
7,"Europe’s new Big Tech law could actually produce results, like iMessage and Facebook Messenger playing nicely and big-money fines",-0.71,0.0,0.809,0.191
8,"Apple Pays Another Round of Rare $200,000 Bonuses to Some Staff",0.99,0.138,0.809,0.053
9,"Landmark EU law could take billions from Apple, and already forced a major change at Google",0.361,0.078,0.879,0.043
10,These 5 Growth Opportunities Could Drive Apple Stock Higher,0.637,0.215,0.785,0.0
11,"BofA Coins New FANG Equivalent For Semiconductor Stocks, 'MANGO'",0.933,0.104,0.853,0.043
12,10 Stocks US Politicians Are Buying,1.0,0.17,0.807,0.023
13,S&amp;P 500 in Second Weekly Win as Dip Buyers Emerge Late Into Close,0.262,0.069,0.881,0.05
14,"Apple closes Russian Mir card loophole for Apple Pay, says Sberbank",-0.883,0.012,0.898,0.09
15,U.S. Tech Giants Face Tough New Rules in Europe,0.697,0.117,0.843,0.041
16,"Apple is reportedly developing a subscription program for iPhones, other devices",0.963,0.072,0.903,0.025
17,"EU tech regulation: U.S. giants would ‘no longer function as economic toll bridges,’ expert says",0.296,0.051,0.949,0.0
18,"Oil prices drop as EU holds off on Russian crude ban, Rivian stock falls despite bullish note",0.0,0.0,1.0,0.0
19,Alphabet (GOOGL) Boosts Healthcare Efforts With Recent Plans,0.999,0.186,0.802,0.012
20,"Amazon MGM Acquisition Threatens Netflix, Disney",-0.296,0.021,0.942,0.036
21,Apple Has Found a New Golden Opportunity,0.84,0.123,0.877,0.0
22,3 Top Buffett Stocks to Buy and Hold for the Long Haul,0.978,0.314,0.654,0.032
23,Dow Jones Climbs As Apple Nears Buy Point; Tesla Rival Nio Skids On Earnings,0.0,0.0,1.0,0.0
24,This Hyper-Successful Stock Is Totally Underestimated in the Gaming Space,-0.625,0.0,0.9,0.1
25,Is Most-Watched Stock Apple Inc. (AAPL) Worth Betting on Now?,0.999,0.124,0.867,0.009
26,"TD SYNNEX (SNX) Tops Q1 Earnings Estimates, Ups FY22 Guidance",0.999,0.134,0.854,0.011
27,Dow Jones Futures Rise As Apple Nears Buy Point; Tesla Rival Nio Skids On Earnings,0.0,0.0,1.0,0.0
28,Got $500? 2 Top Growth Stocks to Buy That Could Double Your Money,0.62,0.116,0.823,0.061
29,3 Dividend-Paying Tech Stocks to Buy Right Now,0.924,0.187,0.791,0.021
30,This Is My Top Streaming Stock for 2022 (and Beyond),-0.077,0.137,0.721,0.142
31,"Apple’s Time Is Now, But it Won’t Always Be",0.965,0.064,0.903,0.033
32,"Stocks Steady, Apple, Boeing, Okta Hack and Chelsea Sale - Five Things You Must Know",-0.178,0.134,0.722,0.144
33,"Apple, Bed Bath &amp; Beyond, Tilray Rise Premarket; Honest Company Slumps",0.95,0.081,0.897,0.021
34,"U.S. Futures Edge Higher; Biden, Fed Speakers and Big Tech in Focus",0.971,0.068,0.91,0.022
