﻿,Titles,Polarity,Positive,Neutral,Negative
0,"Top Analyst Reports for Apple, Amazon.com &amp; AbbVie",0.999,0.187,0.766,0.046
1,Apple set to release fix for iPhone 14 Pro's shaky camera,-0.34,0.0,0.959,0.041
2,Apple's New AirPods Pro Already On Sale at Amazon,0.45,0.22,0.78,0.0
3,"Cracked iPhone back glass? Some new models much easier to fix, firm finds",0.08,0.049,0.898,0.054
4,Apple Flexes Muscle as Quiet Power Behind App Group,0.7,0.067,0.869,0.063
5,You May Have To Wait Longer For Your New iPhone. Why That's Good For Apple,0.965,0.108,0.836,0.056
6,10 Best-Performing Non-Energy Stocks of 2022,1.0,0.136,0.826,0.038
7,10 Best-Performing Tech Stocks of 2022,1.0,0.123,0.857,0.02
8,Investors Heavily Search Apple Inc. (AAPL): Here is What You Need to Know,0.998,0.124,0.866,0.01
9,"With EPS Growth And More, Apple (NASDAQ:AAPL) Makes An Interesting Case",0.999,0.19,0.783,0.027
10,Apple iPhone 14's Emergency SOS Satellite Connectivity Feature Runs On Qualcomm Chips And More,0.991,0.161,0.803,0.035
11,Ford Tries New Crash Risk Alert - Read How This Smartphone-Based Technology Could Help,0.973,0.149,0.766,0.085
12,Nvidia Is on Sale and Cathie Wood Is a Big Buyer,0.871,0.085,0.841,0.074
13,"Zacks Investment Ideas feature highlights: Pfizer, Apple and Alphabet",1.0,0.23,0.754,0.016
14,87% of Warren Buffett's Secret Portfolio Is Invested in These 5 Stocks,0.0,0.0,1.0,0.0
15,Apple/satellites: smartphone service from space could add millions of new customers,0.637,0.088,0.912,0.0
