﻿,Titles,Polarity,Positive,Neutral,Negative
0,Memory Chipmaker SK Hynix Weighs Slashing Spending by a Quarter in 2023,-0.923,0.042,0.88,0.078
1,Apple Stock: Intriguing Value Amid Market Storm,0.938,0.097,0.826,0.077
2,Back-to-school spending to reach a new high this year: Deloitte,0.0,0.0,1.0,0.0
3,Congress Wants to Regulate Big Tech. A New Survey Finds Voters Don’t Care.,-0.296,0.0,0.901,0.099
4,"Stocks: Nasdaq claws back gains, semiconductors rally",0.542,0.17,0.83,0.0
5,How Apple Could Build Out a $20 Billion Ad Business,0.0,0.0,1.0,0.0
6,Market check: Stocks mixed as Nasdaq climbs into the green,0.916,0.061,0.916,0.023
7,Buy Microsoft Stock Before the Price Rises,0.997,0.113,0.862,0.025
8,Apple iOS 16: These are the changes coming this fall,0.0,0.0,1.0,0.0
9,"Netflix earnings: What to expect on ads, subscriber growth, and more",-0.599,0.128,0.573,0.3
10,Amazon Had the Best Prime Day Ever. It’s Not Helping the Stock Price.,0.44,0.14,0.86,0.0
11,"U.S. dollar holds strong amid market sell-off, all S&amp;P 500 sectors in the red",0.0,0.0,1.0,0.0
12,3 Semiconductor Stocks That Could Go Parabolic,0.296,0.156,0.723,0.121
13,Taiwan Semi Sees Solid Q3 Demand As Asia Chipmakers Outpace US Rivals While Congress Debates Support,0.318,0.113,0.887,0.0
14,MacBook Air with M2 Review: Modern Design + Modern Performance,-0.422,0.0,0.872,0.128
15,"MacBook Air M2 Review: Apple’s Laptop Upgrade Bests M1 Air on Screen, Processor and Webcam",0.82,0.239,0.761,0.0
16,Taiwan Semi Tops Earnings Estimates. Demand for Cars Helped.,0.735,0.13,0.845,0.025
17,3 Reasons I'm Avoiding Snap,-0.402,0.071,0.832,0.097
18,5 Semiconductor Stocks to Look at After the CHIPS Act Passes,0.994,0.083,0.87,0.047
19,74% of This Warren Buffett-Controlled Portfolio Is Invested in 1 High-Growth Stock and 1 Ultra-Safe Asset,0.693,0.128,0.796,0.076
20,US Tech Stocks Are Luring Indian Retail Investors Despite Rout,-0.723,0.071,0.845,0.083
21,Apple Stock This Earnings Season: Buy or Sell?,0.802,0.118,0.882,0.0
22,"After Being Crushed in 2022, Is It Safe to Buy This Crypto?",0.684,0.148,0.806,0.046
23,TSMC Profit Beats Estimates in Sign of Strong Tech Demand,0.842,0.097,0.832,0.071
