﻿,Titles,Polarity,Positive,Neutral,Negative
0,Dow Jones Futures: What To Do As Market Rally Pulls Back; Warren Buffett Stock Breaks Out,0.0,0.0,1.0,0.0
1,"Stocks moving in after hours: Bed Bath &amp; Beyond, Apple, Tesla, Walmart, Target",0.0,0.0,1.0,0.0
2,"Metaverse Jobs Are Disappearing as Hiring Slows at Google, Facebook",0.99,0.112,0.843,0.045
3,Alphabet (GOOGL) Adds Features to Upgrade Wear OS Google Camera,0.997,0.131,0.862,0.007
4,Apple streaming and payment app growth are 'the hearts and lungs' of the stock: Analyst,0.382,0.075,0.925,0.0
5,Why Paramount Global is still 'in a tough spot' despite streaming momentum: Analyst,0.996,0.122,0.843,0.035
6,10 Best Fidelity Funds to Buy Now,1.0,0.128,0.849,0.023
7,Apple users should update Zoom before their next meeting — and beware of fake Coinbase job postings,0.527,0.188,0.752,0.06
8,"Apple workers fear a ‘draconian’ return-to-office plan like Tesla’s, with an overcrowded office and tracked attendance",0.96,0.087,0.848,0.066
9,Apple warns users to install software updates to prevent hackers accessing devices,-0.494,0.104,0.652,0.243
10,"Apple security vulnerability: 'Immediately update' your devices, BlackCloak CEO says",0.965,0.061,0.902,0.037
11,Apple Warns of Security Flaws. Wall Street Doesn’t Seem Concerned.,0.318,0.141,0.859,0.0
12,Top 10 Stock Picks of Osman Ozsan’s Deuterium Capital Management,0.997,0.089,0.874,0.037
13,Apple's plan to integrate ads into apps is 'natural progression': analyst,0.898,0.045,0.936,0.019
14,"Stocks down in early trading: Apple, Nvidia, Cineworld, Bed Bath &amp; Beyond",0.0,0.0,1.0,0.0
15,"Midday Movers: Bed Bath &amp; Beyond, Cineworld, Wayfair and More",0.971,0.122,0.86,0.018
16,Warren Buffett is Buying the Dip on These 5 Stocks,0.998,0.105,0.86,0.036
17,Xiaomi Profit Misses Estimates on Smartphone Business Slump,0.968,0.104,0.834,0.062
18,"Apple reveals serious security flaw in iPhones, iPads, and Macs that could give hackers ‘full admin access’ to your device",0.556,0.098,0.807,0.096
19,The Best Warren Buffett Stock to Buy With $300 Right Now,0.452,0.069,0.902,0.029
20,What to Know About Setting Up a Home Security Camera,0.904,0.239,0.761,0.0
21,These Are the 16 Stocks Warren Buffett Has Bought in 2022,0.34,0.107,0.809,0.084
22,"Zacks Value Investor Highlights: Chevron, Occidental Petroleum, Apple, Activision Blizzard and Amazon",0.999,0.136,0.849,0.015
23,Japan’s Inflation Accelerates Further Beyond BOJ’s 2% Target,0.986,0.097,0.869,0.034
