﻿,Titles,Polarity,Positive,Neutral,Negative
0,"Buffett Buys More Apple, Chevron, Occidental Petroleum, in Q2",0.995,0.117,0.856,0.027
1,Apple Sets Return-to-Office Deadline of Sept. 5 After Covid Delays,0.676,0.04,0.933,0.027
2,"Stocks moving in after-hours trading: Apple, Activision Blizzard, Ally Financial and more",0.961,0.077,0.897,0.026
3,UPDATE 1-Apple sets Sept 5 deadline for employees to return to office - Bloomberg,0.572,0.034,0.958,0.008
4,Apple sets Sept 5 deadline for employees to return to office - Bloomberg,0.572,0.036,0.956,0.009
5,"Berkshire Hathaway Bought Apple, Chevron Stock, Sold GM, Verizon",0.0,0.0,1.0,0.0
6,"Finance influencer talks social media, retail hacks, and what to know when you travel",0.999,0.121,0.831,0.048
7,"Stocks moving in after hours: Apple, Amazon, Tencent, ZipRecruiter, Compass",0.397,0.041,0.92,0.039
8,"Berkshire Hathaway boosts Apple, Amazon stakes",0.296,0.059,0.941,0.0
9,Streaming: Consumers cancel subscriptions to multiple platforms amid rising costs,0.0,0.0,1.0,0.0
10,Nasdaq 100 surges ahead of this week's retail earnings,0.44,0.048,0.926,0.026
11,3 Stock Winners and Losers of Biden’s Inflation Reduction Act,0.999,0.148,0.818,0.034
12,"Raleigh, Durham miss out as economic development incentives go elsewhere",0.0,0.0,1.0,0.0
13,Apple's $30 million settlement over employee bag checks gets court approval,0.927,0.076,0.89,0.034
14,Apple's $30 mln settlement over employee bag checks gets court approval,0.927,0.076,0.89,0.034
15,'Survival of the fittest': Analyst details Walmart's path to streaming success,0.947,0.057,0.935,0.008
16,"Apple gearing up for next phase of construction at NW Austin campus, filings indicate",0.612,0.073,0.927,0.0
17,Apple is ratcheting up ads business: report,0.0,0.0,1.0,0.0
18,Peloton Retools Bikes for Do-It-Yourself Assembly to Cut Costs,0.974,0.072,0.887,0.041
19,What’s the best way to invest in tech stocks right now? This strategy is working well for one fund manager.,0.25,0.143,0.857,0.0
20,Warren Buffett’s Berkshire Hathaway Keeps Spending Through Volatile Markets,0.214,0.164,0.744,0.092
21,"Berkshire Bought Apple, Chevron, and More Stock in the Second Quarter, Filing Should Show",-0.128,0.0,0.946,0.054
22,Apple to boost ads across native apps: Report,0.971,0.191,0.809,0.0
23,Will Used Merchandise Fly at Walmart?,0.0,0.0,1.0,0.0
24,China’s Real Estate Market Crash Can Affect These 10 American Stocks,0.976,0.086,0.841,0.073
25,FAANG stocks lost $827 billion in market cap this year,0.0,0.0,1.0,0.0
26,2 Top Tech Stocks to Buy for the Long Haul,0.605,0.321,0.608,0.071
27,11 Best 5G Stocks to Buy Now,0.999,0.088,0.899,0.013
28,15 Small Company Stocks You Should Own Now for the Next Decade,0.998,0.077,0.902,0.02
29,10 Best Vanguard ETFs to Diversify Your Portfolio,0.999,0.108,0.875,0.016
30,10 Tech Stocks to Buy Before Market Rally Begins,0.999,0.085,0.904,0.012
31,Is Most-Watched Stock Apple Inc. (AAPL) Worth Betting on Now?,0.999,0.126,0.868,0.006
32,7 Bargain Stocks to Buy Before the Bull Market Returns,0.995,0.095,0.849,0.057
33,2 Warren Buffett Stocks to Buy That Are Helping Drive the Market Rebound,0.505,0.077,0.923,0.0
34,China Shocks With Rate Cut as Data Show ‘Alarming’ Slowdown,0.996,0.108,0.821,0.07
35,Digital advertising: Apple takes bigger bite of new business,0.691,0.275,0.725,0.0
36,Caste in California: Tech giants confront ancient Indian hierarchy,-0.983,0.04,0.895,0.065
37,INSIGHT-Caste in California: Tech giants confront ancient Indian hierarchy,-0.983,0.04,0.895,0.065
