﻿,Titles,Polarity,Positive,Neutral,Negative
0,Markets check: Stocks mixed as Netflix weighs down the Nasdaq,0.0,0.0,1.0,0.0
1,Netflix running ads may have one big downside effect: analyst,0.958,0.085,0.873,0.042
2,Netflix not yet sold on sports as analysts push for 'other sticky things',0.987,0.099,0.877,0.024
3,KeyBanc Sees Challenging Setup For Semiconductor Earnings,0.993,0.161,0.78,0.059
4,"With Netflix greenlighting ads, streaming is about to become cable TV",0.402,0.056,0.944,0.0
5,UPDATE 2-Workers at Atlanta Apple store file to hold first U.S. union election,0.913,0.071,0.914,0.015
6,Workers at Atlanta Apple store file to hold first U.S. union election,0.913,0.074,0.911,0.016
7,Apple store workers in Atlanta file for first union election - Bloomberg News,0.422,0.039,0.961,0.0
8,Is Meta the next tech stock to get routed like Netflix?,0.552,0.091,0.829,0.08
9,Apple Faces New In-Store Labor Drive as Union Amps Up Pressure,0.982,0.091,0.86,0.049
10,Netflix is a broken growth story: top tech analyst,0.982,0.152,0.789,0.059
11,Apple Supplier Jabil Debuts Green Bond in Renewable Energy Push,0.975,0.106,0.845,0.049
12,"Netflix's best days are behind it, warns analyst who predicted the stock's crash",0.965,0.115,0.844,0.041
13,"Iridium (IRDM) Q1 Earnings &amp; Revenues Top Estimates, Up Y/Y",0.997,0.121,0.865,0.014
14,EU plan for common worldwide phone charger port takes step closer,0.477,0.083,0.859,0.058
15,Do You Use MetaMask With an Apple Device? Your Account May Be at Risk,-0.34,0.13,0.707,0.163
16,"Market check: Nasdaq turns red as Netflix, Tesla, Meta stocks drop",0.0,0.0,1.0,0.0
17,Wall Street rerates Netflix stock after surprise subscriber loss,0.296,0.087,0.913,0.0
18,"Market check: Stocks open higher, Netflix stock craters, yields rise",0.69,0.053,0.915,0.032
19,Netflix stock plummets after first quarterly subscriber loss in 10 years,0.0,0.0,1.0,0.0
20,F5 Networks (FFIV) to Post Q2 Earnings: What's in Store?,0.998,0.117,0.88,0.003
21,Elon Musk’s Twitter Gambit Tees Up a Who’s In-or-Out White Knight List,0.994,0.113,0.827,0.06
22,3 Charts Showing How Top Stocks Have Performed After a Split,0.557,0.116,0.884,0.0
23,Netflix stock crashes; Co-CEO says company is working on fixing the problems,0.996,0.139,0.817,0.044
24,"Global smartphone shipments record sharpest decline since the Covid-19 outbreak, eroding major Chinese vendors' market share",-0.37,0.063,0.874,0.063
25,"Disney, Roku Tumble in Premarket as Netflix Shock Reverberates Through the Sector",-0.974,0.022,0.895,0.083
26,Global Smartphone Market Had Worst Drop Since Virus Outbreak,-0.637,0.088,0.804,0.107
