﻿,Titles,Polarity,Positive,Neutral,Negative
0,7 Tech Stocks Trading at a Terrific Discount Right Now,0.978,0.102,0.812,0.086
1,Why Apple Stock Was a Market-Beater Today,0.0,0.0,1.0,0.0
2,UPDATE 1-Apple has ended consulting deal with former designer Jony Ive -NY Times,0.866,0.071,0.921,0.008
3,Apple has ended consulting deal with former designer Jony Ive - NY Times,0.866,0.076,0.916,0.008
4,2022 Emmy Awards: Streaming shows lead nominations,0.422,0.078,0.922,0.0
5,"Apple scores record-breaking 52 Emmy Award nominations, with ""Ted Lasso"" leading as most-nominated comedy, and freshman breakout ""Severance"" landing Best Drama nomination",1.0,0.19,0.786,0.024
6,"Apple Mac Sales at Risk, Analyst Says. Here’s Why.",-0.586,0.0,0.827,0.173
7,The Trade Desk's Deal With Disney May Boost Both Stocks,-0.802,0.0,0.888,0.112
8,Disney (DIS) to Stream BTS' Exclusive Docuseries Next Year,0.998,0.141,0.849,0.01
9,Dow Futures Tick Higher Ahead of Key Inflation Print,0.896,0.07,0.891,0.039
10,Mimic Warren Buffett's 2022 Strategy With These 3 Stocks,0.999,0.153,0.825,0.022
11,"2022 Emmy nods: 'Succession,' 'Only Murders' and 'Squid Game' lead competitive pack",0.996,0.157,0.801,0.042
12,Why Apple Stock Is Down 17% So Far This Year,0.585,0.096,0.856,0.048
13,Tesla Is Doing to Car Makers What Apple Did to Nokia. Will History Repeat?,-0.71,0.0,0.763,0.237
14,Is Duolingo Stock a Buy Now?,0.0,0.0,1.0,0.0
15,Carl Pei's Nothing launches maiden smartphone,0.883,0.074,0.899,0.027
16,Secret Recession Indicator Points to a Massive Stock Market Rebound,-0.991,0.069,0.828,0.103
17,"Supply Woes, Weak Demand Cause Deepest Decline in PC Shipments",0.994,0.101,0.855,0.044
18,Apple Earnings: Will Supply Shortages Hurt Sales?,-0.765,0.046,0.674,0.28
19,Apple stock target cut on downbeat hardware revenue outlook,-0.128,0.0,0.959,0.041
20,51+ Amazon Prime Day Tech Deals to Shop Right Now,0.71,0.282,0.718,0.0
21,Silicon Valley Bets on New Transport to Counter the Rise of Remote Work,0.226,0.173,0.722,0.105
22,2 Dividend-Paying Tech Stocks to Buy in July,0.866,0.172,0.771,0.057
23,41+ Amazon Prime Day Tech Deals to Shop Right Now,0.71,0.282,0.718,0.0
24,Peloton to Stop In-House Bike Production as Part of Turnaround,0.98,0.069,0.891,0.04
25,The Best Amazon Prime Day Apple Deals of 2022,0.178,0.069,0.931,0.0
