﻿,Titles,Polarity,Positive,Neutral,Negative
0,Apple Employees in Oklahoma City Petition to Unionize Store,0.993,0.104,0.871,0.025
1,Where Will Snap Stock Be in 1 Year?,0.273,0.047,0.927,0.026
2,"UK regulators concerned about Microsoft-Activision Blizzard deal, more parents buying Apple Watches",0.996,0.111,0.867,0.022
3,Japan’s King of Deals Preps His Biggest Buy in Yen Headwinds,0.976,0.073,0.899,0.028
4,My Favorite Tech Stock for a Hawkish Fed,0.718,0.097,0.903,0.0
5,"Music platforms agree to deal with songwriters and publishers, streaming services opt for bundles",0.995,0.115,0.881,0.003
6,3 Best Momentum Stocks to Buy for September,0.998,0.114,0.861,0.025
7,"EXCLUSIVE: Outstanding Cannabis Podcasts, Meet The Producers &amp; Guests At Benzinga Cannabis Capital Conference",0.992,0.109,0.859,0.032
8,You need quality stocks during times of turmoil. Here’s one good strategy for picking them,0.0,0.0,1.0,0.0
9,Apartments planned near Apple campus site in Morrisville,0.0,0.0,1.0,0.0
10,"Nasdaq Leads Losses As Jobless Claims Fall, Stock Market Off Lows; Tech, Energy Pummeled",-0.296,0.094,0.714,0.192
11,"3 ""Keep It Simple"" Stocks to Buy Today",0.273,0.048,0.925,0.027
12,"Apple, Tesla and Amazon stocks in danger of 1st closes below 50-DMAs in nearly 2 months",-0.637,0.056,0.83,0.114
13,"Watch: Southwest pilot warns passengers to ‘quit sending naked pictures’ over AirDrop, or it’s everyone off the plane!",-0.402,0.0,0.886,0.114
14,"Dow Jones Pares Losses But Nasdaq Drop Worsens As Yields Jump; Steel, Energy, EV Stocks Slide; Apple Tests Key Level",-0.754,0.0,0.855,0.145
15,"Top Millennial Pick Tesla's China August Sales Seen Rebounding To 77,000",0.287,0.097,0.903,0.0
16,Don't be duped by the doom-n-gloom: JPMorgan says this reliable contrarian indicator points to an 11% stock market surge — here are 3 ways to play it,0.969,0.073,0.889,0.038
17,10 Best Dividend Stocks to Buy According to Thomas Bailard’s Hedge Fund,0.999,0.094,0.875,0.03
18,10 Best Stocks Under $50 According to Hedge Funds,1.0,0.15,0.82,0.03
19,Nvidia Ensnared in Geopolitical Spy Games With China Export Ban,-0.052,0.055,0.882,0.063
20,"Arm, Qualcomm Engage In Legal Fight Over The Latter's Nuvia Acquisition",0.974,0.119,0.821,0.059
21,2 Market-Beating Dividend Stocks for Passive Income Investors to Buy Now,0.026,0.105,0.794,0.101
22,3 No-Brainer Warren Buffett Stocks to Buy in September,0.44,0.056,0.944,0.0
23,China iPhone Assembler Accused of Secretly Acquiring Taiwan Tech,-0.439,0.064,0.86,0.076
24,"Apple already decimated Meta’s ad-tech empire. Now, it’s homing in on Facebook’s advertisers, too.",0.0,0.0,1.0,0.0
25,Meta exploring more paid features to make up for lost ad revenue: report,-0.318,0.0,0.924,0.076
