﻿,Titles,Polarity,Positive,Neutral,Negative
0,Top Millennial And Gen Z Stock Picks From Tesla To Apple: Should You Buy Them Too?,0.287,0.097,0.903,0.0
1,Cloudflare to Buy Area 1 Security in Push to Protect Against Phishing Emails,0.962,0.1,0.843,0.057
2,Meta Platforms Shares Can Sink as It Avoids Renting Out Data Centers,-0.931,0.074,0.842,0.084
3,Kim Schrier Stock Portfolio: 10 Stocks To Consider,1.0,0.124,0.859,0.017
4,Is Now the Right Time to Buy Big Tech Stocks?,0.542,0.22,0.78,0.0
5,Peloton Isn’t the ONLY Takeover Target. What Companies Could Be Bought Out in 2022?,0.999,0.104,0.862,0.034
6,The SPDR S&amp;P 500 ETF Is a Proven Performer in Times of Market Volatility,1.0,0.165,0.81,0.025
7,Spotify Gambles on Cars to Outplay Apple,0.44,0.116,0.884,0.0
8,Meta Is Building a Digital Voice Assistant for Metaverse Push,0.977,0.068,0.923,0.009
9,Palo Alto Networks (PANW) Q2 Earnings &amp; Revenues Top Estimates,0.999,0.171,0.808,0.021
10,Dow Closes in Correction on Rising Fears of Russia-Ukraine Conflict,0.838,0.105,0.792,0.103
11,Blackbaud (BLKB) Q4 Earnings and Revenues Beat Estimates,0.998,0.111,0.881,0.009
12,"GDP, Alibaba Earnings, Bud Outlook: 3 Things to Watch",0.34,0.053,0.905,0.042
13,"Europe, U.S. Levy Financial Sanctions Against Russia",0.527,0.134,0.866,0.0
14,"Cadence (CDNS) Q4 Earnings &amp; Revenues Top Estimates, Shares Up",0.999,0.132,0.864,0.005
15,"S&amp;P 500 Reverses, Swings Lower as Ukraine-Russia Tensions Rise",0.834,0.1,0.802,0.098
16,Market check: Stocks recover at open after Tuesday's sell-off,0.0,0.0,1.0,0.0
17,"UPDATE 1-EU's Vestager says tech giants may prefer fines to compliance, cites Apple",0.973,0.131,0.836,0.033
18,FOMO May Lift Megacap Stocks When the Market Turns,0.953,0.087,0.85,0.064
19,This Cheap Tech Stock Could Explode Soon,0.318,0.123,0.804,0.073
20,"Higher oil prices are ‘going to stay’ amid drawn-out Russia-Ukraine crisis, strategist says",-0.402,0.0,0.92,0.08
21,Hedge funds are hating on tech stocks,0.937,0.124,0.797,0.079
22,"EU's Vestager says tech giants may prefer fines to compliance, cites Apple",0.973,0.134,0.833,0.033
23,FOMO May Lift Megacap Stocks When the Market Turns,0.941,0.084,0.852,0.064
24,Warren Buffett’s Latest Portfolio: 10 Dividend Stock Picks,0.999,0.106,0.889,0.005
25,Hong Kong’s Covid Budget; City-Wide Lockdown Urged: Virus Update,0.979,0.059,0.903,0.039
