﻿,Titles,Polarity,Positive,Neutral,Negative
0,Jury awards Optis $300 million in second patent trial against Apple,-0.273,0.062,0.86,0.078
1,"Dow Jones Futures: Market Rally Chops Along; Nvidia, DocuSign, Robinhood Are Near Buy Points",0.422,0.155,0.773,0.073
2,Sonos Wins First Round in Patent Case Against Google at ITC,0.975,0.09,0.86,0.05
3,"After criticism, Apple to only seek abuse images flagged in multiple nations",-0.014,0.047,0.908,0.045
4,Why ContextLogic Stock Crashed Today,-0.25,0.052,0.873,0.075
5,Apple Told to Pay $300 Million After Wireless Patent Retrial,0.505,0.07,0.857,0.073
6,"4 Top Stock Trades for Monday: AAPL, ABNB, RKT, SOFI",0.999,0.164,0.785,0.051
7,Buy NeuroMetrix Stock If You Enjoy a Sucker’s Bet,0.99,0.105,0.846,0.049
8,Everyone Is Talking About the Metaverse. These Companies Have an Early Lead.,0.0,0.0,1.0,0.0
9,Apple Says Its iCloud Child-Porn Scanning System Won’t Trigger Alerts Until It Detects At Least 30 Images,0.984,0.078,0.878,0.044
10,Apple Warns Staff to Be Ready for Questions on Child-Porn Issue,0.092,0.048,0.908,0.043
11,A Lookback at Apple's (AAPL) Trillion-Dollar Milestones,0.691,0.295,0.705,0.0
12,"Earnings Roundup: Starbucks, Alphabet, Shopify",0.595,0.106,0.894,0.0
13,12 Best 5G Stocks To Invest In Right Now,0.999,0.085,0.891,0.024
14,"Facebook Is Really, Really Good at Advertising",0.569,0.099,0.875,0.025
15,Dow Jones Rallies As Disney Jumps On Earnings; Apple At New Buy Point,0.0,0.0,1.0,0.0
16,Forget Netflix (NFLX): 10 Better Streaming Stocks to Buy Now,0.999,0.091,0.896,0.012
17,Apple’s Software Chief Explains ‘Misunderstood’ iPhone Child-Protection Features (Exclusive),-0.178,0.03,0.926,0.044
18,5 Top Tech Stocks to Buy During a Recession,-0.907,0.054,0.751,0.196
19,3 High-Yield Tech Stocks to Buy in August,0.612,0.119,0.855,0.026
20,"3 Reasons to Buy The Trade Desk, and 1 Reason to Sell",0.422,0.067,0.933,0.0
21,U.S. House members introduce bill targeting Apple and Google app stores,0.92,0.079,0.909,0.012
22,ContextLogic Plunges As Losses Increase and Users Fall,0.287,0.07,0.872,0.058
