﻿,Titles,Polarity,Positive,Neutral,Negative
0,Google Reassures Wall Street With Ad Business Showing Resilience,0.813,0.095,0.819,0.086
1,"Stock Market Investing Action Plan: Fed Vote, Apple, Amazon, Google Earnings",-0.361,0.0,0.898,0.102
2,"Alphabet’s Earnings Missed, but Ad Revenue Was Better Than Feared",0.296,0.109,0.891,0.0
3,"Tech jobs are in a 'boomerang,' says LinkedIn economist",-0.686,0.044,0.903,0.053
4,"Microsoft Sales Growth Slows on Tepid Demand, Strong Dollar",-0.969,0.057,0.863,0.08
5,Bank of America cuts Apple price target on headwinds from China lockdowns,0.78,0.074,0.878,0.048
6,Apple And Microsoft's Strengths And Weaknesses Ahead Of Their Earnings - Analyst's Take,0.983,0.134,0.836,0.03
7,"Market indices decline into the red, Walmart drags stocks lower",-0.25,0.0,0.909,0.091
8,One NFL revenue stat shows why billionaires buy sports teams,0.992,0.104,0.88,0.016
9,"Koss Corp. settles patent case vs. Apple, separately reports payment of $10M to $14M",0.318,0.1,0.856,0.044
10,"Meta raises prices on Quest 2 headsets by $100, starting Aug. 1",0.0,0.0,1.0,0.0
11,Meta Hikes VR Headset Prices About $100 as Production Costs Grow,-0.919,0.068,0.838,0.094
12,Shopify stock sinks 15% amid layoffs,0.908,0.069,0.888,0.043
13,Shopify's (SHOP) Q2 Earnings to Gain from Strong Merchant Base,0.995,0.131,0.84,0.029
14,Nascent U.S. stock rally hangs in balance as Wall St awaits megacap earnings,0.848,0.084,0.855,0.061
15,Market check: Walmart warnings drags retail stocks down,0.0,0.0,1.0,0.0
16,ETFs in Focus Ahead of Big Tech Q2 Earnings,0.998,0.117,0.863,0.02
17,"Apple has been worried about iPhone supply, but that may swing to demand concerns",0.039,0.041,0.959,0.0
18,4 Stocks I'm Watching Closely This Week,0.0,0.0,1.0,0.0
19,1 Growth Stock That Points to a Slowdown in the Economy,-0.459,0.023,0.879,0.098
20,Facebook Employees Anticipate Job Cuts Up To 10% While Company Denies: Report,-0.953,0.082,0.791,0.127
21,Jim Cramer Likes These 7 Beaten-Down Semiconductor Stocks,0.999,0.117,0.854,0.029
22,7 Meme Stocks to Sell Now,0.992,0.106,0.826,0.068
23,ePlus and Five Below have been highlighted as Zacks Bull and Bear of the Day,1.0,0.143,0.819,0.038
24,3 Winning Evergreen Stocks to Buy and Hold for the Next 25 Years,-0.103,0.071,0.865,0.065
25,Apple Brompton Road Celebrates Creativity With Vibrant Design and Events Featuring Local Artists,0.999,0.15,0.845,0.006
26,Alphabet Kicks Off Big Tech Earnings Tuesday. It’s a Key Test for the Stock Market.,-0.318,0.0,0.867,0.133
27,Dollar Down Despite a Potential U.S. Interest Rate Hike,0.955,0.081,0.888,0.032
