﻿,Titles,Polarity,Positive,Neutral,Negative
0,Apple global battery development chief moves to Volkswagen,0.81,0.046,0.932,0.022
1,Why Apple Stock Got Bit Today,0.743,0.085,0.881,0.034
2,Apple Could Launch Augmented Reality Glasses In Late 2022,0.0,0.0,1.0,0.0
3,"Apple Could Sell 10 Million iPhones This Weekend, Analyst Says",0.026,0.127,0.751,0.121
4,A Cheat-Sheet Guide for Dealing With Roku Bears,0.0,0.0,1.0,0.0
5,Wedbush analyst Dan Ives sees Apple selling more than 10 million iPhones over Black Friday weekend,-0.477,0.0,0.943,0.057
6,"Apple Could Replace the IPhone With Augmented-Reality Devices, Analyst Says",0.361,0.094,0.906,0.0
7,"9 of the best Apple deals happening now, including Apple Airpods, iPads and more",0.459,0.143,0.857,0.0
8,10 Dividend Stocks to Buy and Hold,0.998,0.089,0.886,0.024
9,2 Explosive Growth Stocks That Are Worth Buying Despite Terrific Gains,0.931,0.301,0.699,0.0
10,Alphabet Shows How Its Ad Business Monetizes Cloud Operations,0.984,0.089,0.86,0.051
11,Apple to Sell Over 10M iPhones on Black Friday Weekend Says Wedbush,0.625,0.042,0.941,0.017
12,"UPDATE 1-Italy's antitrust regulator fines Google, Apple over data use",0.873,0.072,0.906,0.022
13,Apple Kicks Off Its Black Friday/Cyber Monday Sale,0.599,0.269,0.639,0.091
14,"Italy's antitrust fines Google, Apple for commercial use of data",0.28,0.038,0.94,0.022
15,U.S. Thanksgiving Online Shopping Spending to Set Record,-0.933,0.065,0.837,0.098
16,5 Trillion Reasons To Be Bullish On Tesla,0.999,0.116,0.848,0.036
17,Foxconn’s $4 Billion Unit Jusda Is Seeking Pre-IPO Financing,-0.885,0.047,0.882,0.071
