﻿,Titles,Polarity,Positive,Neutral,Negative
0,How Apple Became the Biggest Player in Videogames,0.637,0.149,0.851,0.0
1,Korea Antitrust Regulator Steers Away From Harsh Tech Crackdown,-0.969,0.074,0.835,0.091
2,Facebook Shares Suffer Worst Drop This Year as Tech Losses Mount,-0.928,0.065,0.829,0.105
3,Why Apple Stock Got Bit Today,0.382,0.113,0.831,0.056
4,Microsoft Windows 11 review: Big upgrades for workers and gamers alike,0.999,0.094,0.896,0.01
5,Why These 10 Stocks Fell on Monday,0.959,0.1,0.831,0.068
6,Apple stock falls into 'correction' territory as it leads the Dow's losers,0.226,0.048,0.927,0.025
7,Apple Losses Send Stock Into Correction With 11% Slump From Peak,-0.884,0.078,0.805,0.118
8,Facebook Users Report Global Outages Across Social Network,-0.593,0.04,0.895,0.065
9,10 Penny Stocks With Long-Term Growth Catalysts,0.999,0.109,0.881,0.01
10,10 Reddit’s WallStreetBets Stocks Under $5,0.998,0.089,0.898,0.013
11,GlobalFoundries Files for IPO in Bid to Capitalize on Chip Boom,0.62,0.082,0.846,0.072
12,S&amp;P 500 Starts Week With Selloff as Investors Ditch Tech,0.836,0.081,0.855,0.064
13,"Wells Fargo slashes price target on Disney, cites subscriber growth concerns",0.739,0.175,0.825,0.0
14,Why Apple Shares Are Falling,0.807,0.083,0.883,0.034
15,Elk Grove software company Alldata offers 'Toolkit' to helps educate mechanics on modern cars,0.681,0.203,0.797,0.0
16,S&amp;P 500 Slides as Tech Bloodbath Continues,0.95,0.087,0.866,0.047
17,Apple to Release New Watch on Oct. 15 Following Production Snags,-0.758,0.042,0.891,0.067
18,10 Tech Stocks Chinese Billionaire Chen Tianqiao Loves,0.999,0.094,0.893,0.013
19,Is the S&amp;P 500 All You Need to Retire a Millionaire?,0.44,0.049,0.951,0.0
20,A Look into Share CFDs and the Top 5 to Watch... Come Rise or Fall,0.999,0.125,0.847,0.029
21,"Where to Invest $1,000 Right Now",0.542,0.171,0.762,0.067
22,A Peek Into The Markets: US Stock Futures Edge Lower Following Friday's Rally,0.84,0.055,0.914,0.031
23,Wall Street Opens Mostly Lower as OPEC+ Pushes Oil Price Higher; Dow Ekes Out Gain,0.912,0.093,0.818,0.088
24,"5 Stocks To Watch For October 4, 2021",0.987,0.156,0.833,0.011
25,Taiwan Says Peace Crucial to Chip Supply as China Pressure Grows,0.991,0.086,0.876,0.038
