﻿,Titles,Polarity,Positive,Neutral,Negative
0,"Resonant Capital Advisors, LLC Buys Marqeta Inc, Vanguard Tax-Exempt Bond ETF, iShares National ...",0.993,0.047,0.948,0.005
1,"TL Private Wealth Buys FIRST TR EXCHANGE, Apple Inc, Sells Invesco Emerging Markets Sovereign ...",0.996,0.165,0.814,0.02
2,"Berger Financial Group, Inc Buys Hartford Core Bond ETF, Apple Inc, Independence Realty Trust ...",0.995,0.055,0.936,0.009
3,"Apple’s Q1 Numbers Should Be Fine — But the Stock Is Still Not a Buy, Warns Goldman Sachs",0.988,0.098,0.867,0.035
4,The Powerful Catalysts Behind Taiwan Semiconductor Stock Are Intact,0.997,0.117,0.856,0.026
5,Can Continued Services Growth Aid Apple's (AAPL) Q1 Earnings?,0.989,0.093,0.865,0.042
6,Microsoft Shakes Off Tech Stock Malaise on Growth Outlook,0.96,0.092,0.856,0.052
7,Retail stocks trading slower but still above pre-pandemic levels: Study,0.994,0.107,0.868,0.025
8,Apple Trending Lower as Quarterly Report Approaches,-0.153,0.08,0.805,0.115
9,"Microsoft's Azure makes it the ‘cloud king,’ analyst says",0.0,0.0,1.0,0.0
10,"Market check: Stocks advance, crude oil futures hit $90/barrel, Apple shares up",0.988,0.063,0.937,0.0
11,Apple Stock Has a Lot to Prove This Week,0.0,0.0,1.0,0.0
12,S&amp;P 500 Erases Gains to Close Lower as Powell Relights Fed Hike Jitters,0.963,0.092,0.869,0.039
13,Apple Gets a Restraining Order Against Woman Stalking CEO Tim Cook,-0.952,0.039,0.86,0.102
14,Apple Earnings: What to Look for from AAPL,0.671,0.193,0.807,0.0
15,"Apple, Visa, Comcast Earnings: 3 Things to Watch",0.944,0.096,0.855,0.049
16,U.S. Commerce Secretary on chip shortage: ‘We have no room for error’,-0.361,0.0,0.892,0.108
17,Apple Stock Gains After Winning Back Top Spot In China Ahead of December Quarter Earnings,0.202,0.083,0.917,0.0
18,"Tech stocks: ‘There’s clearly a buy signal’ amid the sell-off, strategist says",0.0,0.0,1.0,0.0
19,Microsoft stock climbs after hours on strong Q2 earnings,0.999,0.212,0.775,0.014
20,2 Stocks to Buy No Matter What Happens in 2022,0.0,0.025,0.95,0.025
21,Prediction: These Will Be the 10 Largest Stocks by 2035,0.557,0.073,0.927,0.0
22,"Dow Jones Futures Jump As Microsoft Leads; Fed Meeting, Tesla Earnings Loom For Volatile Market",-0.226,0.0,0.909,0.091
23,Are Stocks Unusually Overvalued Right Now?,0.724,0.13,0.833,0.038
24,Apple Tops China for First Time in Six Years After Huawei Fades,-0.916,0.041,0.87,0.088
25,UPDATE 1-Apple grabs record China market share as Q4 sales surge-research,0.852,0.07,0.895,0.034
26,"Apple poised for strong earnings despite supply constraints, Omicron",0.977,0.097,0.858,0.045
27,Amdocs (DOX) to Report Q1 Earnings: What's in the Offing?,0.997,0.124,0.85,0.026
28,3 Buffett Stocks to Avoid Like the Plague in 2022,0.934,0.198,0.802,0.0
29,"Dow Jones Futures Rise On Microsoft Earnings; Fed Meeting, Tesla Earnings Loom For Volatile Market",-0.402,0.0,0.886,0.114
30,Apple grabs record China market share as Q4 sales surge-research,0.852,0.072,0.894,0.035
31,BofA Remains Bullish On Apple; Sees Sharp Upside,-0.273,0.049,0.894,0.057
32,"Dow Jones Futures Rise As Microsoft Rebounds On Guidance; Fed Meeting, Tesla Earnings Loom",-0.226,0.0,0.909,0.091
33,Apple and CEO Tim Cook are granted restraining order against alleged stalker,-0.991,0.034,0.857,0.108
34,DataTrek: Big Tech unlikely to see selling relief despite Q4 earnings,0.887,0.083,0.863,0.054
