﻿,Titles,Polarity,Positive,Neutral,Negative
0,"S&amp;P 500 Falls From Record, Dow Extends Winning Streak—and What Else Happened With the Stock Market Today",0.0,0.0,1.0,0.0
1,AMC Entertainment is Yahoo Finance's 2021 top trending ticker,0.994,0.09,0.874,0.035
2,Apple iPhone Production Seen Rebounding In Q1 After Q4 Decline,0.527,0.139,0.861,0.0
3,"Apple Pays $180,000 Bonuses to Retain Talent",0.802,0.263,0.737,0.0
4,"Apple Aims to Prevent Defections to Meta With Rare $180,000 Bonuses for Top Talent",0.997,0.129,0.84,0.031
5,"Read Why Michael Farr Sees Apple, Disney, Visa As Top Picks For 2022",0.996,0.16,0.81,0.03
6,"Jordan Park Group LLC Buys Meta Platforms Inc, Invesco Senior Loan ETF, BTC iShares U.S. ...",0.996,0.054,0.943,0.003
7,Tech Megacaps Had a Big 2021. What’s Ahead for 2022.,0.73,0.096,0.881,0.023
8,"S&amp;P 500 Falls From Intraday Record, Apple Stock Wavers—and What Else Is Happening With the Stock Market Today",0.656,0.104,0.896,0.0
9,Apple Stock Is Waffling — It Still Can’t Crack $3 Trillion Market Cap,0.052,0.048,0.952,0.0
10,"Tesla 'ranks no. 1’ in future capability with autonomy, chip building: Innovation expert",0.382,0.085,0.915,0.0
11,The U.S. is rolling out Pfizer and Merck’s COVID-19 antivirals to states but ‘complex’ manufacturing process may limit launch,0.0,0.0,1.0,0.0
12,"S&amp;P 500 Snaps Record Run After Briefly Topping 4,800",0.41,0.08,0.852,0.068
13,"Palantir Stock Is Temporarily Short on Fans, Not Fundamentals",0.995,0.117,0.821,0.063
14,How Does Peleton Stack Up Against Apple?,0.697,0.064,0.889,0.047
15,"Riot Games to settle discrimination lawsuit, China slams SpaceX, Apple closes NYC stores amid COVID",0.543,0.05,0.891,0.059
16,S&amp;P 500 Eases From Record as Tech Stumble Offsets Rebound in Travel Stocks,0.907,0.11,0.819,0.071
17,Pre-Market Slipping into the Opening Bell,0.997,0.118,0.879,0.003
18,"S&amp;P 500 Hits Intraday Record, Tech Wavers—and What Else Is Happening With the Stock Market Today",0.395,0.053,0.947,0.0
19,"US STOCKS-Wall St rises for fifth day, S&amp;P 500 hits record high",-0.689,0.048,0.889,0.063
20,"AMC, Tesla, GameStop among Yahoo Finance’s most-searched tickers in 2021",0.202,0.083,0.917,0.0
21,Apple Stock Drops After 4-Day Win Streak— It Still Can’t Crack $3 Trillion Market Cap,0.052,0.048,0.952,0.0
22,"Apple stock surges, Rivian falls in early trading",0.402,0.117,0.84,0.043
23,Apple’s March to $3 Trillion Carries Virus-Risk Warning for S&amp;P,0.912,0.072,0.888,0.039
24,S&amp;P 500 Hits Intraday Record as Tech Stocks Waver,0.395,0.051,0.949,0.0
25,Apple Shares Slip as $3 Trillion Value Proves Elusive Again,0.977,0.11,0.85,0.041
26,US STOCKS-S&amp;P 500 set to open at record high as rally sustains,0.841,0.063,0.895,0.042
27,The Metaverse Just Got Bigger During the Holidays,0.637,0.119,0.881,0.0
28,3 Bargain Stocks You Can Buy Today and Hold Forever,0.733,0.374,0.626,0.0
29,Better Buy: Apple vs. Facebook,0.791,0.088,0.913,0.0
30,"Apple Closes New York Stores, College Bowl Games Canceled as Covid Surges",0.273,0.035,0.944,0.021
31,"Apple Stock Just Got Safer, and With a Better Growth Profile, According to These Analysts",0.026,0.118,0.769,0.113
32,"Apple's stock set to open in record territory, as it looks to extend win streak",0.832,0.1,0.9,0.0
33,"If I Could Invest in Only 1 Metaverse Stock, This Would Be It",0.893,0.152,0.848,0.0
34,A Top Growth Stock to Buy for 2022,0.97,0.269,0.731,0.0
35,The 1 FAANG Stock to Buy Hand Over Fist for the Second Half of 2021 (and Beyond),0.178,0.038,0.962,0.0
36,Stock Futures Push Higher After S&amp;P 500 Sets Another Record,0.84,0.134,0.866,0.0
37,"Pre-Market Movers: Tesla Pops, Lucid Group Dips, Nvidia and AMD Rise",0.897,0.067,0.893,0.04
38,Apple Stock Shrugs off Store Closures in Bid for $3 Trillion Tag,0.785,0.031,0.962,0.007
39,"GuidePath Tactical Allocation Fund Buys Laboratory Corp of America Holdings, Alphabet Inc, The ...",0.994,0.052,0.944,0.004
40,"Santa Baby, Volatility, CDC Shift, Apple $3T, CES, Trading Energy Stock APA",0.318,0.091,0.909,0.0
41,Apple Stock Tests $3 Trillion Mark; New York Stores Closed Amid Covid Surge,0.09,0.051,0.949,0.0
42,Meta Gains as KeyBanc Sees Holidays Boosting Oculus Headset Sales,0.982,0.198,0.769,0.033
43,"Huawei, Honor and Motorola Push New Foldable Phones in China",0.989,0.103,0.855,0.042
44,UPDATE 4-Apple closes New York City stores to shoppers as COVID-19 cases rise,0.938,0.074,0.919,0.007
45,"Trend Aggregation Growth ETF Buys Coterra Energy Inc, Playtika Holding Corp, DISH Network Corp, ...",0.999,0.111,0.885,0.004
46,Investors Bet Big on Big Tech Heading Into Year-End,0.826,0.162,0.838,0.0
