﻿,Titles,Polarity,Positive,Neutral,Negative
0,Nokia’s Return to Blue-Chip Technology Status May Finally Happen,0.996,0.098,0.884,0.018
1,Apple Has Been Quietly Building a Digital Ad Business. Here Are the Numbers.,-0.077,0.0,0.958,0.042
2,Is Apple Stock A Buy After Its June-Quarter Earnings Report?,0.572,0.107,0.893,0.0
3,10 Reddit WallStreetBets Stocks That are Rising,0.997,0.071,0.91,0.02
4,2 Hyperscale Stocks That Will Leave Traditionalists in the Dust,0.999,0.111,0.854,0.035
5,How GameStop Investors Can Make Their Lives Much Easier,0.403,0.107,0.789,0.104
6,Apple wins court ruling throwing out $308.5 million patent verdict,-0.955,0.064,0.825,0.111
7,Zynga’s Stock Is Getting Slammed. At Least 8 Analysts Cut Their Price Targets.,0.612,0.192,0.808,0.0
8,Apple Says Feature to Find Child Images Doesn’t Create Backdoor,0.896,0.064,0.897,0.039
9,"Here's How Top U.S. Companies Stack Up on Risk Factors, Post-Earnings",-0.997,0.063,0.806,0.132
10,UPDATE 1-Apple to roll out photo checking system on country-by-country basis,-0.882,0.063,0.839,0.098
11,"S&amp;P 500, Dow Notch Records as Jobs Report Renews Optimism on Recovery",0.996,0.158,0.806,0.037
12,10 Tech Penny Stocks Reddit is Buying,0.999,0.086,0.904,0.011
13,Wall Street Loves These 3 Tech Stocks,0.999,0.108,0.876,0.016
14,"Google ‘Contemplated Buying Some or All of Epic,’ Gamemaker Says",-0.394,0.051,0.874,0.075
15,10 Popular Stocks to Buy Right Now,1.0,0.115,0.854,0.031
16,Big Tech's Q2 Results Are Poking The Regulatory Bear,0.646,0.091,0.825,0.085
17,"S&amp;P 500, Dow Remain Near Records as Cyclicals Gain on Stronger Jobs Report",0.995,0.17,0.779,0.052
18,"Dow Jones Today Jumps, Nasdaq Lags After July Payrolls Surprise; DraftKings, Groupon, Monster Rally On Earnings",0.557,0.153,0.847,0.0
19,"Dow Jones Today, Futures Listless Ahead Of Payrolls Report; DraftKings, Groupon, Monster Rally On Earnings",-0.026,0.0,0.942,0.058
20,Do Options Traders Know Something About Apple (AAPL) Stock We Don't?,0.988,0.104,0.877,0.018
21,"Zynga Tanks As Bookings Soften, User Acquisition Costs Rise",0.917,0.074,0.897,0.029
22,"Tech Stocks Roundup: Cramer Likes Facebook, Snap and Roku",0.202,0.076,0.924,0.0
23,"Dow Jones Futures: Market Rally Eyes Jobs Report With Several Earnings Movers; Apple, Microsoft Trade Bullishly",0.153,0.078,0.922,0.0
24,The iPhone Is Losing Market Share. Here's Why It Doesn't Matter,0.296,0.128,0.872,0.0
25,Booster Shots Look Inevitable. The Market May Have Priced That In.,-0.318,0.107,0.749,0.144
26,We essentially “wouldn't have social media companies” without Section 230: Marty Baron,0.947,0.088,0.856,0.057
27,Zynga (ZNGA) Q2 2021 Earnings Call Transcript,0.0,0.0,1.0,0.0
28,Didi Weighs Giving Up Data Control to Appease Beijing,0.987,0.104,0.838,0.058
29,Huawei Posts Sharpest Drop in Quarterly Sales Since U.S. Ban,0.982,0.088,0.902,0.01
30,"China Removes Duolingo From App Stores, Hitting U.S. EdTech",0.93,0.083,0.876,0.042
31,What Is Venture Capital Investing?,0.422,0.203,0.797,0.0
