﻿,Titles,Polarity,Positive,Neutral,Negative
0,Apple stock rises amid pre-order demand for the iPhone 14,0.994,0.147,0.826,0.027
1,"Stock Market Jumps Again Ahead Of CPI Data; Oracle Rises Late On Earnings; Apple, Tesla Make Key Moves",0.0,0.0,1.0,0.0
2,Apple Rallies Most Since May on Strong iPhone Pre-Order Data,0.985,0.113,0.842,0.045
3,US STOCKS-Wall Street closes higher ahead of CPI report,0.993,0.108,0.884,0.007
4,"Stock Market Extends Gains Ahead Of Inflation Report; Apple, Tesla Make Key Moves",0.0,0.0,1.0,0.0
5,Apple’s iPhone 14 Price Isn’t Rising for U.S. Consumers. Why This Matters.,0.0,0.0,1.0,0.0
6,"iOS 16 Is Here. The iPhone Update Brings a Screen Makeover, Message Editing and More.",0.44,0.132,0.868,0.0
7,"iOS 16 Is Here: How to Update, and Our Favorite Features",0.671,0.224,0.776,0.0
8,Best-Performing ETF Areas of Last Week: Cryptocurrency,0.985,0.092,0.871,0.037
9,"Stock Market Today: Dow Starts Week on Strong Footing as Energy, Tech Gain",0.964,0.106,0.833,0.062
10,iOS 16: Ten Tips and Tricks for Apple’s New iPhone Software Update,0.599,0.117,0.883,0.0
11,Why Apple Stock Popped Monday Morning,0.153,0.015,0.985,0.0
12,Apple’s iOS 16 software update brings message deletion and custom screens— without having to buy an iPhone 14,0.052,0.042,0.919,0.039
13,"After Taking A Whupping, AAPL Leads 29 Tech Stocks Back In Demand",0.691,0.251,0.688,0.061
14,"Apple has ‘favorable’ iPhone 14 strategy in China, JPMorgan says",0.0,0.0,1.0,0.0
15,S&amp;P 500 Gains as Apple Rally Boosts Tech Ahead of Inflation Data,0.841,0.084,0.854,0.062
16,The cost of replacing the battery on your iPhone 14 will be much higher,-0.103,0.027,0.941,0.032
17,"Dow Jones Rallies As Bitcoin Tops $22,000",0.511,0.109,0.891,0.0
18,Amazon Shares Get Back to Their Winning Ways,0.978,0.105,0.839,0.056
19,10 Dividend Stocks to Buy According to Billionaire Carl Icahn’s Icahn Capital LP,1.0,0.134,0.85,0.015
20,Billionaire DE Shaw’s Latest Portfolio: Top 10 Stock Picks,0.999,0.122,0.857,0.021
21,12 Best Reddit Stocks To Invest In,1.0,0.104,0.875,0.021
22,Jim Cramer Just Turned Bullish on These 10 Stocks,0.999,0.11,0.856,0.034
23,Reddit’s WallStreetBets is Buying These 10 Stocks in September,0.999,0.109,0.866,0.025
24,"Dow Jones Futures Climb As Bitcoin Tops $22,000",0.511,0.099,0.901,0.0
25,"More Regulatory Brunt For Apple, Google Over Antitrust Practices; This Time From Mexico",0.916,0.124,0.793,0.083
26,New Apple iPhones and Apple Watches are off to impressive start: JPMorgan,0.99,0.081,0.885,0.034
27,10 Tech Stocks to Buy According to Billionaire Jim Simons’ Renaissance Technologies,0.999,0.118,0.858,0.024
28,Inventor Behind Amazon’s Alexa Raises Funds for AI Startup,0.889,0.077,0.88,0.043
