﻿,Titles,Polarity,Positive,Neutral,Negative
0,"Google’s Android 13 coming later this year with Wallet app, improved security",0.993,0.099,0.879,0.022
1,Disney earnings ‘a sigh of relief’ after Netflix's subscriber loss: Analyst,0.382,0.071,0.929,0.0
2,11 Best Vanguard Stocks to Buy Now,1.0,0.11,0.862,0.027
3,"Market check: Energy outperforms, Big Tech stocks slide",0.586,0.05,0.926,0.024
4,Google reveals AR glasses that can translate speech in real time,0.99,0.081,0.91,0.009
5,"Stocks turn lower as investors digest inflation data, bitcoin falls below $30,000",0.273,0.075,0.925,0.0
6,Google’s Pixel Watch will take on the Apple Watch this fall,0.995,0.095,0.902,0.003
7,Google Debuts Smartwatch to Rival Apple as It Expand Devices,0.847,0.053,0.914,0.034
8,"Google Creates Wallet App for Credit Cards, Tickets, Car Keys",0.951,0.086,0.863,0.051
9,Saudi Aramco Becomes World’s Most Valuable Stock as Apple Drops,0.947,0.117,0.793,0.09
10,Unity Software loses $5 billion in market cap after Apple’s changes lead to ‘self-inflicted wound’,-0.128,0.11,0.791,0.098
11,Apple's stock drops below the March low to complete bearish pattern,0.128,0.067,0.883,0.049
12,Stock Market Today: Dow Slips to Fresh 2022 Low as Inflation Keeps Tech in Wreck,0.991,0.138,0.796,0.066
13,3 Disaster Stocks to Buy for Easy Long Term Profits,0.968,0.125,0.772,0.104
14,An unexplored effect of Roe v. Wade being overturned and banned in certain U.S. states: The impact on those housing markets,0.422,0.135,0.865,0.0
15,"Apollo Neuroscience taps former Apple, Facebook pioneer as chief technology officer",0.0,0.0,1.0,0.0
16,10 Dividend Achievers to Buy in 2022,1.0,0.111,0.863,0.025
17,Dow Jones Futures Rise On Hopes Inflation Fever Has Peaked As CPI Data Looms,0.422,0.123,0.877,0.0
18,Buy The Dip in Apple Stock Before it’s too Late,0.996,0.122,0.835,0.043
19,North Carolina pension fund loses $4 billion in value,0.153,0.108,0.829,0.064
20,EU Presents Plan to Strengthen Online Child Sexual Abuse Fight,-0.993,0.05,0.838,0.112
21,Dow Jones Futures Rise After Volatile Market Action; Has Inflation Fever Peaked?,-0.153,0.0,0.918,0.082
22,Tesla and Sony’s Problems Show Shanghai’s Big Restart is Faltering,-0.989,0.034,0.89,0.076
