﻿,Titles,Polarity,Positive,Neutral,Negative
0,Is PTON Stock A Buy As Amazon Emerges As Fitness Rival?,0.671,0.277,0.723,0.0
1,Tech Support: Top three privacy features in iOS 15,0.542,0.184,0.816,0.0
2,Shares of Netflix Inc. Exceed 52-Week High,0.988,0.119,0.871,0.01
3,Apple Stock Option Trade Offers Low Risk With Upside Profit Potential,0.0,0.0,1.0,0.0
4,How Securitize is providing a platform for investors to access private markets,0.572,0.164,0.836,0.0
5,10 Tech Stocks Hedge Funds Prefer Over Nvidia (NVDA),0.999,0.093,0.878,0.028
6,Is It Too Late to Buy Adobe Stock?,0.527,0.152,0.848,0.0
7,Mark Your Calendar: Apple Earnings,0.691,0.13,0.87,0.0
8,The Top 50 Robinhood Stocks in October,0.612,0.07,0.93,0.0
9,Lordstown Nears Deal to Sell Ohio Plant to Taiwan’s Foxconn,0.961,0.085,0.861,0.055
10,Lordstown Jumps on Report Foxconn May Buy its Ohio Plant,0.962,0.078,0.915,0.007
11,Lordstown Nears Deal to Sell Ohio Car Plant to Taiwan’s Foxconn,0.891,0.07,0.88,0.05
