﻿,Titles,Polarity,Positive,Neutral,Negative
0,US Sanctions Helped China Supercharge Its Chipmaking Industry,0.995,0.116,0.834,0.05
1,"Top Stock Reports for Apple, NVIDIA &amp; McDonald's",0.999,0.179,0.756,0.064
2,10 Dividend Stocks to Buy According to Bryan Hinmon’s Motley Fool Asset Management,0.999,0.119,0.838,0.043
3,UPDATE 1-Biden says he is proud of Apple workers who voted to join a union,0.869,0.085,0.87,0.045
4,Biden Says He’s ‘Proud’ of Apple Workers Voting to Unionize,0.899,0.077,0.869,0.054
5,Is This Apple's New Way Of Growing?,0.735,0.167,0.833,0.0
6,Alphabet (GOOGL) Gears up to Launch a YouTube Music Feature,0.999,0.158,0.832,0.01
7,My Best FAANG Stock to Buy Now and Hold Forever,-0.128,0.041,0.907,0.053
8,"7 Stocks to Buy If You Have $1,000 to Invest",0.999,0.123,0.835,0.042
9,3 Dividend Stocks That Will Make Warren Buffett $2.6 Billion This Year,-0.287,0.0,0.866,0.134
10,Warren Buffett Has Spent $118 Billion Buying These 3 Stocks Over the Past 6 Years,0.802,0.396,0.604,0.0
11,"Saudi Stocks Briefly Erase Year’s Gains as Oil, Equities Plunge",0.265,0.081,0.844,0.076
