﻿,Titles,Polarity,Positive,Neutral,Negative
0,UPDATE 1-Big tech companies to allow only vaccinated U.S. employees into offices,0.772,0.051,0.937,0.011
1,Facebook Says U.S. Employees Need Vaccinations for Office Return,0.73,0.029,0.971,0.0
2,Facebook Says Apple Ad-Tracking ‘Headwinds’ Will Slow Growth,0.999,0.133,0.841,0.026
3,"Qualcomm Gives Upbeat Forecast, Lifted by 5G Phone Demand",0.988,0.094,0.891,0.014
4,Facebook stock drops after Q2 earnings report despite beating estimates,0.0,0.0,1.0,0.0
5,Dow ends slightly lower after Fed leaves easy-monetary policies unchanged,0.791,0.208,0.761,0.03
6,"UPDATE 1-Qualcomm forecasts sales above Wall Street estimates on 5G, connected devices strength",0.993,0.11,0.874,0.015
7,"Qualcomm forecasts sales above Wall Street estimates on 5G, connected devices strength",0.992,0.108,0.878,0.013
8,"Most Apple Stores to Require Masks Again for Shoppers, Staff",0.941,0.047,0.948,0.004
9,"Stocks tick mostly higher, Dow tops 35,000 after Fed leaves easy-monetary policies unchanged",0.791,0.198,0.773,0.029
10,"Dow Jones Dips As Schumer Makes Infrastructure Call, Fed Stands Pat; Apple Falls As GOOGL Surges",0.459,0.111,0.889,0.0
11,Dow Jones Falls As Schumer Makes Infrastructure Call; Fed Holds Rates Steady; Apple Stock Falls,0.459,0.111,0.889,0.0
12,Apple having ‘gold medal performance’ despite chip shortage: Dan Ives,0.296,0.136,0.864,0.0
13,"Why the Dow Jones Is Falling Today Despite Great Earnings From Apple, Boeing, Microsoft, Visa",0.238,0.188,0.672,0.139
14,Dow Jones Pares Loss As Boeing Soars; Is The Fed Ready To Start Tapering?,-0.318,0.0,0.901,0.099
15,"Google to Require Employee Vaccines, Pushes Back Return Date",0.925,0.047,0.949,0.004
16,"Dow Jones Falls Ahead Of Fed As Apple Weighs, But These Tech Stocks Boost Nasdaq",-0.202,0.0,0.924,0.076
17,Apple Q3 earnings preview,0.0,0.0,1.0,0.0
18,"Dow slips below 35,000 ahead of Fed policy update",0.0,0.0,1.0,0.0
19,Apple (AAPL) Q3 2021 Earnings Call Transcript,0.0,0.0,1.0,0.0
20,Apple analyst predicts 'more good things ahead' for tech giant,0.0,0.0,1.0,0.0
21,Apple's iPhone Supercycle Is Real And It's Spectacular,0.0,0.0,1.0,0.0
22,US STOCKS-Google lifts Nasdaq as focus turns to Fed,-0.494,0.053,0.894,0.053
23,Dow and S&amp;P 500 End Lower After Federal Reserve's Policy Update,0.153,0.088,0.844,0.069
24,Dow Ends Lower After Federal Reserve's Policy Update,0.153,0.122,0.783,0.096
25,S&amp;P 500 Closes Flat as Fed Holds Rates Steady,0.977,0.101,0.855,0.043
26,What Is Tim Cook's Managerial Style?,0.762,0.113,0.887,0.0
27,Have we reached peak Apple? Some say the company is just getting started,0.202,0.067,0.933,0.0
28,"This tiny, but powerful, portable Apple charger can charge everything from your iPhone to Apple Watch to AirPods  — and it’s now sale",0.681,0.085,0.896,0.019
29,Tech giants are reaping the benefits from pandemic: Analyst,0.0,0.0,1.0,0.0
30,"Amazon, Comcast, More Earnings: 3 Things to Watch",0.977,0.096,0.871,0.033
31,10 Best Low Float Stocks to Buy Now,0.999,0.116,0.848,0.036
32,Apple Had a Great Quarter. Now Investors Are Worrying About Component Shortages.,0.128,0.126,0.773,0.101
33,Apple (AAPL) Crushes Earnings Estimates: What's Next?,0.296,0.104,0.896,0.0
34,How to Manage Big Tech Earnings and Dodgy Index Action,0.0,0.0,1.0,0.0
35,Dow Dips and S&amp;P 500 Rises After Federal Reserve's Policy Update,0.422,0.094,0.906,0.0
36,"Dow Jones Falls Ahead Of Fed Policy Decision; Apple Stock Sells Off On Earnings, While Boeing Surges",0.0,0.0,1.0,0.0
37,Wednesday's Market Minute: Wild Wednesday,0.983,0.096,0.857,0.047
38,"Afternoon Face-To-Face with Facebook, Fed Chairman Powell, Next On Calendar",0.999,0.112,0.836,0.053
39,"Google Stock Up as It Requires Vaccinations, Delays Office Return",0.0,0.0,1.0,0.0
40,Tesla Delivers Another Earnings Spectacle With Record Net Income,0.015,0.057,0.892,0.051
41,"Tech ETFs to Gain on Upbeat Apple, Microsoft Earnings",0.999,0.158,0.817,0.025
42,"Dow Jones Today, Stocks Open Mixed Ahead of Fed; Apple, Alphabet, Microsoft, Boeing, AMD, McDonald's Report Earnings",0.0,0.0,1.0,0.0
43,"Dow, S&amp;P 500, Nasdaq wobble early Wednesday ahead of Fed policy update",0.34,0.13,0.812,0.058
44,"Big tech earnings: Microsoft, Apple, Alphabet crush estimates",0.226,0.114,0.79,0.096
45,The Latest News From Zoom and AutoNation,0.103,0.045,0.915,0.04
