﻿,Titles,Polarity,Positive,Neutral,Negative
0,Time to Buy Apple Stock After Blowout Earnings?,0.997,0.169,0.816,0.015
1,Why the stock market might give back its April gains,0.999,0.144,0.827,0.029
2,Dow Jones Futures: Tech Stocks Stumble As Apple Nears New Buy Point; Tesla Tests Key Level,0.402,0.119,0.881,0.0
3,Epic CEO Says Lifting Fortnite Sales Isn’t Why He’s Suing Apple,0.928,0.104,0.833,0.063
4,Apple’s Schiller Floated Cutting App Store Fees a Decade Ago,0.989,0.101,0.864,0.036
5,"Top Stock Picks for Week of May 3, 2021",0.997,0.168,0.823,0.01
6,Warren Buffett: Top Stocks by Market Cap Different Today Compared to 1989,0.964,0.075,0.912,0.013
7,Apple To Face Epic Games' Antitrust Lawsuit Over Unfair App Store Practices Today: Report,0.718,0.07,0.882,0.048
8,Biggest takeaways from Warren Buffett’s shareholder meeting,0.0,0.0,1.0,0.0
9,Epic CEO said he decided to sue Apple because of App Store’s ‘negative impact’,0.169,0.057,0.905,0.038
10,"Apple's App Store Is a 'Walled Garden,' Says Epic Games",0.25,0.056,0.906,0.038
11,Apple hires ex-Google AI scientist who resigned after colleagues' firings,0.735,0.058,0.919,0.023
12,"A Foldable iPhone Is Coming From Apple in 2023, Analyst Says",0.896,0.107,0.893,0.0
13,"Apple App Store Is an Anticompetitive ‘Walled Garden,’ Epic Says",0.938,0.072,0.891,0.036
14,Majority Backs Breakup Of Big Tech To Avoid Monopolies: IBD/TIPP Poll,0.527,0.145,0.855,0.0
15,"This is a game of thrones battle between Apple and Epic: Dan Ives, Wedbush Securities Managing Director  ",0.026,0.166,0.717,0.117
16,Apple and Epic Games Trial Starts Today. What to Know.,-0.494,0.0,0.862,0.138
17,Dow Racks Up Gains as Cyclicals Run Higher on Reopening Momentum,0.968,0.081,0.877,0.042
18,Looking for Computer and Technology Stocks? The Zacks Rank Can Help You Find Winners,0.998,0.134,0.852,0.014
19,Is Apple (AAPL) Outperforming Other Computer and Technology Stocks This Year?,0.995,0.147,0.853,0.0
20,UPDATE 1-Apple faces down 'Fortnite' creator Epic Games in major antitrust trial,0.039,0.05,0.901,0.049
21,The Apple-Epic Games Trial Starts Today. Here’s What Investors Need to Know.,-0.494,0.0,0.862,0.138
22,3 Warren Buffett Stocks Worth Buying Now,0.813,0.196,0.75,0.054
23,Is Apple Stock A Buy After Its Monster March-Quarter Earnings Report?,0.572,0.107,0.893,0.0
24,Apple Could Launch Foldable iPhone in 2023,0.361,0.106,0.894,0.0
25,10 Best High-Yield Dividend Stocks According to Billionaire Mario Gabelli,1.0,0.136,0.837,0.027
26,"When Epic and Apple Square Off in Court This Week, Apple Will Win, Says Analyst",0.382,0.05,0.928,0.021
27,"Apple's Construction Plans, Facebook's Audio Plans, and the Noid's Return",0.382,0.062,0.906,0.032
28,"Another Busy Earnings Week Includes Reports From Uber, Lyft, Pfizer And ConocoPhillips",0.996,0.091,0.864,0.044
29,Epic Games to challenge Apple in court over App Store practices,-0.226,0.0,0.913,0.087
30,FAANG Stocks Crushed Earnings; Here's Another Great Reason to Buy Them,0.477,0.123,0.802,0.076
31,Better Buy: Alphabet vs. Apple,0.128,0.067,0.888,0.045
32,"The Zacks Analyst Blog Highlights: Apple, Netflix, Amazon and Comcast",0.999,0.121,0.866,0.013
33,"Dow Rallies on Bullish Bets in Energy, Materials",0.945,0.079,0.873,0.048
34,Epic Games v. Apple: Tech giant to defend App Store in ‘high stakes game of poker’,-0.932,0.062,0.867,0.071
35,"The Zacks Analyst Blog Highlights: Apple, Google, BlackRock, Automatic Data Processing and Ford Motor",0.999,0.162,0.817,0.02
36,"Amazon, Google, Apple, Facebook and Microsoft report are part of Zacks Earnings Preview",1.0,0.166,0.818,0.015
37,6 Reasons to Buy Apple Stock and Never Sell,0.706,0.268,0.732,0.0
38,4 Stocks to Watch As E-commerce Leads Digital Payments Boom,0.999,0.139,0.848,0.013
39,Tech Companies Are Facing a Global Chip Shortage: 5 Tips for Investors,-0.739,0.035,0.804,0.161
40,"Epic v Apple, EU Travel, Tesla Delay - What's Moving Markets",0.817,0.076,0.878,0.046
41,"Ethereum, Apple and Epic Games, Tesla - 5 Things You Must Know Monday",0.823,0.241,0.759,0.0
42,"Analysis: In Apple versus Epic Games, courtroom battle is only half the fight",-0.018,0.067,0.862,0.071
