﻿,Titles,Polarity,Positive,Neutral,Negative
0,How Tesla CEO Elon Musk became one of the most influential businessmen in the world,0.477,0.151,0.849,0.0
1,"Stocks end the week mixed, energy and financials among the biggest leaders",0.0,0.0,1.0,0.0
2,Film studios are opting for action movies over romantic comedies,0.599,0.196,0.804,0.0
3,"Markets: Stocks mixed, U.S. dollar rallies, tech shares lag",0.937,0.076,0.895,0.029
4,10 Consumer Technology Stocks to Invest In According to Ken Fisher,1.0,0.134,0.839,0.027
5,Everyone Is Buzzing About the Tesla Cybertruck: What We Know Today,0.96,0.041,0.954,0.005
6,An Apple Hardware Subscription Could Change How People Think About iPhones,0.0,0.0,1.0,0.0
7,Shopify Stock Falls Over 50% But More Pain Is on the Way,0.992,0.127,0.833,0.041
8,Apple Hardware Subscriptions Could Speed iPhone Upgrades,0.402,0.137,0.863,0.0
9,"Stock Market Today: Dow Ends Higher, But Stumbles to Weekly Loss on Tech Wreck",0.066,0.104,0.792,0.104
10,Carrier (CARR) Boosts Fire &amp; Security Segment Via HI-FOG LPU,0.997,0.169,0.79,0.042
11,Semtech (SMTC) Partners Jam Labs for BlueRiver Technology,0.998,0.155,0.836,0.009
12,RingCentral Stock Has Much Better Days Ahead,0.998,0.152,0.779,0.07
13,Is It Too Late to Buy HP Stock?,0.0,0.0,1.0,0.0
14,"NetApp (NTAP) Set to Acquire Instaclustr, Terms Undisclosed",0.998,0.14,0.854,0.006
15,"BlackBerry (BB) Settles Class-action Lawsuit, to Pay $165M",0.997,0.156,0.788,0.055
16,"Here's how Google, Equinix, some startups and Santa Clara officials are trying to make data centers green",0.6,0.138,0.862,0.0
17,Apple Stock Could Move Substantially Higher With a Subscription Plan,0.994,0.102,0.879,0.02
18,"The pandemic PC boom is over, but its legacy will live on",0.527,0.077,0.923,0.0
19,7 Desirable Dividend Growth Stocks for Income Investors,1.0,0.198,0.783,0.019
20,"Will New Buys By The Best Mutual Funds Prop Up These Big-Name, But Pressured Stocks?",0.637,0.154,0.846,0.0
21,Roblox Rises After Putting Weight Behind Apple,0.995,0.112,0.846,0.042
22,"TSMC Sales Soar to Record on Demand for Smartphones, Cars",-0.586,0.053,0.879,0.068
23,"Tencent Cut Compensation for CEO Ma, President Lau in 2021",0.943,0.097,0.843,0.06
