﻿,Titles,Polarity,Positive,Neutral,Negative
0,Microsoft CEO Says Company on ‘Right Side’ of Antitrust Battle,0.954,0.093,0.854,0.054
1,Taiwan Semiconductor Manufacturing Reports Earnings Thursday. Here’s What to Expect.,0.318,0.119,0.881,0.0
2,"Dow Jones Futures: Apple Masks Weak Market Rally Trends; Upwork, Figs, AMC Plunge",0.0,0.0,1.0,0.0
3,"Dow Jones Rebounds As Powell Says This On Inflation; Virgin Galactic, AMC Stock Plunge",-0.103,0.0,0.94,0.06
4,Stock Market Today: Apple Sets New High on Mixed Day for the Market,0.997,0.118,0.866,0.016
5,US STOCKS-S&amp;P 500 ends higher after Powell lulls market,0.996,0.128,0.837,0.034
6,10 Best African Stocks to Invest In,1.0,0.113,0.85,0.037
7,"2021 Emmy nominations: How HBO Max, Netflix, Disney+ secured 'dominance' over cable networks",-0.052,0.0,0.948,0.052
8,Here's Why Apple Stock Jumped to a New All-Time High Today,0.402,0.059,0.941,0.0
9,US STOCKS-S&amp;P 500 climbs and Nasdaq dips in choppy session,0.991,0.12,0.834,0.046
10,The Most Successful Corporations in the U.S.,0.788,0.258,0.742,0.0
11,10 Best Machine Learning Stocks to Invest In,1.0,0.117,0.854,0.029
12,US STOCKS-Wall St eases as declines in cyclicals outweigh boost from growth stocks,0.987,0.096,0.873,0.031
13,Dow Jones Fades Ahead Of Powell Testimony; Why Apple Is Hitting A New High Today,-0.296,0.0,0.905,0.095
14,Stocks Close Mostly Higher as Powell Says Not Right Time for Fed to Pull Back on Support,0.31,0.079,0.879,0.042
15,"Stock Market Today With Jim Cramer: Delta Variant, Apple",0.52,0.069,0.91,0.021
16,Apple’s Market Cap Nearing $2.5 Trillion as Analysts Turn Bullish on Earnings,0.296,0.071,0.929,0.0
17,Apple expands production of new iPhone in anticipation of demand: RPT,0.077,0.053,0.901,0.046
18,"Apple Pay Later Is Not a Good Reason to Sell Affirm Stock, Says Analyst",0.993,0.115,0.821,0.064
19,Dow Jones Slashes Gains As Powell Reassures Investors; Apple Stock Jumps On iPhone News,0.402,0.119,0.881,0.0
20,Microsoft Readies Cloud Version of Windows for Remote Workers,0.985,0.101,0.892,0.007
21,"Robust iPhone Orders Boost Apple, Semiconductor Stocks",0.557,0.195,0.805,0.0
22,Apple Seeks Up to 20% Increase in New iPhone Production for 2021,0.995,0.08,0.903,0.018
23,10 Hedge Funds that Profited from Reddit’s Meme Stock Craze,1.0,0.139,0.827,0.034
24,Dow Jones Rallies As Powell Reassures Investors; Apple Stock Jumps On iPhone News,0.402,0.119,0.881,0.0
25,"Dow Jones, Nasdaq, S&amp;P 500 Rise Despite Inflation Surprise, Await Powell; Apple, Suppliers Rally On iPhone News",0.178,0.086,0.914,0.0
26,This Stock Is Making a Move to Unlock Value -- Is It a Buy?,0.641,0.064,0.936,0.0
27,"S&amp;P 500 Trickles From Record as Energy, Financials Weigh",0.984,0.129,0.805,0.066
28,Apple says it has deployed $1 billion from $2.5 billion California housing fund,0.586,0.065,0.909,0.026
29,Facebook Users Said No to Tracking. Now Advertisers are Panicking,0.997,0.089,0.865,0.046
30,Apple says it has deployed $1 bln from $2.5 bln California housing fund,0.586,0.064,0.91,0.026
31,3 Top Artificial Intelligence Stocks to Buy in July,0.778,0.11,0.89,0.0
32,"Dow Jones, Nasdaq Futures Rise Ahead Of Inflation Data, Powell; Apple, Suppliers Rally On iPhone News",0.178,0.086,0.914,0.0
33,Stocks Turn Lower as Fed's Powell Gets Ready to Explain Inflation Spike,0.31,0.084,0.871,0.045
34,5 Top-Ranked Stocks Up for an Earnings Beat,0.999,0.169,0.811,0.021
35,Tesla bulls capitalized on a 'classic glass bottom': trader,0.983,0.123,0.822,0.055
36,Truist Reiterates Buy On Affirm Holdings Amid Apple-Goldman BNPL Partnership,0.641,0.087,0.837,0.076
37,Got $100? Buy This Hot Growth Stock Right Away,0.796,0.13,0.87,0.0
38,"Live: Jim Cramer on Wells Fargo, Bank of America, Apple, Delta",0.25,0.087,0.913,0.0
39,Stocks Rise as Powell Says U.S. Has More Progress to Make Before Fed Tapers,0.31,0.081,0.875,0.043
40,"Apple at Fresh Record High on iPhone Production Boost Report, JPMorgan Upgrade",0.318,0.091,0.909,0.0
41,Dow Futures Higher On Powell Testimony Statement; Apple Jumps on iPhone Boost Report,0.0,0.0,1.0,0.0
42,"Apple, American Airlines Rise Premarket; Bank of America Falls",0.988,0.117,0.856,0.027
43,"Powell on the Hill, Inflation and Treasuries, Budget Deficit, Apple, Trading WW",0.0,0.0,1.0,0.0
44,Dow Futures Flat Ahead of Powell Testimony; Apple Jumps on iPhone Boost Report,0.0,0.0,1.0,0.0
45,"Apple Shares Jump on iPhone Production Boost Report, JPMorgan Upgrade",0.318,0.091,0.909,0.0
46,Dow Futures Dip Ahead of Powell Testimony; Apple Jumps on iPhone Boost Report,0.0,0.0,1.0,0.0
47,"Powell Testimony, Central Bank Meetings, Bullish Apple - What's Moving Markets",-0.951,0.049,0.892,0.058
