﻿,Titles,Polarity,Positive,Neutral,Negative
0,Apple (AAPL) Gains But Lags Market: What You Should Know,0.986,0.09,0.888,0.022
1,"Streaming: 61% of viewers believe their subscriptions are too expensive, report says",0.0,0.0,1.0,0.0
2,Netflix Earnings: What Happened with NFLX,-0.422,0.0,0.865,0.135
3,Elon Musk trying to buy Twitter is exciting: Okta co-founder,0.982,0.099,0.883,0.018
4,Netflix earnings miss ‘is a body blow to the bull case’: Analyst,-0.318,0.0,0.937,0.063
5,Why Congressman Ro Khanna wants tech to expand beyond his Silicon Valley district,0.995,0.093,0.896,0.011
6,"‘Zero-Day’ Hacks Hit Record in 2021, Google Researchers Say",-0.897,0.084,0.814,0.102
7,Stock Market Today: Dow Rallies on Tech Strength as Earnings Season Heats Up,0.98,0.105,0.848,0.047
8,"China Lockdowns, Factory Closures Seen Hurting Apple",-0.477,0.091,0.711,0.198
9,Apple (AAPL) May Have Won Rights to NFL Sunday Ticket Games,0.996,0.127,0.863,0.01
10,This Stock Could Easily Be the Most Valuable on the Planet in 20 Years,0.097,0.11,0.756,0.134
11,Netflix's (NFLX) Big Mouth Renewal Expands Its Animated Content,0.999,0.174,0.806,0.02
12,NETGEAR (NTGR) Stock Tanks on Bleak Preliminary Q1 Sales Data,0.998,0.129,0.848,0.024
13,Intel CEO the highest paid CEO in 2021,0.0,0.0,1.0,0.0
14,Apple (AAPL) Upgrades Map Services With Cycling Directions in US,0.998,0.145,0.837,0.019
15,"S&amp;P 500 Jumps as Dip-Buyers Return to Tech Ahead of Netflix, IBM Earnings",0.954,0.085,0.872,0.044
16,"Netflix earnings preview: Subscriber growth in focus amid Russia exit, churn concerns",0.956,0.052,0.935,0.013
17,Here is What to Know Beyond Why Apple Inc. (AAPL) is a Trending Stock,0.999,0.127,0.867,0.006
18,Best Stocks for 2022: Kulicke &amp; Soffa Still Has Growth Catalysts Ahead,0.997,0.113,0.835,0.052
19,10 Best SPACs to Buy Now According to Glenn Dubin’s Highbridge Capital,1.0,0.122,0.864,0.014
20,Top 10 Undervalued Tech Stocks,0.999,0.102,0.879,0.019
21,Meta Platforms Earnings: 3 Key Metrics to Watch,0.567,0.182,0.818,0.0
22,This Smaller Spotify Rival Looks To Go Public Via €1.05B SPAC Merger,0.956,0.107,0.878,0.016
23,"Got $5,000? These 3 Inconspicuous Growth Stocks Are Trading Near Their 52-Week Lows",-0.226,0.135,0.675,0.19
24,Warner Brothers Discovery Stock Is a Speculative Buy At Best,0.883,0.05,0.913,0.038
25,I'm Sitting On a Record Amount of Cash: Here Are 5 Stocks I'm Looking to Buy,0.933,0.182,0.818,0.0
26,IPhone City Is Operating Normally Despite China Covid Lockdowns,-0.153,0.064,0.875,0.06
27,U.K. Cancellations Flash Warning for Streaming Services Ahead of Netflix Earnings,0.449,0.077,0.858,0.066
