﻿,Titles,Polarity,Positive,Neutral,Negative
0,15 Companies Stockpile $1 Trillion In Cash (And Investors Want It),0.586,0.195,0.805,0.0
1,What to know before making your holiday tech-stock wishlist,0.625,0.154,0.846,0.0
2,"Pensions Are Kicking Tires on Crypto, Galaxy Digital’s Kurz Says",0.026,0.084,0.846,0.07
3,"Foxconn Sees Supply Chain Crisis Lasting Till 2022, Bets On EV Partner Lordstown Motors",-0.25,0.073,0.857,0.07
4,Why Jamf Holding Is Down More Than 20% Today,0.649,0.31,0.69,0.0
5,7 New Meme Stocks That Retail Investors Can’t Get Enough Of,0.998,0.102,0.854,0.044
6,BlackBerry Stock Is Much More Than Just Another ‘Ape Trade’,0.998,0.121,0.855,0.024
7,Warren Buffett just poured another $7.6 billion into his all-time favorite business — here are 3 other companies doing something very similar,0.996,0.11,0.881,0.009
8,How Magic Johnson inspired Alex Rodriguez’s path to sports ownership,0.0,0.0,1.0,0.0
9,"Dow Jones Rallies As J&amp;J Jumps On Breakup Plans; Tesla Falls, Rivian Races Higher",0.0,0.0,1.0,0.0
10,Apple Is No Longer the World's Most Valuable Company,0.026,0.083,0.846,0.07
11,Apple App Store Analysis: Starbucks Heats Up As The Weather Cools Down,0.818,0.051,0.933,0.016
12,Dow Jones Futures Rise As J&amp;J Jumps On Breakup Plans; Rivian Set To Extend Rally,0.0,0.0,1.0,0.0
13,"After $500 Billion Rout, Optimism Grows for China: Tech Watch",0.992,0.101,0.863,0.036
14,Why The Trade Desk Stock Is Skyrocketing This Week,0.103,0.152,0.714,0.133
15,iPhone Maker Foxconn Expects Supply-Chain Issues Until Second Half of 2022,-0.25,0.0,0.875,0.125
16,"As Apple privacy change hinders Facebook and others, its own ad business stands to benefit",0.318,0.054,0.919,0.027
17,3 Dividend-Paying Tech Stocks to Buy in November,0.357,0.111,0.836,0.053
18,"Zacks Value Trader Highlights: Berkshire Hathaway, VOO, Apple, Bank of America and QQQ",0.998,0.143,0.824,0.033
19,Mitch Rubin’s RiverPark Advisors Portfolio: Top 10 Stock Picks,0.999,0.088,0.891,0.02
20,U.S. Companies Face New Risks in a Changing China. What That Means for the Stocks.,-0.402,0.0,0.886,0.114
21,"Lordstown Tanks as Revenue Stays Elusive, More Delay in Endurance",-0.26,0.06,0.87,0.07
22,Jamf Holding Corp. (JAMF) Q3 2021 Earnings Call Transcript,0.0,0.0,1.0,0.0
23,Tech Stocks Roundup: Why Expert Says Twitter Is A Poor Investment,0.612,0.24,0.76,0.0
24,Apple Partner Hon Hai’s Profit Tops Estimates on New iPhones,0.374,0.067,0.865,0.069
25,"Alibaba Falls, JD.com Gains in Response to Singles’ Day Sales",0.927,0.085,0.878,0.037
