﻿,Titles,Polarity,Positive,Neutral,Negative
0,Alphabet (GOOGL) Adds 30 Plus Streaming Services to Google TV,0.996,0.134,0.847,0.019
1,"Jim Cramer: The Best of Breed Always Get It Right, But Can Facebook?",0.504,0.174,0.746,0.08
2,A Worsening Energy Crisis Is the Next Big Risk for China,0.202,0.201,0.63,0.169
3,Why Apple Stock Dropped This Morning,-0.511,0.027,0.907,0.067
4,S&amp;P 500 Makes Sluggish Start to Week as Rallying Yields Weigh on Tech,0.898,0.099,0.836,0.065
5,Why This Robinhood Stock Is a Smart Buy Right Now,0.852,0.126,0.849,0.026
6,"S&amp;P 500 Flat as Tech Stumble Offsets Surge in Energy, Financials",0.964,0.106,0.842,0.052
7,"UPDATE 1-Google, in fight against record EU fine, slams regulators for ignoring Apple",0.961,0.092,0.861,0.048
8,Google Cloud Fires Up Cloud War With Commission Cut: CNBC,0.402,0.052,0.91,0.039
9,Peloton Just Made a Killer Deal With UnitedHealth,0.878,0.198,0.802,0.0
10,MGM Jumps on $1.62 Billion Deal to Buy The Cosmopolitan of Las Vegas,0.987,0.123,0.859,0.018
11,"Google, in fight against record EU fine, slams regulators for ignoring Apple",0.937,0.093,0.849,0.058
12,"CORRECTED-Google, in fight against record EU fine, slams regulators for ignoring Apple",0.968,0.101,0.845,0.054
13,Bull Of The Day: Qorvo (QRVO),0.998,0.13,0.834,0.036
14,Chinese factories grapple with power cuts,-0.572,0.053,0.777,0.17
15,IPhone Assembler Starts Energy-Saving Measures in China,0.649,0.062,0.894,0.044
16,China’s Humbled Tech Tycoons Pledge Allegiance to Xi’s Vision,0.995,0.119,0.849,0.032
17,Apple CEO Tim Cook Buys Lavish Estate in La Quinta’s Madison Club,0.99,0.081,0.908,0.011
