﻿,Titles,Polarity,Positive,Neutral,Negative
0,"Market Recap: Tuesday, March 9",0.999,0.123,0.847,0.029
1,Meme Share Revival Drives Volume Surge in Handful of Tiny Stocks,0.992,0.127,0.869,0.004
2,Peloton Eyes Big Expansion As Vaccinations Raise Questions About At-Home Fitness,0.273,0.084,0.916,0.0
3,Disney+ tops 100 million paid subscribers,-0.459,0.023,0.921,0.056
4,Jamf Stock Is a Value Play on Apple's Growing Device Sales for Businesses,0.891,0.392,0.608,0.0
5,Examples Of Exchange-Traded Derivatives,0.735,0.104,0.896,0.0
6,"Dow Jumps 300 Points, While Tech Stocks Soar As Yields Fall; Tesla Surges 14%",0.0,0.0,1.0,0.0
7,EV Updates 3/9/2021 – A Future In The Making,0.817,0.06,0.892,0.048
8,Did Apple Miss Out on the Big Podcast Opportunity?,0.923,0.151,0.849,0.0
9,"How these teens are having fun in today’s stock market, and, for the most part, making money",0.477,0.107,0.893,0.0
10,"Dow Jones Today, Futures Rise As Techs, Bonds Bounce; Apple, Tesla, Baidu Take Early Leads",0.0,0.0,1.0,0.0
11,Rotation trades will be the hardest for investors to figure out: strategist,0.999,0.118,0.858,0.024
12,"Dow Jones Futures Rally, Tech Stocks Surge As Yields Fall; Apple, Tesla Set To Snap Back",0.202,0.073,0.927,0.0
13,Why Goldman Sachs is now super bullish on Microsoft and Salesforce,0.995,0.118,0.855,0.027
