﻿,Titles,Polarity,Positive,Neutral,Negative
0,3 Stocks to Buy the Dip Now,0.999,0.128,0.82,0.052
1,Megacap tech stocks suffered the most under this week's sell-off,0.609,0.059,0.897,0.044
2,McDonald's Is Exiting Russia. Will Other Restaurants Follow?,0.494,0.219,0.781,0.0
3,"Market sell-off continues, Dow faces worst week since 2020",-0.402,0.0,0.915,0.085
4,Here's Why Apple Remains Top Pick For Wedbush Amid Odds,0.987,0.156,0.796,0.048
5,"The Best Laptops, Chromebooks, and Gaming PCs",0.459,0.115,0.885,0.0
6,"Why Apple Stock Popped, Then Fell Today",-0.34,0.115,0.7,0.185
7,"Apple iPhone Supply Chain Proving 'Surprisingly Resilient,' Analyst Says",0.11,0.156,0.739,0.106
8,Which FAANG Stock Is Poised to Deliver Better Returns?,0.999,0.123,0.841,0.036
9,"Epic Games, Google reach truce in Bandcamp dispute – for now",0.052,0.106,0.796,0.097
10,"Stock Market Today: Dow Rebounds on Late Dip-Buying, but Losing Streak Continues",-0.371,0.067,0.868,0.065
11,S&amp;P 500 Cuts Losses After Briefly Entering Bear Market,-0.659,0.088,0.815,0.096
12,Mega-cap stocks slide this week as retail and chip sectors tank,0.0,0.0,1.0,0.0
13,Michael Burry is Shorting Apple (AAPL) and Selling These 5 Stocks in 2022,0.999,0.106,0.86,0.033
14,Market check: Stocks open higher amid steep weekly losses,0.0,0.0,1.0,0.0
15,Top 10 Small-Cap Stocks With Highest Upside Potential,1.0,0.138,0.85,0.012
16,Warren Buffett is Selling These 6 Stocks in 2022,0.999,0.123,0.833,0.044
17,"The Zacks Analyst Blog Highlights Apple, Berkshire Hathaway, S&amp;P Global, Comcast, and Cigna",0.999,0.178,0.757,0.065
18,Michael Burry’s 2022 Portfolio: Top 10 Stock Picks,1.0,0.176,0.794,0.03
19,"Texas is a ‘very friendly place’ for business, Canyon Partners co-founder says",0.989,0.095,0.873,0.032
20,10 Best Buy-the-Dip Tech Stocks According to Billionaire Ken Fisher,1.0,0.168,0.804,0.028
21,Tech stocks: record buybacks cannot stop market sell-off,0.382,0.071,0.929,0.0
22,"Midday Stock Movers: Foot Locker, Apple, Deere",0.285,0.071,0.861,0.067
23,Buy Apple Stock for Resiliency During the Tech Sell-Off,0.178,0.088,0.844,0.069
24,Apple and Microsoft Stocks Rise as Rough Week for Big Tech Ends,0.0,0.0,1.0,0.0
25,Three Ways To Generate Retirement Income Using Options,-0.296,0.0,0.896,0.104
26,5 Oversold Blue-Chip Stocks to Buy Right Now,1.0,0.161,0.829,0.011
27,Opinion: These Will Be the 3 Largest Stocks by 2030,0.0,0.0,1.0,0.0
28,5 Stocks Warren Buffett Bought Hand Over Fist as the Nasdaq Plunged,0.649,0.111,0.865,0.023
29,1 Underrated Company Worth Investors' Time,0.511,0.086,0.914,0.0
30,"Palo Alto, Deckers, Apple Rise Premarket; Ross Stores, Deere Fall",0.872,0.087,0.859,0.054
