﻿,Titles,Polarity,Positive,Neutral,Negative
0,"Microsoft's Latest Move To Compete Against Google, Apple",0.863,0.078,0.902,0.021
1,"New iPhones Are Coming. Apple Stock Is a Buy, This Analyst Says.",0.0,0.0,1.0,0.0
2,J.P. Morgan’s Deal for Volkswagen’s Payments Unit Reflects Acceleration of Connected Cars,0.998,0.113,0.872,0.015
3,"Fast-Growing Stocks: Apple, GOOGL Stock Among 24 Names Expecting 65% To 749% Growth In Q3",0.382,0.14,0.86,0.0
4,Netflix stock has been on a tear — here's why,0.993,0.134,0.85,0.016
5,"Apple is facing a mountain of controversies, but investors don't seem to care",-0.143,0.065,0.872,0.064
6,Dow Jones Off Lows After Stock Market Sell-Off Fueled By Fed Official's Comments,-0.477,0.0,0.823,0.177
7,Apple Will See Minimal Financial Impact From App Store Changes: Analysts,-0.178,0.061,0.85,0.089
8,Apple stock falls as investors look ahead to Apple iPhone 13 event,0.0,0.0,1.0,0.0
9,Dow Jones Slides As Yellen Warns Congress; Apple Sells Off From Record High; Tesla Reverses Amid China Sales,-0.296,0.0,0.905,0.095
10,Tech sector has no ‘shortage of opportunities’,0.0,0.0,1.0,0.0
11,Dow Jones Slides As Apple Sells Off From Record High; Tesla Reverses Amid China Sales,-0.296,0.0,0.905,0.095
12,Apple’s big event is September 14 — here’s what to expect,-0.226,0.037,0.902,0.061
13,Apple ETFs to Soar on New iPhone 13 Launch Fervor,0.997,0.088,0.901,0.011
14,Ford Powers Up With Tesla And Apple's Engineer,0.997,0.135,0.842,0.022
15,Buy These 2 Stocks Before Apple Releases the Next iPhone,0.0,0.0,1.0,0.0
16,"Ford poaches Apple exec, Elliott’s stake in Citrix, Sherwin-Williams supply chain issues",0.103,0.031,0.944,0.026
17,Investing Lessons Learned From the Pandemic,0.557,0.272,0.612,0.116
18,Investing Lessons Learned From 2021,0.557,0.272,0.612,0.116
19,3 Robinhood Stocks to Buy Right Now,0.931,0.185,0.815,0.0
20,"Dow Jones Futures: Apple Leads Market Rally; Tesla China Sales, PayPal Deal, Bitcoin In Focus",0.691,0.222,0.778,0.0
21,Google Accounts for a Huge Amount of Apple's Profits,0.0,0.0,1.0,0.0
22,Warren Buffett Is Betting Big on This Stock -- Should You?,-0.537,0.036,0.853,0.112
23,Is It Too Late to Buy Apple Stock?,0.8,0.095,0.905,0.0
24,"Big Tech’s Grip Will Ease as Rivals Grow, LinkedIn Founder Says",0.597,0.08,0.862,0.057
25,"Slowing Economic Growth, Trading Ford and Apple, Playing GameStop Earnings",-0.026,0.0,0.948,0.052
26,It's Time for Increased Caution,0.0,0.0,1.0,0.0
27,Apple App Store Changes Fail to Sway Lawmakers Bent on Overhaul,0.935,0.073,0.873,0.053
28,These 2 Stocks Made Monster Moves Tuesday,-0.052,0.051,0.907,0.042
