﻿,Titles,Polarity,Positive,Neutral,Negative
0,Bitcoin Investing vs. Invisible Hardware of the Nanocosm,1.0,0.165,0.811,0.024
1,'Amazon punishes competitors wherever it can:' NYU professor,0.983,0.112,0.836,0.053
2,Tech support: Best tech gadgets for Hot Vax Summer,0.542,0.2,0.8,0.0
3,Amazon-MGM Slammed by Tech Foes on Likely Path to Approval,0.994,0.122,0.819,0.059
4,Search for stock value,0.772,0.251,0.749,0.0
5,10 Best Small-Cap Stocks to Buy According to Billionaire Mario Gabelli,0.999,0.094,0.884,0.022
6,"Sugaberry founders: Hollywood 'getting busy' again after COVID, with new focus on diversity",0.997,0.133,0.817,0.049
7,3 Stocks for a Better Retirement,0.382,0.133,0.867,0.0
8,"Avid Technology, the Small-Cap Stock Powering the Streaming Revolution",0.422,0.149,0.851,0.0
9,3 Stocks to Watch as Streaming Services Grow in Popularity,0.999,0.178,0.804,0.018
10,"Nvidia, Costco, Salesforce, Apple and GDP - 5 Things You Must Know",0.403,0.121,0.879,0.0
