﻿,Titles,Polarity,Positive,Neutral,Negative
0,"As Markets Fall, Big Business Fights Back Against Disruptive Growth Stocks",-0.296,0.0,0.955,0.045
1,Why Affirm Holdings Stock Was Sinking Today,0.422,0.067,0.876,0.057
2,Expecting More Upside for Apple Heading Into Earnings,0.052,0.057,0.943,0.0
3,"Dow Jones Futures Await Fed Chief Powell After Inflation Report Hits Market Rally; Apple, Microsoft Lead, But ARK ETFs Offer Warning",0.0,0.0,1.0,0.0
4,What to expect from the tech sector in 2021 and beyond,0.0,0.0,1.0,0.0
5,"Apple, Microsoft and Google stocks close at record highs",0.572,0.096,0.904,0.0
6,"Bigger Tech: Apple, Microsoft, Alphabet, and Amazon All Reach New Highs",0.395,0.1,0.9,0.0
7,"Apple, Goldman Sachs planning 'buy now, pay later' service: Bloomberg News",0.637,0.067,0.892,0.041
8,Jim Cramer: Here's What You Can Do When Inflation Is Raging,0.612,0.179,0.821,0.0
9,"What Biden’s Antitrust Campaign Means for Amazon, Apple, and Facebook",-0.153,0.0,0.914,0.086
10,"Apple, Goldman Plan ‘Buy Now, Pay Later’ Service to Rival Affirm",0.997,0.113,0.842,0.045
11,Streaming got more 2021 Emmy nominations than broadcast and cable combined,0.995,0.108,0.873,0.02
12,"These big tech stocks, including Square and Tesla, are expected to show the best sales growth as the U.S. economy expands",0.202,0.088,0.861,0.05
13,Why Himax Technologies Stock Was Soaring During the First Half of 2021,0.807,0.14,0.86,0.0
14,Square Plans New iPad Payment Terminal With Built-In Tap-to-Pay,0.988,0.101,0.885,0.013
15,S&amp;P 500 Slips From Record as Banks Kickoff Earnings Season; Powell Eyed,0.955,0.076,0.871,0.053
16,Dow Lags As Banks Weigh But Nasdaq Hits New High; 3 Breakouts To Watch,-0.235,0.0,0.916,0.084
17,12 Best Stocks Under $50,1.0,0.121,0.845,0.034
18,"Google is in the hottest antitrust seat, but Apple and the rest of Big Tech shouldn’t breathe easy",-0.511,0.0,0.92,0.08
19,"Dow Jones Lags As Bank Stocks Weigh But Apple, Microsoft Lead Nasdaq Higher",0.119,0.103,0.814,0.083
20,Apple stock hits record high: can it go higher?,0.998,0.126,0.869,0.005
21,Demand for PCs Likely to Slow Down After Record High Shipments,0.989,0.107,0.864,0.028
22,"The Zacks Analyst Blog Highlights: Apple, UnitedHealth Group, Bank of America, Morgan Stanley and Applied Materials",0.998,0.137,0.839,0.024
23,3 Things About Invitae That Smart Investors Should Know,0.856,0.146,0.854,0.0
24,3 5G Stocks to Buy in July,0.785,0.105,0.895,0.0
