﻿,Titles,Polarity,Positive,Neutral,Negative
0,Nasdaq Slips As Biden Stimulus Raises These Fears; Dow Rallies; Warren Buffett Stock Crumbles,0.202,0.083,0.917,0.0
1,T-Mobile CEO: Our goal is to 'offer the best network experience and the best value',0.999,0.154,0.832,0.014
2,9 Epicenter Stocks That Are Rebounding After a Hard Pandemic Fall,0.999,0.082,0.9,0.018
3,Dow Jones Hits Record High As Nasdaq Gets Slammed; Bond Yields Jump,-0.422,0.0,0.887,0.113
4,3 Tech Stocks in Danger of a Dead-Cat Bounce,0.938,0.103,0.809,0.088
5,"Tech, Growth Stocks Under Pressure As Treasury Yields Rise",0.998,0.11,0.849,0.041
6,"The Zacks Analyst Blog Highlights: Apple, Google, Amazon and Gramin",0.999,0.113,0.87,0.017
7,"Apple Could Hit $3 Trillion Market Valuation, Analysts Say",0.958,0.096,0.888,0.017
8,"5 Top ""Winners Keep Winning"" Stocks",0.956,0.199,0.801,0.0
9,"4 Dow Stocks With 24% to 31% Upside, According to Wall Street",0.398,0.042,0.958,0.0
