﻿,Titles,Polarity,Positive,Neutral,Negative
0,Snap’s Earnings Are Thursday. All Eyes Are On Its Outlook.,-0.681,0.084,0.642,0.274
1,Apple (AAPL) Outpaces Stock Market Gains: What You Should Know,0.987,0.08,0.911,0.009
2,Google is pushing pause on hiring for 2 weeks,0.0,0.0,1.0,0.0
3,Wells Fargo Slashes Apple's Price Target By 10%; Expects In-Line Q3 Results,0.97,0.126,0.823,0.051
4,How to be a Long-Term Stock Investor,0.999,0.143,0.835,0.022
5,There’s a ‘tremendous opportunity’ for small business hiring: Executive,0.915,0.094,0.852,0.054
6,Apple Stock Is Mounting A Comeback; Why This Diagonal Spread Can Earn $500,0.477,0.061,0.939,0.0
7,Why Netflix’s Earnings Weren’t Enough to Restore Investor Confidence,0.186,0.065,0.935,0.0
8,Wells Fargo Expresses Caution Over Qualcomm - Read To Know,0.989,0.161,0.781,0.058
9,Apple's Latest Move Establishes Its Conviction In Healthcare Tech - Brief Overview,0.988,0.149,0.844,0.007
10,"TV rewatch podcasts are a ‘push towards nostalgia’, iHeartMedia CEO says",0.0,0.0,1.0,0.0
11,"AT&amp;T, Philip Morris, Union Pacific Earnings: 3 Things to Watch",0.768,0.058,0.909,0.033
12,Key Apple Supplier Foxconn Forge EV Partnership With NXP Semiconductors,0.986,0.147,0.823,0.03
13,Netflix earnings send streaming stocks higher,0.0,0.0,1.0,0.0
14,Why Hollywood’s obsession with the 1980s should fastforward to the 1990s,0.881,0.103,0.897,0.0
15,"Exclusive-EU likely to bolster Apple probe with new evidence, no new charges - sources",-0.969,0.052,0.842,0.105
16,"Apple Earnings Could Miss Estimates, Morgan Stanley Warns",0.0,0.0,1.0,0.0
17,Apple’s Stock Gloom Spreads as More Analysts Trim Price Targets,-0.872,0.072,0.83,0.098
18,"Stocks on the move: Salesforce, Disney, UnitedHealth, Netflix",0.0,0.0,1.0,0.0
19,2 Dividend Growth Stocks to Buy and Hold for Decades,0.727,0.098,0.902,0.0
20,"Netflix’s ad-support tier ‘remains to be figured out’, analyst says",0.66,0.183,0.758,0.059
21,"Market check: Stocks flat at open, bitcoin price jumps",0.0,0.0,1.0,0.0
22,Can Alphabet Thrive Amid Macroeconomic Headwinds?,-0.681,0.0,0.752,0.248
23,Snap’s Warning Looms Over Battered Online Ad Stocks,-0.75,0.077,0.836,0.087
24,10 Best Roth IRA Stocks to Buy and Hold for Long Term,0.999,0.136,0.855,0.008
25,10 Best Healthcare Stocks To Buy Now According To Motley Fool’s 1623 Capital,0.999,0.102,0.881,0.017
26,"Top Millennial, Gen Z Picks Shift To Dividend-Paying Stocks; Tesla Still No. 1, Bitcoin Popular Despite 'Crypto Winter' Worries",0.287,0.097,0.903,0.0
27,"Stocks To Buy And Watch: Top IPOs, Big And Small Caps, Growth Stocks",0.382,0.133,0.867,0.0
28,"TSLA Stock: Tesla Stock Quotes, Company News And Chart Analysis",0.402,0.106,0.829,0.065
29,Apple outlines health technology strategy in new report,0.991,0.138,0.847,0.015
30,"Google Bows Down To EU Tech Rules, Cuts Commission In Google Play App Store",0.958,0.106,0.855,0.039
31,2 Stocks to Invest in Virtual Reality,0.965,0.191,0.809,0.0
32,What's in the Offing for Infosys (INFY) This Earnings Season?,0.998,0.135,0.829,0.035
33,Apple’s China Shipments Surged in June After Lockdowns Lifted,0.526,0.076,0.851,0.073
34,"Google, Oracle Data Centers Suffer Outages Hit By Record Heat Wave In Britain",0.332,0.101,0.815,0.085
35,7 Best Stocks for College Graduates,1.0,0.146,0.833,0.022
36,Looking for a Dividend Growth Stock? Look No Further Than Apple,0.599,0.137,0.819,0.044
37,"Thailand admits to using phone spyware, cites national security",-0.861,0.062,0.859,0.079
38,5 Stocks Are Netting Warren Buffett a Combined $4.25 Billion in Annual Dividend Income,0.0,0.0,1.0,0.0
