﻿,Titles,Polarity,Positive,Neutral,Negative
0,"Possible Justice Department lawsuit looms over Apple, which is facing scrutiny worldwide",0.0,0.0,1.0,0.0
1,UPDATE 3-Apple closes all New York City stores to shoppers as COVID-19 cases rise,0.93,0.091,0.894,0.015
2,'Spider-Man' notches more than $1B in global ticket sales as 'Matrix Resurrections' disappoints,0.402,0.078,0.922,0.0
3,Apple Closes Its New York City Stores to Shoppers After Covid Spike,0.937,0.068,0.892,0.04
4,Apple closes all New York City stores to shoppers as COVID-19 cases rise,0.912,0.083,0.901,0.015
5,"Big Tech heads for ‘a year of thousands of tiny tech papercuts,’ but what antitrust efforts could make them bleed?",0.0,0.0,1.0,0.0
6,Why Apple Stock Was Up Today,0.778,0.104,0.896,0.0
7,Anatomy of a 10-Bagger,1.0,0.166,0.788,0.046
8,Stock market outlook: Sectors to watch going into 2022,-0.178,0.0,0.941,0.059
9,Apple's stock rallies toward 24th record close of the year,0.459,0.046,0.954,0.0
10,Why Are Meta Shares Rising Today?,0.988,0.171,0.822,0.006
11,Give the Gift of Investing With This Classic Stock Bundle,0.852,0.407,0.593,0.0
12,Meta Gains as KeyBanc Sees Strong Holiday Sales for Oculus Headset,0.986,0.136,0.835,0.029
13,Apple Stock: Bull vs. Bear,-0.128,0.055,0.86,0.086
14,21 insanely wealthy people who aren't leaving it to the kids,1.0,0.154,0.799,0.046
15,S&amp;P 500 Sets a New All-Time High as Tech and Energy Drive Markets Higher,0.973,0.076,0.88,0.044
16,Silicon Valley’s Push Into Cars Is Testing Aptiv's Tech Makeover,0.998,0.083,0.887,0.03
17,Top 5 Active Noise Cancelling Headphones Tested,0.785,0.301,0.699,0.0
18,"Pre-Market Movers: Godaddy Pops, Didi, Airlines, and BridgeBio Pharma Sell Off",0.929,0.096,0.838,0.065
19,What To Expect From Global Markets In 2022: Growth and the Rise of Small Caps,0.997,0.124,0.825,0.052
