﻿,Titles,Polarity,Positive,Neutral,Negative
0,3 Small-Cap Healthcare Stocks Worth a Look,0.103,0.039,0.926,0.034
1,Biden to Nominate Big Tech Foe Jonathan Kanter to Head Justice’s Antitrust Division,0.0,0.0,1.0,0.0
2,Netflix confirms it's diving deeper into the video game industry with free mobile games,0.967,0.081,0.887,0.032
3,10 Growth Stocks Reddit’s WallStreetBets Is Buying,1.0,0.114,0.861,0.025
4,Biden Names Tech Foe Jonathan Kanter as DOJ Antitrust Chief,0.977,0.09,0.849,0.061
5,Apple (AAPL) Reports Next Week: Wall Street Expects Earnings Growth,0.997,0.121,0.843,0.036
6,"Stocks and bond yields jumping, Apple looks to lease Hollywood Hub, Bitcoin falls below $30K",0.0,0.0,1.0,0.0
7,Verizon to make Google's Messages default app on Android devices from 2022,0.681,0.04,0.95,0.01
8,Apple’s Earnings Are Next Week. Analysts Are Expecting More.,0.296,0.099,0.901,0.0
9,Why Apple Stock Floated Higher Today,0.898,0.137,0.863,0.0
10,Netflix reports Q2 earnings today — Here's what analysts expect,0.9,0.056,0.912,0.032
11,Optimism Rising On Wall Street Ahead Of Apple Earnings Report,0.0,0.0,1.0,0.0
12,"S&amp;P 500 Makes Comeback as Airlines, Banks Shine",0.976,0.084,0.886,0.03
13,Stock market is at risk of a correction if the COVID-19 Delta variant causes this to happen,-0.948,0.037,0.889,0.074
14,What Disney and Apple Investors Should Look for During Earnings,0.318,0.037,0.963,0.0
15,"Dow Jones Surges As IBM Jumps On Earnings; Apple Stock Rallies, While Netflix Earnings On Deck",0.0,0.0,1.0,0.0
16,1 Way to Be a Less Fearful Investor,0.103,0.052,0.902,0.046
17,Apple delays return to office as U.S. COVID cases spike: RPT,-0.318,0.0,0.901,0.099
18,"Dow Jones Climbs As IBM Jumps On Earnings; Apple Stock Rallies, While Netflix Earnings On Deck",0.0,0.0,1.0,0.0
19,10 Cheap Monthly Dividend Stocks to Buy Now,1.0,0.152,0.832,0.016
20,"Earnings Pace Picks Up Later Today With Chipotle, Netflix Expected To Report",0.998,0.127,0.794,0.079
21,S&amp;P 500 Stages Rebound on Dip-Buying Activity,0.931,0.075,0.878,0.047
22,Apple Reportedly Searches for LA Production Facility,0.71,0.257,0.743,0.0
23,"IBM's Q2 Earnings &amp; Revenues Surpass Estimates, Stock Up",0.999,0.109,0.883,0.008
24,"Apple Rises as UBS Lifts Target, Expects iPhone Sales to Climb",0.527,0.196,0.804,0.0
25,Where Will TSMC Be in 5 Years?,0.832,0.404,0.596,0.0
26,Delta variant will likely create a 'sloppy' stock market this summer: strategist,-0.863,0.027,0.921,0.052
27,5 Blue-Chip Stocks Poised to Beat Earnings Results This Month,0.999,0.128,0.863,0.009
28,Apple Staying Strong Amid Chip Shortage,0.967,0.08,0.914,0.006
29,15 Chip Stocks That Are Cheap After the Recent Tech Pullback,-0.459,0.0,0.818,0.182
30,"IBM, Apple and Halliburton Rise Premarket; PPG Falls",0.962,0.117,0.827,0.056
31,Dow Futures 160 Pts Higher as IBM Posts Strong Results,0.871,0.113,0.8,0.086
32,"Nvidia, Blue Origin and Jeff Bezos, Apple, Netflix - 5 Things You Must Know Tuesday",-0.402,0.0,0.915,0.085
33,Apple Will Postpone Return to Office After Covid-19 Persists,-0.242,0.054,0.895,0.051
