﻿,Titles,Polarity,Positive,Neutral,Negative
0,China's Realme eyes Europe's high-end smartphone market with new launch,0.981,0.095,0.864,0.042
1,"Dow Jones Futures Fall On Microsoft Earnings; Stock Market Volatile As Fed Meeting, Tesla Earnings Loom",0.0,0.0,1.0,0.0
2,Why I’m Happy About Today’s Selloff,0.999,0.121,0.853,0.026
3,Microsoft’s Slowing Cloud Growth Casts Shadow Over Report,0.992,0.101,0.856,0.042
4,7 Dividend Paying Stocks With Large Share Buyback Programs,1.0,0.1,0.889,0.011
5,Market check: Stocks pare steep losses in another intraday reversal,0.0,0.0,1.0,0.0
6,Apple Reports Earnings Thursday. Here’s Why at Least One Analyst Is Cautious.,-0.039,0.193,0.68,0.127
7,10 Low Profile Stocks that Surprised in 2021,1.0,0.144,0.832,0.024
8,7 Meta Stocks to Buy after Take-Two Buys Zynga,0.999,0.11,0.877,0.012
9,S&amp;P 500 Corrects Ahead Of Fed Meeting: Let's Check The Technicals,0.999,0.11,0.839,0.051
10,Apple's (AAPL) Supply Chain Woes Persist Ahead of Q1 Results,0.993,0.101,0.872,0.027
11,First National Bank Sioux Falls Buys Amazon. ...,0.996,0.064,0.932,0.004
12,"The Big Tech earnings boom is over, and investors are now searching for safety",0.7,0.163,0.837,0.0
13,Stocks plunge as investors await Fed meeting,0.0,0.0,1.0,0.0
14,"Apple headed for more sales records despite supply-chain issues, but what lies ahead?",-0.34,0.082,0.793,0.125
15,Apple (AAPL) to Report Q1 Earnings: What's in the Offing?,0.999,0.149,0.839,0.013
16,"Market strategist: 'Until we get capitulation, we won't see a bottom'",0.382,0.069,0.931,0.0
17,Meme stock frenzy was the crazy story that 'didn’t beat Wall Street': WSJ editor,0.0,0.0,1.0,0.0
18,"Tesla, Abbott Labs, Intel Earnings: 3 Things to Watch",0.983,0.121,0.827,0.051
19,"Apple’s privacy initiatives ‘created a big challenge’ for Snap, Facebook: Analyst",0.25,0.081,0.882,0.036
20,10 Mutual Funds to Buy in 2022,1.0,0.133,0.86,0.007
21,"Retail investors played a big role in both wild market rout and the reversal, data suggests",0.889,0.048,0.927,0.025
22,Google Outlines a New Plan for Online Ad Tracking After Blowback,0.761,0.067,0.892,0.041
23,What the Unequal Distribution of Monthly Website Visits Tells Us About Apple’s Q1,0.97,0.058,0.927,0.015
24,"PDS Planning, Inc Buys Apple Inc, iShares Core U.S. ...",0.995,0.057,0.937,0.005
25,Is a Surprise Coming for Apple (AAPL) This Earnings Season?,0.997,0.191,0.809,0.0
26,3 Reasons to Buy Apple Stock in 2022 -- And Never Sell,-0.178,0.034,0.918,0.048
27,Here Are the 5 Best Dividend Stocks to Buy for 2022,0.619,0.114,0.886,0.0
28,Hollywood’s best new genre is the scandalous startup founder takedown,0.0,0.0,1.0,0.0
29,Taiwan Dangles Incentives to Strengthen Global Chipmaking Lead,0.987,0.097,0.87,0.033
30,EU Official to U.S. Tech Firms: Child Sex Abuse Rules Are Coming,0.542,0.082,0.841,0.077
31,The New York Times Co. + The Athletic. Will It Work?,0.395,0.09,0.849,0.062
32,Rule Breaker Investing: Essays From Yesterday Volume 3,0.116,0.09,0.844,0.066
33,"Commerzbank Aktiengesellschaft  Buys Apple Inc, Meta Platforms Inc, Eli Lilly and Co, Sells ...",0.986,0.057,0.937,0.006
