﻿,Titles,Polarity,Positive,Neutral,Negative
0,Apple (AAPL) Gains But Lags Market: What You Should Know,0.992,0.101,0.879,0.02
1,US STOCKS-Stocks rebound in late-day rally on Wall Street,0.957,0.085,0.875,0.04
2,Invacare Corporation Appoints Stephanie L. Fehr to Board of Directors,0.996,0.149,0.83,0.022
3,Prince Harry's new boss talks about BetterUp's new famous employee,0.995,0.099,0.897,0.004
4,Treasury bonds and the dollar are flashing warning signs for stocks,0.226,0.091,0.909,0.0
5,How higher taxes can become a significant driver for investors,0.0,0.0,1.0,0.0
6,3 International Companies Whose Products You'll Soon Use,0.572,0.072,0.903,0.025
7,Artificial Intelligence to Reign Post-Pandemic World: 5 Picks,1.0,0.149,0.84,0.011
8,3 5G Stocks to Buy Right Now,0.735,0.112,0.888,0.0
9,"Tech stocks, with the exception of one, are 'frustrating a lot of investors': analyst",0.996,0.137,0.813,0.05
10,Ray Dalio: Current bubble ‘halfway’ to 2000 and 1929,0.977,0.091,0.891,0.018
11,"Tesla, Nio, And Riot Blockchain Trump FAANG Stocks For Indian Investors",0.861,0.084,0.871,0.045
12,"Apple Co-Founder Steve Jobs' Signed Job Application Sells For Over $220,000 In UK Auction",0.909,0.049,0.944,0.006
13,RH (RH) Q4 2020 Earnings Call Transcript,0.0,0.0,1.0,0.0
14,EU Deploys Region’s Largest VC Fund to Create Local Unicorns,0.995,0.108,0.868,0.024
