﻿,Titles,Polarity,Positive,Neutral,Negative
0,Facebook whistleblower to testify in hearing targeting Big Tech's legal immunity,0.931,0.068,0.893,0.039
1,Apple stock reaches new highs amid broader market selloff,0.984,0.135,0.848,0.017
2,"Dow Jones Futures: Market Rally Skids On This Powell Comment, Moderna's Omicron Variant Fears; Salesforce, Zscaler, Tesla Rivals Nio, Li Auto, Xpeng In Focus",-0.422,0.0,0.882,0.118
3,"Dow Jones Dives On This Powell Inflation Warning; Moderna Falls On Covid Fear; Apple, Tesla Stock Rally",-0.637,0.0,0.802,0.198
4,Dow Jones Dives On Powell Inflation Warning; Moderna Falls On This Covid Fear; Tesla Stock Rallies,-0.637,0.0,0.802,0.198
5,Apple Stock Gained as Tech Stocks Fell. This Is Why.,0.625,0.181,0.819,0.0
6,Stock Market Today: Dow Drops 652 Points After Powell Signals Faster Taper,0.989,0.075,0.888,0.037
7,Dow Jones Dives As Powell Gives This Inflation Warning; Moderna Falls As Covid Threat Rises; Tesla Stock Flexes,-0.637,0.0,0.802,0.198
8,10 Dividend Stocks With Growth Potential,1.0,0.123,0.842,0.035
9,Investors Unfazed as Microsoft CEO Nadella Sells Shares,0.0,0.0,1.0,0.0
10,9 Stocks to Buy Before Inflation Fears Take Hold,0.999,0.09,0.878,0.032
11,7 Chip Stocks to Buy as the Supply Crunch Carries On,1.0,0.112,0.881,0.007
12,Apple stock sticks out as it jumps into record territory while the Dow and the rest of its components drop,0.891,0.15,0.805,0.045
13,Omicron variant hits travel and reopening stocks — is it time to buy?,0.796,0.054,0.912,0.035
14,3 Metaverse Moonshots With Actual 10x Potential,0.999,0.108,0.86,0.032
15,S&amp;P 500 Off Lows but Pain Continues as Powell Signals Faster Taper,0.991,0.124,0.808,0.067
16,GIFs Were the Last Straw: Facebook Gets First Order to Unwind Completed Deal,-0.931,0.055,0.877,0.068
17,Better Buy: Netflix Stock or Every Nasdaq Stock?,0.92,0.209,0.725,0.066
18,"Stocks Slammed As Fed Chief Powell Strikes Hawkish Tone; Apple, Pfizer, Fox Factory Stand Tall",-0.361,0.0,0.848,0.152
19,Powell Delivers a Sucker Punch,-0.888,0.028,0.82,0.152
20,1 Fast-Growing Stock Reshaping Its Industry,0.891,0.134,0.842,0.024
21,"Alphabet Is King of the FAANG Stocks, and It's Not Even Close",0.948,0.184,0.816,0.0
22,Best Amazon Tech Still On Sale,0.637,0.198,0.802,0.0
23,Apple Announces Third Annual Apple Music Award Winners: The Weeknd Wins Global Award for Artist of the Year; Olivia Rodrigo and H.E.R. Also Take Home Top Awards,1.0,0.149,0.832,0.019
