﻿,Titles,Polarity,Positive,Neutral,Negative
0,7 Hot Growth Stocks to Buy in September,1.0,0.148,0.823,0.029
1,"Why Apple, Meta Platforms, and Salesforce Stocks Traded Lower on Tuesday",0.016,0.066,0.868,0.065
2,Dow Jones Futures: Market Rally Breaks Lower As Jobs Report Intensifies Fed Rate Hike Fears,-0.153,0.135,0.7,0.165
3,"Tech stocks: MATANA is the new FAANG, analyst says",0.999,0.105,0.866,0.029
4,7 Hot Tech Stocks to Buy in September,0.999,0.084,0.895,0.021
5,"More young, middle-class Americans flock to dollar stores, seeking a refuge from inflation",-0.511,0.0,0.809,0.191
6,Facebook Aborts Game Streaming App After Losing To Amazon's Twitch,0.916,0.098,0.855,0.046
7,Stock Market Today: Dow Stumble Continues as Tech Bleeds on Rate Hike Fears,0.637,0.087,0.823,0.09
8,Best Buy says pricey smartphone sales holding strong ahead of next iPhone launch,0.988,0.192,0.775,0.033
9,S&amp;P 500 Slips on Tech Rout as Strong Economic Data Stoke Hawkish Fed Jitters,0.852,0.095,0.814,0.092
10,Are Options Traders Betting on a Big Move in Apple (AAPL) Stock?,0.984,0.099,0.876,0.025
11,Top 10 Stock Picks of Robert B. Gillam’s McKinley Capital Management,0.998,0.12,0.845,0.035
12,10 Best Cheap Semiconductor Stocks to Buy and Hold,0.999,0.115,0.867,0.017
13,10 Dividend Stocks to Buy According to Jim Simons’ Renaissance Technologies,1.0,0.117,0.88,0.003
14,"Australia demands Apple, Meta, Microsoft share anti-abuse steps, threatens fines",-0.93,0.05,0.867,0.082
