﻿,Titles,Polarity,Positive,Neutral,Negative
0,Another Netflix price hike? Why one analyst says streaming giant is 'substantially underpriced',0.992,0.1,0.884,0.016
1,Snap Stock Is Plunging. Apple Ad Changes Hurt Revenue.,-0.527,0.0,0.866,0.134
2,CFPB Requests Data From Tech Giants in Probe of Payments Systems,0.178,0.086,0.914,0.0
3,"Snap stock plummets as it blames Apple for sales miss, Facebook and Google also drop",-0.226,0.07,0.831,0.099
4,"Snapchat Tops 300 Million Daily Users in Q3, Snap Stock Crashes on Revenue Miss and Impact of iPhone Privacy Change",0.985,0.083,0.889,0.028
5,Google Stock Shrugs Off Cut In Mobile App Store Developer Fees,0.026,0.078,0.848,0.074
6,"Snap Tumbles as Apple Changes, Supply Chain Weigh on Ads",-0.67,0.04,0.909,0.051
7,"UPDATE 1-Snap shares drop 25% as revenue falls short, Apple privacy bites ads business",0.882,0.094,0.846,0.06
8,Snap revenue falls short as Apple privacy changes hurt ads business,0.781,0.086,0.851,0.063
9,Google Whistle-Blower Says Speaking Out Is Harder Than It Seems,-0.982,0.065,0.832,0.103
10,Google Stock Slips As Mobile App Store Developer Fees Halved,0.026,0.078,0.848,0.074
11,Apple (AAPL) Earnings Expected to Grow: What to Know Ahead of Next Week's Release,0.999,0.153,0.802,0.045
12,Why Match Group Stock Jumped on Thursday,0.586,0.114,0.828,0.058
13,Google Will Cut App Store Fees for Subscriptions to 15% From Day One,0.993,0.138,0.819,0.043
14,"Google lowers app store fees to 15% amid scrutiny from developers, regulators",0.361,0.11,0.839,0.05
15,"Why Apple, FedEx, Microsoft Stocks Look Ready For Bullish Continuation",0.852,0.069,0.873,0.058
16,Apple Privacy Moves Hit Snap Results Hard,-0.194,0.047,0.899,0.054
17,Wireless Carriers Are Winning 5G Customers for the Wrong Reason,0.34,0.201,0.697,0.102
18,Snap Crackles on Slowing Revenue Growth as Apple Privacy Changes Weigh,0.906,0.076,0.897,0.027
19,Google to Slash Fee It Takes From Subscriptions on App Store,0.938,0.082,0.856,0.062
20,"S&amp;P 500 Notches New All-Time High as Big Tech, Tesla Shine",0.93,0.078,0.875,0.047
21,11 Safe Stocks To Buy According To Hedge Funds,1.0,0.152,0.83,0.018
22,Apple Device Shortages Threaten Record-Setting Holiday Blitz,-0.866,0.047,0.89,0.062
23,Checking In on the Retail Sector,0.0,0.0,1.0,0.0
24,Facebook (FB) to Report Q3 Earnings: What's in the Cards?,0.997,0.14,0.848,0.012
25,S&amp;P 500 Fights Back From Session Lows to Keep Record in Sight,0.361,0.059,0.889,0.052
26,Here's What Apple Is Doing to Protect This Lucrative Multibillion-Dollar Revenue Stream,-0.751,0.068,0.762,0.17
27,Microsoft Surface Duo 2 review: A two-screen phone that’s not quite ready,0.998,0.11,0.851,0.039
28,"CFPB Tells Amazon, Apple, Facebook, Google to Give Payment System Info",0.956,0.116,0.86,0.024
29,An Intrinsic Calculation For Apple Inc. (NASDAQ:AAPL) Suggests It's 20% Undervalued,0.999,0.148,0.832,0.02
30,Apple To Make Unvaccinated Office Workers Face Daily Covid-19 Testing: Report,0.03,0.053,0.947,0.0
31,"Apple Bağdat Caddesi opens Friday, October 22, in Istanbul",0.998,0.114,0.88,0.006
