﻿,Titles,Polarity,Positive,Neutral,Negative
0,Chipotle Workers Push to Form Union at Maine Location,0.939,0.107,0.817,0.076
1,"Dow Futures Ease After Positive Session, FedEx Reports",0.856,0.091,0.84,0.069
2,The Best Early Amazon Prime Day Apple Deals of 2022,0.178,0.075,0.925,0.0
3,"UPDATE 1-Apple and Android phones hacked by Italian spyware, Google says",-0.314,0.038,0.926,0.036
4,Apple's 'Buy Now Pay Later' Could Be Major Fintech Disruptor,-0.44,0.0,0.957,0.043
5,Apple Stock-Is Now the Right Time To Add Shares?,0.871,0.13,0.834,0.036
6,"RPT-Apple and Android phones hacked by Italian spyware, Google says",-0.314,0.039,0.924,0.037
7,Shopify (SHOP) Unveils New Tools to Beat Market Slowdown,0.996,0.129,0.844,0.026
8,"The Crisis At Disney: Part 3, Does Disney Still Have A Competitive Edge?",0.999,0.104,0.859,0.037
9,TikTok Turns on the Money Machine,0.999,0.091,0.86,0.049
10,"Apple would be unwise to fight 'lopsided' union vote, expert says",0.988,0.104,0.838,0.059
11,Spyware Vendors Hawking Zero-Day Flaws Uncovered by Google,-0.871,0.054,0.864,0.082
12,Apple's deal with the MLS is being closely watched by other pro sports leagues,0.0,0.0,1.0,0.0
13,"Apple store in Maryland becomes first in U.S. to unionize, NLRB opposes Starbucks anti-union efforts",0.273,0.104,0.896,0.0
14,MicroStrategy Bulls Unfazed by Double Dose of Pain,0.987,0.088,0.857,0.054
15,3 Top Tech Stocks That Could Help Make You Rich by Retirement,0.769,0.138,0.799,0.063
16,Billionaire Richard Chilton is Selling These 10 Tech Stocks,0.998,0.073,0.901,0.026
17,10 Best Staffing Company Stocks To Invest In,0.999,0.115,0.869,0.016
18,3 Warren Buffett Stocks You'll Wish You'd Bought 5 Years From Now,0.765,0.105,0.895,0.0
19,"5 Buy Now, Pay Later Trends Smart Investors Are Watching",0.083,0.085,0.82,0.095
20,The 3 Most Buzzworthy Stock Splits to Keep on Your Radar in 2022,0.996,0.093,0.891,0.016
21,"Apple Says US Bill Would Make App Store Less Secure, But Its Critics Aren’t So Sure",0.973,0.077,0.877,0.046
22,"Loot, Apple TV Plus review — Maya Rudolph shines in a comedy of adultery and absurd wealth",0.637,0.224,0.776,0.0
23,"Tech stocks: 'We haven't seen the potential second leg down,' strategist says",-0.854,0.061,0.848,0.09
24,Warren Buffett Has Bet the Farm on These 4 Stocks,0.813,0.203,0.797,0.0
