﻿,Titles,Polarity,Positive,Neutral,Negative
0,Analyst on social media platforms: ‘Copycatting TikTok is a big trend right now’,0.34,0.097,0.866,0.037
1,"Snap Says Quarterly Revenue Misses Estimates, Citing Ukraine War",0.971,0.103,0.836,0.062
2,Apple Watch Series 7 vs. Fitbit Versa 3: Which Smartwatch Deserves a Look,0.684,0.109,0.891,0.0
3,Apple (AAPL) Reports Next Week: Wall Street Expects Earnings Growth,0.999,0.154,0.803,0.043
4,10 Technology Stocks to Invest in According to Billionaire Paul Tudor Jones,1.0,0.128,0.854,0.018
5,Apple Spends Record on Lobbying Amid Pressure from Congress,0.965,0.088,0.855,0.056
6,Stock Market Today: Dow Falls on Tech Tantrum as Powell Tees Up Larger May Hike,-0.348,0.074,0.844,0.082
7,PTC Set to Acquire Intland Software to Boost ALM Portfolio,0.997,0.135,0.845,0.02
8,Apple retail workers in Atlanta file union vote petition,0.989,0.076,0.917,0.007
9,"HBO subscribers grow to nearly 77 million, United Airlines stock rises on earnings",0.982,0.106,0.866,0.028
10,"Apple Facing Supply Chain and Inflation Headwinds, Says Moness Crespi",0.572,0.095,0.822,0.083
11,S&amp;P 500 Slides as Bearish Bets on Tech Resume  After Powell Tees Up 50BPS Hike,0.83,0.092,0.831,0.077
12,"Got $1,000? Buy These Hot Growth Stocks Before They Take Off",-0.318,0.115,0.766,0.118
13,Apple (AAPL) Rolls Out Child Safety Features in UK iPhones,0.983,0.093,0.863,0.044
14,2 No-Brainer Growth Stocks to Buy While the Market Is Down,0.788,0.142,0.829,0.029
15,MSCI Set to Report Q1 Earnings: Will It Deliver a Beat?,0.997,0.127,0.858,0.015
16,Market strategist: Investor pessimism rises amid ‘tumultuous year’ for stocks,0.128,0.097,0.824,0.079
17,10 Finance Stocks to Buy Today According to Billionaire Israel Englander,1.0,0.134,0.853,0.013
18,Factors Likely to Influence CACI's Fate in Q3 Earnings,0.997,0.12,0.877,0.003
19,Banning software sales to Russia a ‘case of good and evil:’ Appian CEO,-0.437,0.045,0.909,0.046
20,The World's Most Valuable Companies From 2000 to 2022,0.0,0.0,1.0,0.0
21,What's in the Offing for Tyler (TYL) This Earnings Season?,0.998,0.104,0.889,0.007
22,Check Point (CHKP) to Report Q1 Earnings: What's in Store?,0.997,0.125,0.858,0.017
23,Apple Earnings: What to Watch,-0.25,0.099,0.679,0.222
24,Tesla’s Stock Stands Apart From the Growth Pack: Tech Watch,0.995,0.127,0.799,0.074
25,Tesla’s Stellar Earnings Show the Challenge Jerome Powell Is Facing,0.026,0.073,0.857,0.07
26,This Will Be a $20 Billion Industry in 10 Years,-0.44,0.0,0.957,0.043
27,This math shows why Netflix’s stock price could plunge to $121,0.637,0.143,0.758,0.099
28,Forget Apple and Bank of America: This Is Warren Buffett's Favorite Stock,0.838,0.107,0.877,0.017
29,PRESS DIGEST- New York Times business news - April 21,0.66,0.071,0.888,0.041
