﻿,Titles,Polarity,Positive,Neutral,Negative
0,"Voltswagen Was a Joke? Either Way, the Message Is Clear.",0.0,0.0,1.0,0.0
1,"What To Know About 20th Television Animation, Disney's New Adult-Oriented Cartoon Unit",0.977,0.088,0.912,0.0
2,"Top Stock Reports for Apple, Alibaba &amp; AT&amp;T",0.999,0.161,0.787,0.052
3,"GLOBAL MARKETS-Dollar gains, global stocks slip as big tech weighs",0.958,0.079,0.873,0.047
4,Arm Takes Aim at Intel Chips in Biggest Tech Overhaul in Decade,0.985,0.105,0.887,0.008
5,Apple Faces New Challenge from ‘Fortnite’ Developer With Complaint to Competition Regulator,-0.226,0.074,0.8,0.126
6,Apple faces new competition complaint from Epic Games in global battle over App Store payments,0.0,0.113,0.773,0.113
7,"Apple Supplier Foxconn: Chip Supply Shortage Will Hurt Shipments, Last Through 2022",-0.99,0.018,0.868,0.114
8,Apple iPhone Assembler Warns Of 'Materials Shortages',-0.273,0.0,0.923,0.077
9,Apple plans to host all-virtual WWDC event beginning June 7,-0.026,0.02,0.959,0.021
10,Apple Developers Conference Will Be Online Again,0.0,0.0,1.0,0.0
11,Dow Jones Dips As Treasury Yields Rise; Apple Falls As Tech Struggles; Google Parent Upgraded,0.202,0.073,0.927,0.0
12,"Smartphone Maker Xiaomi Confirms EV Venture, Plans $10B Investment Over 10 Years",0.984,0.122,0.862,0.015
13,"Dow, Tech Stocks Sell Off As Treasury Yields Hit New Highs; Apple, Tesla Slide",0.202,0.07,0.93,0.0
14,Apple (AAPL) Expands Apple TV+ Content With Documentaries,0.997,0.136,0.851,0.013
15,Apple to host developers event online again as COVID-19 cases surge,0.836,0.063,0.937,0.0
16,UPDATE 1-Apple to host developers event online again as COVID-19 cases surge,0.836,0.061,0.939,0.0
17,"Dow Futures, Tech Futures Fall As Treasury Yields Hit New Highs; Apple, Tesla Set To Slide",0.202,0.067,0.933,0.0
18,Apple’s Worldwide Developers Conference is Back in its All-Online Format,0.999,0.16,0.839,0.002
19,Why Do Baby Boomers Hate Square?,0.71,0.086,0.914,0.0
20,2 Top Growth Stocks to Buy in a Market Crash,0.807,0.342,0.658,0.0
21,Will We See More Weakness for Apple in the Second Quarter?,-0.25,0.0,0.959,0.041
22,"Is Now The Time To Buy Stock In Nokia, Nio, Amazon, Peloton, Netflix Or Apple?",0.906,0.065,0.906,0.029
23,UPDATE 1-Epic Games files complaint against Apple with UK regulator,-0.922,0.045,0.855,0.1
24,This Apple Chipmaker Is Primed for a Rebound in April,0.896,0.149,0.814,0.036
25,Apple to Hold Developers Conference June 7-11 Online,0.0,0.0,1.0,0.0
26,Epic Games files complaint against Apple with UK regulator,-0.922,0.046,0.852,0.102
27,4 Stocks to Watch as Pandemic Boosts Contactless Payments,0.997,0.106,0.875,0.018
28,Google Maps is getting major updates just in time for the world to reopen,0.991,0.073,0.91,0.017
29,3 Stocks to Watch Amid Rising Demand for Smart Speakers,1.0,0.242,0.749,0.01
30,"U.S.-China Tensions Worsened Chip Crunch, TSMC Chairman Says",-0.652,0.059,0.874,0.067
31,Apple Customers Will Get Access To Independent Repairs In Most Countries By End Of Year,0.945,0.071,0.904,0.025
32,"iPhone Maker Foxconn Q4 Earnings Drop YoY, Miss Street Estimates",0.925,0.074,0.896,0.03
33,Xiaomi Plans $15 Billion Foray into Electric Cars,0.905,0.055,0.921,0.024
34,Apple Slips Lower As Supplier Foxconn Cautions on 'Materials Shortage',0.016,0.094,0.816,0.091
35,Foxconn’s Profit Misses Estimates as Pivot to Cars Accelerates,0.985,0.099,0.876,0.025
36,Xiaomi looks to overtake Huawei,0.402,0.047,0.953,0.0
