﻿,Titles,Polarity,Positive,Neutral,Negative
0,Has Alphabet Just Opened the Stock Split Floodgates?,0.996,0.088,0.886,0.026
1,"Apple Stores Drop Mask Mandates, Plan Return of In-Store Classes",0.34,0.045,0.916,0.039
2,"Why Apple, Appian, and Lemonade Stocks Are Falling Tuesday",-0.66,0.028,0.861,0.111
3,Donald Trump's Social Media Venture Tops Downloads On Apple App Store,0.967,0.111,0.876,0.013
4,S&amp;P 500 Stumbles as Bets on Diplomatic Path to Russia-Ukraine Crisis Fade,0.993,0.121,0.838,0.041
5,Want to Get Richer? 5 Best Stocks to Buy Now and Hold Forever,0.923,0.17,0.81,0.02
6,9 Stocks to Buy According to Billionaire Andreas Halvorsen’s Viking Global,1.0,0.152,0.841,0.007
7,"Today's Market: Russian Troops Enter Ukraine, Meritor Surges 45%, Oil Hits $96",0.226,0.091,0.909,0.0
8,3 Stocks to Invest in Virtual Reality,0.44,0.153,0.847,0.0
9,Is Roku Stock a Buy Now?,0.0,0.0,1.0,0.0
10,"Read How JPMorgan Views Meta, Apple, Amazon, Netflix",0.941,0.07,0.91,0.019
11,10 Best Most Active Stocks To Buy Now,0.999,0.101,0.864,0.035
12,Trump's Truth Social downloaded 170k times on Apple App Store - Apptopia,0.572,0.072,0.928,0.0
13,Could Unity Software Become the Next Apple?,0.717,0.083,0.902,0.015
14,"Dubsmash, No Match for TikTok, Dies Quietly After a Run at Viral Fame",0.985,0.076,0.885,0.039
15,Trump's Social Media App Banks On Startup Looking to Disrupt Big Tech,0.984,0.086,0.864,0.05
16,Dow Jones Futures Off Lows: Putin Recognizes Ukraine Separatist Regions; Germany Halts Nord Stream 2 Pipeline,-0.296,0.0,0.879,0.121
17,Investing like a recession is coming makes no sense: strategist,0.874,0.125,0.772,0.103
18,Dow Jones Futures Slash Losses; Russia's Putin Recognizes Ukraine Separatist Regions,-0.296,0.0,0.879,0.121
19,Trump-Linked DWAC Soars After Truth Social Goes Live,0.802,0.084,0.872,0.044
20,The Under-the-Radar Stock Warren Buffett Has Spent $51 Billion Buying Over 3 Years,0.854,0.143,0.832,0.025
21,"Apple Supplier Luxshare Eyes $2 Billion For Device, EV Expansion",0.948,0.125,0.801,0.074
