﻿,Titles,Polarity,Positive,Neutral,Negative
0,"Dow Jones Rips 600 Points Higher, Led By Boeing, Apple; Zoom Video Surges Late On Earnings",0.494,0.113,0.887,0.0
1,Dow Jones Rises Over 700 Points As Indexes Recover Some Of Last Week's Sell-Off; These Dow Stocks Trade Near Buy Zones,0.896,0.41,0.59,0.0
2,Warren Buffett signals more stock buybacks coming this year in annual letter,0.999,0.139,0.821,0.04
3,"Dow Jumps 600 Points As House Passes Stimulus Bill; Tesla Rebounds, While Nio, Zoom Video To Report Earnings",0.0,0.0,1.0,0.0
4,5 Top-Rated S&amp;P 500 Growth Stocks to Buy in March,0.999,0.159,0.826,0.015
5,February Ends in Green Amid Extreme Volatility: 5 Top Picks,0.999,0.141,0.839,0.02
