﻿,Titles,Polarity,Positive,Neutral,Negative
0,Apple Car Chief’s Departure Puts Its Next Big Thing in Doubt,0.993,0.08,0.894,0.026
1,Apple Could Announce New iPhones Later This Month,0.0,0.0,1.0,0.0
2,Warren Buffett says these are the very best businesses to own,0.996,0.122,0.862,0.017
3,"Dow Jones Futures: Market Rally Mixed As Apple Hits New High, Bitcoin Dives; Tesla, Facebook, PayPal Lead Five Giants In Buy Range",0.0,0.0,1.0,0.0
4,Disney And Apple Lead The Dow Jones,0.66,0.084,0.849,0.066
5,Apple expected to launch new iPhone 13 at September 14 event,0.986,0.077,0.901,0.022
6,10 Best Stocks to Buy According to Billionaire Ken Fisher,0.999,0.107,0.864,0.029
7,Apple Sets Sept. 14 as Date for Launch Party. The iPhone 13 Could Make Its Debut.,0.0,0.0,1.0,0.0
8,UPDATE 2-Ford poaches Apple's car project chief Doug Field,0.972,0.089,0.895,0.016
9,Apple car project chief to leave for Ford - Bloomberg News,0.0,0.0,1.0,0.0
10,"Apple announces expected iPhone launch event, stock heads for another record",0.599,0.126,0.874,0.0
11,Apple Inc.: 52-Week High Recently Eclipsed (AAPL),0.991,0.114,0.874,0.012
12,Apple Invites Media Outlets To Its September 14 Launch Event,0.754,0.035,0.953,0.011
13,Spotify stock jumps after KeyBanc analyst says it’s time to buy,0.586,0.121,0.879,0.0
14,Apple's Sept. 14 'California Streaming' Invite Is Out: What's On The Agenda?,0.953,0.062,0.929,0.01
15,Apple stock is making an impressive move into the new iPhone reveal,0.985,0.091,0.894,0.015
16,"Apple Sets Fall Product Launch Event With iPhone 13, Apple Watch 7 Due",0.0,0.0,1.0,0.0
17,"Apple announces event expected to launch new iPhones, stock heads for another record",0.599,0.126,0.874,0.0
18,25 Largest Countries in the World,0.995,0.054,0.921,0.024
19,"Apple to Hold Sept. 14 Event for New iPhone Line, Other Devices",0.989,0.077,0.91,0.013
20,Is Apple Stock A Buy Ahead Of iPhone 13 Launch?,0.572,0.107,0.893,0.0
21,Apple to launch new iPhone 13 at Sept. 14 event,0.214,0.037,0.938,0.025
22,Dow Jones Sells Off As Apple Hits New High; Four Top Growth Stocks To Buy And Watch,0.0,0.0,1.0,0.0
23,Apple Rose To A Fresh High,0.477,0.076,0.924,0.0
24,These 2 Stocks Are on Wall Street's Radar Tuesday,0.153,0.069,0.885,0.046
25,How Tesla’s battery technology is giving it an edge over the competition,0.408,0.06,0.94,0.0
26,Dow Jones Drops As Apple Hits New High; Four Top Growth Stocks To Buy And Watch,0.0,0.0,1.0,0.0
27,Alphabet's (GOOGL) Google Fit App Crosses 100M Downloads,0.999,0.227,0.773,0.0
28,Is Broadcom Stock a Buy?,-0.459,0.0,0.912,0.088
29,Apple Gains on September 14 invite With Hope of New iPhones,0.983,0.126,0.852,0.022
30,Apple Stock Hits Fresh Record Peak As iPhone Launch Event Slated For September 14,0.0,0.0,1.0,0.0
31,"Barclays Upgrades Cirrus Logic To Overweight, Increased PT Implies 20% Upside",0.527,0.046,0.929,0.025
32,Spotify stock surges after KeyBanc says it’s time to buy,0.586,0.121,0.879,0.0
33,A Peek Into The Markets: US Stock Futures Edge Higher,0.818,0.054,0.914,0.032
