﻿,Titles,Polarity,Positive,Neutral,Negative
0,iPhone Reviews: Your Buying Guide to the Best iPhones in 2022,0.402,0.097,0.903,0.0
1,Tim Cook Takes Apple 'Sideloading' Fight Center Stage,0.557,0.069,0.931,0.0
2,Rumor That Fox News Is Joining Truth Social App Spikes DWAC Stock,0.993,0.113,0.864,0.023
3,"Stocks close at session lows, energy stocks among leading performers",0.0,0.0,1.0,0.0
4,"Apple CEO speaks out on antitrust regulation, Shiba Inu soars, Starbucks shares under pressure",-0.296,0.0,0.929,0.071
5,Apple Will Have Minimal Impact From China's Lockdown According To This Analyst,0.984,0.135,0.818,0.047
6,"Top Research Reports for Apple, Berkshire Hathaway &amp; JPMorgan Chase",0.999,0.174,0.772,0.054
7,3 High-Yield Tech Stocks to Buy in April,0.856,0.2,0.767,0.034
8,Apple’s Cook on privacy: ‘a data-industrial complex built on surveillance’,-0.681,0.0,0.823,0.177
9,Apple CEO Tim Cook warns against antitrust legislation at privacy conference,0.977,0.091,0.852,0.057
10,Apple’s Cook Says Circumventing App Store Would Harm User Privacy,-0.772,0.054,0.871,0.074
11,Charter (CHTR) Adds Orbic Journey V Phone to its Lineup,0.994,0.104,0.893,0.004
12,Apple (AAPL) Commences Production of iPhone 13 in India,0.989,0.095,0.868,0.037
13,"After its own Oscars slap and Wall Street smackdown, Netflix searches for a rebound",-0.494,0.0,0.901,0.099
14,"4 Reasons to Buy Broadcom, and 1 Reason to Sell",0.807,0.201,0.799,0.0
15,"How 'Dancing with the Stars' could usher in new era for Disney+, streaming wars",0.993,0.081,0.896,0.023
16,"Apple Supplier Pegatron Halts Operations in China, Reports Say",-0.421,0.107,0.635,0.258
17,10 Best Advertising and Ad Tech Stocks To Buy Now,1.0,0.104,0.886,0.01
18,Shanghai Factory Closures Mount as Covid-19 Lockdowns Hit Supply Chains,-0.667,0.0,0.808,0.192
19,Apple Targets Watch Blood-Pressure Tool for 2024 After Snags,0.976,0.063,0.899,0.039
20,Sonos (SONO) Buys Netherlands-Based Mayht Holding for $100M,0.996,0.118,0.87,0.012
21,"The Zacks Analyst Blog Highlights Dell Technologies, Apple, Lenovo, and HP",0.998,0.118,0.856,0.026
22,Infosys (INFY) to Report Q4 Earnings: What's in the Offing?,0.997,0.111,0.867,0.022
23,7 Stocks to Add to Your April Must-Buy List,0.898,0.071,0.865,0.064
24,UPDATE 1-Taiwan iPhone maker Pegatron suspends operations at two China plants,-0.638,0.022,0.929,0.049
25,Taiwan iPhone maker Pegatron suspends operations at two China plants,-0.638,0.022,0.928,0.05
26,"Apple supply chain in China hit by lockdowns as key partner suspends production in Shanghai, Kunshan",-0.931,0.031,0.916,0.053
27,This Mac Bundle Is A One-Stop Shop For Apps,0.983,0.118,0.854,0.028
28,Microsoft Customers Decry Cloud Contracts That Sideline Rivals,0.989,0.083,0.853,0.065
