﻿,Titles,Polarity,Positive,Neutral,Negative
0,Apple’s iPhone Event Is Wednesday. What to Watch.,0.318,0.084,0.916,0.0
1,Why Apple's digital ad business is gaining an edge over Google and Facebook,0.977,0.086,0.872,0.042
2,"Dow Jones Futures: Nasdaq Extends Losing Streak, Enphase Shines; Apple iPhone 14 On Call",0.382,0.218,0.672,0.109
3,Apple set to unveil iPhone 14 at product launch event on Wednesday,0.0,0.0,1.0,0.0
4,Apple to Appeal Brazil’s Move to Ban iPhones Without Chargers,-0.617,0.055,0.872,0.073
5,"Dow Jones, S&amp;P 500 Reverse Lower; Techs Lead Downside As Apple Fades Ahead Of Product Launch",0.026,0.149,0.664,0.187
6,Invest Like Warren Buffett With These 3 Stocks,0.996,0.092,0.898,0.01
7,Factbox-What is expected at Apple's 'Far Out' fall event?,0.925,0.055,0.923,0.021
8,"CNBC, NY Post Pick Up IPO Edge Exclusive with Trump’s Truth Social Partner DWAC",0.845,0.102,0.886,0.013
9,Big Tech’s $95 Million Spending Spree Leaves Antitrust Bill on Brink of Defeat,0.994,0.096,0.851,0.053
10,"4 Stocks To Watch In Today's Stock Market, Including Dow Jones Leader Apple",0.0,0.0,1.0,0.0
11,Stock Market Today: Dow Stumbles as Stronger Data Stoke Larger Rate-Hike Fears,-0.552,0.101,0.789,0.11
12,"Apple, Prepping New iPhone, Hits a Key Benchmark",0.494,0.047,0.953,0.0
13,Warren Buffett is Decreasing Stakes in These 6 Stocks,0.999,0.096,0.885,0.019
14,Will a Weak Smartphone Market Cause Apple's New iPhones to Fail?,0.382,0.044,0.956,0.0
15,3 Non-Buffett Tech Stocks That Would Match Warren Buffett's Philosophy,0.557,0.247,0.753,0.0
16,S&amp;P 500 Slips as Yield Surge Weighs on Tech,0.846,0.109,0.806,0.085
17,"Economic data, Apple iPhone launch: What to watch in markets this week",0.973,0.071,0.908,0.021
18,Better Buy: AMZN vs. AAPL,0.851,0.147,0.853,0.0
19,Are Options Traders Betting on a Big Move in Apple (AAPL) Stock?,0.986,0.1,0.882,0.019
20,Verizon Still Attracts Investors During a Miserable 2022,0.979,0.086,0.859,0.055
21,Will the Worldwide Shipments of PC Further Decline in Q3?,0.843,0.063,0.882,0.055
22,Elon Musk Hailed App Signal Ropes In Another Big Tech Critic,0.985,0.132,0.827,0.04
23,2022's a Bad Year for Big Tech: Should You Hang On?,0.964,0.1,0.816,0.084
24,Jeremy Grantham Bets 10 Stocks Will Protect Him From 'Superbubble',0.361,0.106,0.894,0.0
25,3 Dividend-Paying Tech Stocks To Buy in September,0.728,0.103,0.897,0.0
26,"Market Losing Streak, Tradable If Not Investable, Jobs and the Fed, Eyeing Apple",0.0,0.0,1.0,0.0
27,"Dow Jones Futures Rise; Energy Prices Give Up Gains Despite Surprise OPEC+ Move, Russia News",-0.439,0.0,0.811,0.189
28,"Stocks Higher, Week Ahead, CVS, Bed, Bath &amp; Beyond, California Power Crisis - Five Things to Know",-0.902,0.045,0.68,0.274
29,"Dow Jones Futures Rise; Oil Prices Rally On Surprise OPEC+ Move, Russia News",-0.439,0.0,0.811,0.189
