﻿,Titles,Polarity,Positive,Neutral,Negative
0,Apple (AAPL) Outpaces Stock Market Gains: What You Should Know,0.987,0.08,0.906,0.015
1,10 Tech Stocks to Buy According to Billionaire Warren Buffett,1.0,0.121,0.862,0.018
2,7 Dividend Stocks to Buy and Hold Forever,1.0,0.123,0.854,0.023
3,Apple iOS 16: A look at the newest features included,0.991,0.105,0.881,0.014
4,"Affirm CEO talks recession, Apple Pay Later, and being an entrepreneur in volatile markets",0.891,0.064,0.882,0.053
5,"iPhone 14 reviews say to go Pro, unless you’re replacing an older phone and looking to save",0.0,0.0,1.0,0.0
6,"California issues antitrust lawsuit against Amazon, tech stocks search for direction",-0.969,0.06,0.82,0.12
7,Twitter whistleblower’s testimony proves we need national data privacy laws,0.997,0.119,0.835,0.046
8,"Amazon hit with antitrust lawsuit from California, which claims seller rules are increasing consumer prices",-0.778,0.0,0.794,0.206
9,7 Nasdaq Stocks With Superior Fundamentals,0.999,0.12,0.833,0.047
10,Why Apple Stock Popped Wednesday Morning,0.848,0.148,0.815,0.036
11,How can Apple hold the line on iPhone prices amid soaring inflation?,0.944,0.516,0.484,0.0
12,How Icahn Missed Out on Billions Selling Too Early,0.999,0.206,0.761,0.034
13,Apple announces ‘Clean Energy Charging’ feature,0.939,0.154,0.83,0.016
14,Tech companies ramp up stock buybacks amid market volatility,0.971,0.074,0.9,0.025
15,This Sell-Everything Rout Leaves a Sinking Feeling for Tech Stocks,0.971,0.095,0.838,0.067
16,Dow Jones Reverses On Another Key Inflation Report After CPI Sparks Market Plunge,0.0,0.0,1.0,0.0
17,"Tech sell-off batters stocks as Apple, Meta, Amazon shed market cap",0.406,0.07,0.866,0.064
18,10 Penny Stocks With High Growth Potential,0.999,0.123,0.856,0.021
19,Top Funds Investing More In This Stock Than AAPL Stock,0.34,0.183,0.696,0.122
20,Dow Jones Futures Fall Ahead Of Another Key Inflation Report After CPI Sparks Market Plunge,0.0,0.0,1.0,0.0
21,Weyerhaeuser Union Members Go On Strike In Oregon &amp; Washington,0.96,0.139,0.804,0.056
22,Stock Market's $1.6 Trillion One-Day Implosion Reveals A Problem,-0.305,0.089,0.74,0.172
23,7 Stocks to Buy to Protect Your Portfolio From a Super Bubble,1.0,0.204,0.766,0.03
24,South Korea imposes record privacy fines on Google and Meta,-0.209,0.0,0.943,0.057
25,The Only Stock Warren Buffett Has Bought in Each of the Last 2 Bear Markets,0.832,0.129,0.871,0.0
26,"UPDATE 1-Apple plans to use latest chip tech by Taiwan's TSMC in iPhones, Macs - Nikkei",0.026,0.007,0.993,0.0
27,"Apple plans to use latest chip tech by Taiwan's TSMC in iPhones, Macs - Nikkei",0.026,0.007,0.993,0.0
28,Google Turns to Potato Chips to Promote Pixel 7 Phones in Japan,0.945,0.09,0.877,0.034
