﻿,Titles,Polarity,Positive,Neutral,Negative
0,Kevin O’Leary's crypto exposure has surged to 10% — but he's still relying on these 3 tried and true income stocks,0.999,0.162,0.825,0.013
1,Dow Jones Futures: Watch For This Market Rally Signal As Apple Nears Milestone; Trump SPAC Stock DWAC Soars,0.606,0.184,0.816,0.0
2,Apple’s Car Project Loses Three More Key Engineers to Startups,0.859,0.066,0.889,0.045
3,Should Metaverse Investors Bet on Apple?,0.25,0.096,0.833,0.07
4,Is Roku Too Good To Pass Up at This Price?,0.997,0.096,0.882,0.022
5,Apple Wins a Round in Payments Fight With Epic Games,0.486,0.153,0.847,0.0
6,"Dow Jones Futures: Apple Leads Market Rally, Now Watch For This Signal; Trump SPAC Stock DWAC Soars",0.606,0.184,0.816,0.0
7,"Stocks: Apple stock hits new highs, Meta rallying, Nio and Roku pop on deals",0.0,0.0,1.0,0.0
8,"Apple wins stay in Epic case, avoiding changes to App Store on Dec. 9",0.818,0.158,0.775,0.067
9,Dow Jones Stalls As Market Pauses; Donald Trump SPAC Explodes; Apple Stock Hits All-Time High,-0.34,0.0,0.876,0.124
10,Dow Jones Stalls As Stock Market Pauses; Donald Trump SPAC Roars Again; Apple Stock Pops,-0.34,0.0,0.876,0.124
11,Dow Jones Slips As Stock Market Pauses; Donald Trump SPAC Roars Again; Apple Stock Pops,-0.296,0.0,0.891,0.109
12,"Apple wins appeal in Epic case, avoiding changes to App Store on Dec. 9",0.818,0.158,0.775,0.067
13,UPDATE 1-U.S. appeals court pauses antitrust orders against Apple App Store,0.572,0.062,0.908,0.029
14,U.S. appeals court pauses antitrust orders against Apple App Store,0.572,0.064,0.906,0.03
15,Why Investors Are Stacking Up Apple Stock Today,0.811,0.133,0.867,0.0
16,"S&amp;P 500 Tops 4,700 on Vaccine News as Apple Nears $3T Valuation",0.993,0.116,0.845,0.039
17,Apple might be the only company that can take VR and AR headsets mainstream,0.998,0.088,0.891,0.021
18,"Chip-Delivery Wait Times Grow Again, Signaling Shortages Will Drag On",0.741,0.081,0.845,0.074
19,"Apple Is Working On a Second-Generation AR Headset, Analyst Says",0.0,0.0,1.0,0.0
20,Apple inches closer to $3 trillion market cap,0.958,0.092,0.879,0.03
21,"JPMorgan Likes Amazon, Apple, McDonald's, Lennar for 2022",0.026,0.05,0.95,0.0
22,S&amp;P 500 Climbs on Positive Vaccine News; Apple Hits Fresh Record,0.985,0.121,0.826,0.053
23,Apple Nears $3 Trillion in Market Value. Here’s Some Context,0.993,0.111,0.843,0.046
24,"Dow Jones Rallies On Pfizer Vaccine News; Apple Hits New High, Tesla Falls Despite Strong China Sales",0.511,0.13,0.87,0.0
25,10 Large-Cap Stocks to Buy According to Claes Fornell’s CSat Investment,0.999,0.097,0.885,0.018
26,"How are tech giants like Tesla, Apple, Oracle affecting housing prices in Austin?",0.0,0.0,1.0,0.0
27,Apple's 'key competitive advantage' is the iPhone as market cap zeroes in on $3T,0.97,0.068,0.904,0.027
28,Apple Stock Rises Despite Report of iPhone 13 Production Shortfall,0.0,0.0,1.0,0.0
29,Dow Jones Futures Rally On Pfizer Vaccine News; Tesla Stock Rises After China Sales,0.511,0.142,0.858,0.0
30,2 Big Data Center Acquisitions and What Investors Need to Know,0.637,0.047,0.953,0.0
31,"Dow Jones Futures Rise On Omicron Vaccine News; Google, Microsoft In Buy Range, Tesla China Sales Strong",0.0,0.0,1.0,0.0
32,Apple Nears $3 Trillion in Market Value. Here’s Some Context,0.992,0.108,0.845,0.046
33,Apple Stock Rises After Report of iPhone 13 Production Shortfall,0.0,0.0,1.0,0.0
34,"An ESG Fund Changes the World, One Company at a Time",0.0,0.0,1.0,0.0
35,"Apple Stock Extends Gains, With $3 Trillion Value in Sight, As Nikkei Reports iPhone Production Slump",-0.671,0.0,0.787,0.213
36,"Apple, Amazon, Pfizer, Omicron and Tech Stocks - Five Things To Know",-0.053,0.083,0.854,0.063
37,"Apple hit by supply crunch, saw iPhone 13 production drop 20% in recent months: report",-0.402,0.0,0.917,0.083
38,A leader of the #AppleToo movement accused Apple of cracking down on employees' use of Slack to organize,-0.178,0.063,0.826,0.11
