﻿,Titles,Polarity,Positive,Neutral,Negative
0,Who will step in to save LA’s most beloved movie theaters?,1.0,0.148,0.807,0.045
1,A Look Back at Warren Buffett's Investment in Mondelez International,0.985,0.114,0.823,0.064
2,Apple To Hold Virtual 'Spring Loaded' Event On April 20,0.422,0.021,0.968,0.01
3,Apple to hold special event on April 20,0.772,0.029,0.971,0.0
4,UPDATE 1-Apple to hold special event on April 20,0.772,0.029,0.971,0.0
5,Apple backs far-reaching emissions disclosure rules,0.82,0.06,0.914,0.026
6,UPDATE 1-Apple backs far-reaching emissions disclosure rules,0.82,0.056,0.919,0.025
7,"Apple to hold April 20 event, with new iPad Pro devices possible",0.542,0.036,0.954,0.01
8,Amazon stock may be 70% undervalued and the company worth $3 trillion: analyst,0.998,0.166,0.812,0.022
9,10 Best Robotics Stocks For 2021,1.0,0.133,0.851,0.016
10,Apple to Hold First Product Unveiling of the Year on April 20,0.928,0.049,0.935,0.016
11,"First-Quarter PC Sales Grew at Fastest Rate in 20 Years, in Boon for Apple, HP, Dell",-0.44,0.0,0.873,0.127
12,"Apple Sets Mysterious April 20 Product Event, According to Siri",0.0,0.0,1.0,0.0
13,Tesla stock: market isn't pricing in it's energy storage business,0.0,0.0,1.0,0.0
14,Will Tesla Be the Next Apple? Here’s How Investors Can Play It.,0.895,0.362,0.638,0.0
15,Oops! Siri Prematurely Reveals the Date of Apple's Next Product Event,-0.402,0.0,0.938,0.062
16,Apple to Unveil New Products at April 20 'Spring Loaded' Event,0.0,0.0,1.0,0.0
17,"Dow Jones Lags, Nasdaq Futures Lead Mixed Trade As J&amp;J Vaccine Paused; Bitcoin Spikes To New High; Apple's Siri Spills Secret",-0.511,0.0,0.823,0.177
18,Microsoft is updating its MacBook Air competitor for the work from home age,0.888,0.051,0.92,0.028
19,4 Stocks to Watch as Remote Working Drives PC Sales,0.998,0.132,0.849,0.019
20,"Hey Siri, when is Apple's next event? April 20",0.772,0.037,0.963,0.0
21,Biden Hears 310 Companies Urge Speed on Climate: ‘Raise the Bar’,0.922,0.076,0.877,0.047
