﻿,Titles,Polarity,Positive,Neutral,Negative
0,Why Apple Stock Popped Today,0.791,0.136,0.864,0.0
1,Dow Jones Surges Amid Strong Data; Elon Musk Makes This Legal Move Amid Twitter Fight; Apple Stock Pops,0.681,0.275,0.638,0.087
2,Investors ‘are taking advantage’ of flows into tech and small cap stocks: ETF expert,0.0,0.0,1.0,0.0
3,"Q2 Earnings Scorecard and Research Reports for Apple, Chevron &amp; Toyota",1.0,0.158,0.79,0.052
4,Beginner Investors: How to Understand Stock Investing Lingo,0.996,0.102,0.881,0.017
5,"UPDATE 1-U.S. corporate profits, economic outlooks, surprisingly upbeat",0.509,0.098,0.81,0.092
6,Fed rate hikes should stabilize markets to a 'benign' growth environment: Strategist,-0.422,0.0,0.909,0.091
7,PayPal's sudden $900 million cost cutting creates a huge new challenge,0.986,0.08,0.898,0.022
8,"Stocks and indices soar after two days of losses, tech stocks lead major gains",0.077,0.144,0.749,0.107
9,Google swells Durham office footprint as hiring continues,0.178,0.086,0.914,0.0
10,3 S&amp;P 500 Companies Generating Substantial Cash,0.999,0.173,0.811,0.017
11,Apple Plans to Delay Launch of iPadOS 16 Update by About a Month,-0.919,0.054,0.872,0.074
12,Meta Platforms Is Latest Tech Giant to Explore a Bond Sale,0.318,0.049,0.951,0.0
13,Stock Market Today: Dow Delivers Swashbuckling Gains as Earnings Shine,0.981,0.1,0.863,0.036
14,"Stocks rally, oil prices fall after OPEC+ increases output",0.226,0.091,0.909,0.0
15,"S&amp;P 500 in Rally Mode on Positive Earnings, Stronger Economic Data",0.976,0.084,0.89,0.026
16,1 Surprising Catalyst for Apple Stock,0.864,0.164,0.814,0.022
17,Activist Targets Microsoft For Donating To Groups Opposing Pro-Abortion Stance: Report,0.981,0.161,0.777,0.062
18,Is Apple Stock a Buy Now?,-0.718,0.036,0.811,0.152
19,"Want $1 Million in Retirement? Invest $100,000 in These 3 Stocks and Wait a Decade",0.912,0.178,0.792,0.03
20,Warren Buffett's 3 Favorite Sectors to Invest His Money,0.572,0.217,0.783,0.0
21,Why a Patient Growth Fund Is Sticking With Microsoft and Hess Stock,-0.25,0.099,0.763,0.137
22,Avast Shares Spike as U.K. Competition Watchdog Green Lights Merger with U.S. Peer,0.987,0.127,0.855,0.019
23,Pelosi Visit Highlights TSMC and Taiwan’s Global Tech Import,0.876,0.08,0.855,0.065
24,Microsoft Donations to Anti-Abortion Groups Targeted by Activist,0.988,0.118,0.82,0.062
