﻿,Titles,Polarity,Positive,Neutral,Negative
0,Which iPhone 13 should you buy?,0.999,0.135,0.842,0.023
1,Dow Jones Dips As Growth Stocks Surge; Fed Chair Powell Orders Ethics Review; 3 Stocks Pass Buy Points,-0.34,0.0,0.897,0.103
2,Dow Jones Lags As Growth Stocks Lead; Leader Flashes Buy Point On Retail Data; 3 Stocks Offer Entries,-0.34,0.0,0.897,0.103
3,iPhone 13 Is Already Recording Early Strong Sales In China,0.974,0.125,0.802,0.073
4,Altcoins Like Bitcoin Cash and Litecoin Were Thrust Into the Limelight by AMC Today,0.869,0.157,0.843,0.0
5,Microsoft (MSFT) Board Approves $60B Share Repurchase Program,-0.296,0.083,0.752,0.165
6,Tech Support: What you need to know before buying Apple's iphone 13,0.402,0.162,0.838,0.0
7,How long might it take to resolve the Epic-Apple case? Expect a legal marathon,0.848,0.149,0.851,0.0
8,"S&amp;P 500 Closes Down, but Above Lows Despite Fresh Worries of Fed Tightening",-0.842,0.068,0.854,0.078
9,"Dow Jones Falls As Jobless Claims Rise, Retail Sales Jump; Apple, Tesla Slide",-0.318,0.0,0.897,0.103
10,"S&amp;P 500 Off Session Lows, but Surprise Rise in Retail Sales Stokes Fed Fears",-0.834,0.1,0.786,0.114
11,10 New Penny Stocks Redditors are Buying,0.998,0.084,0.908,0.008
12,Is Google Stock A Buy? Internet Search Giant Tops Among FANG Stocks In 2021,0.382,0.088,0.912,0.0
13,"Metaverse raises ‘scary’ question on surveillance of users, ex-Google exec says",0.991,0.101,0.866,0.033
14,Former Startup Darling Genius Sells Assets for $80 Million,0.975,0.076,0.911,0.013
15,"Company News for Sep 16, 2021",0.985,0.186,0.803,0.01
16,"Russia Targets Google, Apple in Crackdown Before Elections",-0.983,0.066,0.808,0.126
17,"Why All the Interest in Buy Now, Pay Later?",0.0,0.0,1.0,0.0
18,"Tencent, NetEase's Latest Restrictions Could Impact Apple, Activision Blizzard: Bloomberg",0.718,0.106,0.814,0.081
19,This Apple Business No One Is Talking About Is Becoming a Powerhouse,0.796,0.104,0.896,0.0
20,Metaverse raises ‘scary’ question on surveillance of users: Kai-Fu Lee,0.99,0.158,0.821,0.021
21,"The iPhone 13 inflation indicator, and the issue we don't talk about enough: Morning Brief",0.992,0.081,0.882,0.037
22,China Slows Game Approvals to Enforce Strict New Rules,-0.179,0.076,0.847,0.077
23,Chinese Smartphone Giant Cuts Jobs After Going Up Against Apple,0.946,0.089,0.86,0.052
24,Blue-Collar Worker App Becomes a Unicorn in Under Two Years,0.989,0.108,0.878,0.014
