﻿,Titles,Polarity,Positive,Neutral,Negative
0,FCC’s Commissioner Carr Wants TikTok Yanked From Apple and Google App Stores,0.077,0.13,0.757,0.114
1,Apple celebrates 15-year anniversary of the iPhone,0.572,0.129,0.871,0.0
2,"Roe v. Wade: Companies must create culture of 'psychological safety,' expert says",0.999,0.167,0.807,0.025
3,TikTok Is Target of FCC Republican Without Authority or Votes,-0.599,0.039,0.91,0.051
4,Roe decision magnifies data privacy concerns,0.119,0.091,0.824,0.085
5,Dow futures Little Changed Following Mixed Session,0.946,0.073,0.898,0.029
6,‘Stranger Things’ and beyond: Here’s what’s worth streaming in July 2022,0.572,0.093,0.907,0.0
7,'Getting an MBA continues to be an incredibly good investment': Columbia Business School Dean,0.987,0.106,0.873,0.022
8,America's tech giants have a new responsibility in the post-Roe world,-0.698,0.047,0.908,0.046
9,Why Apple Stock Climbed on Wednesday,0.557,0.205,0.795,0.0
10,10 Supply Chain Stocks to Buy Now According to Billionaire Jim Simons,0.998,0.064,0.915,0.022
11,Apple Investors Have Something New to Focus On: the iPhone 14,-0.141,0.0,0.931,0.069
12,Fed rolls out new index to flag early warning signs of distress in corporate bonds,-0.527,0.0,0.884,0.116
13,"Stock Market Today: Dow Climbs, But Powell's Tough Inflation Talk Stokes Fears",-0.959,0.106,0.763,0.132
14,"FCC Member Calls On Apple, Google to Banish TikTok",0.077,0.112,0.791,0.098
15,Apple iPhone continues to dominate smartphone market,0.983,0.116,0.866,0.018
16,S&amp;P 500 Flat as Powell Reiterates Inflation Fight Despite Slip in U.S. Growth,-0.912,0.118,0.748,0.134
17,Legend Michael Burry Warns of ‘Disinflation’ and Soaring Growth Stocks,0.998,0.117,0.843,0.04
18,Is Qualcomm Stock a Buy Right Now?,0.296,0.036,0.964,0.0
19,7 Warren Buffett Stocks to Buy and Hold for the Next Decade,1.0,0.148,0.819,0.032
20,"McCormick cuts outlook, General Mills tops earnings estimates, Shopify stock split goes into effect",0.0,0.0,1.0,0.0
21,FCC commissioner asks Apple and Google to remove TIkTok,-0.978,0.047,0.888,0.065
22,JPMorgan Piles On With Estimate Cuts Before Earnings: Tech Watch,0.906,0.088,0.833,0.08
23,Stock market news live updates: Stock futures extend declines as inflation weighs on confidence,0.748,0.071,0.868,0.061
24,Here is What to Know Beyond Why Apple Inc. (AAPL) is a Trending Stock,0.998,0.122,0.869,0.01
25,7 Warren Buffett Stocks to Buy for a Bear Market,0.999,0.13,0.813,0.056
26,7 Best Infrastructure Stocks to Buy Now,1.0,0.164,0.785,0.051
27,"China's smartphone makers gain ground in Russian market, says M.Video",0.44,0.021,0.974,0.006
28,Samsung Snaps This OLED Company Reputed For Foldable Devices For $300M,0.981,0.146,0.831,0.023
29,7 Best Nancy Pelosi Stocks to Buy Now,1.0,0.136,0.828,0.036
30,"Apple and Google should kick TikTok out of their app stores, FCC commissioner argues",0.402,0.056,0.905,0.04
31,Why Disney Is the Top Streaming Stock Today,0.477,0.108,0.851,0.042
32,Zacks Investment Ideas feature highlights: Occidental Petroleum,0.998,0.103,0.877,0.02
33,7 Best Infrastructure Stocks to Buy Now,1.0,0.165,0.784,0.051
34,"Is Apple’s Push Into the Buy Now, Pay Later Space a Mistake?",-0.826,0.06,0.869,0.072
35,The iPhone Turns 15 Today. Here’s How It Changed Us.,0.226,0.068,0.89,0.042
36,Vietnam Sees 2022 Growth Beating Goal as Recovery Powers On,0.802,0.085,0.851,0.064
37,The Value-Growth War: Who’s Ahead Right Now and What’s at Stake,0.44,0.255,0.569,0.176
