﻿,Titles,Polarity,Positive,Neutral,Negative
0,Apple Joins Fellow Tech Giants in Putting a Lid on Hiring,-0.888,0.048,0.897,0.054
1,"How to Explain the Metaverse, According to Its Biggest Booster",0.599,0.191,0.738,0.071
2,Apple faces class-action lawsuit over Apple Pay,0.124,0.053,0.889,0.057
3,"Asian Stocks Down, Apple To Slow Hiring on Economic Worries",0.47,0.05,0.912,0.038
4,Apple sued over antitrust violations for Apple Pay,-0.7,0.062,0.785,0.153
5,Apple (AAPL) Spending Cuts Drain Rally; IBM Beats Again,0.998,0.154,0.824,0.021
6,"Apple Sued Over Apple Pay, Accused of Antitrust Violations",-0.333,0.087,0.817,0.096
7,"Dow books biggest drop in more than two weeks after report about Apple’s plans to slow hiring, spending",0.637,0.242,0.686,0.072
8,Disney+ streaming loyalty is 'pretty durable' and not seasonal: Analyst,1.0,0.148,0.823,0.028
9,Lawsuit accuses Apple of antitrust violations over Apple Pay,-0.921,0.069,0.811,0.119
10,Market sentiment is being impacted 'by the potential erosion' of the job market: Strategist,0.66,0.137,0.863,0.0
11,"GLOBAL MARKETS-Stocks edge up, dollar dips as Fed hike expectations lessened",0.819,0.074,0.866,0.06
12,"Markets lose earlier gains heading into the close, Apple weighs down tech stocks",0.0,0.0,1.0,0.0
13,"Top Analyst Reports for Apple, UnitedHealth, Equinor &amp; Others",0.999,0.167,0.775,0.058
14,The Fed 'can't do too much about' rising fuel or food prices: Strategist,0.0,0.0,1.0,0.0
15,Apple reportedly set to slow hiring and spending,0.996,0.119,0.837,0.044
16,"Apple drags markets lower, energy sector continues making gains",0.0,0.0,1.0,0.0
17,Apple Sued In Massive Antitrust Class Action Lawsuit Related To Apple Pay,0.871,0.127,0.779,0.094
18,Value stocks post best stretch in 20 years relative to growth stocks — but that’s starting to change. Why?,0.908,0.146,0.814,0.041
19,What's Going On With Apple Stock Today,0.968,0.149,0.819,0.032
20,"Apple to Slow Hiring as Economy Softens, Report Says",0.382,0.106,0.894,0.0
21,Apple is latest Big Tech player to plan cost cuts: report,-0.878,0.0,0.716,0.284
22,"UPDATE 2-Apple to slow hiring, spending for some teams next year - Bloomberg News",0.88,0.081,0.876,0.043
23,"Apple to slow hiring, spending for some teams next year - Bloomberg News",0.838,0.077,0.879,0.045
24,Alphabet (GOOGL) Boosts Google Maps With Recent Capability,0.994,0.12,0.858,0.022
25,Netflix Q2 earnings preview: What to expect as Morgan Stanley warns of 'streaming recession',0.224,0.083,0.835,0.083
26,"Housing Starts, Johnson &amp; Johnson, Netflix: 3 Things to Watch",0.509,0.038,0.922,0.04
27,Can Apple (AAPL) Keep the Earnings Surprise Streak Alive?,0.994,0.128,0.85,0.022
28,Disney (DIS) Set to Hike ESPN+ Subscription Price by 43%,0.997,0.132,0.843,0.025
29,"Apple’s June Quarter Could Top Estimates, but It Gets Tougher From Here",-0.273,0.0,0.9,0.1
30,Nancy Pelosi’s husband just bought over $1 million of this chip stock right before a $52 billion subsidy vote — is there time to tag along?,0.996,0.122,0.847,0.031
31,Why Apple's sports streaming play won't matter much: Analyst,0.966,0.056,0.937,0.008
32,Did Snap's Prospects Worsen After Its Latest Warning to Investors?,-0.488,0.05,0.84,0.11
33,10 Best Stocks to Buy According to DE Shaw,0.999,0.105,0.868,0.027
34,12 Best Environmental Stocks to Invest In,1.0,0.128,0.861,0.011
35,Is Affirm Holdings Stock a Buy Now?,0.919,0.19,0.792,0.018
36,3 Stocks You'll Be Happy You Own When the Bear Market Is Over,0.94,0.246,0.754,0.0
37,Warren Buffett Is Increasing His Bets Big-Time in These 3 Sectors,0.599,0.092,0.866,0.042
38,"Big Investor Sold Apple Stock, Bought Coinbase, GE, and Nvidia",0.361,0.106,0.894,0.0
