﻿,Titles,Polarity,Positive,Neutral,Negative
0,2 Highly-Ranked Stocks to Buy in August and Hold,1.0,0.146,0.835,0.02
1,Is Big Tech Growth Really Decelerating?,1.0,0.151,0.828,0.021
2,Is Apple Stock A Buy After Its June-Quarter Earnings Report?,0.572,0.107,0.893,0.0
3,"Tech Earnings Sparkled, but There’s Reason to Worry About What Comes Next",-0.572,0.0,0.837,0.163
4,Survey Reveals Which Tech Companies Consumers Trust The Most,0.886,0.36,0.64,0.0
5,Tech Stocks In Focus: Here Are The Most Trusted Tech Companies,0.769,0.282,0.718,0.0
6,Who are Microsoft's (MSFT) Main Competitors?,0.0,0.0,1.0,0.0
7,Elon Musk Slams Apple’s App Store Fees as ‘De Facto Global Tax on the Internet’,-0.654,0.022,0.934,0.044
8,"Dear Sumit Sharma, Our Readers Have Serious Questions About MicroVision",0.996,0.078,0.905,0.017
9,3 Small-Cap Stocks Set to Sizzle While Robinhood Fizzles,0.993,0.096,0.837,0.068
10,"Tesla’s Musk denies demanding to be Apple CEO, calls App Store fee ‘global tax on the internet’",-0.875,0.039,0.906,0.055
11,"4 Top Stock Trades for Monday: AAPL, CAT, CVX, RIDE",0.987,0.116,0.81,0.074
12,Elon Musk Denies He Discussed Apple-Tesla Merger With Tim Cook,0.909,0.07,0.891,0.039
13,"UPDATE 1-Musk says ""Epic is right,"" takes sides in battle with Apple",-0.93,0.018,0.897,0.085
14,"Retail Traders Buy the Dip in Big Tech, Unfazed by Earnings",0.979,0.086,0.887,0.027
15,"Musk says ""Epic is right,"" takes sides in battle with Apple",-0.93,0.018,0.895,0.087
16,"Stock Market Rally Pauses Near Highs Amid Earnings From Apple, Microsoft, Tesla, Amazon, Google, Facebook",0.178,0.078,0.922,0.0
17,15 Best High Volume Stocks to Buy Now,1.0,0.121,0.859,0.02
18,"Love It or Hate It, AMC Provides Great Trading Moments",-0.743,0.105,0.779,0.116
19,Top Ranked Momentum Stocks to Buy for July 30th,0.973,0.091,0.86,0.049
20,"Last Quarter's iPhone Sales Were Hot, Making This Apple Business Even Hotter",0.715,0.299,0.701,0.0
21,Apple (AAPL) Just Overtook the 20-Day Moving Average,0.985,0.149,0.827,0.024
22,S&amp;P 500 Slips as Oil Majors Dent Energy; Amazon Slumps,0.677,0.077,0.865,0.058
23,Review: A deep new history of Tesla takes the shine off Elon Musk,0.99,0.106,0.813,0.08
24,How to Find Strong Buy Computer and Technology Stocks Using the Zacks Rank,0.998,0.132,0.852,0.017
25,"Here’s how the 6 Big Tech stocks now rank, from worst to first",0.811,0.197,0.803,0.0
26,"Stocks Slide, Amazon Cut, China Stocks Reverse, PCE Prices - What's Moving Markets",-0.7,0.071,0.862,0.067
27,UPDATE 2-Apple supplier TSMC reports gas contamination at key chip plant,0.755,0.065,0.92,0.015
