﻿,Titles,Polarity,Positive,Neutral,Negative
0,"Crypto.com Becomes Top Google Play App In The US (And The Ad With Matt Damon Probably Helped, Too)",0.924,0.067,0.933,0.0
1,"Warren Buffett says this is the best type of business to own when inflation spikes — in other words, what you should buy right now",0.998,0.158,0.813,0.029
2,"Dow Jones Gains As Yellen Makes This Demand; Apple, Microsoft Struggle; Amazon Falls Amid Space Move",-0.318,0.061,0.794,0.144
3,"Dow Jones Up As Yellen Makes This Demand; Apple, Microsoft Struggle; Amazon Falls Amid Space Move",-0.318,0.061,0.794,0.144
4,Why the Metaverse Is Probably a Bigger Deal Than You Think It Is,0.0,0.0,1.0,0.0
5,Beats Fit Pro review: AirPods Pro with a different look and name,0.999,0.18,0.795,0.025
6,The Metaverse Is Going to Need WiFi. Chip Stocks to Play the Trend.,0.66,0.197,0.803,0.0
7,"Wall Street Closes at Record Highs as Energy, Consumer Shine",0.63,0.06,0.901,0.039
8,My 3 Stock Market Predictions for November,0.202,0.203,0.664,0.133
9,Avoid Pinterest Stock After PayPal Takeover Debacle,0.972,0.068,0.89,0.042
10,Apple Working On iPhone Features To Detect Car Accidents: WSJ,0.06,0.063,0.87,0.067
11,Wall Street Retreats from Records as Investors Await Fed,0.7,0.069,0.888,0.043
12,"Apple Reportedly Plans Car-Crash Detection, 911-Call Features",-0.477,0.0,0.881,0.119
13,The End of the Big Tech Trade?,-0.026,0.14,0.751,0.109
14,"Stock Market News for Nov 1, 2021",0.999,0.129,0.858,0.013
15,3 Views on Portfolio Management,0.273,0.122,0.807,0.071
16,"Advanced Micro Devices, Twitter, Etsy, Applied Materials, and HP highlighted as Zacks Bull and Bear of the Day",1.0,0.136,0.831,0.033
17,Apple planning iPhone feature that could detect car crashes and automatically dial 911: WSJ,-0.402,0.0,0.895,0.105
18,Why Spotify's Results Were Even Better Than You Think,-0.171,0.0,0.968,0.032
19,"Apple Wants iPhones to Detect Car Crashes, Auto-Dial 911",0.422,0.157,0.843,0.0
20,"Apple, Amazon, Alphabet, Meta Platforms and Microsoft are part of Zacks Earnings Preview",0.998,0.118,0.846,0.036
21,Is It Too Late to Buy Microsoft Stock?,-0.625,0.0,0.904,0.096
22,Is the Metaverse Really Going to Happen? Nvidia Is Betting Yes,0.999,0.108,0.868,0.024
23,Bear of the Day: Twitter (TWTR),1.0,0.141,0.815,0.044
24,4 Reasons Why Ocugen Will Make Very Little or No Money From Covaxin,0.996,0.077,0.889,0.033
25,Wall Street Opens at Record Highs; Earnings Outlook Trumps Fed Fears; Dow up 150,0.92,0.062,0.899,0.039
26,American Airlines reveals what we all know about America's labor shortage: Morning Brief,0.994,0.088,0.851,0.061
