﻿,Titles,Polarity,Positive,Neutral,Negative
0,Shonda Rhimes talks the future of streaming and 'Amish summer' parenting,0.996,0.099,0.862,0.039
1,Mint Mobile owner Ryan Reynolds on lowering cell phone plan prices: ‘Pragmatic is really sexy’,0.999,0.127,0.847,0.025
2,US STOCKS-Wall Street gains over 2% in broad rebound,0.983,0.089,0.878,0.034
3,10 High-Yield Dividend Stocks to Buy According to John A. Levin’s Levin Capital,1.0,0.118,0.856,0.026
4,"Apple union victory, Elon Musk vs. the SEC, and abortion: 3 legal stories to watch",0.994,0.111,0.862,0.027
5,Dow Futures Ease After Major Indices Bounce Back,0.956,0.086,0.907,0.007
6,"Stock Market Today: Dow in Strong Start to Week as Energy, Growth Rack Up Gains",0.988,0.114,0.855,0.031
7,Apple retail workers in Maryland become first in U.S. to unionize,0.762,0.048,0.952,0.0
8,Why Apple Stock Surged on Tuesday,0.794,0.091,0.909,0.0
9,"S&amp;P 500 in Rally Mode as Energy, Tech Shine",0.973,0.09,0.881,0.029
10,Market check: Dow adds 500+ points as stocks bounce back,0.0,0.0,1.0,0.0
11,"Baltimore Apple store unionizes, Mondelez buys Clif Bar, 'Lightyear' sees $51 million opening",0.852,0.071,0.914,0.015
12,Tech stock sentiment is ‘pretty awful’ and it’s ‘a great sign’: Analyst,0.0,0.0,1.0,0.0
13,10 Blue Chip Stocks to Buy According to Billionaire Richard Chilton,1.0,0.129,0.85,0.021
14,2 Tech Stocks to Ride on the Booming Virtual Reality Market,0.998,0.108,0.882,0.01
15,Apple’s iPhone Output Said to Have Soared in China. That’s Some Good News Amid the Tech Selloff.,0.44,0.089,0.875,0.036
16,Stock market news live updates: Stock futures rise after S&amp;P 500's worst week since March 2020,-0.948,0.057,0.863,0.08
17,"Got $2,000? These 4 Stocks Look Like Buys Now",-0.735,0.0,0.886,0.114
18,"What investors in tech stocks should do now, according to a portfolio manager",0.688,0.064,0.889,0.047
19,"Biden, Powell, and Economists Agree: Forecasting a Recession Is Tricky",0.039,0.06,0.884,0.056
20,7 Stocks Poised to Plunge if the ‘Everything Bubble’ Pops,0.976,0.1,0.808,0.092
21,"Elon Musk's Interview in Full: On Twitter, Recession and Trump",1.0,0.116,0.846,0.038
22,Goldman Sachs: 'We now see recession risk as higher and more front-loaded',-0.979,0.038,0.863,0.098
23,Stock market strategists all want one thing right now: Morning Brief,0.999,0.128,0.827,0.045
24,The Tech Sector Is Taking a Beating. Here’s Why.,-0.273,0.062,0.852,0.085
25,"The Zacks Analyst Blog Highlights Apple, NVIDIA, McDonald's, Cisco Systems and Vertex Pharmaceuticals",0.997,0.128,0.839,0.033
26,Japan’s Latest Unicorn Is a Thailand Mobile Payments Firm,0.994,0.11,0.864,0.026
