﻿,Titles,Polarity,Positive,Neutral,Negative
0,Report: Aurora ponders possible sale to Microsoft or Apple amid other options,-0.052,0.08,0.833,0.087
1,Dow Jones Futures: What To Do As Market Sell-Off Continues; Apple Leads 5 Stocks To WatchT,0.659,0.234,0.705,0.061
2,Apple (AAPL) Dips More Than Broader Markets: What You Should Know,0.981,0.086,0.882,0.032
3,Weekly Roundup,0.671,0.193,0.807,0.0
4,Here's What You Might See On The New Apple iPhone 14,0.0,0.0,1.0,0.0
5,Self-driving tech firm Aurora mulls sale to Apple or Microsoft - Bloomberg News,-0.519,0.045,0.913,0.043
6,"If you consider buying a iPhone or Apple Watch this weekend, stop!",0.997,0.113,0.868,0.019
7,Apple beats out Android for majority of the U.S. smartphone market,0.993,0.113,0.862,0.025
8,EXCLUSIVE Video Highlights: Interview with DWAC CEO on Trump’s Truth Social and Shareholder Vote,0.989,0.105,0.895,0.0
9,Self-Driving Tech Company Floats Possible Sale to Apple or Microsoft,0.984,0.089,0.858,0.053
10,Parler App Returns to Google Store After Ban in January 2021,0.985,0.133,0.791,0.077
11,Apple iPhone Takes Lead in Smartphone Market. People Are Switching From Androids.,0.0,0.0,1.0,0.0
12,"Apple iPhone 14 event: A price hike is expected, but will there be ‘one more thing’?",0.0,0.0,1.0,0.0
13,Long-Term Analyst: Don’t Play the “Fool’s Game” of Timing the Market and Buy These 10 Stocks,1.0,0.135,0.859,0.005
14,Law Firms Jockey to Help Companies Manage Diversity and Equity,0.0,0.0,1.0,0.0
15,Stock Market Today: Dow Extends Weekly Slump as Europe Energy Concerns Dent Stocks,0.939,0.086,0.863,0.052
16,What to expect from Apple’s Sept. 7 event,0.991,0.048,0.949,0.003
17,"If Apple Builds a Car, People Would Buy, Survey Indicates.",-0.174,0.041,0.898,0.061
18,Apple’s ‘Far Out’: What to expect from the annual iPhone event,0.0,0.0,1.0,0.0
19,S&amp;P 500 in U-Turn as European Energy Crisis Fears Mount on Gazprom Delay,0.7,0.086,0.843,0.071
20,15 Most Valuable Indian Tech Companies in The World,0.999,0.115,0.879,0.006
21,Apple stock typically up an average 30% one year after iPhone unveiling,0.937,0.137,0.863,0.0
22,"Bitcoin on the rise following jobs report, U.S. dollar and Treasury yields weaker",0.0,0.0,1.0,0.0
23,4 of the Best Costco Deals for September 2022,0.749,0.075,0.896,0.029
24,"Volkswagen, Foxconn Begin Factory Bubbles To Withstand Chengdu Lockdown: Bloomberg",0.97,0.103,0.889,0.008
25,Warren Buffet Can't Get Enough of Apple Stock. Should You Buy Now?,0.823,0.158,0.842,0.0
26,"Exclusive-Apple, Samsung could benefit as India aims to speed product safety approvals",0.98,0.066,0.93,0.004
27,U.K. Competition Watchdog Gives Final Clearance to Norton-Avast Merger,0.958,0.11,0.858,0.033
28,Why a Bearish Money Manager Likes Gambling Stocks and Is Ready to Dump Apple,0.259,0.139,0.781,0.08
29,Apple overtakes Android to pass 50% share of smartphones used in US,0.66,0.074,0.926,0.0
