﻿,Titles,Polarity,Positive,Neutral,Negative
0,Dow Jones Futures: Fed Chief Powell On Tap As Market Starts To Doubt Rate Hikes Amid Russia's Ukraine Invasion,0.0,0.0,1.0,0.0
1,Apple Halts Product Sales in Russia After Ukraine Invasion,-0.93,0.043,0.89,0.067
2,"Dow Jones Futures: Stocks Fall, Oil Spikes Amid Russia's Ukraine Invasion; Fed Chief Powell On Tap",-0.572,0.0,0.837,0.163
3,"Apple pauses sales in Russia, adding to its other actions related to Ukraine invasion",0.0,0.0,1.0,0.0
4,Apple to suspend product sales in Russia over Ukraine invasion,-0.563,0.066,0.828,0.106
5,Apple cuts Russia off from its products and services,0.18,0.056,0.873,0.071
6,Apple pauses all product sales in Russia,0.0,0.0,1.0,0.0
7,UPDATE 1-Apple says it halts all product sales in Russia,-0.494,0.026,0.921,0.053
8,Apple to Increase Covid Testing for Vaccinated Retail Employees,-0.957,0.004,0.948,0.048
9,"HP CEO Enrique Lores on big earnings beat, stopping Russia shipments",-0.296,0.0,0.947,0.053
10,7 Metaverse Stocks to Make a Move on Right Now,0.999,0.082,0.893,0.025
11,3D Systems' (DDD) Q4 Earnings &amp; Revenues Surpass Estimates,0.995,0.097,0.875,0.028
12,"Ambarella (AMBA) Q4 Earnings Beat Estimates, Revenues Miss",0.998,0.126,0.856,0.018
13,"S&amp;P 500 Slips on Soaring Oil, Falling Financials Amid Russia Invasion",-0.73,0.063,0.86,0.076
14,Best Growth Stocks to Buy for March 1st,0.99,0.108,0.892,0.0
15,Which Company Might Buy Peloton?,0.898,0.248,0.707,0.046
16,SAP's Rise with SAP Solution Witnesses Continued Momentum,0.998,0.136,0.864,0.0
17,Dow Jones Slides As Russia Hammers Ukraine; Oil Prices Surge Above $100 A Barrel,-0.296,0.0,0.896,0.104
18,"Itron (ITRI) Earnings Beat Estimates in Q4, Revenues Miss",0.996,0.103,0.88,0.018
19,Is Apple (AAPL) Stock a Solid Choice Right Now?,0.986,0.124,0.872,0.004
20,Haul away these 10 bargains in beaten-down quality stocks before it’s too late,-0.487,0.055,0.874,0.071
21,Dow Jones Futures Slide As Russia Hammers Ukraine; Oil Prices Surge Above $100 A Barrel,-0.296,0.0,0.891,0.109
22,"Dow Jones Futures Slide; Lucid, Zoom Plunge On Earnings",-0.296,0.0,0.905,0.095
23,My Top Stock to Buy That Can Make You Richer in March (and Well Beyond),0.178,0.06,0.903,0.037
24,The Coder Supply Chain Runs Through Ukraine,0.984,0.101,0.84,0.06
25,U.S. Expects Chinese Tech Firms to Help Choke Off Russia Supply,-0.901,0.06,0.871,0.069
26,Meta Platforms and Spotify Give Investors a Lot to Chew On,-0.813,0.018,0.863,0.119
