﻿,Titles,Polarity,Positive,Neutral,Negative
0,Why Apple Zoomed to Another All-Time High Today,0.875,0.12,0.88,0.0
1,Sonos Case Against Google Gets Closer Scrutiny by ITC,0.706,0.08,0.852,0.068
2,"Dow Jones Futures: President Biden Set To Pick Fed Chief As Market Rally Diverges With Apple, Tesla, Amazon, Nvidia Soaring; Time To Buy Rivian?",0.0,0.0,1.0,0.0
3,BlackBerry Is Making All the Right Moves With Partnerships and New Products,0.999,0.127,0.854,0.019
4,Lawyers: A 'stretch' to hang Astroworld liability on Travis Scott as $3B in lawsuits pile in,-0.989,0.062,0.837,0.101
5,Apple’s Reported Entry Into Autonomous Vehicle Sector to Push AAPL Higher,0.983,0.083,0.917,0.0
6,"Lawyers: 'Stretch' to put Astroworld blame on Travis Scott, rapper likely not liable for damages",-0.743,0.0,0.785,0.215
7,Black Friday tech deals: Tips for what to buy and what to avoid,0.999,0.135,0.825,0.04
8,Why's the Dow Down While the S&amp;P and Nasdaq Hit Record Highs?,-0.296,0.0,0.969,0.031
9,Why the stock market is still the best place to be: strategist,0.985,0.105,0.867,0.028
10,"Apple Car could double company’s revenue and market value, says Morgan Stanley",0.422,0.113,0.887,0.0
11,Black Friday: What you should avoid buying,0.34,0.076,0.924,0.0
12,‘Good old-fashioned stock picking is coming back into vogue’: Strategist,0.718,0.191,0.747,0.062
13,Best Black Friday Tech Deals Starting Today,0.71,0.219,0.781,0.0
14,Metaverse: How CEOs are thinking about the future of virtual and augmented reality,0.459,0.143,0.857,0.0
15,TUSK Stock: The EV Charging Station Deal That Has Mammoth Energy Stampeding Higher Today,0.991,0.101,0.872,0.027
16,"Apple speeds up autonomous car project, crypto group outbid for Constitution copy, Activision allegations draw Xbox concern",0.0,0.0,1.0,0.0
17,The Biden administration is ‘waiting too long’ on the Fed chair nomination: Analyst,-0.052,0.059,0.876,0.065
18,CLOV Stock: The Chamath Palihapitiya Tweet Giving Clover Health a Lift Today,0.957,0.075,0.891,0.034
19,"Apple building a car ‘is a matter of when, not if’: Wedbush’s Dan Ives",0.422,0.105,0.857,0.038
20,"Dow Jones Slides 200 Points; These 3 Tech Titans In New Buy Zones; Lucid, Rivian Bounce",0.178,0.086,0.914,0.0
21,"Nasdaq Eases From Record, But Growth Jitters Lift Tech",0.997,0.175,0.77,0.055
22,Can Apple's Leadership Spread Out to the Rest of the Market?,0.153,0.04,0.96,0.0
23,"Apple will now help you repair your iPhone, but are you really up to the task?",-0.296,0.0,0.901,0.099
24,Ford CEO Farley Just Doubled the Car Maker’s EV Ambitions. No One Noticed.,0.226,0.123,0.791,0.087
25,Bitcoin ETFs and Corporate Adoption Are 2 Key Crypto Catalysts to Watch,0.71,0.083,0.894,0.023
26,Streaming Video Is All About Making Hits,0.857,0.142,0.858,0.0
27,Dow Jones Futures Slide 250 Points; These 3 Tech Titans In New Buy Zones,-0.202,0.129,0.75,0.121
28,2 Winning ETFs to Bolster Your Retirement Portfolio,0.898,0.161,0.839,0.0
29,Did You Hear This Announcement During Spotify's Earnings Call?,0.79,0.181,0.794,0.025
30,"Dow Jones Futures, Crude Oil, Yields Fall: Beware The Megacap Rally; AMAT Stock Leads 5 Key Earnings",0.527,0.261,0.632,0.106
31,The Apple Car Is Coming and Tesla Had Better Watch Out,0.958,0.084,0.873,0.043
32,Apple Is Touching Record Levels. How High Can It Go?,0.0,0.0,1.0,0.0
33,Tech Stocks Are Carrying the S&amp;P 500. Alibaba’s Slump Offers a Warning.,0.44,0.104,0.84,0.057
34,7 Dividend Stocks to Buy for 2022 and Hold Forever,1.0,0.123,0.848,0.029
35,10 Best Motley Fool Stocks To Buy Now,0.999,0.135,0.818,0.047
36,AI Giant SenseTime Wins Nod for Over $1 Billion Hong Kong IPO,0.768,0.066,0.898,0.035
37,10 Best Media Stocks To Buy Now,0.999,0.11,0.867,0.023
38,"Foot Locker, Applied Materials Fall Premarket; Intuit Rises",0.34,0.073,0.857,0.07
39,"Dems Spending Bill, Europe Lockdowns, Fed Speeches - What's Moving Markets",-0.915,0.049,0.888,0.064
40,Dow Jones Futures Rise: Beware The Megacap Rally; AMAT Stock Leads 5 Key Earnings,0.743,0.278,0.722,0.0
41,Dow Jones Futures: Beware The Megacap Rally; AMAT Stock Leads 5 Key Earnings,0.743,0.278,0.722,0.0
42,Dow Jones Futures: Why The Apple-Led Megacap Rally Is A Mixed Bag; AMAT Stock Leads Earnings Movers,0.743,0.278,0.722,0.0
