﻿,Titles,Polarity,Positive,Neutral,Negative
0,The 7 Best Investments for the Second Half of 2022,1.0,0.136,0.843,0.02
1,7 Oversold Stocks to Buy in July 2022,0.999,0.105,0.855,0.04
2,California is the top tech employer across multiple industries,0.0,0.0,1.0,0.0
3,Stock Market Closes Higher On Fed Minutes; Microsoft And Cisco Lead Tech Stocks Higher,0.382,0.12,0.88,0.0
4,GameStop Announces Four-For-One Stock Split; Shares Rise,0.169,0.079,0.844,0.077
5,"New EU laws aim to rein in Apple, Amazon, and other Big Tech companies",0.296,0.118,0.882,0.0
6,"Stocks and U.S. dollar accelerate gains into the close, energy stocks slump",0.226,0.164,0.744,0.092
7,"Apple Plans Extreme Sports Watch With Larger Screen, Metal Case",0.947,0.059,0.908,0.034
8,Fed rate hikes will ‘hurt the generation of new tech startups’: Appian CEO,0.052,0.091,0.823,0.085
9,Top 10 Stocks to Buy in 2022 According to Motley Fool’s 1623 Capital,1.0,0.157,0.823,0.019
10,Dow Jones Rallies As Fed Minutes Reveal This; EV Stock Explodes On Guidance; Apple Stock Pops,0.34,0.098,0.902,0.0
11,Apple to release new 'Lockdown Mode' as it battles spyware firms,0.043,0.1,0.798,0.102
12,Alphabet's (GOOGL) Google TV to Woo Users With New Feature,0.999,0.169,0.821,0.011
13,Apple Launches iPhone Security Tool to Block Targeted Attacks,0.965,0.094,0.838,0.068
14,Apple Ratchets Up Security Tool for iPhone Users Targeted by Sophisticated Spyware,0.758,0.246,0.754,0.0
15,Stock Market Sell-Off: The Best Stocks to Buy for the Second Half of 2022,0.696,0.136,0.777,0.087
16,Stock Market Today: Dow Climbs as Tech Strength Offsets Rout in Energy,-0.153,0.088,0.825,0.087
17,Chip Delivery Times Fall by a Day as Companies See Some Relief,-0.904,0.042,0.873,0.085
18,Apple Stock Higher Amid Tech Boost;  Goldman Price Target Cut Clouds MacBook News,0.0,0.0,1.0,0.0
19,"Market check: Stocks open mixed, bond yields fall, Tesla stock dips",0.0,0.0,1.0,0.0
20,Betting Against Tech Is Finally a Winning Trade as Short Sellers Sit on $20 Billion Profit,0.993,0.114,0.814,0.072
21,"Meta Remains Adamant On NFT Push In Contrast With Google, Apple To Secure Its Metaverse Ambitions",0.982,0.118,0.848,0.034
22,Airbnb Hosts Navigate Legal Maze Amid State Abortion Bans,0.993,0.096,0.859,0.045
23,"Online Ad Slump Won’t Be a Blip for Google, Facebook, Others",-0.226,0.074,0.843,0.083
24,2 Ways To Take Advantage of the Worst Market in 50 Years,-0.844,0.0,0.822,0.178
25,Warren Buffett's Secret Portfolio Has 86% of Its Assets Invested In These 3 Stocks,0.0,0.0,1.0,0.0
26,TikTok’s US Data Admission Stokes Fresh Concerns With Republican FCC Member,0.927,0.092,0.837,0.072
27,Alphabet vs. Apple: Which FAANG Stock Does Wall Street Like the Most?,0.993,0.128,0.785,0.086
