﻿,Titles,Polarity,Positive,Neutral,Negative
0,Warren Buffett Bought More of These 3 Stocks in 2022,1.0,0.162,0.821,0.017
1,"Apple Is Union-Busting In NYC, Labor Group Alleges",-0.514,0.073,0.847,0.08
2,Dow Jones Futures: Target Triggers Bearish Sell-Off; Market Rally Has 90% Chance Of Doing This,-0.44,0.0,0.804,0.196
3,Warren Buffett Is Holding These 10 Tech Stocks Despite Selloff,1.0,0.11,0.869,0.021
4,10 Best Streaming Stocks To Buy Now,0.999,0.107,0.868,0.025
5,"Stocks end the day in the red, retail stocks battered, tech sector closes under pressure",0.0,0.0,1.0,0.0
6,"Investing in the new high-inflation, slowing-growth paradigm",0.844,0.115,0.864,0.021
7,Market sell-off: S&amp;P 500 has worst day since June 2020,-0.71,0.0,0.856,0.144
8,"10 years after Facebook’s record-breaking IPO, a sense of déjà vu",0.153,0.093,0.846,0.061
9,"Apple takes shots at Meta, Google in new privacy ad",0.954,0.067,0.903,0.03
10,What to expect at the 2022 Davos World Economic Forum,0.0,0.0,1.0,0.0
11,Why Apple Stock Is Falling Today,-0.681,0.034,0.828,0.138
12,"The stock market is pricing in a 70% chance of a 'near-term' recession, JP Morgan says",-0.28,0.045,0.905,0.05
13,"S&amp;P 500 Slips as Rout in Target Triggers Selloff Storm; Dow Down 1,200",0.0,0.068,0.861,0.071
14,"Justice Department sues Steve Wynn, ex-employees sue PIMCO, Apple delays return-to-office plans",0.052,0.096,0.787,0.118
15,Netflix (NFLX) Inks $350M Plus Renewal Deal With VFX Firm DNEG,0.998,0.164,0.787,0.049
16,10 Best Stocks to Buy Now According to Tom Gayner’s Markel Gayner Asset Management,0.999,0.11,0.866,0.024
17,Buffett vs. Burry: Who's Right on Apple?,0.673,0.107,0.847,0.046
18,Apple Stock: Bear vs. Bull,0.332,0.137,0.749,0.114
19,Here's Why Smart Investors Should Wait to Buy Apple Stock,0.265,0.092,0.861,0.047
20,1 Dirt-Cheap Nasdaq Growth Stock Worth Buying Right Away,0.778,0.115,0.885,0.0
21,Tesla: Never Bought it and Never Will,0.949,0.064,0.89,0.046
22,3 Growth Stocks With More Potential Than Any Cryptocurrency,0.844,0.224,0.776,0.0
23,"Zacks Investment Ideas feature highlights: Microsoft, Apple, and Nvidia",0.999,0.128,0.84,0.032
24,"Stock market: 'Two different dynamics at play,' NYSE president says",0.251,0.064,0.87,0.066
25,Worker Shortages Snarl Shipping Even as Shanghai Lockdown Eases,-0.923,0.078,0.814,0.107
26,"Stylus Wars 2022: Apple Pencil, Surface Pen and Samsung S Pen Reviewed",0.637,0.089,0.911,0.0
27,How do today’s musicians make money?,-0.382,0.0,0.852,0.148
