﻿,Titles,Polarity,Positive,Neutral,Negative
0,Apple Stock Is a Buy Despite Its Flaws,0.998,0.139,0.812,0.049
1,"Apple Is Seeing Strong China Demand for iPhones, Analyst Survey Finds",0.382,0.118,0.882,0.0
2,10 Trending Stocks to Watch on Monday,0.998,0.094,0.867,0.039
3,2022 Fortune 500: Pittsburgh rankings see new top performer,0.202,0.043,0.957,0.0
4,"Streaming has turned film financing 'upside down': 'It's VOD or die,' says lawyer",0.996,0.095,0.859,0.046
5,Why Apple Stock Jumped on Monday,0.823,0.164,0.836,0.0
6,"Two years after George Floyd’s killing, Big Tech shareholders continue racial-justice push",-0.128,0.093,0.809,0.097
7,"US STOCKS-Wall Street bounces back on boost from banks, Apple after volatile week",0.889,0.059,0.907,0.033
8,"Stock Market Today: Dow Makes Strong Start to Week as Banks, Tech Shine",0.935,0.099,0.84,0.061
9,"RPT-US STOCKS- S&amp;P 500, Dow rise as banks, Apple offer support",0.938,0.073,0.882,0.045
10,3 Top AI Stocks Ready for Bull Runs,0.851,0.243,0.757,0.0
11,Apple stock rises after tech giant looks to expand production outside China,0.318,0.081,0.919,0.0
12,"Tech stock environment has ‘drastically changed,’ strategist says",0.0,0.0,1.0,0.0
13,10 Stocks to Buy When Everyone is Selling,1.0,0.133,0.846,0.021
14,Market check: Stocks rally after teasing bear market,0.0,0.0,1.0,0.0
15,Here's Why Analysts Are Bullish On Zoom Despite Selloff,0.984,0.12,0.852,0.027
16,10 Biggest Losers in Warren Buffett’s Latest Portfolio,1.0,0.123,0.823,0.054
17,"Senate Bill Targets Google, Facebook Ad Businesses",0.0,0.0,1.0,0.0
18,10 Best Dividend Stocks to Buy According to Noam Gottesman’s GLG Partners,1.0,0.118,0.869,0.013
19,10 Best Dividend Stocks According to Richard Chilton’s Chilton Investment Company,1.0,0.145,0.846,0.009
20,Amazon Announces New Fire 7 Tablets,-0.477,0.072,0.723,0.204
21,EA Stock Rises on Reports the Videogame Maker is Pursuing a Sale or Merger,0.092,0.055,0.908,0.037
22,The Great Resistance is here. Companies and employees are in a battle of wills over returning to the office.,0.402,0.137,0.863,0.0
23,"‘Workers don’t want toys or free food, they want a higher quality of life’: The Great Resistance is here. Companies struggle to get workers back to the office",0.402,0.137,0.863,0.0
24,"Midday Stock Movers: VMware, XPeng, Electronic Arts",0.907,0.089,0.88,0.031
25,These 2 Tech Giants Just Declared Dividend Raises. Are They Buys?,0.84,0.111,0.873,0.017
26,Zoom’s 85% Selloff Has Analysts Calling for a Rally,0.995,0.098,0.874,0.028
27,"Stocks Higher, Week Ahead, VMware, Apple And Zoom In Focus - Five Things You Must Know",0.477,0.126,0.826,0.049
28,4 Dow Stocks Billionaire Money Managers Bought Hand Over Fist in the First Quarter,0.824,0.141,0.815,0.044
29,Office starts to rebound as Triangle remains hot market for growth,0.0,0.0,1.0,0.0
