﻿,Titles,Polarity,Positive,Neutral,Negative
0,Netflix must blow away these numbers when it reports earnings,0.988,0.105,0.845,0.05
1,Market Recap: Monday July 19,0.66,0.097,0.903,0.0
2,10 Best Roth IRA Stocks Hedge Funds are Buying,1.0,0.134,0.846,0.02
3,Why Apple Stock Was Falling Monday,-0.077,0.036,0.923,0.041
4,Meme Stock Crash: 10 Worst-Performing Stocks of Reddit’s WallStreetBets,0.999,0.104,0.84,0.056
5,10 Best REIT Stocks with High Dividend Yields,1.0,0.124,0.852,0.024
6,These Wireless Chip Stocks Seem Poised For Strong Second-Half 2021,0.743,0.283,0.717,0.0
7,"Dow Jones Dives 800 Points On Covid-19 Fears; Apple, Tesla Stock Sell Off",-0.422,0.0,0.882,0.118
8,Are You a Growth Investor? This 1 Stock Could Be the Perfect Pick,1.0,0.208,0.782,0.01
9,"Goldman Sachs Upgrades Qualcomm To Neutral, Increased Price Target Signifies 6% Upside",0.886,0.079,0.899,0.022
10,3 No-Brainer Warren Buffett Stocks to Buy Right Now,0.0,0.0,1.0,0.0
11,Tencent Offers to Buy British Game Maker Sumo Group,0.992,0.125,0.853,0.022
12,Apple under pressure over iPhone security after NSO spyware claims,0.026,0.067,0.858,0.075
