﻿,Titles,Polarity,Positive,Neutral,Negative
0,An Apple Event for These Pandemic Times,0.999,0.11,0.882,0.008
1,Apple (AAPL) Dips More Than Broader Markets: What You Should Know,0.995,0.118,0.873,0.008
2,"Dow Jones Futures: Market Retreat Slams Leaders; Netflix Dives Late On Subscriber Miss, But 3 Stocks Flash Buy Signals",-0.422,0.0,0.817,0.183
3,Netflix is ‘still very much in play and ahead of the game’: Santosh Rao,0.0,0.0,1.0,0.0
4,Stock Market Today: Investors Head for Safety Amid Another Selloff,0.997,0.101,0.876,0.024
5,"Apple Launching New iMac That Starts at $1,299",0.103,0.033,0.967,0.0
6,Apple’s Big Crackdown on Digital Ad Tracking Hits Next Week,-0.686,0.033,0.899,0.068
7,7 Best Growth ETFs to Watch,1.0,0.188,0.789,0.022
8,Will Big-Tech Drive Indices to Record Highs in Q2?,0.997,0.091,0.892,0.017
9,"Dow Jones Slumps 300 Points, But IBM Flashes Buy Signal; Apple Debuts New iMacs, iPad Pro Tablets",0.836,0.331,0.669,0.0
10,Apple’s M1 chip is ‘where everything is going for the company’: Analyst,0.997,0.092,0.902,0.006
11,Apple's new AirTags could factor into U.S. Senate antitrust hearing,0.92,0.057,0.915,0.027
12,This chart shows the deluge of corporate spending on technology since 1980,0.0,0.0,1.0,0.0
13,"Apple Launches Redesigned iMac Desktop With Colors, Custom Chip",0.987,0.083,0.917,0.0
14,"Apple debuts Apple TV 4K with improved remote, color balancing feature",0.991,0.083,0.917,0.0
15,"Apple puts its custom chips into colorful new iMacs, upgraded iPad Pro",0.0,0.0,1.0,0.0
16,"Apple Debuts AirTags Item Trackers, New iMacs, iPads At Spring Product Launch",0.0,0.0,1.0,0.0
17,Apple Debuts Faster iPad Pro With Brighter Screen and 5G Option,0.978,0.052,0.945,0.003
18,"Apple Just Announced a New iPad, iMac, and AppleTV. Its Stock Is Still Down.",0.0,0.0,1.0,0.0
19,"Apple debuts iPad Pro with high-powered M1 chip, high-end display",0.977,0.05,0.947,0.003
20,"Apple Introduces New iPad Pro Featuring Breakthrough M1 Chip, Ultra-Fast 5G, and Stunning 12.9-inch Liquid Retina XDR Display",1.0,0.12,0.871,0.009
21,UPDATE 1-Apple goes to battle with Spotify in premium podcast push,0.986,0.098,0.866,0.036
22,Apple debuts incredibly thin iMac with M1 chip,0.993,0.09,0.902,0.008
23,"All-New iMac Features Stunning Design in a Spectrum of Vibrant Colors, the Breakthrough M1 Chip, and a Brilliant 4.5K Retina Display",1.0,0.12,0.868,0.011
24,"Dow Jones Slumps 250 Points, But IBM Flashes Buy Signal; Leading Growth Stocks, Small Caps Crushed Again",0.836,0.331,0.669,0.0
25,Apple goes to battle with Spotify in premium podcast push,0.987,0.111,0.851,0.038
26,Apple Launches $29 AirTag Gadget for Tracking Physical Items,0.792,0.051,0.925,0.025
27,"Apple Unveils the Next Generation of Apple TV 4K, Making the Best Device for Watching Shows and Movies Even Better",1.0,0.14,0.853,0.007
28,Apple debuts AirTag for easily tracking your lost items like keys,0.975,0.085,0.876,0.038
29,Apple Announces Paid Podcast Subscriptions to Rival Spotify,0.853,0.069,0.922,0.009
30,Apple Introduces AirTag,0.999,0.088,0.896,0.016
31,Apple Introduces iPhone 12 and iPhone 12 mini in a Stunning New Purple,1.0,0.129,0.858,0.013
32,"Apple Introduces Apple Card Family, Enabling People to Share Apple Card and Build Credit Together",1.0,0.148,0.832,0.02
33,Apple Leads the Next Chapter of Podcasting With Apple Podcasts Subscriptions,1.0,0.137,0.859,0.004
34,"UPDATE 6-Apple announces AirTags for lost items, slim iMacs in new colors",0.975,0.079,0.903,0.018
35,Here’s Why Apple Inc. (AAPL) Landed in Alger Spectra’s Top Detractor List,0.997,0.145,0.834,0.021
36,How to watch the Apple event ‘Spring Loaded’,0.0,0.0,1.0,0.0
37,Can Apple (AAPL) Keep the Earnings Surprise Streak Alive?,0.998,0.167,0.799,0.035
38,"Dow Jones Dives 300 Points Despite IBM, J&amp;J Gains As Stock Market Gets Slammed",-0.478,0.0,0.848,0.152
39,Cindedigm Forges Digital Content Partnership With Genius Brands; Gives No Color On Takeover Rumors,0.567,0.054,0.917,0.028
40,Dow Jones Sells Off As Apple Slides Ahead Of 'Spring Loaded' Event; Tesla Jumps On Price Target Boost,0.0,0.0,1.0,0.0
41,Dow Jones Falls As Apple Reverses Ahead Of 'Spring Loaded' Event; Tesla Jumps On Price Target Boost,0.0,0.0,1.0,0.0
42,"Google, Apple To Testify At Senate's Antitrust Hearing With Spotify, Tile, Match As Witnesses",0.859,0.057,0.915,0.028
43,Strong Results From IBM And Johnson &amp; Johnson Not Enough As Covid Worries Rise,0.998,0.1,0.839,0.061
44,Should you buy Apple stock? Here are the key numbers to look at now,0.746,0.081,0.919,0.0
45,What Is Expected From Apple's Spring Event Today?,0.938,0.055,0.932,0.012
