﻿,Titles,Polarity,Positive,Neutral,Negative
0,An Aircraft Leasing Company Worth Watching,0.459,0.093,0.852,0.055
1,"Google Slashes App Store Fees, Following Similar Apple Move",0.936,0.05,0.919,0.031
2,"Dow Jones Leads Market Lower As Nasdaq, S&amp;P 500 Reverse Earlier Gains; Two Chip Stocks Form Alternative Entries",-0.296,0.0,0.916,0.084
3,Google Play to Slash Fees App Developers Pay,-0.612,0.0,0.762,0.238
4,"Google Pushes Deeper In Health Tech, Adds Sleep Tracking To Nest: Bloomberg",0.951,0.077,0.899,0.024
5,"If Your iPhone Charger Blows Up, It May Be a Fake Sold on Instagram",-0.883,0.055,0.878,0.067
6,Mercer-Backed Parler Casts Its Reboot as Fight for Free Speech,-0.743,0.058,0.877,0.065
7,Dow Jones Falls As Nasdaq Rallies; Apple Stock Up As Tech Rebounds; Moderna Pops On This,0.0,0.0,1.0,0.0
8,"Huawei To Charge 5G Royalties From Apple, Samsung: Bloomberg",0.44,0.074,0.868,0.058
9,Why One Analyst Thinks Apple Shares Still Look Cheap,-0.026,0.146,0.702,0.152
10,Apple Supplier Foxconn Is Exploring North American EV Manufacturing Sites,0.971,0.063,0.929,0.008
11,Dow Jones Falls On Weak Retail Sales; Nasdaq Rallies As These Tech Stocks Lead,-0.542,0.0,0.8,0.2
12,"Dow Falls As Retail Sales Miss; Tesla Slides, While EV Leader Volkswagen Soars 17%",-0.296,0.0,0.913,0.087
13,"Apple (AAPL) Dominates Wearables Market in Q4, Xiaomi Trails",0.998,0.131,0.859,0.009
14,Billionaire Izzy Englander’s Top 10 Stock Picks,1.0,0.126,0.841,0.034
15,"Thinking About Buying Stock In AstraZeneca, Apple, McDonald's, Savara Or Jabil?",0.877,0.063,0.927,0.01
16,Here’s Wall Street’s next biggest pain trade: BofA,0.992,0.077,0.886,0.037
17,S&amp;P 500 Eases From Record High as Tech Fights to Hold Gains Ahead of Fed,-0.968,0.06,0.849,0.091
18,Where Will Target Be in 5 Years?,0.878,0.158,0.842,0.0
19,Dow Jones Futures Fall As Bitcoin Slides From Record Highs; This EV Leader Surges Again,-0.296,0.0,0.896,0.104
20,"UPDATE 1-Foxconn eyes EVs for troubled Wisconsin plant, may go with Mexico",0.989,0.096,0.886,0.018
21,Apple Snares Another Street-High Price Target on Sales Outlook,0.925,0.091,0.885,0.024
22,"ByteDance Moves Into Semiconductors, Goes On Hiring Spree: Bloomberg",0.989,0.111,0.879,0.01
23,5 Stocks That Were Once the Most Held on Robinhood,0.852,0.155,0.845,0.0
24,"Huawei to Start Demanding 5G Royalties From Apple, Samsung",0.649,0.089,0.831,0.081
25,"Apple's iPhone 12, iPhone 12 Pro Trail Android Rivals In 5G Speeds: Report",0.7,0.052,0.91,0.038
26,ByteDance Begins Hiring for Possible Push Into Semiconductors,0.994,0.167,0.833,0.0
27,Deutsche Bank Remains Bullish on Apple Stock; Sees 30% Upside,0.986,0.086,0.899,0.015
