﻿,Titles,Polarity,Positive,Neutral,Negative
0,Job layoffs circulate throughout tech industry,0.977,0.079,0.889,0.032
1,CNBC picks North Carolina as best state for business,0.791,0.119,0.881,0.0
2,The One Thing Streaming Companies Need -- a Bundle,0.0,0.0,1.0,0.0
3,"Here's the Latest on Covid, Agriculture and Organic Light Emitting Diode Tech",0.392,0.049,0.951,0.0
4,Apple Isn’t Recession-Proof. Why 1 Analyst Sees 15% Downside For The Stock.,0.477,0.195,0.722,0.083
5,Stock Market Today: Dow Ends Lower as High Inflation Stokes Rate Hike Fears,-0.932,0.068,0.843,0.089
6,"Why Apple, Okta, and Nvidia Stocks Tumbled Today",0.128,0.096,0.804,0.1
7,2 Dividend-Paying Tech Stocks to Buy Right Now,0.382,0.229,0.667,0.105
8,"Apple's (AAPL) TV+, Led by Ted Lasso, Gets 52 Emmy Nominations",0.997,0.163,0.793,0.044
9,"Apple is no longer working with Jony Ive, who shaped the look of so many iconic designs",0.765,0.07,0.892,0.038
10,"Apple stock dips after Citi analyst lowered estimates, price target",0.366,0.069,0.884,0.048
11,"Market check: Stocks move lower, Tesla stock clings to gains",0.0,0.0,1.0,0.0
12,"Apple hovers above competition even as smartphone market stumbles, sources say",0.995,0.093,0.893,0.014
13,"Apple, Amazon, Tesla stocks dive into the red after inflation data",-0.077,0.053,0.903,0.045
14,"5 Reasons Apple Stock Is Still a Buy, According to Citi",0.619,0.231,0.63,0.139
15,"Zacks Investment Ideas feature highlights: Apple, Occidental Petroleum and HP",0.999,0.156,0.818,0.026
16,An iPhone on wheels: the existential challenge for carmakers,0.402,0.068,0.932,0.0
17,"3 Reasons to Buy Amazon, and 2 Reasons to Sell in July 2022",0.494,0.1,0.9,0.0
18,5 Best Stocks to Buy if You Have $250 to Spend,0.998,0.104,0.864,0.032
19,Warren Buffett Has Bet $279 Billion on These 10 Stocks,0.576,0.08,0.896,0.024
20,S&amp;P 500 Bear Market: Time to Buy These 3 Market-Beating Growth Stocks,0.852,0.462,0.538,0.0
21,"Apple price target cut to $175 at Citi, which offers five reasons to keep buying the stock",0.296,0.121,0.879,0.0
22,Taiwanese iPhone Maker Arm Backs Top China Chipmaker After $9 Billion Rescue,0.991,0.097,0.867,0.036
23,Earnings Season Brings Another Risk for Stocks—Shrinking Profit Margins,0.739,0.222,0.703,0.075
