﻿,Titles,Polarity,Positive,Neutral,Negative
0,NFL considers Apple TV+ as a host for Sunday Ticket streaming,0.273,0.063,0.937,0.0
1,Apple urges federal court to throw out App Store injunction in Epic case,-0.883,0.039,0.789,0.172
2,"Apple throws its weight behind ‘buy now, pay later’ — but it's about to face its first real stress test",0.998,0.127,0.8,0.073
3,"Apple ‘gaining share’ in PCs with new products, strategist says",0.052,0.118,0.773,0.109
4,Apple’s AirPods Are Everywhere. So Why Is This Stock in the Dumps?,0.226,0.12,0.825,0.055
5,"Netflix: The good, the bad and the downright ugly as investors brace for Q2 earnings",0.975,0.092,0.835,0.072
6,Netflix (NFLX) Set to Report Q2 Earnings: What to Expect?,0.997,0.137,0.833,0.03
7,TikTok Names New Head of Security Amid Heightened US Scrutiny,0.929,0.078,0.884,0.039
8,"Stocks rise as traders mull earnings, favorable consumer data",0.0,0.0,1.0,0.0
9,1 Highly Underrated Moat in Growth Stocks,0.681,0.258,0.742,0.0
10,"Taiwan accuses Chinese Apple supplier of stealing secrets, charges 14",0.879,0.101,0.825,0.075
11,The SPACsplosion is about to become a liquidation frenzy — and that may be for the best,-0.572,0.072,0.841,0.087
12,Better Tech Stock: Apple vs. Microsoft,0.956,0.155,0.845,0.0
13,Investors Should Buy the Dip on These 2 FAANG Stocks,-0.827,0.0,0.847,0.153
14,7 Oversold Tech Stocks to Buy for July,0.999,0.103,0.88,0.017
15,"The Latest From Big Tech, Including a High-End VR Headset and Lock Screen Monetization",0.649,0.105,0.858,0.037
16,Memory Chipmaker SK Hynix Weighs Slashing Spending by a Quarter in 2023,0.309,0.057,0.878,0.065
