﻿,Titles,Polarity,Positive,Neutral,Negative
0,"Dow Jones Futures: Apple, Microsoft, Nvidia Add To Market Rally Weakness; Elon Musk Says This About Tesla Cybertruck",-0.422,0.0,0.877,0.123
1,'We think that there’s going to be more upside to Apple here': Citi's Jim Suva,0.0,0.0,1.0,0.0
2,Jim Cramer: Focus on the Trees and You'll Miss a Forest of Opportunity,0.755,0.318,0.682,0.0
3,Apple Stock Earns IBD Rating Upgrade; Ramps Up IPhone Production,0.718,0.353,0.647,0.0
4,Apple Supplier Rockley Photonics Unveils Health Tracking Sensors Potentially Giving Peek Into Apple iWatch Future,0.805,0.052,0.929,0.019
5,This Nasdaq Giant Is Spoiling the Meme Stock Party,0.422,0.092,0.867,0.041
6,Apple ETFs at Record High: Further Potential on iPhone Optimism,0.994,0.098,0.887,0.015
7,"Apple’s Next Earnings Will Come in Strong, Morgan Stanley Says",-0.361,0.0,0.889,0.111
8,Apple (AAPL) Raises iPhone Production Order to a Record 90M,0.997,0.118,0.875,0.007
9,Netflix Reportedly Making Plans to Stream Videogames. What It Means for the Industry.,0.71,0.289,0.711,0.0
10,5 Spectacular FAANG Stock Earnings Charts,0.998,0.181,0.795,0.025
11,Thursday's Market Minute: The Streaming Awards,0.993,0.149,0.833,0.018
12,"Morgan Stanley Records Impressive Quarter, Becoming Final Big Bank To Report",0.998,0.11,0.814,0.077
13,Is It Game Over for Affirm?,0.178,0.048,0.92,0.032
14,"Company News for Jul 15, 2021",0.986,0.194,0.792,0.014
15,Apple (AAPL) Hits Fresh High: Is There Still Room to Run?,0.999,0.157,0.843,0.0
16,Apple’s Stock Price Up By 2% Today. Analysts Estimate Further Increase in H2,0.993,0.132,0.85,0.018
17,2 Stocks With No. 1 Ranking Mobile Apps,0.0,0.06,0.879,0.06
18,4 Stocks to Watch as PC Shipments Continue to Grow,0.999,0.161,0.832,0.007
19,5 Top Growth Stocks to Buy as Fed Soothes Inflation Fears,0.998,0.122,0.861,0.018
20,"Google Wants People in Office, Despite Productivity Gains at Home",0.995,0.093,0.857,0.05
21,"Dow Jones Futures Fall As Apple Masks Weak Market Rally Trends; Netflix, Taiwan Semiconductor In Focus",0.0,0.0,1.0,0.0
22,"Apple Hits $150, With a $2.5 Trillion Market Value, as Analysts Turn Bullish",0.459,0.105,0.895,0.0
23,Analysis-Return to the U.S. office? Ask the CEO,0.71,0.018,0.976,0.007
24,"3 Stocks That Turned $1,000 Into Over $300,000",0.728,0.167,0.798,0.035
25,"Morning Bell With Jim Cramer: 'Own Apple, Don't Trade It'",0.934,0.164,0.803,0.032
26,TSMC’s Second-Quarter Profit Rises 11% on Strong Chip Demand,0.608,0.094,0.819,0.086
