﻿,Titles,Polarity,Positive,Neutral,Negative
0,America's Gas Crisis Could Send These EV Stocks Even Higher,1.0,0.137,0.824,0.039
1,How consultants will sway the outcome of the Epic v. Apple case,0.153,0.046,0.954,0.0
2,Amazon Deal to Acquire MGM to Come as Soon as Tuesday,0.984,0.096,0.891,0.013
3,Apple v. Epic: What each side proved throughout the historic trial,0.751,0.133,0.846,0.021
4,Is Peloton Stock A Buy? PTON Announces First U.S. Factory As Sales Accelerate,0.671,0.277,0.723,0.0
5,Apple and Epic Games' legal battle winds down,0.0,0.0,1.0,0.0
6,The two biggest risks for equities,0.0,0.0,1.0,0.0
7,Dow Jones Rallies; Bitcoin Up As Fed Governor Touts Digital Dollar; Apple Stock Nears Key Level,0.402,0.116,0.837,0.048
8,‘The Federal Reserve is going to be slower than most investors think’: Expert,0.758,0.236,0.764,0.0
9,A Look at Berkshire Hathaway's Smaller Investments,0.992,0.097,0.874,0.029
10,Apple vs. Epic Games courtroom battle expected to end today,0.0,0.0,1.0,0.0
11,Apple v. Epic: It’s closing argument time in blockbuster trial,-0.402,0.0,0.909,0.091
12,Apple VS. Epic Games antitrust trial nears conclusion,-0.966,0.051,0.876,0.073
13,10 Best Dividend Stocks to Buy According to Billionaire Ken Fisher,0.999,0.109,0.883,0.008
14,AT&amp;T CEO: WarnerMedia spinoff is good for investors,0.0,0.0,1.0,0.0
15,10 Best Dividend Stocks to Buy According to Billionaire Mario Gabelli,1.0,0.123,0.859,0.019
16,S&amp;P 500 Racks Up Gains as Bulls Feast on Tech Rebound,0.542,0.068,0.875,0.057
17,10 Best Stocks to Buy in 2021 According to Louis Navellier,1.0,0.117,0.867,0.016
18,‘Fortnite’ Game Developer and Apple Wrap Up Three-Week Trial,-0.296,0.0,0.872,0.128
19,"Virgin Galactic Stock Is Soaring. Just Like That, SPACs Are Back.",-0.382,0.0,0.927,0.073
20,3 Stocks to Watch on Rising Demand for Smart Medical Devices,0.999,0.172,0.817,0.01
21,I'm Buying These 3 Resilient Stocks During the Bear Market,0.153,0.082,0.918,0.0
22,Cathie Wood’s ARK Invest Bought Teledoc and Palantir Stock. Here’s What It Sold.,0.273,0.072,0.928,0.0
23,"Apple vs. Epic Games, Bitcoin, Nvidia, Phil Mickelson - 5 Things You Must Know",0.0,0.0,1.0,0.0
24,World’s Supply of Chips Is in Danger Unless Taiwan Gets Vaccines,0.97,0.071,0.868,0.061
