﻿,Titles,Polarity,Positive,Neutral,Negative
0,5 Big Tech Stocks That Are Bargains Now,1.0,0.153,0.818,0.029
1,"Stocks close in on a losing month, energy and utilities sectors lead intraday gains",0.465,0.025,0.963,0.013
2,Hedge Funds Continue to Load Up on These 10 Growth Stocks Despite Recession Fears,0.999,0.111,0.856,0.033
3,10 Tech Stocks Hedge Funds are Buying Despite Rising Interest Rates,0.998,0.1,0.859,0.041
4,An Ominous Month Looms For Battered Nasdaq Bulls,0.284,0.1,0.803,0.097
5,"Snap Will Cut 20% of Workforce, Slash Investments, Add COO",0.983,0.111,0.83,0.059
6,10 Under-The-Radar Tech Stocks to Buy Now,0.999,0.111,0.862,0.026
7,Nasdaq Bear Market: 2 Growth Stocks You'll Wish You'd Bought on the Dip,0.026,0.065,0.872,0.063
8,Dow Jones Futures: Is The Market Rally Finished? Key Support Broken,-0.153,0.135,0.7,0.165
9,86% of Warren Buffett's Portfolio Is Invested in These 10 Stocks,0.955,0.167,0.833,0.0
10,Dow Jones Futures Signal Market Rally Isn't Finished After Key Support Broken,-0.153,0.135,0.7,0.165
11,Dow Jones Futures Rise: Market Rally Finished? Indexes Break Support As Fed Fears Intensify,-0.153,0.135,0.7,0.165
12,Apple Quietly Gives Up Its Didi Board Seat After Turmoil,-0.691,0.077,0.835,0.089
13,Apple privacy chief Jane Horvath is reportedly stepping down,0.0,0.0,1.0,0.0
