﻿,Titles,Polarity,Positive,Neutral,Negative
0,Fisker’s Earnings Don’t Matter. More Sales Reservations and a New Model Do.,0.685,0.225,0.716,0.059
1,"Governments need more money to fight Google antitrust cases, lawyer tells Congress",0.029,0.069,0.866,0.065
2,Stocks Remain Weak In Final Hour As Nasdaq Leads Broad Sell-Off; Leading Stocks Stumble,-0.599,0.0,0.786,0.214
3,"HP shocks Wall Street, blows away earnings estimates",0.996,0.136,0.836,0.028
4,Blockbuster movies will come back after COVID-19: former Legendary Entertainment CEO,0.996,0.113,0.863,0.025
5,Influencers with Andy Serwer: Thomas Tull,1.0,0.18,0.796,0.024
6,Apple Partner Foxconn to Form EV Partnership With Fisker,0.992,0.07,0.927,0.003
