﻿,Titles,Polarity,Positive,Neutral,Negative
0,Affirm CEO Says He’s Not Worried About Apple’s Pay Later Rival,0.932,0.069,0.897,0.034
1,Apple CEO Tim Cook on remote work: 'the mother of all experiments',0.637,0.058,0.942,0.0
2,11 Best Bear Market Stocks To Invest In,1.0,0.15,0.828,0.022
3,Apple (AAPL) Outpaces Stock Market Gains: What You Should Know,0.994,0.111,0.872,0.017
4,"US STOCKS-Wall St jumps with tech, energy; Target news weighs on retailers",0.965,0.093,0.86,0.047
5,"Upgrade CEO details how company is disrupting the ‘buy now, pay later’ space",0.25,0.078,0.877,0.045
6,"Despite a Tough Day for Retail, 2 Stocks Helped Lift the Dow Jones Higher Today",-0.122,0.101,0.803,0.096
7,"Apple unveils lock screens, multi-task features, and more at its Worldwide Developers Conference",0.996,0.089,0.892,0.019
8,"US STOCKS-Wall St ends up with tech, energy; Target falls after margin warning",0.955,0.097,0.853,0.05
9,"No, the Success of Top Gun: Maverick Isn’t Enough to Save AMC Stock",0.99,0.147,0.748,0.105
10,PayPal Is Pushing Further Into Crypto as Payments Competition Heats Up.,0.382,0.12,0.88,0.0
11,"Dow Futures Tick Lower, Smartsheet Reports",0.785,0.108,0.811,0.081
12,"US STOCKS-Wall St gains with tech, energy; Target's margin warning a negative",0.961,0.094,0.856,0.05
13,Formula 1 Streaming License Could Be Major Catalyst For Netflix - Read Why,0.946,0.105,0.862,0.032
14,Mizuho's Bullish Re-Rating On PayPal Had An Apple Connection - Read To Know,0.899,0.103,0.845,0.051
15,"Apple piles pressure on embattled buy now, pay later sector",0.912,0.212,0.765,0.023
16,"‘Robbing Peter to pay Paul’: Apple is the latest company offering ‘buy now, pay later.’ 4 reasons you should think twice before signing up",0.0,0.0,1.0,0.0
17,Apple (AAPL) Makes Six Big Announcements at WWDC22,0.202,0.096,0.904,0.0
18,Analysis - Apple's next frontier is your car's dashboard,0.996,0.094,0.878,0.029
19,Apple Versus the Energy Sector: Which Is the Better Buy?,0.997,0.119,0.858,0.023
20,Apple/BNPL: giant’s scale protects it from perils of a shaky industry,0.619,0.265,0.735,0.0
21,‘I’m very outspoken about my desire to never work in an office again’: CEOs and employees are locked in a battle of wills over when they return to the office,-0.273,0.0,0.928,0.072
22,Spotify shouldn't be punished for Netflix's problems: analyst,0.532,0.07,0.872,0.058
23,"Stock Market Today: Dow Rides Energy, U-Turn in Tech to Close Higher",0.982,0.122,0.829,0.05
24,10 ETFs to Invest In For Beginners,1.0,0.143,0.839,0.018
25,Apple Keynote Surprises With New M2 Chip. Wall Street Wanted More.,0.0,0.0,1.0,0.0
26,Analysts Underwhelmed By Apple's Surprise-Free Event,0.0,0.0,1.0,0.0
27,Brussels agrees new law on single standard charger in blow to Apple,0.422,0.11,0.825,0.064
28,"Apple rolls out iOS 16 changes, new MacBooks, and more",0.382,0.106,0.894,0.0
29,"What Apple’s new BNPL offering means for payment stocks Klarna, Affirm",-0.103,0.0,0.945,0.055
30,EU Mandates Standard Charger For Apple iPhones And Other Devices,0.973,0.116,0.866,0.018
31,Apple Adds Functionality to Its Vehicle Dashboard App,0.988,0.071,0.929,0.0
32,Meta Platforms (FB) Launches Feature to Track VR Fitness Stats,0.996,0.113,0.873,0.014
33,Apple Overhauls CarPlay With Major New Features,0.0,0.0,1.0,0.0
34,How Apple's 'Pay Later' service could roil a $200B industry,-0.273,0.0,0.89,0.11
35,"Market check: Stocks fall, energy sector up, Japanese yen rises",0.849,0.042,0.938,0.02
36,Dow Jones Slides As Target Dives On Profit Warning; Tesla Skids,-0.153,0.119,0.697,0.184
37,"Apple unveils text edit feature, pay later service, and more at WWDC 2022 event",0.998,0.125,0.828,0.048
38,"Apple’s Buy Now, Pay Later Plans Sank Affirm Stock. Why It’s Not the Bad News You Think It Is.",0.402,0.162,0.838,0.0
39,"Affirm (AFRM) Stock Slumps as Apple Enters the Buy Now, Pay Later Space",0.886,0.058,0.904,0.038
40,"Apple Pay Later Just Crushed Affirm's Dreams, but It's a Nice Win for 2 Fintech Giants",0.0,0.0,1.0,0.0
41,Dow Jones Futures Sell Off As Target Dives On Profit Warning,-0.077,0.131,0.679,0.19
42,10 Best Dividend Stocks to Buy According to Kenneth A. Moffet’s Hourglass Capital,1.0,0.121,0.869,0.01
43,10 Best Recession Stocks to Buy According to Jim Cramer,0.999,0.121,0.843,0.036
44,US STOCKS-Wall St set to open lower as Target's margin warning fuels demand worries,0.91,0.095,0.835,0.071
45,"Sheryl Sandberg leaves a complicated legacy as a vocal, high-profile woman in tech",-0.986,0.061,0.852,0.087
46,Dow Jones Futures Drop As Treasury Yields Ease; Target Dives On Profit Warning,-0.077,0.131,0.679,0.19
47,Apple Announces M2 Chip: What Investors Need to Know,0.66,0.082,0.918,0.0
48,Apple Stock: Why Now Is the Time to Buy,0.852,0.184,0.783,0.033
