﻿,Titles,Polarity,Positive,Neutral,Negative
0,Bumble Optimistic Forecast Reassures Investors Fearing Worst,-0.883,0.075,0.839,0.086
1,Dow Jones Futures: Stock Market Whipsaws Amid Russia Crude Oil Ban; Apple Slides After iPhone Event,-0.905,0.0,0.616,0.384
2,Apple’s Mac renaissance is about to get a big boost ‘in a market where everyone counted them out’,0.681,0.162,0.838,0.0
3,Dow Jones Falls As Biden Bans Russian Oil; Apple Stock Dips After Product Launch; Solar Stocks Shine,0.25,0.154,0.731,0.115
4,Retail traders pile into energy stocks,0.971,0.104,0.854,0.043
5,Apple launches high-end PC in drive to leverage homegrown chips,0.965,0.203,0.797,0.0
6,"Apple event unveils new iPhone, price increase",-0.25,0.0,0.952,0.048
7,6 Semiconductor Stocks Worth Holding Long-Term,0.599,0.107,0.853,0.04
8,How Berkshire Hathaway Could Use Its $144 Billion,0.0,0.0,1.0,0.0
9,"Factbox-Apple upgrades iPhone SE and iPad Air, launches Mac Studio",0.979,0.087,0.907,0.005
10,Apple debuts new high-powered M1 Ultra chip and all-new Mac Studio,0.973,0.054,0.929,0.018
11,Meta Platforms Can Learn 3 Lessons From Qualcomm in Its Battle With Apple,-0.422,0.0,0.948,0.052
12,"Apple Announces A New Mac and a Cheaper iPhone. Plus, Baseball Is Coming to Apple TV+",0.0,0.0,1.0,0.0
13,"Apple Unveils M1 Ultra, the World’s Most Powerful Chip for a Personal Computer",0.999,0.085,0.901,0.015
14,Apple Unveils All-New Mac Studio and Studio Display,1.0,0.101,0.893,0.006
15,Apple Unveils Cheaper 5G iPhone At Spring Product Launch Event,0.0,0.0,1.0,0.0
16,"Alphabet Announces $5.4 Billion Acquisition of Cybersecurity Firm Mandiant, Inc.",0.872,0.223,0.777,0.0
17,Apple Unveils 5G Versions of iPad Air and Low-End iPhone SE,-0.664,0.044,0.912,0.043
18,Apple launches new iPad Air with M1 chip and 5G connectivity,0.958,0.089,0.892,0.02
19,Apple debuts new low-cost iPhone SE with 5G,0.972,0.079,0.897,0.025
20,Apple Introduces the Most Powerful and Versatile iPad Air Ever,1.0,0.131,0.862,0.007
21,"UPDATE 3-Apple announces low-cost iPhone SE with 5G, faster chip for Macs",0.968,0.066,0.934,0.0
22,Apple Announces the New iPhone SE: A Powerful Smartphone in an Iconic Design,1.0,0.124,0.865,0.012
23,Apple Introduces Gorgeous New Green Finishes for the iPhone 13 Lineup,1.0,0.121,0.869,0.01
24,"Apple and Major League Baseball To Offer ""Friday Night Baseball""",0.998,0.128,0.86,0.012
25,Tesla May Be Worth $4 Trillion Very Soon,0.0,0.0,1.0,0.0
26,Apple expected to unveil low-cost 5G iPhone at launch event,0.977,0.045,0.951,0.004
27,AAPL Stock Alert: Trading Apple Ahead of (And After) Key Product Event,-0.586,0.03,0.874,0.096
28,Apple (AAPL) Expected to Attract Customers With Cheaper iPhone,0.994,0.113,0.872,0.015
29,Comcast (CMCSA) Brings Apple TV+ to Its Entertainment Platform,0.998,0.139,0.844,0.017
30,"U.S. equity markets ‘being treated as a safe haven,’ strategist says",-0.34,0.0,0.921,0.079
31,"The Zacks Analyst Blog Highlights Alphabet, Spotify, Amazon and Apple",0.999,0.129,0.857,0.014
32,"Apple Gadgets, Russian Oil Ban, Google Deal: 3 Things to Watch",0.805,0.08,0.864,0.056
33,S&amp;P 500 Slips as Wild Trading Continues After U.S. Ban on Russia Oil,0.9,0.073,0.884,0.043
34,Zoom Is a Value Growth Stock Worth Owning for the Long Term,0.995,0.149,0.746,0.106
35,S&amp;P 500 Turns Positive in Wild Trading as U.S. Unveils Ban on Russia Energy,0.983,0.111,0.844,0.045
36,4 Tech Giants to Watch During This Correction,0.71,0.216,0.784,0.0
37,International Women's Day: Nasdaq CEO Adena Friedman on advancing women to the C-suite,0.991,0.104,0.876,0.02
38,Dow Jones Falls As Biden Set To Ban Imports Of Russian Oil,-0.557,0.0,0.847,0.153
39,Is Magnite Stock a Good Long-Term Investment?,0.382,0.167,0.833,0.0
40,Dow Jones Futures Climb As Biden Set To Ban Imports Of Russian Oil,-0.361,0.079,0.787,0.135
41,10 Stocks to Buy Under $20 According to Ken Fisher,0.999,0.119,0.881,0.0
42,"The Zacks Analyst Blog Highlights Apple, Microsoft and Intel",0.974,0.082,0.863,0.055
43,"The Zacks Analyst Blog Highlights Apple, Broadcom and American Express, Applied Materials and Restaurant Brands International",0.998,0.133,0.838,0.028
44,Nasdaq Bear Market: What It Really Means for Investors,0.533,0.057,0.922,0.022
45,Dow Jones Futures Extend Losses As Russia-Ukraine War Continues; Oil Prices Climb Again,0.0,0.0,1.0,0.0
46,Dow Jones Futures Rise As Russia-Ukraine War Continues; Oil Prices Climb Again,0.0,0.0,1.0,0.0
47,Dow Jones Futures Rally: What To Do After Monday's Stock Market Dive As Russia-Ukraine War Continues,-0.599,0.0,0.822,0.178
48,"South Korea Passes App Store Law Challenging Apple, Google's Dominance",0.947,0.111,0.865,0.025
