﻿,Titles,Polarity,Positive,Neutral,Negative
0,"Google Pays ‘Enormous’ Sums to Maintain Search-Engine Dominance, DOJ Says",0.994,0.102,0.86,0.038
1,Apple (AAPL) Stock Sinks As Market Gains: What You Should Know,0.986,0.077,0.908,0.015
2,Apple Has a Surprise That Consumers Will Love,0.0,0.0,1.0,0.0
3,Apple and Elon Musk Discussed a Partnership,0.745,0.283,0.717,0.0
4,"Dow Jones Futures: Market Rally Runs To Key Resistance; Zscaler, DocuSign Jump Late",0.0,0.0,1.0,0.0
5,"Streaming: There has to be price consolidation 'for these services to survive,' expert says",0.999,0.114,0.854,0.032
6,"How to prepare for the financial fallout of breaking up and mortgage rates march towards 6%, reaching highest level since 2008",0.273,0.132,0.765,0.103
7,Alphabet (GOOGL) Bolsters Map Offerings With Latest Feature,0.998,0.13,0.861,0.008
8,‘Buy your mom an iPhone’: Tim Cook says Apple doesn’t prioritize texting experience between iPhones and Android,0.477,0.154,0.769,0.077
9,Musk Says SpaceX Discussed iPhone Satellite Service With Apple,0.91,0.061,0.907,0.032
10,Why Apple Fell Today,0.0,0.0,1.0,0.0
11,UPDATE 2-Starlink had talks with Apple over satellite messaging feature - Musk,0.927,0.086,0.875,0.04
12,3 Cheaper Alternatives to the iPhone 14,0.866,0.181,0.819,0.0
13,Starlink had talks with Apple over satellite messaging feature - Musk,0.927,0.087,0.872,0.04
14,Why Globalstar Stock Is Going Down Again,0.128,0.079,0.863,0.058
15,"Unions Take Aim At Apple After Successful Stints At Starbucks, Amazon",0.936,0.088,0.878,0.034
16,Stock Market Today: Dow Climbs but Tough Talking Powell Keeps Lid on Gains,-0.026,0.074,0.856,0.07
17,Apple (AAPL) Expands Portfolio With Watch Series 8 Launch,0.995,0.117,0.862,0.022
18,"Apple Watch Series 8 'a bit light' on updates, analyst says",0.997,0.102,0.885,0.013
19,Apple iPhone 14 Release Faces Budget-Conscious Consumers,0.318,0.126,0.874,0.0
20,"Is the iPhone 14 worth it? Apple CEO Tim Cook made one ‘brilliant move,’ but our verdict might surprise you.",0.0,0.0,1.0,0.0
21,Why Skyworks Solutions Stock Dropped on Thursday,0.226,0.082,0.861,0.057
22,"Apple Watch Ultra seeks to beat Fitbit, Garmin",0.226,0.119,0.881,0.0
23,"Apple Watch Ultra ‘could move the needle’ for the tech giant, analyst says",0.0,0.0,1.0,0.0
24,"Apple launch: First impressions on new iPhones, Watches, AirPods",0.226,0.071,0.929,0.0
25,"Consumers show interest in Apple car, survey finds",0.0,0.0,1.0,0.0
26,"S&amp;P 500 Rises in Choppy Trade as Banks Shine, Big Tech Wavers",0.941,0.099,0.841,0.06
27,Why You Should Never Buy the Latest iPhone,0.226,0.051,0.917,0.031
28,Apple didn’t raise prices on iPhones,0.0,0.0,1.0,0.0
29,Apple ETFs in Focus Post iPhone 14 Launch,0.998,0.119,0.876,0.005
30,UPDATE 1-Apple lovers in some Asian countries to pay more for iPhone 14,0.851,0.103,0.816,0.08
31,Don't be duped by the doom-n-gloom: JPMorgan says this reliable contrarian indicator points to an 11% stock market surge — here are 3 ways to play it,0.981,0.08,0.881,0.039
32,DocuSign’s Stock Collapse Sets Low Bar for Earnings,0.942,0.089,0.838,0.073
33,Why Investors Should Love Apple's New Products,0.273,0.051,0.928,0.021
34,Stock Market Dip? 3 Companies to Buy and Hold for the Long Term,-0.202,0.059,0.86,0.08
35,"Apple Falls Prey To China's ""Dire"" Covid Lockdown Shortly After iPhone 14 Launch",0.978,0.147,0.814,0.039
36,"The 5 Best Features of the iPhone 14, Ranked",0.0,0.0,1.0,0.0
37,Apple In Trouble As Spotify Chief Canvasses EU To Heighten Regulatory Action Against The iPhone Maker,0.697,0.098,0.822,0.08
38,Zylorion Announces Additions to Board of Directors and Advisory Committee,0.982,0.082,0.904,0.015
39,"As Prepaid Cards Multiply, This Company Reports Using Its Platform For COVID Relief And More",0.996,0.118,0.87,0.012
40,Nasdaq Bear Market: 2 Stocks You'll Wish You Had In Your Portfolio,0.914,0.294,0.665,0.041
41,Apple still shows a flash of innovation despite lack of surprising iPhone 14 features,0.296,0.092,0.856,0.051
42,Apple Freezes Prices. It’s Designed to Keep Consumers Spending.,0.226,0.107,0.819,0.075
43,Here's Who Should (and Shouldn't) Upgrade to the iPhone 14,0.604,0.053,0.936,0.011
44,"Apple’s New iPhones Create Buzz in China, but Local Rivals Loom",0.727,0.231,0.769,0.0
45,3 Under-the-Radar Tech Stocks to Buy in 2022,0.0,0.0,1.0,0.0
46,Will The Trade Desk Be Worth More Than Alphabet by 2030?,-0.422,0.0,0.912,0.088
47,Apple CEO Tim Cook won’t raise iPhone 14 prices. He must first deal with a fierce rival — and it’s not Samsung,0.527,0.216,0.784,0.0
