﻿,Titles,Polarity,Positive,Neutral,Negative
0,Today’s Market Wrap Up and a Glimpse Into Wednesday,0.8,0.058,0.905,0.038
1,"Dow Jones Futures Fall Amid Apple, Microsoft, Google, AMD Earnings; Fed Meeting To Drive Market Rally After Leaders Slump",0.0,0.0,1.0,0.0
2,Asian Stocks Down as Chinese Crackdown Impact Continues,0.979,0.099,0.86,0.042
3,"Earnings Beats for Apple, Alphabet, Microsoft; Only GOOGL Up",0.999,0.145,0.829,0.026
4,"Apple profit nearly doubles as iPhone sales boom, but company projects growth slowdown",0.796,0.299,0.701,0.0
5,Apple (AAPL) Q3 Earnings and Revenues Beat Estimates,0.993,0.095,0.899,0.006
6,Apple Warns That Growth Will Slow After Record-Setting Sales,0.994,0.097,0.866,0.038
7,Why Apple Stock Is Sliding After Hours Today,0.202,0.122,0.878,0.0
8,Analyst breaks down Microsoft's Q3 earnings beat,0.997,0.128,0.851,0.021
9,"Dow Jones Futures: Apple, Microsoft, Google, AMD Earnings, Fed Meeting To Drive Market Rally After Leaders Slump",0.0,0.0,1.0,0.0
10,Apple Earnings: What Happened with AAPL,0.0,0.0,1.0,0.0
11,Alphabet Beats Analysts’ Estimates on Rebound of Digital Ads,0.99,0.095,0.885,0.02
12,Apple’s Latest Earnings Crushed the Street’s Forecasts,0.422,0.176,0.745,0.08
13,"Robust Earnings, Revenue Numbers from Alphabet, Apple, Microsoft After-Bell Fail to Turn NASDAQ Futures Green",0.948,0.062,0.922,0.017
14,"Apple Rides High-End IPhone Sales, Subscription Gains To Q3 Earnings Beat",0.983,0.131,0.825,0.044
15,"US STOCKS-Wall St snaps five-day up streak as caution rises before tech earnings, Fed",0.952,0.091,0.848,0.061
16,Apple Sales Boom 36% in June Quarter as iPhone Sale Continue Rebound,0.984,0.137,0.843,0.02
17,"UPDATE 2-Apple beats sales expectations on iPhone, services, China strength",0.273,0.046,0.914,0.04
18,Apple sees profit nearly double as iPhone sales boom,0.796,0.299,0.701,0.0
19,"Apple beats sales expectations on iPhone, services, China strength",-0.485,0.038,0.918,0.044
20,Apple Reports Third Quarter Results,0.993,0.089,0.852,0.06
21,"Nasdaq Composite books worst selling in 2 1/2 months ahead of results from tech giants Apple, Microsoft and Alphabet",-0.813,0.0,0.906,0.094
22,"US STOCKS-Wall St ends down as caution rises before big tech earnings, Fed",0.329,0.054,0.906,0.04
23,"Dow Jones Falls Below 35,000 on Boeing and Tech Stock Sell-Offs, Delta Variant Worries",0.202,0.096,0.904,0.0
24,Dow Jones Falls As CDC Reverses Mask Policy; Apple Earnings Due; Tesla Falls As UPS Stock Dives,0.361,0.094,0.906,0.0
25,Tech-heavy ETFs in focus as Big Tech companies report earnings this week,0.0,0.0,1.0,0.0
26,"US STOCKS-Wall St drops as caution rises before big tech earnings, Fed",-0.593,0.053,0.891,0.057
27,Intel CEO on the chip industry: You can't be a little player,0.953,0.065,0.93,0.004
28,"Apple Crushes Earnings Forecast as iPhone, China Sales Drive Record Third Quarter",0.649,0.125,0.875,0.0
29,US STOCKS-Nasdaq set for worst day in 2 months before big tech earnings,0.332,0.075,0.859,0.066
30,"Dow Jones Drops Ahead Of Apple, Microsoft Results; Growth Stocks Move On Earnings",0.0,0.0,1.0,0.0
31,"Apple Earnings, Elon Musk, Market Breadth: 3 Things to Watch Into Happy Hour",0.0,0.0,1.0,0.0
32,Here’s what to expect from Apple’s Q3 earnings,0.0,0.0,1.0,0.0
33,"Dow Jones Falls, Tech Stocks Dive As Tesla Slides On Earnings; Apple Sells Off Before Earnings",0.0,0.0,1.0,0.0
34,Stock Market Today With Jim Cramer: What's Next for Tesla?,0.811,0.161,0.765,0.075
35,Apple reports earnings after the bell on Tuesday — here’s what to expect,0.0,0.0,1.0,0.0
36,Dow Jones Falls As Tesla Slides On Earnings; Apple Sells Off Before Earnings,0.0,0.0,1.0,0.0
37,"Alphabet, Microsoft, and Apple earnings — what to expect",0.103,0.055,0.945,0.0
38,"Mega-Cap Mania: Apple, Alphabet, Microsoft Earnings All Ahead After Close Today",0.998,0.11,0.832,0.058
39,"Dow falls 200 points, index at risk of snapping 5-day win streak as stock-market investors ready for Apple, Microsoft results",0.66,0.075,0.892,0.033
40,US STOCKS-Wall Street set for muted open ahead of big tech earnings,0.974,0.084,0.89,0.026
41,"Here's Who Wins In Apple, Microsoft, Amazon, Alphabet Profit Clash",0.44,0.112,0.888,0.0
42,Apple's 5G Empire Could Expand Big Time,0.946,0.172,0.828,0.0
43,3 Stocks to Make the Most of Rising Demand for Smartwatches,0.998,0.146,0.845,0.009
44,Facebook Wants to Dominate Virtual Reality,0.846,0.189,0.78,0.031
