﻿,Titles,Polarity,Positive,Neutral,Negative
0,3 Great Tech Stocks to Buy Now at a Discount Heading into April,1.0,0.152,0.825,0.023
1,New initiative pushes brands to support civility in media,-0.318,0.0,0.881,0.119
2,‘Tech stocks are going to do vey well going forward’: Expert,0.0,0.0,1.0,0.0
3,"Tesla Stock to $3,000? How Cathie Wood’s ARKK Highlights a Growing Problem",0.997,0.106,0.854,0.04
4,9 First Stocks a New Investor Should Buy,1.0,0.124,0.847,0.029
5,7 Sector Index Funds To Keep On Your Radar,0.999,0.09,0.905,0.005
6,Elon Musk Did Something Somewhat Unusual: Delete a Tweet,0.947,0.086,0.88,0.034
7,How to secure your smart home camera,0.612,0.217,0.783,0.0
8,"Dow Rallies, Tech Stocks Reverse Lower As Treasury Yields Jump; Boeing At New Buy Point, While Tesla Slides",0.202,0.07,0.93,0.0
9,7 Ways to Define a Blue-Chip,1.0,0.129,0.84,0.031
10,Better Buy: Skyworks Solutions vs. Intel,0.178,0.028,0.972,0.0
11,"Dow, Tech Stocks Rally As Treasury Yields Jump; Boeing At New Buy Point, While Tesla Slashes Losses",0.202,0.07,0.93,0.0
12,Apple Plans New Watch For Extreme Sports Environment: Bloomberg,0.758,0.044,0.939,0.017
13,Why Spotify Is Set to Win Over the Long Term,0.832,0.149,0.8,0.05
14,"The Zacks Analyst Blog Highlights: Dynatrace, NVIDIA, Apple, Cerence and Microsoft",1.0,0.14,0.844,0.016
15,"Progress Software (PRGS) Q1 Earnings Beat, Revenues Rise Y/Y",0.997,0.116,0.88,0.004
16,"Apple Demand Going Strong, Including in China: Cowen",0.935,0.098,0.86,0.042
17,Apple Considers Launching Rugged Watch for Extreme Sports,0.976,0.074,0.912,0.014
18,Expect ‘significant’ tax hikes: Ray Dalio,0.99,0.114,0.839,0.047
19,Apple Considers Launching Rugged Watch for Extreme Sports,0.976,0.074,0.912,0.014
20,Expect ‘significant’ tax hikes: Ray Dalio,0.99,0.114,0.839,0.047
21,"Tech Stocks Aren't A Buy Right Now But One Giant Is An Exception, Says Analyst",0.796,0.063,0.902,0.035
22,Apple Acquired The Highest Number Of AI Startups In Last 5 Years,0.897,0.043,0.951,0.006
23,H&amp;M Stores Vanish From China Maps as Xinjiang Spat Worsens,-0.85,0.022,0.917,0.061
24,"Apple Watch, iPhone Can Remotely Assess 'Frailty' In Cardiovascular Patients",0.848,0.042,0.947,0.011
