﻿,Titles,Polarity,Positive,Neutral,Negative
0,Disney’s new mobile game shows the influence of Nintendo’s crossover strategy,0.997,0.161,0.819,0.02
1,Qualcomm Executives Outline Plans to Lessen Dependence on Apple,0.296,0.087,0.913,0.0
2,Why Shares of Qualcomm Soared Nearly 8% Higher Today,0.557,0.065,0.935,0.0
3,Secretive Chinese Committee Draws Up List to Replace U.S. Tech,0.994,0.082,0.893,0.025
4,Epic Games CEO Sweeney: ‘Apple must be stopped’,0.0,0.0,1.0,0.0
5,"Qualcomm Gives Rosy Forecast, Fueled by Push Into New Markets",0.992,0.108,0.852,0.04
6,UPDATE 1-Qualcomm estimates Apple will self-supply up to 80% of iPhone modem chips by 2023,0.827,0.051,0.927,0.023
7,Qualcomm estimates Apple will self-supply up to 80% of iPhone modem chips by 2023,0.318,0.024,0.976,0.0
8,10 New Stock Picks of Billionaire Ken Fisher,1.0,0.135,0.856,0.009
9,Apple Could Smash Its iPhone Holiday Sales Record. What That Means for the Stock.,0.296,0.091,0.909,0.0
10,"Twitter's MoPub 'marketplaces are what mediate the advertising platforms,' says AppLovin CEO",1.0,0.148,0.845,0.006
11,10 Best Cheap Technology Stocks To Invest In,0.999,0.113,0.868,0.019
12,Why I'm Not Investing in Malls,0.743,0.101,0.899,0.0
13,Should You Change Your Investment Thesis in a Volatile Market? Advice From 3 Investors,-0.691,0.023,0.892,0.085
14,5G Stocks To Buy And Watch: How The Metaverse Could Give 5G Wireless And 6G A Boost,0.637,0.181,0.819,0.0
15,This Lesser-Known But Fast-Growing Tech Company Has Huge Upside,0.557,0.15,0.85,0.0
16,"UPDATE 1-S.Korea lawmaker says Apple, Google not doing enough to comply with app store law",-0.552,0.036,0.918,0.046
17,Tesla's Dizzying Swings Give Institutional Investors a Headache,0.985,0.081,0.888,0.031
18,Analysts Remain Bullish On Qualcomm's Growth In Apple's Absence,0.98,0.113,0.864,0.023
19,Apple iPhone 13 Holiday Demand Appears 'Robust': Wedbush,0.25,0.148,0.741,0.111
20,"S.Korea lawmaker says Apple, Google not doing enough to comply with app store law",0.796,0.042,0.936,0.022
21,How to save on Apple products on Black Friday 2021,0.0,0.0,1.0,0.0
22,Voice AI Platform SoundHound Agrees to Archimedes SPAC Merger,0.952,0.069,0.901,0.03
23,Apple (NASDAQ:AAPL) Is Investing Its Capital With Increasing Efficiency,0.998,0.14,0.838,0.022
24,Upmarket toaster maker Balmuda launches smartphone in iPhone-dominated Japan,0.691,0.025,0.975,0.0
25,"Apple Must Be Stopped and Google’s ‘Crazy,’ Epic Games CEO Says",-0.91,0.062,0.85,0.088
