﻿,Titles,Polarity,Positive,Neutral,Negative
0,What Will Drive Apple Stock in 2021?,1.0,0.111,0.858,0.03
1,C3.ai Has Great Pedigree and Is Set for Better Days,0.996,0.134,0.799,0.068
2,Why I Swapped Out Salesforce for ServiceNow,0.997,0.125,0.839,0.036
3,"The Zacks Analyst Blog Highlights: Goldman Sachs, Dow, The Travelers Companies, Microsoft and Apple",0.998,0.094,0.89,0.016
4,What to Watch for in Berkshire Hathaway’s Earnings Report,0.527,0.216,0.784,0.0
5,Warren Buffett’s Letter to Shareholders Is Coming. What Investors Want to See.,0.66,0.103,0.877,0.021
6,5 ROE Picks to Buy as High Bond Yields Imply Economic Rebound,0.999,0.151,0.839,0.01
7,Bitcoin Has Tumbled More Than 20%. What to Make of Its Bear Market.,-0.557,0.0,0.874,0.126
8,Why Best Buy is eyeing many more store closures,0.999,0.172,0.797,0.03
9,The one question Warren Buffett always asks before investing,0.997,0.161,0.799,0.04
10,"Huawei Plans to Make EVs After U.S. Sanctions, Reuters Says",0.958,0.067,0.912,0.021
11,"Apple And Kia Electric Vehicle Talks Haven't Fallen Apart, Report Says",-0.95,0.036,0.872,0.091
12,Kia shares rise after report says still scope for Apple partnership,-0.991,0.053,0.812,0.134
