﻿,Titles,Polarity,Positive,Neutral,Negative
0,"Dow Rallies In Mixed Session; Apple, Tesla Flash Sell Signals; Yellen Makes Bitcoin Warning",0.459,0.201,0.709,0.09
1,"China EV Updates: Nio Tests New Power Swap Station, XPeng's Travel Statistics, Geely, Baidu Make Progress On JV, Xiaomi Downplays Rumors",0.955,0.044,0.956,0.0
2,"Dow Jones Reverses As Disney Leads, But Apple, Microsoft Get Hit; Travel Stocks Break Out",0.318,0.095,0.905,0.0
3,Apple Is the Top Dog in Smartphone Sales Once Again,0.649,0.079,0.921,0.0
4,"Dow Reverses Higher, But Tech Stocks Sell Off As Bitcoin Dives; Tesla Breaks Key Support On Model Y SR+ News",0.0,0.0,1.0,0.0
5,"Dow Jones Futures Signal Stock Market Rally Retreat; Tesla Model Y SR+ Pulled, Boeing 777 Jets In Focus",-0.402,0.0,0.895,0.105
6,"Alibaba, Pinduoduo Fight Against China’s Looming Food Crisis",0.997,0.104,0.855,0.041
