﻿,Titles,Polarity,Positive,Neutral,Negative
0,"R. Kelly still popular on Spotify, TikTok despite guilty verdict: Data",0.422,0.087,0.869,0.045
1,Apple Fixes iPhone 13 Bug That Prevented Unlock With Apple Watch,0.342,0.065,0.881,0.054
2,‘Right to repair’ law may run into the changing definition of ‘ownership’,0.0,0.0,1.0,0.0
3,Top 3 iOS 15 privacy features you should be using,0.995,0.091,0.886,0.022
4,Will Affirm replace the debit card? It's going to try,0.982,0.082,0.905,0.013
5,S&amp;P 500 Makes Strong Start to October as Merck Covid Pill Lifts Sentiment,0.973,0.091,0.866,0.043
6,Foxconn Made the iPhone in Your Hand and Wants to Make the EV in Your Garage,0.0,0.0,1.0,0.0
7,Is Google Stock A Buy? Internet Search Giant Tops Among FANG Stocks In 2021,0.382,0.088,0.912,0.0
8,S&amp;P 500 Renews Climb as Merck's Covid Pill Soothes Bulls,0.982,0.103,0.859,0.038
9,Apple's iPhone privacy changes signal desire to enter advertising -RBC,0.887,0.069,0.892,0.038
10,7 Best Dividend Stocks to Buy for October,1.0,0.16,0.828,0.013
11,Alibaba Stock Is Finally a Looking Like a Buy After a Brutal Bashing,0.993,0.113,0.828,0.058
12,"Looking for an alternative to pricey Apple AirPods? I tested 5 wireless earbuds, and this comfortable pair — with crisp sound — stands out",0.238,0.045,0.955,0.0
13,Facebook Stock Is Worth the Short-Term Pain in the Long Run,0.992,0.103,0.855,0.042
14,Peloton Investors Will Want to Heed This Crucial Data Point,0.273,0.075,0.925,0.0
15,Tech Giants Get New Chance to Weigh In on House Antitrust Bills,0.984,0.096,0.851,0.052
16,Foxconn’s Lordstown Deal Sets the Stage for Apple Car Audition,0.983,0.095,0.847,0.057
17,Lordstown to Sell Ohio Plant to Foxconn in $280 Million Deal,0.653,0.054,0.909,0.037
