﻿,Titles,Polarity,Positive,Neutral,Negative
0,Even Apple Can't Sweeten Market Indexes,0.983,0.081,0.888,0.03
1,Dow Jones Futures: Stock Market Rally Continues Bearish Trend As Apple Unveils iPhone 13,0.0,0.0,1.0,0.0
2,"U.S. stocks end lower, with Dow down nearly 300 points as lift from inflation reprieve fades",-0.296,0.0,0.879,0.121
3,"UPDATE 16-Apple's new iPhone 13 touts faster 5G, sharper cameras to spur trade-ins",0.998,0.109,0.878,0.014
4,Dow Jones Dips As Apple Unveils New iPhone; GE Stock Falls As Reopening Plays Falter; 3 Stocks Pass Buy,0.25,0.087,0.913,0.0
5,"New iPhone makes Apple ""ready for the metaverse economy""",0.0,0.0,1.0,0.0
6,"US STOCKS-U.S. stocks close lower on worries over recovery, corporate tax hikes",0.578,0.071,0.866,0.063
7,"Apple Unveils iPhone 13, New Watches At Fall Product Launch Event",0.0,0.0,1.0,0.0
8,The most important announcements from Apple's iPhone 13 event,0.981,0.054,0.941,0.005
9,"US STOCKS-U.S. stocks close lower on worries over recovery, corporate tax hikes",0.857,0.075,0.876,0.049
10,Dow falls more than 300 points as lift from softer-than-expected inflation reading fades,0.0,0.0,1.0,0.0
11,Why Globalstar Stock Just Crashed 21%,0.296,0.026,0.974,0.0
12,Apple announces iPhone 13 with upgraded camera and processor,0.995,0.091,0.898,0.011
13,Everything in Apple’s event was more ‘evolutionary than revolutionary’: Manhattan Venture Partners Head of Research,0.0,0.0,1.0,0.0
14,Apple’s iPhone Privacy Flaw Stirs Worry Over Its Plans to Scan for Banned Content,-0.226,0.0,0.909,0.091
15,"Apple Unveils the New IPhone 13, Stock Doesn't Move Much",0.318,0.054,0.946,0.0
16,Biggest takeaways from Apple’s iPhone event 2021,0.0,0.0,1.0,0.0
17,Apple’s iPhone 13 Doesn’t Appear to Be Satellite Compatible. Globalstar Stock Is Tumbling.,0.296,0.104,0.896,0.0
18,"Dow Jones Falls 325 Points, But Microsoft Stock Stands Tall; Footwear Maker Surges After Investor Day",-0.103,0.0,0.935,0.065
19,Globalstar's stock takes a dive after Apple didn't say its new iPhone supports satellite communications,0.153,0.076,0.872,0.051
20,"FTC, Biden Antitrust Enforcement Push Takes On Amazon, Google — And The Supreme Court",-0.296,0.024,0.932,0.043
21,"Apple Launches iPhone 13 With Camera, Chip and Screen Upgrades",0.995,0.089,0.9,0.011
22,"Apple reveals iPhone 13 lineup, iPad Mini price increase and larger Apple Watch",0.724,0.183,0.817,0.0
23,Apple Just Launched the iPhone 13. Here Are the Details.,0.0,0.0,1.0,0.0
24,Apple unveils $699 iPhone 13 and $999 iPhone 13 Pro,0.975,0.046,0.95,0.004
25,"Apple Unveils iPhone 13: Up to 1 Terabyte of Storage, ‘Cinematic Mode’ and Enhanced Camera System",0.954,0.066,0.914,0.021
26,"Breaking down features in Apple’s iPhone 13, Apple Watch Series 7, iPad Mini",0.0,0.0,1.0,0.0
27,"US STOCKS-Wall Street dips as choppy recovery, looming tax hikes weigh on sentiment",0.686,0.089,0.832,0.079
28,"Apple Reveals Apple Watch Series 7, Featuring a Larger, More Advanced Display",1.0,0.102,0.893,0.006
29,Apple Fitness+ Welcomes People at Every Fitness Level to Train Their Bodies and Minds with Meditation and New Workouts Available September 27,1.0,0.145,0.848,0.007
30,"Apple Introduces iPhone 13 and iPhone 13 mini, Delivering Breakthrough Camera Innovations and a Powerhouse Chip with an Impressive Leap in Battery Life",1.0,0.141,0.847,0.012
31,Apple Unveils iPhone 13 Pro and iPhone 13 Pro Max — More Pro Than Ever Before,1.0,0.124,0.869,0.008
32,"Apple reveals iPhone 13, iPad Mini price increase and larger Apple Watch",0.724,0.183,0.817,0.0
33,"Apple Debuts iPhone 13, New Watches At Fall Product Launch Event",0.0,0.0,1.0,0.0
34,"Apple reveals updated iPad, iPad Mini",0.0,0.0,1.0,0.0
35,A look at the Apple Watch Series 7,0.0,0.0,1.0,0.0
36,Apple debuts iPhone 13,0.0,0.0,1.0,0.0
37,Apple Adds Larger Screens to New Watch Shipping Later This Year,0.98,0.074,0.926,0.0
38,"Apple debuts Apple Watch Series 7 with new design, bigger screen",0.989,0.076,0.919,0.005
39,Apple Revamps iPad Mini and Adds Faster Chip to Entry-Level iPad,0.993,0.118,0.875,0.006
40,Apple launches updated iPad mini with larger display and an updated iPad,0.968,0.062,0.938,0.0
41,"Apple iPhone 13, New Watches On Tap For Fall Product Launch Event",0.0,0.0,1.0,0.0
42,Apple Event Kicks Off With New iPads,0.0,0.0,1.0,0.0
43,Apple Unveils New iPad mini with Breakthrough Performance in Stunning New Design,1.0,0.134,0.859,0.007
44,Apple’s Most Popular iPad Delivers Even More Performance and Advanced Features,1.0,0.123,0.876,0.001
