﻿,Titles,Polarity,Positive,Neutral,Negative
0,Apple Has Thrived During a Decade of Tim Cook as CEO. What’s Next.,0.649,0.194,0.806,0.0
1,"Apple’s ‘ARPU’ Might Be Unsustainable, Analyst Says. What That Means for the Stock.",-0.103,0.052,0.905,0.043
2,"UPDATE 1-White House to tackle cyber challenges with Apple, IBM, insurance CEOs",0.798,0.081,0.872,0.047
3,"Best Buy proving that work-from-home life has changed its earnings power, maybe forever",0.999,0.168,0.82,0.011
4,Look Who Zoomed Past Apple Since It Lost Steve Jobs,0.128,0.131,0.722,0.148
5,"Apple’s iPhone Sales Will Grow Faster Than Anybody Thinks, Says Analyst",0.997,0.131,0.861,0.008
6,"S&amp;P 500, Nasdaq Hover at Fresh Record Highs as Energy Powers Ahead",0.982,0.109,0.851,0.041
7,Facebook-TikTok War Continues To Get Steamier,0.885,0.105,0.859,0.036
8,"More Trouble Awaits For Google, Apple's App Store Commissions - Read How?",0.863,0.08,0.899,0.021
9,Apple Stock Loses 'Wow Factor' Without Steve Jobs,0.128,0.131,0.722,0.148
10,Stop with the misleading outrage over Apple’s move to identify child sex photos,0.691,0.263,0.737,0.0
11,These 3 Stocks Are Screaming Buys Right Now,0.66,0.293,0.707,0.0
12,2 Powerful Warren Buffett Dividend Stocks You Can Buy Right Now,0.477,0.077,0.923,0.0
13,"Move Over, Tesla: There's a New Most-Held Stock on Robinhood",0.202,0.114,0.886,0.0
14,"UPDATE 1-S.Korea set to curb Google, Apple commission dominance",0.957,0.06,0.917,0.023
15,"Chinese Bounce, Dems' Spending Impasse; Best Buy - What's Moving Markets",0.997,0.125,0.828,0.047
16,"S.Korea set to curb Google, Apple commission dominance",0.919,0.058,0.912,0.03
17,"CEOs of Apple, Microsoft, Amazon to meet with Biden over cybersecurity: report",0.44,0.097,0.903,0.0
