﻿,Titles,Polarity,Positive,Neutral,Negative
0,Apple (AAPL) Outpaces Stock Market Gains: What You Should Know,0.993,0.113,0.867,0.02
1,"Apple Treasurer, Keeper of $200 Billion, Retires After 35 Years",-0.735,0.054,0.887,0.059
2,"Market Recap: Wednesday, September 29",0.527,0.095,0.905,0.0
3,"Apple iPhone 13 seeing strong demand, Lucid stock jumps, Netflix's 'Squid Games' gambit ",0.0,0.0,1.0,0.0
4,"Apple Customers Buying iPhone 13 For Longer Battery Life, Not 5G",0.452,0.141,0.859,0.0
5,Apple Is Pressed by Fund Manager to Combat Child Sex Abuse in Videos,-0.497,0.065,0.873,0.062
6,Amazon (AMZN) Boosts Fitness Tracking Reach With Halo Efforts,0.998,0.186,0.806,0.007
7,Why Google doesn’t need Youtube TV to succeed,0.66,0.134,0.866,0.0
8,How Apple Could Accelerate Facebook's Social Commerce,0.087,0.058,0.903,0.039
9,3 FAANG Stocks I Bought for My Starter Portfolio,-0.735,0.026,0.854,0.12
10,10 Best Stocks to Buy According to Billionaire Izzy Englander,1.0,0.113,0.861,0.025
11,"Retail Traders Stick to Their Dip-Buying Ways, But Fatigue Lurks",0.454,0.07,0.876,0.054
12,Google tells EU court payments to phone makers gave Android a chance against Apple,0.991,0.146,0.841,0.014
13,A cheat sheet to all of the antitrust cases against Big Tech in 2021,0.511,0.047,0.953,0.0
14,UPDATE 1-Delivery times for iPhone 13 stretch as COVID-19 hits Vietnam suppliers - Nikkei,0.422,0.062,0.894,0.044
15,"Sherwin-Williams Falls on Cutting Guidance as Material Supplies, Inflation Hurt",-0.83,0.052,0.868,0.08
16,Apple iPhone 13 Output Reportedly Delayed Due to Parts Issue,-0.103,0.0,0.975,0.025
17,Apple Rebounds Despite Mounting Worries Over Supply of Parts,-0.954,0.036,0.871,0.094
18,Delivery times for iPhone 13 stretch as COVID-19 hits Vietnam suppliers - Nikkei,0.422,0.063,0.892,0.045
