﻿,Titles,Polarity,Positive,Neutral,Negative
0,Why Star Wars Day is the most successful fake holiday,-0.727,0.071,0.815,0.114
1,Streaming wars: How much money each company spends on content,0.0,0.0,1.0,0.0
2,This 'rater' gets paid $10 an hour to teach Google's algorithm — and he's not alone,0.998,0.075,0.878,0.047
3,Dow Jones Jumps As Powell Soothes These Fears; Bill Gates Says Elon Musk Could Make Twitter 'Worse',-0.637,0.0,0.785,0.215
4,"Stocks hit session highs into the close, FAANG stocks jump",0.0,0.0,1.0,0.0
5,Powell Gives Tech a Lift by Taking Larger Hikes off the Table,0.98,0.098,0.867,0.035
6,Apple Stock Holds Up Fairly Well; Could This Bull Put Spread Generate A 262% Annualized Gain?,0.71,0.156,0.773,0.072
7,"Stocks: Nasdaq flat, S&amp;P 500 and Dow higher following Fed rate hike announcement",-0.178,0.095,0.789,0.117
8,"PODCAST: Which Documents to Keep, Which to Shred and Which to Scan",1.0,0.128,0.815,0.058
9,ETF Areas in the Spotlight Post Buffett's 2022 Meeting,0.999,0.143,0.83,0.027
10,I’m cutting back on social media — here’s how you can too,0.99,0.069,0.903,0.028
11,Stock Market Today: Dow Soars as Powell Shoots Down Aggressive Fed Hike Bets,0.73,0.079,0.856,0.065
12,"UPDATE 2-With Apple fight ongoing, Dutch watchdog ACM to investigate Google Play store practices",-0.886,0.035,0.896,0.069
13,S&amp;P 500 Jumps on Tech Rebound  After Powell Downplays More Aggressive Hikes,0.714,0.066,0.888,0.046
14,"Stocks mixed ahead of Fed decision, consumer discretionary sector the most shorted",0.103,0.091,0.909,0.0
15,Jim Cramer Doesn’t Like These 10 Stocks,0.999,0.105,0.848,0.046
16,Lockdown Winners From Peloton to Zoom at Risk Even After $218 Billion Rout,0.995,0.122,0.82,0.058
17,Goldman Sachs Investment Manager Calls Out ‘Lazy’ ESG Tech Bets,0.985,0.118,0.819,0.064
18,"Lumentum, an Apple Supplier, Expects Strong Demand. The Stock Is Up.",0.296,0.104,0.896,0.0
19,Worried About a Market Crash? 2 Top FAANG Stocks to Buy and Hold,-0.318,0.084,0.813,0.103
20,Tim Cook turns to a Ford insider for help in developing an Apple car amid chronic setbacks,0.993,0.085,0.883,0.032
21,The Biggest Takeaway From Apple's Latest Earnings Report,-0.572,0.045,0.854,0.101
22,"Yahoo Finance Presents: Tony Fadell, iPhone &amp; iPod co-inventor",0.273,0.08,0.92,0.0
23,Buy and Hold Intel Stock,0.995,0.095,0.885,0.02
24,Apple supplier Foxconn freezes hiring of new workers for world's largest iPhone factory in Zhengzhou amid citywide lockdown,0.925,0.039,0.939,0.022
25,WRAPUP 2-Beijing restricts public transport as COVID spreads in China,0.242,0.063,0.874,0.063
