﻿,Titles,Polarity,Positive,Neutral,Negative
0,It Was a Wild Year for Tech. 1 Big Tech Stock Now Looks Particularly Attractive.,0.178,0.149,0.766,0.084
1,Best Stocks for 2022: Kulicke &amp; Soffa Stock Could Be a Bright Choice,0.998,0.102,0.868,0.03
2,The Market Is Up but Your Portfolio Is Down. What Gives?,-0.09,0.085,0.804,0.111
3,Theatre-only shift 'speaks volumes' for box office as studios abandon hybrid streaming model,0.997,0.106,0.854,0.04
4,Apple (AAPL) Puts Foxconn Factory in India on Probation,0.985,0.105,0.844,0.05
5,Read Why Apple Is Leaning Towards China's Supply Chain Partners,0.778,0.065,0.915,0.019
6,Alphabet (GOOGL) Boosts Google TV Efforts With TVision Hub,0.998,0.18,0.811,0.008
7,CES Comeback Effort Stymied After Omicron Spooks Participants,0.998,0.114,0.851,0.035
8,3 No-Brainer Buffett Stocks That Are Smart Buys in 2022,0.681,0.139,0.861,0.0
9,3 Green Flags for Meta Platforms' Future,0.572,0.148,0.852,0.0
10,Apple (AAPL) Prospects Benefit From iPhone Production Increase,0.995,0.154,0.815,0.031
11,North Carolina's $846M package to bring Apple to RTP labeled worst economic development deal of 2021,0.318,0.091,0.909,0.0
12,2 Stocks to Buy if Inflation and Shortages Cause a Stock Market Crash,-0.599,0.0,0.923,0.077
13,Big Tech’s $10 Trillion Bet on Politics as Usual,0.625,0.337,0.663,0.0
14,Is Apple a Must Own Stock in 2022?,0.382,0.148,0.852,0.0
15,"The Zacks Analyst Blog Highlights: Apple, Abbott Laboratories, Infosys, General Motors and NIO",0.997,0.125,0.838,0.037
16,"The Zacks Analyst Blog Highlights: Robinhood Markets, Tesla, Apple, Microsoft and Walmart",0.999,0.146,0.83,0.024
17,"INSIGHT-Women force change at Indian iPhone plant, sick from bad food, crowded dorms",-0.998,0.038,0.869,0.093
18,2021: The Year in Review,0.995,0.095,0.833,0.072
19,"Women force change at Indian iPhone plant, sick from bad food, crowded dorms",-0.998,0.038,0.868,0.093
20,"INSIGHT-Women force change at Indian iPhone plant, sick from bad food, crowded dorms",-0.998,0.038,0.868,0.093
