﻿,Titles,Polarity,Positive,Neutral,Negative
0,"Intel Wins Trial Over Chips, Dodging $1 Billion-Plus Blow",-0.957,0.062,0.85,0.088
1,"Dow Jones Futures: Stock Market Rally Rebounds, Bitcoin Plays Tesla, Square Find Key Support; Chipotle, Lam Research Earnings Top Views",0.572,0.19,0.81,0.0
2,Let's Take A Look At This Weeks Top Performing Sectors,0.982,0.071,0.92,0.009
3,"Fintech Spotlight: Nasdaq Democratizes Information, Fuels On-Demand Finance Trend",0.996,0.107,0.884,0.01
4,Encrypted chat app Signal reveals flaws in Cellebrite equipment,0.955,0.101,0.875,0.024
5,Pete Najarian Says Goldman Sachs Is Wrong About Apple,-0.819,0.026,0.921,0.053
6,Encrypted chat app Signal reveals flaws in Cellebrite equipment,0.955,0.1,0.876,0.024
7,Why analysts are bullish on Apple stock,0.0,0.0,1.0,0.0
8,Apple’s iPad Pro is making its own laptops obsolete,0.996,0.07,0.907,0.023
9,"Spotify, Match Tell Senate Apple Is Abusing Power in App Store",0.376,0.074,0.862,0.064
10,"Senate hearing on app stores puts Apple, Google under regulatory spotlight",0.077,0.082,0.867,0.052
11,Troika Media Group:  A Diversified Brand Building Specialist,0.999,0.145,0.823,0.033
12,"Cramer's Mad Money Recap: Netflix, Apple",0.55,0.177,0.684,0.139
13,Jim Cramer: I Laugh When I Hear That FAANG Stocks Are Dead,0.128,0.128,0.766,0.106
14,UPDATE 1-Facebook tweaks ad tools ahead of Apple's privacy changes,-0.549,0.03,0.919,0.051
15,FTC Nominee Khan Calls for More Scrutiny of Tech Giants’ Power,-0.791,0.045,0.895,0.06
16,"UPDATE 1-Epic CEO, Apple App Store chief to attend antitrust trial starting May 3",-0.226,0.043,0.901,0.056
17,"Dow Jones Rallies 230 Points As Stock Market Rebounds, But Netflix Gets Slammed",0.0,0.0,1.0,0.0
18,UPDATE 1-Top antitrust U.S. senator to examine Apple's AirTag announcement,0.791,0.064,0.886,0.05
19,Facebook tweaks ad tools ahead of Apple's privacy changes,-0.549,0.031,0.916,0.053
20,Apple (AAPL) Reports Next Week: Wall Street Expects Earnings Growth,0.998,0.149,0.806,0.045
21,No cameras allowed during Epic Games antitrust trial against Apple,-0.296,0.0,0.98,0.02
22,"Dow Rallies 200 Points As Netflix Plunges On Earnings; Apple, Tesla Reverse Higher",0.0,0.0,1.0,0.0
23,It’s going to be challenging for other vendors to compete with Apple’s M1 chip: TECHnalysis Research  ,0.0,0.0,1.0,0.0
24,Apple Introduces Slate of Updated and New Products,0.732,0.132,0.868,0.0
25,Apple supplier Quanta says no business impact from ransomware attack,-0.649,0.007,0.952,0.041
26,Top antitrust U.S. senator to examine Apple's AirTag announcement,0.791,0.065,0.885,0.05
27,Top antitrust U.S. senator says Apple's AirTags news is 'timely',0.949,0.076,0.893,0.031
28,US Indexes Close Lower Again Tuesday,-0.866,0.055,0.865,0.079
29,"Dow Rallies As Apple, Tesla Slide; Netflix Plunges On Earnings",0.0,0.0,1.0,0.0
30,"Disappointing Subscriber Numbers Hit Netflix Shares, Weighing On Nasdaq Early",0.997,0.11,0.811,0.079
31,12 Best Value Dividend Stocks to Buy Now According to Warren Buffett,0.999,0.095,0.892,0.012
32,Why consumers will eat up Apple's new products,0.296,0.121,0.879,0.0
33,"Apple (AAPL) Unveils New iPad, iMac, AirTags, TV 4K &amp; More",0.999,0.101,0.897,0.002
34,Derek Chauvin verdict sparks response from corporate America: 'Radical changes' still needed,-0.912,0.136,0.726,0.137
35,Wednesday’s Pre-Market: Here’s What You Need To Know Before The Market Opens,0.628,0.05,0.913,0.037
36,Better Semiconductor Stock: ASML vs. TSMC,0.836,0.165,0.835,0.0
37,"Dow Jones Futures: Netflix Dives On Subscriber Miss, Chip Giant ASML Rallies After Market Retreat Slams Leaders",-0.44,0.0,0.884,0.116
38,Apple Supplier Quanta Hacked In $50M Ransomware Attack By Russian Group: Bloomberg,-0.922,0.031,0.891,0.077
39,What Is Shopify Doing With Its $6 Billion in Cash?,-0.527,0.032,0.889,0.078
40,Netflix stock craters after subscriber miss — is now a great time to buy?,0.994,0.127,0.828,0.045
41,Apple Introduces New Products At Virtual Event,0.899,0.056,0.911,0.033
42,Facebook has ‘a lot more work to do’ to bring non-white people into leadership positions: Carolyn Everson,0.934,0.087,0.891,0.022
