﻿,Titles,Polarity,Positive,Neutral,Negative
0,Is PTON Stock A Buy Or Sell As Amazon Emerges As Fitness Rival?,0.671,0.277,0.723,0.0
1,11 Best Robinhood Stocks To Buy According To Hedge Funds,0.999,0.097,0.884,0.018
2,iPhone Shortages Seen Crimping Apple's Holiday Sales,0.052,0.122,0.721,0.158
3,"Stocks End Mostly Higher After Sorting Through Fed Minutes, Inflation Data, and Earnings",0.0,0.0,1.0,0.0
4,Why These 10 Stocks Are Trending on Wednesday,0.988,0.078,0.897,0.025
5,"JPMorgan stock falls, Apple’s production cut may delay end of semi cycle",0.0,0.0,1.0,0.0
6,"Apple will receive ‘preferential treatment’ in supply crunch, analyst says",0.25,0.149,0.724,0.127
7,Apple (AAPL) Shares Fall on iPhone Production Cutback,-0.273,0.0,0.913,0.087
8,"S&amp;P 500 Climbs as Tech Flexes Muscles, but Inflation Jitters Stifle Upside",0.608,0.075,0.857,0.067
9,Hoping to score tech gifts this holiday season? Better start shopping now,0.975,0.083,0.856,0.06
10,UPDATE 1-Apple warns of cybercrime risks if EU forces it to allow others' software,-0.718,0.066,0.857,0.077
11,"Dow Jones Falls As Inflation Fears Rise, Apple Stock, JPMorgan Earnings Weigh",0.0,0.0,1.0,0.0
12,Apple iPhone Parts Shortage Isn’t a Long-Term Issue. What You Need to Know.,-0.477,0.0,0.854,0.146
13,Why Globalstar's Stock Popped Today,0.595,0.104,0.868,0.027
14,Globalstar Breaks Above Recent Trading Range As Apple Rumors Resurface,0.772,0.081,0.873,0.046
15,Skyworks Stock Slips on an Analyst Downgrade and Worries About iPhone Production,0.338,0.185,0.732,0.082
16,Why Apple Shares Are Falling Today,-0.758,0.031,0.886,0.083
17,"Microsoft Agrees to Human Rights Review in Deals With Law Enforcement, Government",0.987,0.079,0.886,0.035
18,Dow Jones Drops As Inflation Heats Up; Apple Sells Off On iPhone News,0.0,0.0,1.0,0.0
19,"US STOCKS-Tech stocks lift Nasdaq, banks weigh on S&amp;P 500, Dow",0.978,0.095,0.855,0.05
20,"BlackRock beats Q3 estimates, Apple reportedly scales back production due to chip shortage, Qualcomm's $10 billion buyback plan",0.0,0.0,1.0,0.0
21,"S&amp;P Climbs, but Signs Elevated Inflation to Persist Keep Lid on Gains",-0.675,0.086,0.822,0.093
22,Sell Apple on iPhone Production-Cut Reports? Check the Chart.,-0.402,0.0,0.861,0.139
23,Alphabet (GOOGL) Google TV to Launch Realme 4K Streaming Stick,0.997,0.187,0.803,0.01
24,US STOCKS-Wall Street set for mixed open after strong inflation data,0.967,0.088,0.866,0.045
25,Apple Watch Series 7 review: A bigger screen and more durable design,0.999,0.117,0.858,0.025
26,Apple warns of cybercrime risks if EU forces it to allow others' software,-0.866,0.05,0.864,0.086
27,Apple Likely to Slash 2021 iPhone Production Targets — Report,0.969,0.113,0.843,0.044
28,Apple Manufacturers and Suppliers Fall After iPhone Parts Shortages Report,-0.402,0.0,0.844,0.156
29,3 Top 5G Stocks to Buy for the Long Haul,0.852,0.392,0.608,0.0
30,Apple Earnings Preview Highlights,-0.178,0.035,0.918,0.047
31,Apple Finally Falls Victim to Never-Ending Supply Chain Crisis,-0.985,0.065,0.839,0.096
32,Apple Stock Still a Buy After Output Reports: Analyst Huberty,-0.542,0.0,0.83,0.17
33,iPhone Production Cuts May Weigh On Apple’s Key Holiday Quarter,-0.781,0.055,0.871,0.074
34,Wall Street Turns Lower on Strong CPI; Dow Down 100Pts,0.771,0.085,0.842,0.073
35,"Dow Inches Higher With Inflation Data, Fed Minutes, Earnings Ahead—and What Else Is Happening in the Stock Market Today",0.0,0.0,1.0,0.0
36,"Dow Jones Futures Rise: Apple iPhone Woes, Inflation, JPMorgan Earnings In Focus After Market Rally Fizzles Again",-0.7,0.0,0.775,0.225
37,"JPMorgan, Apple Fall in Premarket, Qualcomm, Plug Power Rise",-0.599,0.059,0.875,0.066
38,"Premarket Movers Wednesday - JPMorgan, Plug Power, Delta Air Lines",0.0,0.0,1.0,0.0
39,"Dow Jones Futures: Apple iPhone Woes In Focus After Market Rally Fizzles Again Despite Tesla, Upstart",-0.375,0.0,0.849,0.151
40,"Market Volatility, Fed Speak, Earnings, Treasury Bonds, Trading Apple",0.077,0.058,0.942,0.0
41,"CPI, Apple's Supply Chain, JPMorgan Earnings, API - What's Moving Markets",-0.993,0.06,0.832,0.108
42,Apple Stock Slips Lower After Report Cautions On iPhone Production Cuts,-0.477,0.0,0.859,0.141
43,"Stocks Higher Ahead of Inflation Data, Apple iPhone Cuts, Shatner In Space - 5 Things You Must Know",0.128,0.06,0.891,0.049
44,Apple’s China Balancing Act Gets Trickier During Xi’s Crackdown,0.361,0.046,0.954,0.0
45,Apple’s Suppliers Drop as Chip Crunch to Hit IPhone Production,-0.943,0.043,0.867,0.09
