﻿,Titles,Polarity,Positive,Neutral,Negative
0,Apple pours millions into Oakland’s CNote platform to support minority-owned businesses,0.318,0.099,0.901,0.0
1,Microsoft is using “Fortnite” to fuel its cloud gaming growth,0.128,0.089,0.844,0.068
2,Dow Jones Futures: Stocks Plunge As Treasury Yields Soar In Delayed Fed Reaction,-0.026,0.096,0.802,0.102
3,"Tesla, Amazon, Alibaba among biggest market laggards of the day",0.494,0.059,0.941,0.0
4,"Why Apple, Meta Platforms, and Salesforce.com Plunged Today",0.557,0.058,0.942,0.0
5,10 Stocks to Invest In Now According to Viraj Mehta’s Arctis Global,0.999,0.103,0.88,0.017
6,"Dow Jones Plunges; Tesla Dives On This Elon Musk Twitter Move; Apple, Microsoft Fall As Tech Tumbles",-0.296,0.0,0.916,0.084
7,Stock Market Today: Dow in Biggest Loss Since 2020 as Tech Selloff Turns Ugly,-0.916,0.061,0.868,0.071
8,Market check: Stock sell-off accelerates as traders weigh Fed policy,0.0,0.0,1.0,0.0
9,"Stock market: Dow falls 900+ points, Nikola shares rise",0.0,0.0,1.0,0.0
10,Apple has spent decades building its walled garden. It may be starting to crack,-0.527,0.0,0.911,0.089
11,Supply-Chain Woes Hitting Apple for Billions,-0.889,0.0,0.853,0.147
12,Best Oversold Stocks to Buy Now for May 2022,1.0,0.19,0.778,0.032
13,Brad Gerstner is Talking About These 10 Stocks,1.0,0.106,0.873,0.022
14,Is it Still Worth Buying Meta (FB) Shares?,0.927,0.073,0.895,0.032
15,Only 1 Smartphone Brand Grew Sales Last Quarter (and It's No Surprise),0.288,0.119,0.881,0.0
16,"Dow Jones Futures Fall After Fed's Powell Fuels Big Market Rally; Apple, Exxon Flash Buy Signals",-0.296,0.0,0.913,0.087
17,Your investments and why it’s right to diversify,0.452,0.132,0.794,0.074
