﻿,Titles,Polarity,Positive,Neutral,Negative
0,"Neumann Capital Management, LLC Buys Apple Inc, BTC iShares Core MSCI EAFE ETF, iShares Russell ...",0.996,0.091,0.904,0.005
1,Snap and Pinterest Soar After Results Dispel Facebook Fears,0.963,0.095,0.843,0.063
2,What to know about the Apple privacy changes that crushed Facebook parent Meta,0.969,0.065,0.903,0.032
3,US STOCKS-Wall St ends winning run as Facebook forecast halts tech-led recovery,0.778,0.083,0.85,0.068
4,Amazon Shares Jump as Cloud Unit Helps Drive Profit Past Estimates,0.998,0.161,0.796,0.043
5,"Amazon competition is ‘getting intense,' but lead remains intact, analyst says",0.178,0.064,0.936,0.0
6,Tech guidance has been more disappointing than earnings: Strategist,0.296,0.063,0.938,0.0
7,Stocks accelerate losses into market close as tech tanks,0.0,0.0,1.0,0.0
8,"Snap recovers from Apple privacy changes, shares surge 50%",0.883,0.081,0.867,0.053
9,"UPDATE 2-Snap recovers from Apple privacy changes, shares surge 50%",0.91,0.084,0.864,0.052
10,Snap beats revenue estimates in recovery from Apple privacy changes,0.896,0.088,0.853,0.059
11,Meta Platforms' Plummeting Stock: Is It a Buy?,-0.612,0.078,0.676,0.247
12,Regulators can’t touch Facebook—but the market can,-0.904,0.067,0.861,0.072
13,Market strategist: ‘Technical dynamics have become extreme’,0.0,0.0,1.0,0.0
14,Meta stock blowup is an important investing lesson: strategist,0.994,0.135,0.827,0.038
15,"M.d. Sass Investors Services, Inc. Buys ON Semiconductor Corp, Vertex Pharmaceuticals Inc, APi ...",0.996,0.055,0.942,0.003
16,"Big Tech stocks moving into ‘a structural downtrend for many years,’ strategist says",0.0,0.0,1.0,0.0
17,"Anfield Capital Management, LLC Buys Materials Select Sector SPDR, Apple Inc, PIMCO Dynamic ...",0.998,0.072,0.925,0.003
18,Tech stocks tumble following huge Meta earnings miss,0.0,0.0,1.0,0.0
19,Why Disney Plus Holds an Edge Over Other Streamers,0.0,0.0,1.0,0.0
20,Spotify Investors Call a Joe Rogan Bottom,0.174,0.081,0.841,0.078
21,This Apple Supplier Expects a Hefty Hit to Revenue. Blame Covid-19.,-0.572,0.0,0.773,0.227
22,10 Dividend ETFs for 2022,0.993,0.064,0.91,0.026
23,Apple’s App Store Grip Challenged by Bill Advancing in Senate,0.995,0.115,0.821,0.064
24,Amazon Earnings Will Show If It’s Facebook or Alphabet,-0.194,0.073,0.82,0.106
25,"DXC Technology (DXC) Q3 Earnings in Line, Revenue Miss",0.998,0.126,0.86,0.014
26,Why Meta Platforms Stock Cratered on Thursday,0.0,0.0,1.0,0.0
27,Facebook owner’s stock plunges toward steepest drop on record—’saying the quiet part out loud’ spooks investors,0.296,0.051,0.949,0.0
28,UPDATE 2-Bill targeting Apple and Google approved by U.S. Senate panel,-0.855,0.062,0.847,0.091
29,"Meta earnings unveiled ‘a lot of negative surprises,’ strategist says",0.0,0.0,1.0,0.0
30,Apple privacy changes hammer social media stocks beyond Meta,0.465,0.066,0.875,0.059
31,Amazon earnings: Here's what to expect,0.996,0.155,0.82,0.025
32,Buy Tech Stocks for a Big Short Squeeze This Earnings Season,0.998,0.149,0.828,0.023
33,"U.S. economic recovery entering ‘strange, tumultuous time,’ strategist says",0.0,0.0,1.0,0.0
34,Market check: Stocks fall as Meta earnings weigh on tech,0.0,0.0,1.0,0.0
35,Fed tightening does not signify doom for stock market: Investment Strategist,0.0,0.0,1.0,0.0
36,Meta stock presenting ‘very good buying opportunity’ for long-term investors: Strategist,0.0,0.0,1.0,0.0
37,Apple’s privacy measures cost Facebook $10 billion,0.0,0.0,1.0,0.0
38,Why Facebook parent Meta’s stock is getting crushed,0.988,0.102,0.848,0.05
39,Meta stock plummets after earnings—can company ‘salvage any growth’ out of Facebook platform?,0.527,0.091,0.909,0.0
40,3 Robinhood Stocks to Buy and Hold Forever,0.893,0.165,0.815,0.02
41,Why the Winners and Losers of Meta’s Bombshell Earnings Will Become Clearer Today.,0.128,0.108,0.803,0.088
42,US STOCKS-Wall St futures tumble after Facebook sparks another tech rout,-0.877,0.068,0.846,0.086
43,Here's Why Apple Is a Great Stock to Hold for Decades,0.976,0.263,0.737,0.0
44,Better Buy: BlackBerry vs. Apple,0.422,0.073,0.898,0.029
45,Exclusive-iPhone flaw exploited by second Israeli spy firm-sources,-0.115,0.067,0.867,0.065
46,Meta's miss creates Big Tech divide: who's got the data,0.995,0.146,0.808,0.046
47,Meta Platforms Is Receiving the Trashing It Richly Deserves,-0.477,0.098,0.667,0.236
