﻿,Titles,Polarity,Positive,Neutral,Negative
0,Buy Apple and Microsoft Stock Now Before Earnings as Tech Soars?,0.999,0.109,0.87,0.021
1,Snap Earnings: What Happened with SNAP,0.402,0.153,0.847,0.0
2,"Dow Jones Futures: Apple, Microsoft Lead Market Rally; Snap, Twitter Surge On Earnings, Lifting Rivals",0.0,0.0,1.0,0.0
3,"Snap Beats Expectations on User Growth, Revenue; Shares Rise",0.996,0.11,0.858,0.032
4,"Twitter Posts Strong Sales, Forecast on Bounce Back in Ads",0.882,0.062,0.9,0.038
5,How Options Trading Is Driving Up Stocks—and Driving Them Down,-0.382,0.0,0.894,0.106
6,"Dow Jones Up As Apple Pops; Lucid Motors Vote Delayed; Virgin Galactic, AMC Stock Dive",-0.153,0.059,0.856,0.086
7,"Dow Jones Gains; Lucid Motors Merger Vote Delayed; Virgin Galactic Dips, AMC Stock Dives",-0.153,0.059,0.856,0.086
8,Alphabet Profitability Still Hidden In The Cloud As It Surges Past FAANG Toward Q2 Earnings,0.987,0.069,0.905,0.026
9,"UPDATE 3-Twitter beats revenue targets with ad improvements, shares jump 7%",0.983,0.085,0.892,0.023
10,"Twitter beats revenue targets with ad improvements, but sees decline in U.S. users",0.711,0.044,0.935,0.021
11,‘ESG assets are only set to grow’: Investopedia Editor in Chief,-0.128,0.0,0.939,0.061
12,"Dow Jones Gains As Apple Pops; Lucid Motors Key Merger Vote Due; Virgin Galactic, AMC Stocks Dive",0.44,0.145,0.855,0.0
13,Is It Time to Buy the Dow's Worst-Performing Dividend Giants?,0.511,0.099,0.862,0.039
14,This Tech Stock Is a Solid Bet This Earnings Season,0.625,0.231,0.769,0.0
15,"ECB’s new guidance, PG&amp;E’s wildfire plans, FTC takes on phone repair restrictions",0.0,0.0,1.0,0.0
16,Netflix Is Joining the Gaming Community,0.998,0.136,0.833,0.031
17,"Tesla Earnings: Record Q2 Deliveries, But Bitcoin Slump, Competition Concerns And Chip Shortages",0.989,0.081,0.873,0.046
18,10 Best One Dollar Stocks to Buy Now,1.0,0.114,0.859,0.027
19,15 Socialist Countries that Have Succeeded,1.0,0.168,0.781,0.051
20,"The Zacks Analyst Blog Highlights: Texas Instruments, Apple, Google, Advanced Micro Devices and Amphenol Corp",0.999,0.116,0.868,0.016
21,Warren Buffett Has Gained Over $181 Billion on These 5 Stocks,0.557,0.075,0.898,0.027
22,Influencers with Andy Serwer: Cecilia Kang,1.0,0.114,0.824,0.062
23,Apple’s Privacy Move Has Scrambled Social-Media Advertising. We’ll Know the Real Impact Soon.,0.0,0.0,1.0,0.0
24,Trump ‘tested so many parts’ of Facebook: Cecilia Kang,0.535,0.093,0.828,0.079
25,This Investing Strategy Could Make You a Millionaire,0.459,0.069,0.931,0.0
