﻿,Titles,Polarity,Positive,Neutral,Negative
0,Apple Buys Startup That Makes Music With Artificial Intelligence,0.965,0.103,0.853,0.045
1,"2022 Super Bowl offers NBC ‘some offset’ for low Winter Olympics ratings, analyst says",-0.296,0.0,0.942,0.058
2,"Rep. Ro Khanna (D-CA) talks tech oversight, digital speech, and Biden's Build Back Better plan",0.671,0.169,0.831,0.0
3,"4 Top Stock Trades for Tuesday: AAPL, TSLA, Dogecoin, TSN",0.955,0.068,0.903,0.029
4,Disney will ‘continue to experiment’ with theatrical releases amid streaming push: Analyst,0.318,0.076,0.924,0.0
5,10 Best Dividend Stocks Billionaire Paul Tudor Jones Is Buying,1.0,0.148,0.849,0.003
6,How to hide your home on Google Maps and Apple Maps,0.921,0.078,0.868,0.054
7,10 Low Beta Dividend Stocks with High Yields,0.998,0.095,0.879,0.026
8,Meta has 'dark days' ahead: analyst,0.511,0.097,0.825,0.078
9,These companies in the S&amp;P 500 are winning this earnings season using 4 critical measures,0.691,0.289,0.711,0.0
10,Best Growth Stocks to Buy for February 7th,0.984,0.09,0.906,0.004
11,"Karpas Strategies, Llc Buys General Motors Co, Cimpress PLC, Deere, Sells Boeing Co",0.991,0.057,0.939,0.005
12,"Sax Wealth Advisors, Llc Buys Apple Inc, Dimensional International Value ETF, Dimensional World ...",1.0,0.141,0.854,0.005
13,"CLARET ASSET MANAGEMENT Corp Buys Bristol-Myers Squibb Co, Shopify Inc, Hertz Global Holdings ...",0.999,0.112,0.884,0.003
14,"Benjamin Edwards Inc Buys Apple Inc, NextEra Energy Inc, Microsoft Corp, Sells ISHARES TRUST, ...",0.998,0.061,0.932,0.007
15,Market strategist: 'Washed-out' sentiment will give way to higher equities,0.807,0.201,0.799,0.0
16,TBJ Plus: The 9 most admired companies in NC; Torry Holt delivers Super Bowl trophy; Fat bikes return to Wrightsville Beach,0.354,0.144,0.77,0.085
17,"The stock market 'is squeezing out some of the excesses at this point,' portfolio manager says",0.494,0.11,0.89,0.0
18,Tech support: How to hide your home on Google and Apple Maps,-0.178,0.0,0.922,0.078
19,"Peloton is 'a logical match' for a number of tech companies, analyst says",0.743,0.196,0.804,0.0
20,3 Stocks to Buy While the Bulls Regain Their Courage,0.997,0.13,0.777,0.093
21,"Apple ‘cannot let Amazon get hold of Peloton,’ analyst says",0.66,0.162,0.838,0.0
22,Taiwan Semi Stock Is Rising. An Analyst Sees More Demand From Intel and Apple.,-0.361,0.0,0.848,0.152
23,UPDATE 1-Dutch watchdog fines Apple $5.7 million again in App Store dispute,-0.941,0.031,0.898,0.071
24,See which global business leader most closely shares your views on crypto and Big Tech,-0.549,0.052,0.756,0.193
25,Disney earnings: One number to watch amid streaming push,0.128,0.117,0.801,0.082
26,"St. Louis Trust Co Buys O'Reilly Automotive Inc, Cerner Corp, Apple Inc, Sells Abbott ...",0.999,0.121,0.875,0.004
27,Only 29 stocks hit all 4 of these key metrics so far this earnings season,0.691,0.289,0.711,0.0
28,"Amazon, Alphabet, Apple, Facebook and Microsoft are part of Zacks Earnings Preview",0.998,0.109,0.854,0.037
29,Dow Jones Futures Rise With Market Rally At Key Point; Peloton Soars On Buyout Buzz,0.649,0.185,0.815,0.0
30,5G Stocks To Buy: China Growth Slows But Rest-Of-World Catching Up,0.637,0.181,0.819,0.0
31,Why Apple should buy Peloton for nearly $15 billion: analyst,0.951,0.087,0.857,0.056
32,3 Beaten-Down Tech Stocks to Buy Before They Skyrocket Again,-0.477,0.054,0.86,0.086
33,Peloton Shares Soar Over Speculation Of Possible Takeover,0.963,0.122,0.853,0.025
34,"Analysis-Trump’s Truth Social app, self-proclaimed foe of Big Tech, needs Apple and Google to survive",0.962,0.1,0.828,0.072
35,Dutch antitrust watchdog studying whether Apple has now complied with order,-0.459,0.045,0.903,0.052
36,7 Best Blue-Chip Stocks to Buy for Safety in This Volatile Market,1.0,0.168,0.813,0.019
37,Peloton Soars After Reports of Takeover Interest,0.984,0.101,0.862,0.037
