﻿,Titles,Polarity,Positive,Neutral,Negative
0,"Apple, Amazon, Microsoft or Tesla: Which Will Reach $5 Trillion First?",0.039,0.063,0.937,0.0
1,"Dow Jones Futures: Five Stocks Set To Take Off If Market Rallies; Upstart Skyrockets, Roblox Dives",0.0,0.0,1.0,0.0
2,ViacomCBS rebrands to Paramount as streaming subscribers accelerate,0.0,0.0,1.0,0.0
3,"Inflation: Tech companies may be ‘best able to withstand rising input costs,’ strategist says",0.077,0.038,0.962,0.0
4,5 Best Amazon Deals for February of 2022,0.889,0.258,0.742,0.0
5,'We need to make sure inclusion is an action and not just a statement': HP CIO,0.0,0.0,1.0,0.0
6,"EU deal on single mobile charging port by year end is possible, lawmaker says",-0.335,0.075,0.846,0.079
7,"Disney stock extends earnings relief rally, 'doing, saying all the right things'",0.981,0.092,0.876,0.032
8,Best Growth Stocks to Buy for February 15th,0.994,0.15,0.85,0.0
9,"Cisco Earnings, Nvidia Outlook, Retail Sales: 3 Things to Watch",0.961,0.113,0.826,0.061
10,"Apple Stock Is Beating the Rest of Big Tech. Why It’s Outpacing Netflix, Microsoft, and Others.",0.0,0.0,1.0,0.0
11,Where Will Apple Be in 10 Years?,0.557,0.235,0.765,0.0
12,Could Apple's Fintech Move Hurt Block and PayPal?,0.043,0.086,0.818,0.095
13,Buffett's Interest in Activision: ETF Lessons to Follow,0.997,0.132,0.849,0.019
14,Is PayPal Attractively Valued After Its Recent Plunge?,0.758,0.129,0.832,0.039
15,"CORRECTED-Dutch foundation seeks consumer damages over Apple, Google app payments",-0.871,0.044,0.891,0.065
16,3 Top Biotech Stocks to Buy Right Now,0.557,0.247,0.753,0.0
17,5 Apple Supplier Stocks to Pick Ahead of a Bushel of New Devices,0.998,0.082,0.892,0.026
18,"The Zacks Analyst Blog Highlights: Apple Inc., Exxon Mobil Corp., Tesla Inc., Advanced Micro Devices Inc. and ConocoPhillips",1.0,0.134,0.834,0.031
