﻿,Titles,Polarity,Positive,Neutral,Negative
0,Buy the Dip in Snap Before It Rebounds This Year,0.999,0.17,0.813,0.017
1,Apple Mulls Subscription Plans for Hardware: Report.,-0.25,0.0,0.9,0.1
2,Google to Allow Alternative Payment Systems for Spotify. Don’t Expect Apple to Budge.,0.511,0.177,0.823,0.0
3,Spotify Stock: Breaking Down the Pros and Cons,0.997,0.104,0.875,0.021
4,UPDATE 1-Apple says resolved iMessage issues after third services outage this week,-0.34,0.028,0.936,0.035
5,"""Chip Rally,"" NATO Results, Drive Market Indexes",0.989,0.095,0.876,0.029
6,Apple says resolved iMessage issues after third services outage this week,-0.34,0.03,0.933,0.037
7,Google Move Puts Pressure On Apple To Change App Store Rules,0.273,0.162,0.755,0.083
8,"Stocks in focus: Nikola, Spotify, Apple",0.0,0.0,1.0,0.0
9,Market check: Tech leads stocks higher,0.273,0.075,0.925,0.0
10,Amazon's profits will be hammered by higher gas prices: top analyst,0.491,0.092,0.834,0.074
11,Apple stock rises toward 8th-straight gain,0.974,0.226,0.774,0.0
12,Apple Is Working on a Hardware Subscription Service for iPhones,0.928,0.05,0.919,0.031
13,SNAP Acquires NextMind to Drive Augmented Reality Research,0.998,0.136,0.847,0.017
14,"Google and Apple will not 'easily' give up app store business, analyst says",0.477,0.091,0.909,0.0
15,Will the WarnerMedia Acquisition Boost Discovery Stock?,-0.44,0.0,0.953,0.047
16,Remain Cautious of Shopify Stock,0.772,0.063,0.894,0.043
17,3 Best Stocks to Trade Right Now,0.981,0.072,0.887,0.041
18,US STOCKS-Wall Street rises on tech boost; NATO summit in focus,0.639,0.08,0.867,0.054
19,Alphabet's (GOOGL) Play Store to Allow Apps' Billing System,0.996,0.118,0.874,0.009
20,The difference between Mark Zuckerberg and Elon Musk,0.999,0.224,0.734,0.042
21,7 Recession-Resistant Stocks to Buy to Prepare for the Worst,0.995,0.11,0.813,0.077
22,In a hurry? An iPhone can be used for TSA screening at Phoenix Sky Harbor Airport,0.382,0.12,0.88,0.0
23,Controversial New Law for Big Tech in Europe Expected This Week,0.924,0.076,0.871,0.054
24,Here's How Much You'd Have If You Invested $1000 in Apple a Decade Ago,0.998,0.144,0.824,0.032
25,Dow Jones Futures Rise After Stock Market Rally Retreat; 'Monster' Apple In Buy Area,0.55,0.182,0.818,0.0
26,Apple to buy first large batch of carbon-free aluminum for iPhone SE,0.0,0.0,1.0,0.0
27,Will Airbnb Be a Trillion-Dollar Stock by 2030?,0.66,0.144,0.856,0.0
28,"3 No-Brainer Stocks to Buy With $1,000 Right Now",0.912,0.202,0.756,0.042
29,"Cautious Moves, NATO, Charting the S&amp;P and Nasdaq, Russian Oil, Apple of My Eye",0.551,0.286,0.634,0.081
30,Top 5 Positions in Warren Buffett's Portfolio,0.655,0.117,0.827,0.056
31,"Why Apple, Tesla, and 98 Other Growth Stocks Are Getting Their Groove Back",0.25,0.196,0.679,0.125
32,PRESS DIGEST-Financial Times - March 24,0.827,0.105,0.821,0.074
33,Apple's Small Fintech Acquisition Could Proceed A Credit Card Takeover,0.361,0.106,0.894,0.0
