﻿,Titles,Polarity,Positive,Neutral,Negative
0,"Top Research Reports for Apple, Goldman Sachs, &amp; Applied Materials",1.0,0.183,0.77,0.047
1,Epic-Apple Judge Signals Her Ruling Won’t Please Either Side,0.982,0.084,0.867,0.049
2,Amazon Sued by D.C. AG in Antitrust Suit Over Pricing,0.704,0.086,0.847,0.067
3,"Mastercard, Monster Beverage, and 8 More Stocks  Warren Buffett Would Love",0.869,0.162,0.838,0.0
4,Why Amazon-MGM deal is a sign of streaming competition: 'Some will go out of business',0.972,0.082,0.888,0.03
5,Cinedigm Collaborates With Struum Streaming Service,0.687,0.058,0.928,0.014
6,Dow Snaps 3-Day Winning Streak as Energy Stocks Slip,0.984,0.127,0.824,0.05
7,"Amazon and Facebook as defensive plays? Yes, along with these other stocks that are cash-flow winners",0.823,0.375,0.625,0.0
8,Morning Brief: Tech markets post-pandemic challenges,0.998,0.111,0.85,0.039
9,S&amp;P 500 in Narrow Range as Energy Slump Keeps Lid on Reopening-Led Gains,0.991,0.137,0.826,0.037
10,Epic v. Apple fight: Billions at stake as judge determines fate of App Store,0.456,0.045,0.905,0.051
11,"FB Stock Still A Buy? Facebook Rallies Past Opt-Out Worries, Big Tech Slump",-0.128,0.085,0.812,0.103
12,Options for Beginners: How to Roll Your Position and Why,0.115,0.065,0.935,0.0
13,"Worksport's Bed Covers Charge EV Pickup Trucks from Ford, GM, Rivian and Atlis",0.99,0.066,0.916,0.017
14,Eight Up-And-Coming Tech Stocks Give FAANGs A Run For Their Money,-0.026,0.089,0.818,0.093
15,Amazon’s reported $9B bid for MGM would make it 'king' of streaming but likely wouldn't be blocked,0.989,0.119,0.827,0.055
16,5 Must-Buy Blue-Chip Stocks in a Capricious Market,0.999,0.136,0.846,0.018
17,3 Dividend Stocks That Are Safer Investments Than AT&amp;T,-0.34,0.071,0.752,0.177
18,Could Stock Splits Send the Stock Market to a New High?,-0.273,0.0,0.96,0.04
19,10 Stocks That Are Like the Ones Favored by Warren Buffett,0.869,0.162,0.838,0.0
20,Why Should You Use Options in Investing?,0.637,0.16,0.84,0.0
21,30 Best Places to Live in the US for Quality of Life,1.0,0.153,0.8,0.047
22,Epic vs Apple: what we learnt from the trial that could change the iPhone,-0.746,0.06,0.84,0.1
