﻿,Titles,Polarity,Positive,Neutral,Negative
0,Warren Buffett Was Right About These 5 Stocks,0.999,0.099,0.879,0.022
1,"Affirm faces BNPL headwinds, Microsoft launches new laptop, United Airlines expands pilot training",0.202,0.08,0.833,0.086
2,Apple’s VR headset needs to be a hit — for itself and for the VR industry,0.993,0.084,0.876,0.04
3,"Crypto ‘risky, flawed and unproven’ — tech experts",-0.402,0.09,0.815,0.095
4,10 Dividend Stocks to Buy According to Sean Murphy’s Game Creek Capital,0.999,0.095,0.885,0.019
5,Epic Games VP: Metaverse interest is waning,0.361,0.06,0.94,0.0
6,S&amp;P 500 Slips as Stumbling Banks Offset Dip-Buying in Tech,0.954,0.099,0.833,0.068
7,‘It is like watching a plane crash’ — Michael Burry thinks the market has plenty of room to plunge. But he finally sees value in these 5 stocks,0.996,0.13,0.842,0.028
8,Apple (AAPL) Releases Second iOS 15.6 Beta Version Ahead of WWDC,0.999,0.129,0.853,0.018
9,Elon Musk vs. the Great Resistance. CEOs and employees are locked in a battle of wills over returning to the office.,0.402,0.137,0.863,0.0
10,Dow Jones Rallies As Salesforce Surges 11% On Earnings,0.0,0.0,1.0,0.0
11,10 Best Cash App Stocks To Buy Now,0.998,0.091,0.866,0.043
12,Microsoft launches compact Surface Laptop Go 2 for students and businesses,0.989,0.089,0.89,0.021
13,Dow Jones Futures Rise As Salesforce Surges On Earnings,0.0,0.0,1.0,0.0
14,4 Reasons to Be Concerned About Meta Platforms Stock,0.0,0.091,0.818,0.091
15,"If You'd Invested $1,000 in Snap In 2017, This Is How Much You Would Have Today",0.459,0.076,0.893,0.031
16,Target's Earnings Have Me Excited About These 3 Non-Retail Stocks,0.612,0.124,0.812,0.065
17,Apple iPads: Vietnamese switch will fortify a vulnerable supply chain,-0.25,0.072,0.801,0.127
