﻿,Titles,Polarity,Positive,Neutral,Negative
0,Apple (AAPL) Gains As Market Dips: What You Should Know,0.983,0.091,0.877,0.032
1,Why Investors Found Apple Stock Tempting Today,0.296,0.128,0.872,0.0
2,‘Serial’ Rises on Podcast Charts After Adnan Syed Conviction Is Vacated,-0.691,0.0,0.802,0.198
3,"Apple, Google Buybacks Top U.S. Companies As Repurchases Fall Nearly 22%",0.0,0.0,1.0,0.0
4,YouTube Takes On TikTok by Plugging Advertising Into Shorts Videos,0.99,0.118,0.832,0.05
5,"Dow Jones Futures: Big Fed Rate Hike On Tap, But Look For This; Tesla Flirts With Buy Points",-0.052,0.0,0.954,0.046
6,Amazon's growth under Andy Jassy allows for 'more engagement in M&amp;A': Analyst,0.999,0.12,0.852,0.028
7,"Dow Jones Falls Amid These Fed Meeting Fears; Apple Stock Climbs; Bitcoin Falls, Coinbase Slumps",0.0,0.0,1.0,0.0
8,Tesla and Apple lead Robinhood's investor index,0.956,0.177,0.823,0.0
9,Ken Fisher’s Latest Portfolio: 10 Best Picks Under $30,1.0,0.109,0.881,0.01
10,An Anti-ESG Activist Investor Presses for Changes at Apple and Disney,0.34,0.098,0.902,0.0
11,Apple iPhone 14 Demand Is Strong. Will There Be Any Left for Christmas?,0.273,0.077,0.923,0.0
12,What is ESG? The latest front in the culture wars,0.955,0.072,0.868,0.06
13,"Windows 11 PC is getting a ton of updates, including live captions, gaming upgrades",0.996,0.111,0.854,0.035
14,Time to Buy Tech ETFs on the Dip?,0.991,0.103,0.874,0.023
15,7 Nasdaq Stocks to Buy During a Stock Market Crash,0.986,0.099,0.828,0.073
16,"Apple iPhone camera shake issue may be ‘software fix,’ analyst says",0.989,0.057,0.917,0.025
17,Stock Market Today: Dow Slides as Focus Shifts to Hawkish Fed,-0.71,0.062,0.861,0.077
18,"S&amp;P 500 Off Lows, but Fed Hike Fears Keep Up Pressure",-0.92,0.071,0.827,0.102
19,"Stocks: Tesla, Amazon dip ahead of Fed decision, Apple rises",0.713,0.052,0.926,0.022
20,Cathie Wood is Buying These 10 Growth Stocks,0.998,0.11,0.853,0.037
21,Netflix Rekindles Analyst Interest After 60% Wipeout,0.996,0.124,0.812,0.064
22,"Spotify Offers Audiobook Service With 300,000 Titles",0.0,0.0,1.0,0.0
23,"If I Could Only Buy 1 Stock Right Now, This Would Be It",0.97,0.191,0.798,0.011
24,Here's My Top Growth Stock to Buy Now,0.863,0.212,0.641,0.147
25,"The Zacks Analyst Blog Highlights Apple, Amazon, AbbVie, Philip Morris International and BlackRock",0.999,0.159,0.82,0.022
26,Ford and GE Supply-Chain Woes Show Where Fed Power Stops,0.382,0.087,0.872,0.041
27,Netflix Rekindles Analyst Interest After 60% Wipeout,0.993,0.114,0.816,0.07
28,"Stocks Edge Lower, Ford, UnitedHealth, Apple And Housing Data In Focus - Five Things To Know",0.052,0.052,0.901,0.047
29,Apple hikes app store prices in Europe and Asia as dollar soars,0.671,0.205,0.735,0.06
30,"UPDATE 1-Apple to raise App Store prices in some countries in Europe, Asia",0.908,0.056,0.938,0.006
31,Apple to Hike App Store Prices in Europe and Asia,0.273,0.091,0.909,0.0
32,Apple Will Hike App Store Prices from Europe to Asia Next Month,-0.95,0.048,0.862,0.089
33,"Apple to raise App Store prices in some countries in Europe, Asia",0.908,0.058,0.936,0.006
