﻿,Titles,Polarity,Positive,Neutral,Negative
0,7 Blue-Chip Stocks to Sell Before They Fall,-0.787,0.063,0.866,0.071
1,Big Tech Antitrust Bill Backers Push for Vote,-0.412,0.063,0.793,0.145
2,"Dow closes 750 points higher as stocks surge, small caps see biggest advance in 18 months",0.527,0.185,0.815,0.0
3,Metaverse Earnings Preview – First Up: Snap Inc. (SNAP),0.998,0.085,0.908,0.007
4,"Why Apple, Amazon, and Intel Jumped Higher Today",0.973,0.28,0.72,0.0
5,Dow up 700 points as stocks head for largest gain in a month,0.637,0.144,0.856,0.0
6,Top 10 Semiconductor ETFs to Buy in 2022,0.996,0.075,0.915,0.01
7,"Dow up nearly 700 points, stocks build on gains as earnings season picks up steam",0.34,0.15,0.75,0.1
8,Apple to Pay $50 Million Settlement Over MacBook Butterfly Keyboard Lawsuit,-0.557,0.0,0.845,0.155
9,Major Apple Supplier Taiwan Semiconductor Raises Capital Again Amid Odds,0.986,0.134,0.83,0.035
10,"Apple’s Outlook Is at Risk as Dollar Surges, Goldman Says",0.052,0.219,0.599,0.183
11,Will Apple Stock Boost the Market or Sink It Again?,-0.431,0.07,0.791,0.139
12,Stock Market Today: Dow Rallies as Corporate Earnings Roll in,-0.599,0.06,0.868,0.071
13,What to Watch with the FAANG Stock Earnings Charts,0.992,0.139,0.802,0.059
14,Workers at Activision Studio Behind ‘Diablo’ Seek to Unionize,0.979,0.118,0.814,0.068
15,Is This Bad News for Apple Stock?,-0.273,0.0,0.949,0.051
16,Facebook Internal Memo on Rivals Undercuts Antitrust Defense,0.984,0.1,0.832,0.068
17,"How IBM, Red Hat could capitalize in talent battle with Google, Apple and other Big Tech players",0.422,0.101,0.899,0.0
18,Netflix (NFLX) Announces Payment Plan to Limit Password Sharing,0.996,0.151,0.816,0.032
19,Facebook Internal Memo Undercuts Antitrust Defense,0.946,0.093,0.834,0.073
20,Strong U.S. dollar could weigh on tech earnings,0.0,0.0,1.0,0.0
21,Apple and Facebook Send New Warnings About the Economy,-0.706,0.044,0.8,0.156
22,Pinterest Stock Surges After Interest From Activist Investor. Should You Buy Now?,0.796,0.15,0.815,0.034
23,"Disney offers something that streaming competitors ‘are not offering,’ analyst explains",0.985,0.075,0.91,0.015
24,Will Peloton Become Profitable After Its Latest Move?,0.902,0.188,0.767,0.045
25,Canoo Stock Is Up 130% in July — and Has Tons of Runway Left,0.999,0.097,0.888,0.015
26,Why the Best Investors Don't Fear Recessions,0.999,0.179,0.744,0.077
27,"Apple joins Google, other tech companies with plans to slow hiring",-0.098,0.0,0.91,0.09
28,Apple to slow hiring and spending in 2023: Report,-0.296,0.0,0.879,0.121
29,"Market check: Stocks rally, travel names add to gains",0.0,0.0,1.0,0.0
30,Apple reaches $50 million settlement over defective MacBook keyboards,-0.881,0.043,0.871,0.086
31,Apple reaches $50 mln settlement over defective MacBook keyboards,-0.881,0.043,0.872,0.085
32,Apple’s Hiring Holdup,0.382,0.102,0.898,0.0
33,"Stock Market News for Jul 19, 2022",0.997,0.149,0.805,0.045
34,10 Most Shorted Stocks to Watch in July,0.997,0.078,0.904,0.018
35,More Airlines Are Losing Luggage. AirTags and Tile Trackers Can Help.,-0.459,0.0,0.81,0.19
36,"Google to allow app developers to use rival payment systems, to cut fees",-0.026,0.046,0.897,0.057
37,Tech Stocks Rise After Apple’s Hiring Slowdown,-0.494,0.0,0.873,0.127
38,Tesla Layoffs Acquires Momentum: Read To Know,0.944,0.085,0.885,0.03
39,"IBM, Apple, JNJ, and More of Tuesday’s Stock Market Movers",0.44,0.092,0.83,0.078
40,Is It Too Late To Consider Buying Apple Inc. (NASDAQ:AAPL)?,0.999,0.182,0.793,0.025
41,"If Apple Sees a Slowdown, What Does It Mean for Everyone Else?",0.671,0.162,0.762,0.076
42,UPDATE 1-Russia says it will fine Apple for violating antitrust laws,-0.953,0.02,0.911,0.069
43,10 Best Dividend Stocks of All Time,1.0,0.11,0.84,0.05
44,"The Zacks Analyst Blog Highlights Apple, UnitedHealth Group, Equinor, GSK and Eaton",0.998,0.136,0.832,0.032
45,7 Best High-Growth Stocks for Young Investors,0.999,0.112,0.865,0.023
46,U.S. Stocks Rise as Corporate Earnings Roll on,0.502,0.077,0.861,0.062
47,IBEX and Sony have been highlighted as Zacks Bull and Bear of the Day,0.999,0.125,0.844,0.03
