﻿,Titles,Polarity,Positive,Neutral,Negative
0,Apple is still bigger than all these companies combined,0.981,0.087,0.908,0.005
1,Buffett stays buoyant as bitcoin plummets a staggering 36% — here are the top 3 stocks he's holding instead,0.983,0.09,0.889,0.021
2,Take-Two Pays Up for Zynga in a Late Bid for Mobile Gaming,0.998,0.112,0.842,0.046
3,Streaming exclusives ‘became some of the most pirated movies ever’,0.0,0.0,1.0,0.0
4,"Stocks are still ‘a great buy,’ Momentum Advisors CIO says",0.422,0.097,0.903,0.0
5,Market outlook for 2022: 'Focus on things that have real earnings value right now',0.939,0.341,0.659,0.0
6,"Big tech is selling-off, households more exposed than ever",0.637,0.056,0.907,0.037
7,"App Store Developers Made About $60 Billion in 2021, Apple Says",-0.714,0.033,0.916,0.051
8,"Apple Developers Earned $60 Billion In 2021, Company Says",0.863,0.115,0.885,0.0
9,"Market check: Dow plunges 500+ points, 10-year yield climbs, crypto stocks sell off",-0.738,0.038,0.919,0.043
10,Apple (AAPL) to Reopen iPhone Manufacturing Factory in India,0.99,0.101,0.862,0.038
11,S&amp;P 500 Closes Flat as Tech Turnaround Sparks Rebound,0.969,0.106,0.837,0.057
12,Apple's (NASDAQ:AAPL) Price is Still Running Ahead of Current Forecasts,0.995,0.121,0.839,0.041
13,Why This Analyst Says It’s Time to Buy Some Dell Stock,0.0,0.0,1.0,0.0
14,Apple (AAPL) Rumored to Launch New iPhone SE in Upcoming Event,0.997,0.126,0.865,0.008
15,S&amp;P 500 Off Lows as Tech Selling Eases Despite Rising Rate Hike Bets,0.943,0.087,0.864,0.049
16,Amazon Is Focus of Push to Curb ‘Rank-and-Yank’ Worker Ratings,0.998,0.125,0.818,0.057
17,Alphabet (GOOGL) to Bring New YouTube Music Feature to Wear OS,0.997,0.14,0.857,0.003
18,Selloff in Tech Stocks Gathers Pace as Bond Yields Climb,0.992,0.109,0.832,0.059
19,Is Moore's Law Going to Become Obsolete?,-0.191,0.058,0.876,0.066
20,Better Buy: Roblox vs. Apple,0.928,0.199,0.801,0.0
21,"Apple, Microsoft, and 13 More Tech Stocks to Help Investors Forget the Fed",0.0,0.0,1.0,0.0
22,10 Best Global Stocks To Buy Now,1.0,0.134,0.852,0.013
23,Factors to Note Ahead of Infosys' (INFY) Q3 Earnings Release,0.997,0.122,0.856,0.022
24,Want to Get Richer? 2 Top Stocks to Buy Now and Hold Forever,0.925,0.168,0.832,0.0
25,Here's the next terrifying hurdle for the stock market: Morning Brief,0.993,0.062,0.909,0.029
26,Foxconn to Restart India IPhone Plant Shut by Labor Protests,-0.601,0.055,0.877,0.069
27,Fintech Startup Pine Labs To Seek $500 Million in U.S. IPO,0.969,0.071,0.909,0.019
28,TSMC Sales Set Sixth Quarterly Record on Elevated Chip Demand,0.92,0.09,0.843,0.067
29,UPDATE 1-Foxconn India iPhone plant to reopen on Wednesday - legislator,-0.867,0.011,0.946,0.043
30,Foxconn India iPhone plant to reopen on Wednesday - legislator,-0.867,0.011,0.946,0.043
31,Foxconn India iPhone plant to reopen on Jan 12 -govt officials,-0.691,0.0,0.946,0.054
