﻿,Titles,Polarity,Positive,Neutral,Negative
0,"Factbox - Apple's next-gen CarPlay with widgets, greater integration",0.953,0.077,0.923,0.0
1,3 Tech Stocks Investors Should Always Buy During Market Weakness,0.999,0.142,0.823,0.035
2,Markets Cooler on a Slower News Day,0.996,0.138,0.848,0.013
3,"Apple Debuts Pay-Later Service, iPhone Updates to Developers",0.993,0.07,0.907,0.023
4,Apple Provides Developers with Even More Powerful Technologies to Push the App Experience Forward,1.0,0.152,0.846,0.002
5,"How Rockefeller's Standard Oil Trust became Chevron, ExxonMobil, BP, and Marathon",0.676,0.038,0.94,0.022
6,"Apple to offer buy now, pay later credit in challenge to Klarna and Affirm",0.502,0.116,0.782,0.102
7,"Apple to offer ‘buy now, pay later’ credit in challenge to Klarna and Affirm",0.672,0.098,0.834,0.068
8,"Apple Unveils New iPhone Software, Next-Generation Mac Computer Processor",-0.052,0.0,0.93,0.07
9,Dow Jones Finishes Flat After Turning Negative; Apple Announces New Products At WWDC,0.068,0.088,0.835,0.077
10,"Apple Unveils New MacBook, M2 Chip, Pay-Later Service",0.0,0.0,1.0,0.0
11,Apple leaps into BNPL space as Affirm stock takes a hit,-0.937,0.066,0.832,0.103
12,Apple WWDC 2022: Key software updates to know,0.993,0.086,0.899,0.015
13,Apple Unveils Biggest MacBook Air Redesign in Over a Decade,0.913,0.037,0.946,0.017
14,Dow Jones Erases Gains As Indexes Move Off Intraday Highs; Apple Announces New Products At WWDC,0.068,0.088,0.835,0.077
15,iPadOS 16 Takes the Versatility of iPad Even Further with Powerful New Productivity and Collaboration Features,1.0,0.125,0.86,0.015
16,"Apple debuts new M2 chip, redesigned MacBook Air",0.984,0.074,0.905,0.02
17,"Apple debuts new WatchOS updates to better track sleep, fitness, and health",0.987,0.089,0.911,0.0
18,macOS Ventura adds Powerful Productivity Tools and New Continuity Features that Make the Mac Experience Better than Ever,1.0,0.105,0.881,0.014
19,"Apple Unveils All-New MacBook Air, Supercharged by the New M2 Chip",1.0,0.098,0.895,0.007
20,"Apple Unveils M2, Taking the Breakthrough Performance and Capabilities of M1 Even Further",0.998,0.084,0.914,0.003
21,Alphabet (GOOGL) Boosts YouTube Music With Updated Playlist,0.998,0.129,0.867,0.005
22,"Top Millennial, Gen Z Stocks Shift To Energy Plays; Popular Pick Apple Stock Gains With Buy Now, Pay Later Launch",0.287,0.097,0.903,0.0
23,Apple Unveils Pay-Later Service at WWDC,0.0,0.0,1.0,0.0
24,"watchOS 9 Delivers New Ways to Stay Connected, Active, and Healthy",0.999,0.085,0.912,0.003
25,"Apple debuts iOS 16 with Apple Pay Later, new lock screen, and ability to delete sent texts",0.994,0.102,0.864,0.034
26,Apple's WWDC Event: What the Charts Say Now,0.202,0.087,0.913,0.0
27,Disney (DIS) to Stream Marvel Studios' Latest on Disney Plus,0.998,0.138,0.839,0.023
28,"Consumer Credit, Smucker Earnings, Yellen Speaks: 3 Things to Watch",0.991,0.1,0.892,0.008
29,"Stock Market Today: Dow Ekes Out Gain as Consumer Stocks Shine, But Tech Fades",0.987,0.126,0.826,0.048
30,"S&amp;P 500 Climbs on Tech, Consumer Strength; Apple Unveils New Chip",0.963,0.104,0.848,0.048
31,Stocks Fade From Early Gains; JetBlue Ups Buyout Offer For Spirit; Treasury Yields Rise,0.511,0.212,0.788,0.0
32,Stocks Gain As Investors Anticipate Lower Inflation; Apple Takes Stage; JetBlue Ups Buyout Offer For Spirit,0.511,0.212,0.788,0.0
33,US STOCKS-Wall Street rebounds as growth stocks rally; Twitter falls,0.97,0.086,0.871,0.043
34,Elon Musk alleges Twitter is breaching merger pact by not disclosing spam info,-0.202,0.054,0.872,0.074
35,Amazon’s Stock Splits Monday – Is It Time to Buy?,0.997,0.127,0.825,0.048
36,Dow Jones Rallies As Apple Jumps Ahead Of WWDC 2022; Twitter Dives On Elon Musk Filing,0.0,0.0,1.0,0.0
37,10 Best ETFs to Invest In For Long Term,1.0,0.168,0.807,0.025
38,"UPDATE 2-As Apple upgrades its software, developers hunt for headset hints",0.981,0.051,0.947,0.002
39,Is Most-Watched Stock Apple Inc. (AAPL) Worth Betting on Now?,0.998,0.122,0.868,0.01
40,"Representing 40% of Warren Buffett's Portfolio, Here Is Why Apple Is a Great Stock to Own Today",0.34,0.124,0.767,0.109
41,Dow Jones Futures Rally As Apple Stock Jumps Ahead Of WWDC 2022 Event,0.0,0.0,1.0,0.0
42,"How Encryption Works on Apple’s iMessage, WhatsApp, Telegram and Other Messaging Apps",0.395,0.129,0.871,0.0
43,US STOCKS-Futures rebound as China ADRs rally; growth stocks rise,0.987,0.109,0.852,0.039
44,Dow Jones Futures Signal Solid Market Rebound; Apple WWDC Kicking Off,-0.128,0.096,0.748,0.156
45,"Is China Back?, Markets, Friday Selloff, Semiconductors, Week Ahead, Fed, Apple",0.0,0.0,1.0,0.0
46,Dreams of improved supply chains 'shattered' for the near term: Citi,-0.422,0.053,0.886,0.06
