﻿,Titles,Polarity,Positive,Neutral,Negative
0,Big Tech’s Bounceback Is a Glimmer of Hope After Steep Selloff,-0.897,0.067,0.851,0.082
1,Apple (AAPL) Outpaces Stock Market Gains: What You Should Know,0.986,0.082,0.902,0.016
2,"Dow Jones Sheds 129 Points as Tech Leaders, Nasdaq Surge",-0.982,0.02,0.702,0.278
3,Dow Jones Falls; Tesla Gains Despite Delivery Data; This Stock Drops As Warren Buffett Raises Stake,0.164,0.084,0.916,0.0
4,Dow Jones Falls; Tesla Up Despite Delivery Data; This Stock Drops As Warren Buffett Raises Stake,0.164,0.084,0.916,0.0
5,"Tech giants fuel Nasdaq 100's surge, even as Dow, S&amp;P 500 fall",0.937,0.193,0.785,0.022
6,EU Lawmakers Approve Sweeping Digital Regulations,0.422,0.083,0.917,0.0
7,Alphabet (GOOGL) Updates Gmail With Material You Redesign,0.997,0.125,0.851,0.023
8,"Meta, Alphabet, and Other Internet Stocks Face a ‘Perfect Storm’ as Ad Spending Slows",0.077,0.077,0.86,0.063
9,"Apple’s App Store Revenue Growth Slowed Down in June, Analyst Says",0.103,0.16,0.7,0.14
10,"Market check: Energy leads stock losses, bond market moves lower",-0.422,0.0,0.859,0.141
11,"Apple Saving Big iPhone Updates For Next Year's Handset, Analyst Says",0.422,0.135,0.865,0.0
12,Former Microsoft Economist Joins DOJ Antitrust Team as Tech Probes Surge,-0.382,0.075,0.84,0.085
13,"Down 30%, Is It Safe to Invest in the Nasdaq Right Now?",0.0,0.0,1.0,0.0
14,"UPDATE 1-EU lawmakers pass landmark tech rules, but enforcement a worry",0.495,0.071,0.867,0.061
15,Why Apple’s BNPL efforts could mark a ‘tipping point’ in lending,-0.178,0.0,0.925,0.075
16,"Market check: Stocks sink, Treasury yields fall as recession fears flash",0.0,0.0,1.0,0.0
17,Dow 30 Stocks Listed and Ranked By 2022 Hedge Fund Bullishness Index,1.0,0.124,0.856,0.02
18,10 Best Stocks to Buy in 2022 According to Billionaire Richard Chilton,1.0,0.142,0.849,0.009
19,Earnings Season Is Coming. Here’s What It Means for the Stock Market.,0.202,0.087,0.913,0.0
20,"Dow's early selloff is unanimous, as all 30 component stocks fall",0.44,0.073,0.876,0.051
21,7 Semiconductor Stocks to Avoid,0.997,0.111,0.821,0.067
22,"EU lawmakers pass landmark tech rules, but enforcement a worry",-0.859,0.058,0.868,0.074
23,7 Large-Cap Stocks With Sustained Dividend Growth Potential,1.0,0.183,0.8,0.017
24,"China's Xiaomi throws down gauntlet to rival Android handset makers, Apple with launch of Leica Camera-equipped smartphones",0.968,0.053,0.925,0.023
25,2 FAANG Stocks to Buy Hand Over Fist and 1 to Avoid Like the Plague,0.796,0.269,0.731,0.0
