﻿,Titles,Polarity,Positive,Neutral,Negative
0,Qualcomm Rallies After Phone Chip Demand Brightens Outlook,0.977,0.087,0.862,0.051
1,UPDATE 1-Qualcomm forecast beats estimates as diversification efforts pay off,0.981,0.103,0.861,0.035
2,"Microsoft president says tech must compromise, downplays metaverse 'hype'",0.971,0.093,0.861,0.046
3,Apple's software boss warns against draft EU policy on App Store,0.796,0.083,0.854,0.064
4,Qualcomm forecast beats estimates as diversification efforts pay off,0.973,0.095,0.868,0.036
5,10 Best Blue-Chip Stocks to Buy for Growth and Dividends in 2022,1.0,0.159,0.831,0.01
6,"Biden, Kerry to tap Apple, Amazon and others for the tech to lower steel and trucking emissions",-0.103,0.045,0.899,0.056
7,Apple looks for key hire to lead work on Research Triangle Park campus,0.25,0.074,0.926,0.0
8,Apple Software Chief Uses EU Conference to Rally Against New Law,-0.846,0.06,0.852,0.087
9,Wall Street Notches Records as Fed Lines Up Taper But Downplays Rate Hikes,0.996,0.121,0.85,0.029
10,Is It Time to Buy the S&amp;P 500's 3 Worst-Performing October Stocks?,0.864,0.305,0.695,0.0
11,"T-Mobile CEO says company is recovering from cyberattack, which hurt Q3 results",0.99,0.108,0.864,0.029
12,S&amp;P 500 in Holding Patten Ahead of Fed Decision,0.983,0.109,0.857,0.034
13,3 Top Tech Stocks to Buy in November,0.625,0.123,0.823,0.054
14,Apple's Bottom Line Boosted by Strong Growth in This Massive Smartphone Market,0.92,0.178,0.767,0.055
15,My Deep Value Tech Investment: Intel,0.392,0.079,0.921,0.0
16,10 Dividend Stocks to Buy According to Nicholas Bagnall’s Te Ahumairangi Investment Management,0.997,0.087,0.906,0.006
17,Lucid Really Needs One Thing to Sustain Its Rally,0.999,0.147,0.825,0.028
18,UPDATE 1-Fired Apple employee files complaint with U.S. labor agency,0.931,0.1,0.827,0.073
