﻿,Titles,Polarity,Positive,Neutral,Negative
0,Tesla stock is 'a confidence gauge' for markets: Strategist,0.965,0.077,0.901,0.022
1,3 Numbers On Apple's Services -- and 1 Big Missing Piece,0.153,0.038,0.936,0.026
2,‘This year you could see equity market vigilantes reining in the Fed’: Comerica CIO,0.813,0.219,0.781,0.0
3,Oil Demand in Asia Faces Fresh Challenge as Omicron Cuts Traffic,-0.908,0.04,0.898,0.062
4,House Leaders Near Deal on Stalled China Competition Bill,0.98,0.089,0.866,0.044
5,Alphabet (GOOGL) Boosts Workspace Efforts with New Updates,0.997,0.151,0.834,0.014
6,Microsoft hires key Apple engineer to design server chips - Bloomberg News,0.649,0.04,0.96,0.0
7,"Warren Buffett says these are the best stocks to own when inflation spikes — with consumer prices at a 40-year high, it's time to follow his lead",0.989,0.094,0.876,0.029
8,Apple pulls Wordle knockoffs from App Store,0.938,0.089,0.904,0.007
9,Microsoft Hires Key Apple Engineer to Work on Custom Chips,0.907,0.049,0.929,0.022
10,Take-Two’s $12.7 billion purchase of Zynga will combat Apple’s privacy changes,0.933,0.065,0.9,0.035
11,3 Warren Buffett-Approved Dividend Stocks to Buy,1.0,0.117,0.849,0.034
12,PC Sales Growth Slows as Pandemic Boom Fades. But Dell and Apple Gain Share.,0.0,0.0,1.0,0.0
13,Amazon must improve this if it wants the stock price to go up: analyst,0.979,0.148,0.79,0.062
14,"Apple Resolves iPhone Production Bottlenecks, Analyst Says",0.361,0.197,0.717,0.085
15,Apple Removes Wordle Apps After User Confusion Stokes Downloads,-0.27,0.067,0.877,0.056
16,"The Zacks Analyst Blog Highlights: Taiwan Semiconductor, Apple, Advanced Micro Devices and NVIDIA Corp",1.0,0.163,0.814,0.023
17,Apple's (AAPL) Interests Lies in AR Than in the Metaverse,0.997,0.114,0.879,0.007
18,Planet Fitness CEO flexes on 0 gym closures as pandemic battered industry,0.982,0.126,0.827,0.047
19,Apple Earnings: What to Watch,0.226,0.058,0.942,0.0
20,3 Bear Markets to Buy as Traders Adjust,0.998,0.12,0.844,0.037
21,How Meta Platforms Is Targeting These 2 Tech Giants,0.361,0.052,0.948,0.0
22,"Kohmann Bosshard Financial Services, LLC Buys Global X U.S. ...",0.991,0.053,0.936,0.01
23,"DnB Asset Management AS Buys Check Point Software Technologies, Apple Inc, Accenture PLC, Sells ...",0.999,0.083,0.913,0.004
24,"Struggling Nurses, Retail Workers Want Tech Tools, But Fear They Won’t Adapt Fast Enough",-0.439,0.061,0.877,0.062
25,Is This the Best Warren Buffett Stock to Buy in 2022?,0.92,0.126,0.874,0.0
26,Infosys (INFY) Rallies 4% as Q3 Earnings Beat Estimates,0.996,0.103,0.879,0.019
27,3 Growth Stocks That Have Generated $179 Billion in Free Cash Flow in 12 Months,0.743,0.296,0.704,0.0
28,Magic Leap Goes After Medical Customers With Augmented Reality Headset,0.99,0.085,0.885,0.03
29,Magnite Stock: Bear vs. Bull,0.718,0.086,0.914,0.0
30,UPDATE 1-Foxconn India's iPhone plant restarts production after December protests,-0.944,0.02,0.902,0.078
31,1 Reason Investors Should Love Apple Stock,0.542,0.075,0.897,0.028
32,CACI Secures $514M Contract for Modernizing US Army Networks,0.998,0.134,0.863,0.003
33,Was $3 Trillion the Top on Apple Stock?,0.25,0.078,0.844,0.078
34,GameStop: The Shorts Have Left the Building,0.997,0.105,0.869,0.026
35,Might Apple Be the Master of the Metaverse?,0.625,0.254,0.746,0.0
36,GlobalWafers Said to Near China Approval for Siltronic Deal,0.874,0.07,0.888,0.042
