﻿,Titles,Polarity,Positive,Neutral,Negative
0,Broadcom Is Winning Attention. Why One Analyst Says the Stock Is Worth More.,0.026,0.108,0.788,0.104
1,Zoom has more than $4 billion in cash — here's how they may spend it,0.997,0.148,0.838,0.014
2,Steve Wozniak’s K-12 Education Program Woz ED Announces Exclusive Strategic Partnership with Draganfly [UPDATED],0.985,0.078,0.886,0.035
3,S&amp;P 500 Slips on Tech Tumble After Monday's Rally,0.905,0.076,0.865,0.06
4,Steve Wozniak’s K-12 Education Program Woz ED  Announces Exclusive Strategic Partnership with Draganfly,0.985,0.079,0.885,0.036
5,S&amp;P 500 Takes Breather Following Biggest One-Day Gain Since June,0.975,0.094,0.852,0.053
6,"Dow Jones Futures: Is Stock Market Pullback Over? Nio Tumbles, Zoom Soars On Earnings",-0.422,0.0,0.84,0.16
7,S&amp;P 500 Sees Best Day Since June: Here're the Top 5 Gainers,0.999,0.138,0.848,0.014
8,"The Zacks Analyst Blog Highlights: Apple, Enphase Energy, Goldman Sachs, Skyworks Solutions and Target",1.0,0.142,0.838,0.02
