﻿,Titles,Polarity,Positive,Neutral,Negative
0,"U.S. senator slams Apple, Amazon, Nike, for enabling forced labor in China",-0.991,0.036,0.848,0.116
1,Amazon Wants Office Workers Back 3 Days a Week in September,0.987,0.094,0.891,0.015
2,Apple Hires Former BMW Executive for Its Rebooted Car Project,0.985,0.077,0.901,0.023
3,Is Zoom Video Communications More Than a Pandemic Stock?,-0.296,0.048,0.883,0.069
4,The MGM Deal: Amazon Has the Money and Needs the Content,0.0,0.0,1.0,0.0
5,"Inflation is a real concern, says this Senator who is a working farmer",-0.827,0.052,0.89,0.058
6,5 Stocks With Recent Dividend Increases,0.999,0.145,0.833,0.022
7,S&amp;P 500 Rides Falling Yields to Record Highs as Bond Bears Cower,0.939,0.068,0.896,0.036
8,Why Is Silicon Valley A Startup Heaven?,0.44,0.121,0.879,0.0
9,3 No-Brainer Stocks to Buy That Benefit From the Internet of Things,0.735,0.089,0.911,0.0
10,"Big Tech's Manipulation Attract Stringent US Antitrust Bills, To Be Presented Shortly: Reuters",0.922,0.076,0.902,0.022
11,"The Zacks Analyst Blog Highlights: Facebook, Apple, QUALCOMM and NVIDIA",0.998,0.115,0.86,0.026
12,Time to Take a Bite Out of Apple? ETFs in Focus,0.994,0.109,0.874,0.017
13,How tech companies are bringing workers back to the office: Slowly and with ‘social’ incentives,0.0,0.0,1.0,0.0
14,This Tech Stock Can Soar Higher After 35% Gains This Year,0.84,0.435,0.565,0.0
15,"The Zacks Analyst Blog Highlights: Spotify, Apple, Google, Amazon and Square",1.0,0.161,0.813,0.026
16,"How Apple, Amazon, Microsoft, Google and Facebook Can Unlock New Profit Engines",0.0,0.0,1.0,0.0
17,Is Apple Stock Overvalued?,0.997,0.123,0.831,0.046
18,"Here's How Apple, Amazon, Microsoft, Google and Facebook Can Keep Their Mojo",0.0,0.0,1.0,0.0
