﻿,Titles,Polarity,Positive,Neutral,Negative
0,"China is cracking down on its own tech giants, but Apple and the U.S. IPO market could pay the price",0.834,0.168,0.832,0.0
1,Apple Is Next: Why State and Federal Lawsuits Over the App Store Are Inevitable,-0.428,0.066,0.787,0.146
2,Here's why the stock market just took a nosedive,-0.872,0.047,0.886,0.067
3,"Dow Jones Cuts Losses As Treasury Yields Tumble; Apple Sells Off, Tesla Stock Slashes Losses Amid Strong China Sales",0.033,0.077,0.852,0.071
4,"Global COVID-19 deaths top 4 million, Google antitrust suit, Paul Pelosi’s big tech bet",-0.758,0.049,0.893,0.058
5,Apple Stock Near All-Time High Amid iPhone 13 Speculation,0.296,0.115,0.885,0.0
6,Bond yields decline an ‘aberration’: Hugh Johnson,0.382,0.071,0.929,0.0
7,"Dow Jones Dives 500 Points As Treasury Yields Tumble; Apple Sells Off, Tesla Stock Skids Despite Strong China Sales",0.033,0.077,0.852,0.071
8,"Dow Jones Dives As Treasury Yields Tumble; Apple Sells Off, Tesla Stock Skids Despite Strong China Sales",0.033,0.077,0.852,0.071
9,Why Spotify's Massive Spending Spree Is Good News for the Stock,0.122,0.035,0.94,0.025
10,Is Apple Stock a Buy Ahead of Its Earnings Report?,0.0,0.0,1.0,0.0
11,1.34 Billion Reasons to Buy Apple Stock,0.238,0.043,0.925,0.032
12,5 Blue-Chip Stocks to Win Big in the Second Half of 2021,0.999,0.13,0.857,0.012
13,Apple Stock: New IPhones Will Set Stage For T-Mobile 5G Wireless Marketing Push,0.0,0.0,1.0,0.0
14,New iPhones Will Set Stage For T-Mobile 5G Wireless Marketing Push,0.0,0.0,1.0,0.0
15,Dow Jones Futures Tumble As Treasury Yields Keep Falling; Tesla China Sales Strong; Newegg Is New Meme Stock Rocket,0.625,0.231,0.769,0.0
16,Southeast Asia Is World’s Fastest-Growing Mobile Wallet Market,0.973,0.088,0.885,0.027
17,36 States File Suit Against Google for Antitrust Violations,0.128,0.118,0.788,0.094
18,Google to Be Sued by States Over Alleged Play Store Abuse,-0.986,0.051,0.862,0.087
