﻿,Titles,Polarity,Positive,Neutral,Negative
0,Tech companies with ‘positive cash flow have pricing power through periods of inflation’: Strategist,0.999,0.104,0.881,0.015
1,7 Top Stocks for February Ready for V-Shaped Bounce,1.0,0.14,0.83,0.03
2,Market Check: Stocks mixed as Russia-Ukraine conflict concerns rise,0.0,0.0,1.0,0.0
3,2022 Super Bowl commercials take on the Metaverse,0.718,0.222,0.778,0.0
4,Shares of Peloton down amid reports company not exploring sale,0.989,0.098,0.888,0.014
5,Is Disney Winning the Streaming War?,0.999,0.155,0.817,0.028
6,3 Things the Doubters Are Missing About Block,-0.95,0.017,0.742,0.24
7,DXC to Manage University of Newcastle's Core Campus App,0.998,0.136,0.858,0.006
8,Here's Why BofA Calls Roblox 'Category Leader' In The Emerging Metaverse Media Category,-0.153,0.028,0.942,0.03
9,UPDATE 2-Apple given fourth Dutch fine in App Store dispute,0.011,0.036,0.934,0.031
10,10 New Stock Picks of Ken Fisher,1.0,0.152,0.824,0.024
11,Tech Stocks Roundup: What if Zuckerberg Is Wrong About the Metaverse?,0.612,0.231,0.769,0.0
12,Apple given fourth Dutch fine in App Store dispute,0.011,0.036,0.932,0.032
13,My Top 2 FAANG Stocks to Buy and Hold in 2022 (and Beyond),0.768,0.113,0.887,0.0
14,Best Growth Stocks to Buy for February 14th,0.988,0.104,0.896,0.0
15,Dow Jones Futures Erase Losses On Russia Comments; Market Rally At Key Level,0.153,0.138,0.75,0.113
16,"5G Stocks To Buy: With China Growth Slowing, India Could Be Next Battleground",0.637,0.181,0.819,0.0
17,My 2 Best Buffett Stocks to Buy and Hold in 2022 (and Beyond),0.955,0.28,0.72,0.0
18,Dow Jones Futures Pare Losses On Russia Comments; Market Rally At Key Level,0.153,0.138,0.75,0.113
19,Dow Jones Futures Signal Market Rally To Break Key Level With Russia In Focus,0.153,0.138,0.75,0.113
20,"Dow Jones Futures Fall On Russia Fears, Market Rally Breaking Key Levels; Tesla China Sales Strong",-0.296,0.123,0.672,0.205
21,Inflation May Raise Corporate America's Profits: 5 Top Picks,0.999,0.14,0.827,0.032
22,"Dow Jones Futures Fall With Russia In Focus, Market Rally Struggling; Tesla China Sales Strong",-0.296,0.123,0.672,0.205
23,These 6 Stocks Are Netting Warren Buffett a Combined $4.1 Billion in Annual Dividend Income,0.318,0.141,0.859,0.0
24,What The Rock's arms and the S&amp;P 500 all have in common: Morning Brief,0.999,0.105,0.854,0.041
25,Peloton Falls as CEO Dismisses Sale Talks,0.625,0.045,0.931,0.024
