﻿,Titles,Polarity,Positive,Neutral,Negative
0,Alphabet’s Earnings Crushed. The Stock Is Wobbling.,0.0,0.0,1.0,0.0
1,Solar Stocks Are Set To Follow Tesla Higher,0.999,0.137,0.842,0.021
2,Nancy Pelosi keeps pouring millions into this 1 sector — it might be time to tag along,0.997,0.118,0.857,0.026
3,AMD Gives Another Bullish Forecast; Data Center Sales Double,0.991,0.106,0.866,0.028
4,Perfect Union names new CEO with experience in national consumer brands,0.572,0.15,0.85,0.0
5,"Alphabet Sales Top Estimates as Ads, E-Commerce Fuel Growth",0.996,0.124,0.837,0.039
6,Twitter Stock Gains as Apple’s Privacy Shift Hurts Less Than Expected,-0.765,0.0,0.752,0.248
7,"UPDATE 1-Twitter falls short of user estimates, avoids hit from Apple privacy changes",0.889,0.076,0.884,0.04
8,"Apple not entirely to blame for advertisers fretting ad spend, industry watcher says",0.0,0.0,1.0,0.0
9,Twitter avoids revenue hit from Apple privacy changes,0.933,0.075,0.893,0.032
10,"Twitter falls short of user estimates, avoids hit from Apple privacy changes",0.857,0.086,0.869,0.045
11,Twitter Says Apple’s Privacy Changes Had Little Effect on Ads,0.984,0.103,0.848,0.049
12,Twitter Stock Is Sliding. Earnings Could Show a Bruising From Apple.,0.0,0.0,1.0,0.0
13,US STOCKS-Wall Street hits record but Facebook caps gains,0.984,0.102,0.853,0.045
14,"Facebook’s Q3 results had a 'pretty thick silver lining,' says analyst",0.982,0.099,0.849,0.052
15,7 Cryptos That Are Likely to Be Top-Performing Cryptocurrencies Over the Next Year,0.999,0.091,0.892,0.017
16,7 Robinhood Stocks That Could Blow Up in 2022,0.999,0.109,0.861,0.031
17,UPDATE 1-Cisco creates Apple-specific development team for collaboration software,0.973,0.078,0.922,0.0
18,Why AMD and Nvidia Are Both Better Buys Than Intel Stock,0.988,0.1,0.838,0.062
19,Cisco creates Apple-specific development team for collaboration software,0.973,0.08,0.92,0.0
20,What Awaits Dow Jones ETFs Ahead of Big Earnings Releases?,0.998,0.133,0.837,0.03
21,Facebook Analysts Break Down Q3 Earnings: 'Big Investments For A Big Vision',0.606,0.076,0.851,0.073
22,"S&amp;P 500, Dow Withstand Facebook Slide to Close at Record Highs",0.985,0.112,0.834,0.054
23,Apple is likely to face DOJ antitrust lawsuit: Report,0.0,0.0,1.0,0.0
24,Apple (AAPL) to Report Q4 Earnings: What's in the Offing?,0.999,0.203,0.779,0.018
25,Zuckerberg is ‘passively living in a bubble’: Super{set} Founder,0.0,0.0,1.0,0.0
26,S&amp;P 500 Eases From All-Time Highs on Facebook Slump,0.99,0.134,0.793,0.073
27,Social Media Stocks Getting Hammered: Time to Buy?,0.999,0.16,0.809,0.031
28,ETFs in Focus as Big Tech Q3 Earnings Start to Unfold,0.999,0.157,0.827,0.016
29,What Stocks Moved the Market Last Week?,-0.681,0.0,0.87,0.13
30,"Facebook Rises as Buyback, Metaverse Plans Offset Outlook Miss",0.901,0.122,0.785,0.093
31,3 Top Tech Stocks to Buy in October,0.026,0.11,0.797,0.093
32,Intel CEO on chip shortage: 'We have a rough road in front of us',0.946,0.089,0.85,0.061
33,Big-Tech Earnings Preview - What Investors Should Watch For,0.511,0.148,0.852,0.0
34,These 10 Stocks Make Up 87% of Warren Buffett's Portfolio,0.975,0.269,0.731,0.0
35,Weekly Comic: Inflation Ghosts Rattle Their Supply Chains,-0.848,0.04,0.902,0.059
36,"Facebook Gains on Boost From More Users, Expanded Buyback",0.987,0.128,0.854,0.018
37,"Facebook Touts Metaverse, Future During Maelstrom of Bad News",0.997,0.108,0.843,0.05
