﻿,Titles,Polarity,Positive,Neutral,Negative
0,Far-right social media app Parler is coming back to the App Store after suspension for role in Capitol riots,-0.95,0.068,0.813,0.119
1,The pandemic may have permanently altered Apple’s path,0.67,0.147,0.853,0.0
2,A Bullish Technical Take On Apple Stock,-0.613,0.023,0.937,0.04
3,Apple Is Likely to Launch New iPads Tomorrow. Here’s What Analysts Expect.,0.296,0.122,0.811,0.068
4,"Facebook Pushes Into Audio to Compete With Clubhouse, Twitter",0.983,0.095,0.879,0.026
5,"Fitbit launches new fashion forward Fitbit Luxe tracker, its first under Google",0.997,0.09,0.903,0.007
6,Apple Gives Right-Wing Social App Parler Greenlight to Return to App Store,-0.975,0.079,0.806,0.116
7,What to expect from Apple’s “Spring Loaded” event,0.0,0.0,1.0,0.0
8,"Microsoft to test Xbox cloud gaming on PCs, Apple mobile devices",0.863,0.084,0.907,0.009
9,"Apple Is Likely to Boost Dividend, Stock Buyback Plan",0.511,0.147,0.853,0.0
10,"Microsoft Unveils Xbox Cloud Gaming for Windows 10 PCs, iOS",0.0,0.0,1.0,0.0
11,6 Giants You Should Watch,0.966,0.314,0.686,0.0
12,Apple stock update: The key numbers you need to look at now,0.746,0.081,0.919,0.0
13,UPDATE 1-Apple to add Parler back on its App Store,-0.927,0.0,0.866,0.134
14,Apple Lets Parler Back on the App Store Ahead of Hearing,0.945,0.088,0.912,0.0
15,Apple to add Parler back on its App Store,-0.927,0.0,0.86,0.14
16,How Apple Can Afford to Pay Twice as Much as Spotify for Music Streaming,0.273,0.05,0.931,0.018
17,"Cathie Wood's ARK Invest Only Owns 4 Dow Stocks, and They Aren't What You Think",0.718,0.118,0.882,0.0
18,"Strong Earnings from Coca-Cola Start Week, with IBM on Way Ahead of Netflix Tomorrow",0.999,0.119,0.827,0.054
19,Bill Gates’ Top 10 High Dividend Stocks,1.0,0.153,0.832,0.016
20,Apple to Bring Back Parler Platform to App Store,0.0,0.0,1.0,0.0
21,"Dow Jones Futures Fall, Bitcoin Slumps As Stock Market Rally Enters Power Trend; Square, Apple, Tesla In Focus",0.681,0.23,0.688,0.082
22,The Biggest Risks to Big Tech's Continued Dominance,-0.273,0.072,0.842,0.087
23,"Dow Jones Futures Fall, Bitcoin Slumps As Stock Market Rally Enters Power Trend; Square, Apple, Tesla In Focus",0.681,0.23,0.688,0.082
24,Market Recap With Jim Cramer: Coinbase and Cathie Wood,0.637,0.16,0.84,0.0
