﻿,Titles,Polarity,Positive,Neutral,Negative
0,How Does Roblox Make Money?,0.0,0.0,1.0,0.0
1,"Dow Jones Futures: Apple Sets Up, 5 Stocks Flash Buy Signals As Market Rally Still Needs This",0.25,0.13,0.87,0.0
2,AMC Stock Alert: The Theater News Sending AMC Entertainment Soaring Today,0.997,0.141,0.824,0.034
3,Minority-focused ETF created with NAACP vision in mind,0.785,0.22,0.78,0.0
4,Apple Fires Up Square Rivalry With Latest Feature,0.784,0.076,0.867,0.057
5,"Here is why Block (NYSE:SQ) is Fundamentally Strong, and has Enough Resources to Handle Competition",0.975,0.124,0.772,0.104
6,Streaming: Netflix dominates 2022 Oscar nominations,-0.459,0.0,0.893,0.107
7,"Sentinel Pension Advisors Inc Buys Invesco BulletShares 2024 Corporate Bond ETF, Focus ...",0.994,0.052,0.944,0.004
8,"4 Dow Jones Stocks To Buy And Watch In February 2022: Apple Rallies, American Express Breaks Out",0.758,0.179,0.759,0.061
9,The 20 Biggest Wealth Destroyers of the Past 30 Years,0.999,0.223,0.659,0.118
10,"R.m.sincerbeaux Capital Management Llc Buys Viatris Inc, Boeing Co, Apple Inc, Sells ...",0.977,0.07,0.922,0.009
11,Ryan Cohen Thrusts GME Stock Into the Spotlight With New GameStop App Announcement,0.992,0.1,0.9,0.0
12,Why Block Stock Fell as Much as 2% Today,0.527,0.057,0.912,0.031
13,Peloton is losing the CEO of its biggest acquisition ever,0.994,0.1,0.88,0.019
14,7 Top Millennial Stocks Worth Buying on the Dip,1.0,0.155,0.812,0.033
15,Peloton's new CEO has one not so secret mission: analyst,0.988,0.096,0.876,0.028
16,Apple will let merchants accept in-person payments with only an iPhone,0.586,0.216,0.784,0.0
17,Apple Ups Benefits for Retail Workers in Tightening Labor Market,-0.828,0.067,0.841,0.092
18,Nvidia Is Still a Buy Despite the Failed Arm Acquisition,0.989,0.087,0.879,0.034
19,"Apple lands historic first Best Picture Oscar nomination for ""CODA,"" and secures six Academy Award nominations including Best Actor for Denzel Washington in ""The Tragedy of Macbeth"" and Best Supporting Actor for Troy Kotsur in ""CODA""",1.0,0.217,0.727,0.056
20,S&amp;P 500 Climbs as Tech Strength Prevails Despite Surging U.S. Bond Yields,0.944,0.08,0.876,0.044
21,Is Meta's Pain Digital Turbine's Gain? APPS Deep-Dive Stock Analysis,0.0,0.0,1.0,0.0
22,"Peloton’s 2-Day Rally Tops 40% on New CEO, Speculation on Sale",0.958,0.09,0.839,0.07
23,Apple Has the Means to Buy Peloton But Won't. Here's Why,-0.273,0.048,0.839,0.113
24,Apple to Launch Tap-to-Pay Feature in Challenge to Square,-0.347,0.08,0.826,0.094
25,UPDATE 2-Apple to turn iPhones into payment terminals in fintech push,0.869,0.083,0.878,0.039
26,Apple to turn iPhones into payment terminals in fintech push,0.869,0.086,0.874,0.04
27,"Nio, XPeng, Li Auto Have an Opportunity to Take Sizeable Market Share- Barclays",0.973,0.087,0.887,0.025
28,Apple empowers businesses to accept contactless payments through Tap to Pay on iPhone,0.995,0.099,0.849,0.052
29,Apple as the Bull of the Day and PayPal Holdings have been highlighted as Zacks Bull and Bear of the Day,1.0,0.128,0.848,0.024
30,"Stocks: Several factors are 'settling markets right now', investment strategist Seema Shah explains",0.459,0.125,0.875,0.0
31,"OneAscent Wealth Management LLC Buys Apple Inc, Taiwan Semiconductor Manufacturing Co, Ford ...",0.999,0.107,0.882,0.012
32,"S&amp;P 500 Climbs as Tech Finds Footing, Banks Ride Rising US Yields",0.834,0.082,0.856,0.061
33,Better Buy: Pinterest vs. Snap,0.103,0.059,0.886,0.055
34,My Best Cryptocurrency to Buy Right Now,0.0,0.0,1.0,0.0
35,Is Pinterest Stock a Buy?,0.0,0.0,1.0,0.0
36,Meta’s Stalled Growth Separates It From Megacap Pack,0.025,0.087,0.824,0.088
37,Who is Peloton's new CEO?,0.486,0.078,0.852,0.069
38,"Peloton Ousts CEO and Fires 2,800. Can Apple Save It?",0.052,0.116,0.776,0.108
39,Bull of the Day: Apple Inc. (AAPL),0.999,0.132,0.853,0.014
40,New Arm CEO Haas Steps Into Center of Chip Industry Turmoil,0.994,0.106,0.828,0.066
41,"Prime Capital Investment Advisors, LLC Buys Consumer Discretionary Select Sector SPDR, Walmart ...",0.993,0.048,0.941,0.011
42,Nvidia to Withdraw From Acquisition of SoftBank’s Arm,0.809,0.073,0.866,0.061
