﻿,Titles,Polarity,Positive,Neutral,Negative
0,"Reese Witherspoon’s Media Company, Hello Sunshine, Is Exploring a Sale",0.511,0.125,0.875,0.0
1,"Dow Jones Sells Off While Nasdaq Turns Positive, Hits New High; Apple Trades In Buy Zone As These Growth Stocks Break Out",-0.834,0.0,0.713,0.287
2,Apple stock is on fire but will it last?,0.989,0.086,0.898,0.016
3,"Record Everything in U.S. Stock Market, Including Retail Froth",0.987,0.117,0.849,0.034
4,"Bonds spook stocks, Microsoft loses Jedi contract, China crashes DiDi, Southwest cancels flights ahead of Elsa",0.0,0.0,1.0,0.0
5,Is Amazon stock ready for blast-off before Jeff Bezos reaches space?,0.993,0.1,0.878,0.022
6,Apple Stock Gains Ahead of Next iPhone Launch,-0.077,0.059,0.879,0.063
7,"Dow Jones Dips, Small Caps Mauled; Apple Rises As Tesla Stalls; AMC Stock Turns Negative",-0.671,0.0,0.792,0.208
8,S&amp;P 500 Cuts Losses as Tech Finds Feet Into Close,0.816,0.124,0.767,0.109
9,Dow Jones Falls 300 Points Despite Apple's Gain; Nasdaq Backs Off New High,0.0,0.09,0.82,0.09
10,Apple Stock Gains as Analyst Sees Buying Opportunity Ahead of Next iPhone Launch,-0.077,0.059,0.879,0.063
11,Apple: Set Up to Outperform in 2H21,0.992,0.111,0.862,0.027
12,S&amp;P 500 Falls on Fears Rapid Growth Nearing Peak,-0.606,0.093,0.81,0.097
13,"Apple (AAPL) App Tracking Blocks Updates from TikTok, Others",0.996,0.117,0.838,0.044
14,Apple Gains As JPMorgan Says It’s Time To Buy It Again,0.677,0.053,0.919,0.028
15,"Crypto as a Long Term Asset, Why You Might Want to HODL",0.998,0.173,0.798,0.029
16,Better Buy: Alphabet vs. Apple,0.521,0.081,0.919,0.0
17,Will Bank Stocks Soar as Auto and Home Prices Rise?,0.887,0.127,0.873,0.0
18,"Fake Tesla, Apple Stocks Have Started Trading on Blockchains",0.997,0.095,0.883,0.023
19,"Dow Jones Futures: Crude Oil Prices Rise As Divided OPEC+ Postpones Talks; Didi IPO Crashes As Apple, Tech Titans Drive Market Rally",-0.671,0.0,0.792,0.208
20,Wall Street Opens Mixed as Chinese ADRs Suffer; Dow Down 140 Pts,-0.768,0.061,0.869,0.07
21,Big Tech Antitrust Battle Continues: Risks And Opportunities For Investors,-0.681,0.035,0.813,0.152
22,"Fidelity, BlackRock Lead Fintech Startup’s $600 Million Funding",0.992,0.126,0.867,0.006
