﻿,Titles,Polarity,Positive,Neutral,Negative
0,Apple to improve working hours for retail staff - Bloomberg News,0.178,0.03,0.95,0.021
1,Why Block's Apple News Juiced Its Stock Price Today,-0.743,0.036,0.834,0.13
2,The Best iPads of 2022,0.697,0.215,0.785,0.0
3,We’ve seen this movie before — the biggest tech-stock gains are still ahead of us,0.519,0.082,0.918,0.0
4,"Microsoft lowers guidance, Ford to add 6,000 more jobs, Block partners with Apple",0.998,0.141,0.816,0.043
5,What Sheryl Sandberg’s departure means for women in tech,0.966,0.054,0.94,0.007
6,Google exec: Resolving green card backlog 'absolutely critical' to maintaining US tech leadership,0.998,0.146,0.828,0.026
7,"After Microsoft And Nvidia, This Major Apple Supplier Became Ransomware Target",-0.926,0.069,0.813,0.118
8,Apple stock to suffer first ‘death cross’ chart pattern since the pandemic,-0.103,0.064,0.859,0.077
9,Block to integrate Square payments with Apple iPhone's 'Tap to Pay' feature,0.66,0.084,0.858,0.058
10,"Apple WWDC event: What to expect from iPhone changes, new hardware",0.998,0.099,0.883,0.018
11,Here Are 6 Stocks That Pay a Lot in Dividends and Have Solid Yields. And Microsoft and Apple.,0.026,0.036,0.932,0.033
12,"Microsoft stock dips, Tesla stock rises, OPEC+ increases oil output targets",0.0,0.0,1.0,0.0
13,Microsoft (MSFT) Releases Surface Laptop Go 2 Starting at $599,0.998,0.127,0.868,0.005
14,10 Best ETFs to Buy in 2022 According to Reddit,1.0,0.142,0.823,0.035
15,"Got $3,000? 3 Tech Stocks to Buy and Hold for the Long Term",0.735,0.122,0.812,0.066
16,Microsoft Stock: Bear vs. Bull,0.648,0.101,0.899,0.0
17,2 Semiconductor Stocks That Could Go Parabolic,0.25,0.103,0.837,0.06
18,3 Best Retirement Stocks to Buy for Long-Term Wealth,0.999,0.165,0.802,0.033
19,"China to Drag Global Smartphone Market Down This Year, IDC Says",-0.765,0.049,0.884,0.066
20,Trillions at Stake in India as Women Disappear From Workforce,-0.983,0.063,0.862,0.075
