﻿,Titles,Polarity,Positive,Neutral,Negative
0,Microsoft’s Big Deal and Coinbase’s Big Debut,-0.681,0.055,0.797,0.148
1,"Snap Rises After Sales, User Growth Top Analysts’ Estimates",0.998,0.145,0.833,0.021
2,Warren Buffett and IBM: A Very Profitable Learning Experience,0.996,0.124,0.83,0.046
3,President Biden's Tax Proposal Targets Big Tech's $100B Overseas Profit: Bloomberg,0.991,0.136,0.829,0.035
4,Why This 5G Stock Can Burst Higher This Earnings Season,0.913,0.156,0.83,0.014
5,10 Best Rebound Stocks to Buy Now,1.0,0.113,0.869,0.018
6,Influencers with Andy Serwer: Carolyn Everson,-0.296,0.058,0.856,0.086
7,"Forget Nokia, Qualcomm Is a Better 5G Stock",0.25,0.152,0.759,0.089
8,Chinese Billionaire Chen Tianqiao’s Top 10 Stock Picks,1.0,0.123,0.859,0.018
9,"Apple, Google Face Antitrust Charges At Senate Hearing: WSJ",0.298,0.071,0.865,0.064
10,"Apple, Google Face More Scrutiny Over Distribution Platforms",-0.557,0.0,0.753,0.247
11,"Why Bitcoin Might Be Good for the Environment, According to Cathie Wood’s ARK Invest",0.128,0.105,0.81,0.085
12,Jefferies Says Current Revenue Growth Estimates for Facebook Too Conservative,0.974,0.126,0.846,0.028
13,7 Reasons I'm Not Lovin' AppLovin's IPO,0.599,0.096,0.904,0.0
14,Big Tech $100 Billion Foreign-Profit Hoard Targeted by Tax Plan,0.997,0.098,0.875,0.027
15,"Apple Plans Notifications, iPad Home Screen Upgrades for iOS 15",0.98,0.064,0.925,0.011
16,Morning Bell With Jim Cramer: Reaction to Apple's New Products,0.296,0.099,0.901,0.0
17,Apple Reportedly Prepping Major iPhone and iPad Software Revamp,0.0,0.0,1.0,0.0
18,Apple plans to expand ads business - FT,0.178,0.061,0.897,0.042
19,UPDATE 1-Apple plans to expand ads business - FT,0.178,0.058,0.902,0.04
20,Encrypted chat app Signal alleges flaws in Cellebrite equipment,0.972,0.109,0.872,0.019
21,UPDATE 1-Encrypted chat app Signal alleges flaws in Cellebrite equipment,0.972,0.107,0.874,0.019
22,U.S. senators question Apple and Google on app store dominance,0.792,0.079,0.857,0.064
23,"Dow Jones Futures, Bitcoin Fall After Stock Market Rally Rebounds, Tesla, Square Find Support; Chipotle, Lam Research Top Views",0.572,0.19,0.81,0.0
24,What’s on the Menu for Apple’s Spring Product Launch,0.992,0.103,0.891,0.006
25,Apple Accused of ‘Power Grab’ at Senate Hearing on App Stores,0.007,0.059,0.883,0.058
