﻿,Titles,Polarity,Positive,Neutral,Negative
0,Apple AirPods Max vs. Sony WH-1000XM5: Which Premium Headphones Deserve a Look,0.0,0.0,1.0,0.0
1,"Apple, Microsoft, and Google want you to go passwordless. Here’s what that means",0.795,0.059,0.905,0.036
2,Talking About the Metaverse With Venture Capitalist and Author Matthew Ball,0.681,0.135,0.865,0.0
3,Apple Bounce Can’t Shake Off Chilling Signal for Stock Market,0.951,0.109,0.811,0.08
4,Netflix has ‘a massive lead in product’ despite stock woes: Expert,0.999,0.162,0.797,0.04
5,Disney CEO: ESPN viewers won't need cable in the future,0.967,0.06,0.927,0.013
6,"Despite the Negative Revisions, Block, Inc. (NYSE:SQ) has Large Future Potential",-0.143,0.101,0.797,0.102
7,10 Best Tech Stocks to Buy Now According to Joe Dimenna’s Zweig-DiMenna Partners,1.0,0.116,0.855,0.029
8,Executive pay: replacing greed with good,-0.769,0.048,0.761,0.192
9,Apple arms store managers with anti-union talking points,-0.382,0.0,0.898,0.102
10,Apple Testing iPhones That Ditch Lightning Ports in Favor of USB-C,0.684,0.057,0.888,0.055
11,Is CoreCard (CCRD) a Great Investment?,0.995,0.12,0.857,0.023
12,Why Apple stock should not be in a bear market right now,0.0,0.0,1.0,0.0
13,Where to Invest $100 Right Now,0.25,0.074,0.869,0.057
14,These 5-Stock Samplers Have Gotten Whacked. And That's OK,0.511,0.091,0.909,0.0
15,"Rivian issues first recall, Apple pushes anti-union messaging, U.S. ramps up infant formula imports",-0.25,0.0,0.889,0.111
16,"Markets: Nasdaq aims to pare losses, Tesla stock rises amid Twitter deal doubts",0.0,0.0,1.0,0.0
17,Tesla Stock Remains a Must-Own Company for Serious Investors,-0.117,0.084,0.833,0.082
18,"Stocks open higher amid choppy trading week, bitcoin rebounds",0.949,0.045,0.938,0.017
19,Tech CEOs respond to stocks being shellacked this week,0.996,0.106,0.866,0.028
20,Apple Inc. (AAPL) Is a Trending Stock: Facts to Know Before Betting on It,0.999,0.13,0.86,0.01
21,3 Top Web3 Stocks to Buy Right Now,0.8,0.129,0.871,0.0
22,"Zacks Investment Ideas feature highlights: Alphabet, and Apple",0.999,0.146,0.823,0.031
23,Salesforce Looks To Assist Employees For Access To Abortions Following Roe v. Wade,0.971,0.143,0.805,0.052
24,3 Dividend Stocks to Buy for Passive Income,0.994,0.086,0.899,0.014
25,3 hot stock tickers on Yahoo Finance right now,0.928,0.061,0.903,0.036
26,Markets Probably Aren’t Done Convulsing. This Crypto Coaster Is Far From Over.,-0.34,0.0,0.901,0.099
27,7 Cheap Stocks to Buy Now for a Rich Retirement,1.0,0.202,0.791,0.007
28,Raging Nasdaq Selloff Nears $1 Trillion Weekly Loss,-0.948,0.09,0.805,0.105
29,This Small Apple Business Has Massive Potential,0.0,0.0,1.0,0.0
30,Apple's iPhone supplier Pegatron cuts production in Shanghai factory as city's strict Covid-19 lockdown limits output,-0.872,0.021,0.94,0.038
31,These 5 Stocks Are Netting Warren Buffett $4.3 Billion in Annual Passive Income,0.0,0.0,1.0,0.0
32,BofA Strategists Say Investor Exodus Signals ‘True Capitulation’,0.55,0.071,0.867,0.062
33,"Top China Chipmaker, Apple Suppliers Succumb to Covid Lockdowns",-0.971,0.042,0.872,0.086
34,"Apple Suppliers, Top China Chipmaker Succumb to Covid Lockdowns",-0.964,0.042,0.876,0.082
35,Apple Extols Its Benefits to Retail Staff as It Faces Union Push,0.982,0.102,0.852,0.046
