﻿,Titles,Polarity,Positive,Neutral,Negative
0,Latch's CEO Talks About the Big Opportunities in Real Estate Technology,0.382,0.157,0.843,0.0
1,Facebook Has Enterprise Dreams,0.0,0.0,1.0,0.0
2,Spotify says Apple's deal to ease App Store curbs does not address core concerns,-0.637,0.028,0.889,0.083
3,3 Monthly Chart Most-Shorted Stocks to Buy,1.0,0.164,0.828,0.007
4,"Peloton is excited about cutting bike prices by $400, CFO explains",0.594,0.069,0.866,0.066
5,"Is Peloton Stock A Buy After Earnings, As PTON Subscriptions More Than Double?",0.671,0.277,0.723,0.0
6,Apple’s App Store Settlement Won’t Be a Game Changer. Here’s Why.,0.004,0.072,0.868,0.06
7,10 Stocks to Buy Today According to British Billionaire David Harding,0.999,0.089,0.9,0.011
8,7 Stocks to Buy to Cash In on Activist Investor Engine No. 1’s New ETF,0.999,0.091,0.884,0.024
9,What is Rivian?,0.273,0.227,0.773,0.0
10,"Biden vows to avenge Kabul attack, China’s new rule for tech IPOs, Apple’s App Store settlement",0.0,0.0,1.0,0.0
11,Can Apple Rally to New Highs Going Into Year End?,0.73,0.173,0.777,0.05
12,Streaming Is Reshaping Hollywood Storytelling,0.999,0.166,0.829,0.005
13,Why Is Everyone Talking About TSMC Stock?,-0.226,0.044,0.882,0.074
14,5 Stocks Likely to Make the Most of the Booming Demand for 5G,0.999,0.128,0.861,0.011
15,Twitter Allows Monetizing Live Audio Feature On iOS,0.863,0.068,0.911,0.02
16,Apple’s Changing Its App Store Rules in a Tentative Lawsuit Settlement.,0.681,0.286,0.714,0.0
17,3 Stocks You Can Buy and Hold Forever,0.077,0.061,0.939,0.0
18,"Fed's Powell, Apple, Peloton and VMware - 5 Things You Must Know Friday",-0.259,0.08,0.786,0.134
19,China Plans Control of Tech Algorithms U.S. Can Only Dream Of,0.965,0.109,0.821,0.07
20,Apple Reached a Tentative Deal to Settle an App Store Lawsuit. What You Need to Know.,0.681,0.286,0.714,0.0
21,Apple's Tim Cook Gets a $750 Million Bonus,0.829,0.294,0.706,0.0
22,Apple Settlement Lets App Makers Advertise Outside Payments,0.983,0.092,0.866,0.042
23,Hagens Berman: U.S. iOS Developers to Benefit From $100 Million Apple Small Developer Assistance Fund and Changes to App Store Policies in Developer Antitrust Class-Action Settlement,0.998,0.1,0.876,0.024
24,Apple will change App Store practices after settlement with small developers,0.802,0.061,0.907,0.033
25,UPDATE 2-Apple will change App Store practices after settlement with small developers,0.802,0.059,0.909,0.032
26,"Apple, US Developers Agree to App Store Updates That Will Support Businesses and Maintain a Great Experience for Users",0.999,0.172,0.813,0.016
