﻿,Titles,Polarity,Positive,Neutral,Negative
0,Apple (AAPL) Gains But Lags Market: What You Should Know,0.991,0.098,0.893,0.009
1,These Health-Tech Deals Highlight a Big Private Investing Trend,0.999,0.129,0.859,0.012
2,Mariah Carey has earned $60 million in streaming royalties from timeless Christmas classic,0.987,0.123,0.858,0.019
3,7 Beaten-Down Growth Stocks to Buy for 2022,1.0,0.176,0.777,0.047
4,Why Nike Stock Keeps Proving the Skeptics Wrong,0.985,0.091,0.872,0.037
5,The Profits in Exxon Mobil Are Still Good to the Last Drop,0.993,0.088,0.885,0.026
6,"Mariah Carey's 'All I Want For Christmas Is You' sets records, keeps the star in green",0.994,0.132,0.849,0.019
7,Apple (AAPL) Set to Start iPhone 13 Manufacturing in India,0.992,0.107,0.856,0.037
8,10 Value Stocks in Joel Greenblatt’s Portfolio,1.0,0.144,0.829,0.027
9,Jim Simons’ Renaissance Technologies Portfolio: 10 Dividend Stocks With Over 15% Yield,0.996,0.065,0.918,0.017
10,Apple Shuts 8 Shops Amid COVID-19 Resurgence: Report,0.97,0.117,0.883,0.0
11,Apple Shuts Eight Stores Since Tuesday Amid Covid Surge,0.957,0.083,0.876,0.04
12,U.S. SEC rejects Apple bid to block shareholder proposal on forced labour -letter,-0.844,0.052,0.873,0.075
13,SEC rejects Apple’s argument that it doesn’t try to silence workers after former employee disputed it,-0.382,0.0,0.906,0.094
