﻿,Titles,Polarity,Positive,Neutral,Negative
0,Why This Apple Analyst Expects Clear Upside To Q4 Street Numbers Across The Board,0.986,0.1,0.879,0.021
1,Facebook stock looks silly cheap: analyst,0.966,0.082,0.885,0.032
2,PayPal Is Exploring a Purchase of Pinterest,0.984,0.097,0.865,0.039
3,Alphabet's (GOOGL) Google Ups Smartphone Game With Pixel Phones,0.998,0.143,0.85,0.007
4,A Crowded Earnings Calendar Ahead,0.978,0.055,0.938,0.007
5,Adobe Is Well-Positioned For the Golden Age of Creativity,0.997,0.128,0.862,0.011
6,Analyst breaks down what’s ‘really exciting’ about Netflix,0.296,0.087,0.913,0.0
7,Why Netflix is down despite Q3 earnings beat,0.0,0.0,1.0,0.0
8,Target (TGT) to Expand Apple Shop-in-Shops Ahead of Holidays,0.999,0.205,0.793,0.002
9,Ken Fisher Stock Portfolio: 10 Biggest Tech Stocks,1.0,0.128,0.852,0.02
10,Tech Earnings Are Here: Which Ones Should You Buy?,1.0,0.193,0.785,0.022
11,10 Safest Stocks To Buy Now,1.0,0.127,0.846,0.027
12,"Dow Jones Futures: Market Rally, Bitcoin Near Highs, Netflix Leads Earnings Movers; Tesla On Tap",0.0,0.0,1.0,0.0
13,The #AppleToo organizer Apple just fired didn't expect to be terminated — but isn't sorry about speaking out,0.0,0.0,1.0,0.0
