﻿,Titles,Polarity,Positive,Neutral,Negative
0,Disney stock pops amid earnings beat and streaming subscriber growth,0.66,0.231,0.769,0.0
1,Apple Ramps Up Its In-House Podcasting Efforts With Studio Deal,0.925,0.068,0.898,0.034
2,Apple Inches Closer to Erasing 2022 Losses as Inflation Cools,0.976,0.118,0.826,0.056
3,The 7 Best Mutual Funds for Your 401k,0.999,0.116,0.862,0.022
4,Amazon expected to add 'Black Friday' game to its NFL streaming: Report,0.802,0.079,0.882,0.04
5,Dow Jones Pops On Inflation Data; Tesla Gains As Elon Musk Makes This Promise; Coinbase Up As Bitcoin Rallies,0.599,0.182,0.818,0.0
6,7 Massively Undervalued Micro-Cap Stocks to Buy Before Lift Off,0.999,0.094,0.889,0.018
7,Pew survey reveals more bad news for Meta,0.444,0.053,0.9,0.047
8,Stock Market Today: Dow Racks Up Gains as Easing Inflation Triggers Tech Rally,0.925,0.123,0.786,0.091
9,1 Emerging Catalyst That Apple Investors May Have Missed,0.844,0.12,0.88,0.0
10,Can This Tech Giant Become a Dividend Aristocrat?,0.893,0.196,0.804,0.0
11,S&amp;P 500 Rides Tech Rally as Easing Inflation Pushes U.S. Yields Lower,0.981,0.131,0.797,0.072
12,Amazon Joins Deal Revival Spurred by Lower Valuation: Tech Watch,-0.952,0.05,0.879,0.071
13,US Politicians are Selling These 10 Stocks,1.0,0.121,0.863,0.017
14,Samsung’s Galaxy Watch5 beats Apple Watch to adding a new temperature sensor,0.972,0.064,0.914,0.022
15,"Samsung’s New Foldable Phones Have More Features, But Prices Stay the Same",0.958,0.077,0.884,0.039
16,"The Ultimate Growth Stocks to Buy With $1,000 Right Now",0.586,0.103,0.836,0.062
17,Buy This Buffett Stock Hand Over Fist Before It's Too Late,0.572,0.045,0.955,0.0
18,7 Discount Stocks to Buy Trading Down at Least 20%,0.998,0.113,0.839,0.048
19,‘Texting between iPhone and Android is broken’: Google slams Apple for using ‘outdated’ technology standards,-0.972,0.042,0.845,0.113
20,"Here's What Apple, Walmart, and UPS Just Told Us About the Broader Economy",0.0,0.0,1.0,0.0
21,3 Reasons to Buy Apple Stock Now,0.294,0.049,0.905,0.045
22,Apple Stock Edges Higher Despite Cautious Smartphone Outlook From Supplier Foxconn,-0.128,0.0,0.914,0.086
23,"IPhone Maker Hon Hai Profit Beats, Easing Supply-Chain Fears",0.625,0.079,0.851,0.07
24,Top Millennial Stock Pick Tesla's CEO Musk Sells Billions In TSLA Shares To Prep For Twitter Deal,0.287,0.097,0.903,0.0
