﻿,Titles,Polarity,Positive,Neutral,Negative
0,Weekly Roundup,0.818,0.268,0.732,0.0
1,"Dow Jones Futures: Apple Earnings, Fed Rate Hike Headline Huge Market Week; What To Do Now",0.727,0.295,0.705,0.0
2,Progressive Caucus Asks Schumer to Set Vote on Antitrust Bills,-0.908,0.072,0.837,0.091
3,Tesla has the largest short in the U.S. market at nearly $2.7 billion,0.896,0.068,0.901,0.031
4,"Inflation: The Fed 'doesn't have the guts' to raise interest rates by 6 to 7%, strategist says",-0.492,0.0,0.861,0.139
5,"Tech stocks: Where to find 'safety,' according to one analyst",0.997,0.083,0.892,0.025
6,3 Stocks That Will Send Bears Back into Hibernation,0.999,0.123,0.856,0.021
7,Here are 5 things we’ve learned so far from earnings season,0.325,0.118,0.772,0.11
8,"TV rewatch podcasts exploded in a way 'we didn't predict,' iHeartMedia exec says",0.987,0.071,0.904,0.025
9,Tesla's $100 billion rally costs short sellers at least $1 billion,0.772,0.07,0.878,0.052
10,"Snap 'is going through a near-death experience,' analyst explains",0.953,0.099,0.839,0.062
11,10 Stocks to Buy Before Their Earnings Reports,1.0,0.135,0.848,0.017
12,"Apple and Microsoft Earnings, or the Fed: What Matters More Next Week?",0.25,0.103,0.828,0.069
13,"Expect Two Shallow Recessions, Plus a Quick End to the Fed’s Moves to Raise Interest Rates",-0.382,0.0,0.885,0.115
14,Snap stock plunges after the company issued no guidance,0.0,0.0,1.0,0.0
15,Alphabet Stock Split Lands With a Thud in Worry-Filled Market,0.361,0.068,0.876,0.056
16,Anti-Instagram App BeReal Takes Top Spot on Apple Despite Crashes,0.991,0.093,0.85,0.057
17,"Stocks mixed, Treasury yields down, Snap stock plummets",0.0,0.0,1.0,0.0
18,"Why SoFi Technologies, Upstart, and Affirm Rose This Week",-0.34,0.121,0.755,0.125
19,"Market check: Dow leads indices, energy stocks gain, wheat futures fall",0.0,0.0,1.0,0.0
20,10 Stocks to Buy Now According to David Einhorn’s Greenlight Capital,1.0,0.112,0.861,0.027
21,Apple Inc. (AAPL) Is a Trending Stock: Facts to Know Before Betting on It,0.998,0.123,0.868,0.009
22,'Don't see it in my numbers': American Express CEO doubts recession fears,0.965,0.077,0.9,0.023
23,What's in the Offing for Logitech (LOGI) This Earnings Season?,0.998,0.122,0.866,0.012
24,7 Best Nanotech Stocks to Buy Now,1.0,0.135,0.848,0.017
25,Warren Buffett Loves These Stocks. Are They Right for You?,0.66,0.079,0.921,0.0
26,7 Best Consumer Stocks to Buy Now,1.0,0.172,0.759,0.069
27,7 Growth Stocks to Buy on the Dip,0.999,0.115,0.868,0.017
28,7 Best Nasdaq Stocks to Buy in July,1.0,0.177,0.777,0.045
29,3 Warren Buffett Stocks Down 15% to 36% to Buy Right Now,0.73,0.1,0.9,0.0
30,Groups Push Schumer to Recuse Himself From Big Tech Legislation,-0.845,0.05,0.887,0.063
31,Snap Stock Plunges and Takes Meta and Twitter With It,0.25,0.07,0.889,0.041
32,"Apple: Don’t Underestimate the Continued Growth Story, Says Analyst",0.994,0.117,0.863,0.02
