﻿,Titles,Polarity,Positive,Neutral,Negative
0,Citizen Cope on music streaming: ‘This is a whole new kind of paradigm’,0.382,0.067,0.933,0.0
1,Why Apple Stock Fell Today,0.128,0.075,0.862,0.063
2,"Stocks end the week under pressure, Twitter and Tesla among laggards",0.0,0.0,1.0,0.0
3,"Top Millennial, Gen Z Stock Picks Shift To Energy Stocks; But Tesla Still No. 1",0.287,0.097,0.903,0.0
4,Stock Market Today: Dow in Weekly Loss as Surging Yields Put Squeeze on Tech,0.92,0.079,0.875,0.045
5,Meta (FB) to Charge 50% Cut From Virtual Sales in Horizon,0.994,0.094,0.883,0.023
6,SAP Overhauls Services and Support Portfolio to Boost Uptake,0.999,0.204,0.793,0.003
7,ANSYS (ANSS) Set to Acquire OnScale for Undisclosed Terms,0.998,0.139,0.85,0.01
8,Will the FAANG Stocks Beat This Earnings Season?,0.998,0.156,0.792,0.052
9,Meta Faces Another Tough Quarter. One Analyst Sees More Trouble Ahead.,0.296,0.095,0.905,0.0
10,Netflix (NFLX) Set to Report Q1 Earnings: What to Expect?,0.998,0.151,0.829,0.02
11,"Judge upholds Tesla ruling, Amazon adds surcharge for sellers, Apple Macbook shipments delayed",0.026,0.096,0.788,0.116
12,Meta May Already Be Set Up to Fail in the Metaverse,0.329,0.126,0.811,0.062
13,2 Growth Stocks to Buy and Hold Forever,0.886,0.202,0.798,0.0
14,Facebook Makes a Huge Controversial Move,-0.511,0.0,0.858,0.142
15,Dow Jones Rallies As Twitter Jumps On Elon Musk Buyout Offer,0.0,0.0,1.0,0.0
16,Meta is already failing on its promise of a better metaverse,-0.459,0.026,0.912,0.062
17,2 Dividend-Paying Tech Stocks to Buy Right Now,0.93,0.286,0.689,0.025
18,Semtech's (SMTC) New LoRa Edge LR1120 Strengthens Portfolio,0.997,0.147,0.85,0.003
19,This Is the Simplest Reason to Buy Apple Stock Right Now,0.963,0.296,0.671,0.034
20,Dow Jones Futures Rise; Twitter Soars On Elon Musk Buyout Offer,0.0,0.0,1.0,0.0
21,"Stellantis, Qualcomm Partner To Power Vehicle Platforms With Snapdragon Digital Chassis Solutions",0.969,0.118,0.882,0.0
22,3 Big Bank Stocks That Could Bounce on Q1 Earnings,0.999,0.144,0.837,0.018
23,Apple Helps Suppliers Rapidly Accelerate Renewable Energy Use Around the World,1.0,0.194,0.795,0.01
24,2 Safety Stocks Sure to Rise,-0.44,0.032,0.906,0.062
25,Dow Jones Futures Rise After Market Rally; Elon Musk Offers To Buy Twitter,0.593,0.216,0.784,0.0
26,"Stocks Edge Higher, Retail Sales In Focus, Apple, Amazon And UnitedHealth - Five Things You Must Know",0.778,0.243,0.675,0.082
27,Netflix and Meta See Earnings Pessimism After Slumps,-0.954,0.072,0.841,0.087
28,"MacBook manufacturer Quanta Computer halts production in Shanghai, putting supplies of Apple's top-tier laptops at risk",-0.016,0.043,0.918,0.039
29,TSMC Sales Forecast Tops Estimates on Sustained Gadget Demand,-0.826,0.062,0.858,0.08
