﻿,Titles,Polarity,Positive,Neutral,Negative
0,"New emojis debut, Google developers pressure Apple to update modern texting tech",0.178,0.052,0.948,0.0
1,Trader Joe’s Employees at Minneapolis Store Vote for Union,0.976,0.109,0.84,0.051
2,Dow Jones Futures: Market Rally Runs Up To Key Test; 5 Giants Near Buy Points,0.0,0.0,1.0,0.0
3,"Stocks to watch in after hours: Peloton, Apple, DraftKings, Bed Bath &amp; Beyond",0.202,0.13,0.87,0.0
4,"Stock Market Caps Bullish Week With More Gains; Tech Stocks To Watch Include Apple, Nvidia, Onsemi",0.361,0.102,0.898,0.0
5,"Why GlobalFoundries, Micron Technology, and Applied Materials Soared Today",-0.128,0.088,0.805,0.107
6,Apple’s Big Rally Gives Stock Bulls Something to Cheer About,0.953,0.092,0.848,0.059
7,"Apple Stock Rises Ahead Of iPhone 14 Debut, Fall Product Launch",0.0,0.0,1.0,0.0
8,Stock Market Gains On Consumer Optimism; Chips And Tech Lead Charge; Apple Surges,0.818,0.13,0.87,0.0
9,Apple’s Big Rally Gives Stock Bulls Something to Cheer About,0.943,0.089,0.852,0.059
10,"Peloton to Cut 800 Jobs, Hike Prices and Shut Stores in Sweeping Overhaul",0.966,0.078,0.855,0.067
11,Stock Market Today: Dow in 4th Weekly Win as Chip Helps Tech Shine,0.532,0.091,0.826,0.083
12,Get Ready to Shell Out for the ‘iPhone Killer’,0.998,0.115,0.843,0.041
13,10 Penny Stocks for Long-Term Profits,0.999,0.131,0.85,0.02
14,Apple Stock Higher After Report Indicates iPhone Demand Confidence,0.0,0.0,1.0,0.0
15,The Secret Talks That Could Have Prevented the Apple vs. Facebook War,0.0,0.0,1.0,0.0
16,S&amp;P 500 Gains as Chip Stocks Lead Tech Higher,-0.415,0.079,0.841,0.08
17,Dow Jones Rises As Apple Stock Nears Buy Point,0.459,0.154,0.846,0.0
18,10 Best One Dollar Stocks To Buy Now,1.0,0.146,0.839,0.015
19,"Apple expects strong iPhone demand, tells suppliers to produce at 2021 levels",0.981,0.071,0.908,0.02
20,Why Index Funds Could Fade,0.0,0.0,1.0,0.0
21,The Big Winners—and Losers —in the Inflation Bill,0.625,0.253,0.676,0.071
22,Dow Jones Futures Rise As Apple Stock Nears Buy Point,0.459,0.16,0.84,0.0
23,Mastercard Faces Retailer Backlash Over Installment Payments,0.704,0.056,0.896,0.048
24,2 Top Metaverse Stocks Ready for a Bull Run,0.676,0.074,0.908,0.017
25,Biz: Major revamp of RTP looms; Durham CEO makes trip to DC,0.0,0.0,1.0,0.0
26,Apple Stock Edges Higher After Report Indicates iPhone Demand Confidence,0.0,0.0,1.0,0.0
27,Apple Laptop Maker’s Profit Halved After Chinese Plant Stumbles,-0.897,0.045,0.88,0.076
28,"Surprise! Warren Buffett ""Owns"" All 5 FAANG Stocks",0.0,0.0,1.0,0.0
29,"Stocks Higher, Apple, Rivian, Walmart, And Inflation - Five Things To Know",0.807,0.232,0.689,0.079
30,"Apple, Rivian, Toast Rise Premarket; Illumina, Olo Fall",-0.415,0.064,0.87,0.066
31,China’s SMIC Warns of ‘Rapid Freeze’ as Smartphone Demand Skids,-0.934,0.066,0.845,0.089
