﻿,Titles,Polarity,Positive,Neutral,Negative
0,"Dow Jones Reverses Lower, Nasdaq Falls Into Red; Netflix Stock Falls 11% On Earnings",0.0,0.0,1.0,0.0
1,Epic Urges Court to Curb Apple’s ‘Dark Cloud’ of App Dominance,0.859,0.076,0.862,0.061
2,"Dow Jones Gives Back Gains, Nasdaq Falls Into Red; Apple Tests Key Level Of Support",0.0,0.0,1.0,0.0
3,Apple (AAPL) Reports Next Week: Wall Street Expects Earnings Growth,0.998,0.152,0.801,0.047
4,Tech Stocks Need a Life Raft. Earnings Season Could Be It.,0.0,0.0,1.0,0.0
5,"Stock market drop 'is an opportunity for some names,' strategist explains",0.999,0.13,0.84,0.031
6,Twitter Users Can Now Add Verified NFTs as Profile Photos,0.527,0.041,0.927,0.033
7,"Senate panel approves antitrust bill targeting Apple, Google and Amazon",0.318,0.077,0.882,0.041
8,Senate Judiciary Committee Clears Tech-Focused Antitrust Bill,0.985,0.09,0.868,0.042
9,"Northstar Advisory Group, LLC Buys iShares Core S&amp;P 500 ETF, iShares 1-3 Year Credit Bond ...",0.997,0.073,0.924,0.004
10,"Radnor Capital Management, LLC Buys Microsoft Corp, Apple Inc, International Business Machines ...",0.99,0.044,0.95,0.006
11,"SevenBridge Financial Group, LLC Buys iShares Core S&amp;P 500 ETF, iShares 1-3 Year Credit ...",0.998,0.063,0.931,0.006
12,"Dow Jones, Nasdaq Show Strong Gains After This Week's Heavy Sell-Off; This Shipping Stock Scores Breakout",0.34,0.094,0.906,0.0
13,Stock market could drop another 10% soon: top strategist,0.921,0.076,0.881,0.043
14,Amphenol (APH) to Report Q4 Earnings: What's in the Cards?,0.998,0.135,0.849,0.017
15,Apple stock has made a huge move higher — is it time to sell?,0.828,0.073,0.88,0.047
16,Meta Platforms (FB) Set to Launch Subscriptions on Instagram,0.999,0.169,0.831,0.0
17,Will Tech's Big Kids Play Nice With Each Other In The Metaverse?,-0.128,0.073,0.836,0.091
18,Apple Earnings Could Top Estimates. That Might Not Help the Stock.,0.422,0.118,0.882,0.0
19,2 Stocks to Buy and 1 to Sell Going Into Fed Action Fears,0.996,0.112,0.824,0.064
20,"S&amp;P 500 Turns Negative as Bid in Financials, Tech Fades",-0.743,0.048,0.889,0.063
21,Behind the Wall: Biden’s Infrastructure Bill Will Boost Electric Vehicle Fleets,1.0,0.084,0.899,0.017
22,Tech continued to lead US office leasing activity in 2021 but vacancy remains elevated,0.0,0.0,1.0,0.0
23,10 Best Dividend Stocks to Buy According to Cliff Asness’ AQR Capital Management,1.0,0.116,0.876,0.009
24,"Docusign, Zoom, Moderna become the worst performing Nasdaq stocks",-0.625,0.0,0.823,0.177
25,Here’s Why Wedgewood Partners Continues to Hold its Apple (AAPL) Shares,0.973,0.099,0.874,0.027
26,5 Blue-Chip Stocks Likely to Gain on Earnings Next Week,1.0,0.147,0.842,0.011
27,Paylocity (PCTY) Enriches Product Suite With Cloudsnap Buyout,0.999,0.13,0.863,0.007
28,Apple Earnings: Guidance Will Be Key,0.0,0.0,1.0,0.0
29,Why Apple Stock is a 'Strong Buy' Ahead of Earnings,0.997,0.109,0.867,0.024
30,Will Tech Giants Play Nice With Each Other In The Metaverse?,-0.128,0.073,0.836,0.091
31,One Growth Stock to Buy in 2022 and Hold for the Next Decade,0.422,0.213,0.787,0.0
32,Dow Jones Futures Rise After Correction Extends Losses; Four Stocks In Beat-Up Sector Worth Watching,-0.25,0.107,0.73,0.163
33,Don't Buy Cryptocurrency; Buy These 3 Stocks Instead,-0.202,0.0,0.93,0.07
34,PlayStation Creator Kutaragi Snubs Metaverse and VR Headsets,0.985,0.07,0.901,0.029
35,Chip Linchpin Joins Carmakers in Warning of Vicious Supply Cycle,-0.948,0.032,0.898,0.07
36,"U.S. Antitrust Bill Expanded to Include TikTok, Tencent’s WeChat",-0.651,0.038,0.91,0.052
37,"Sonos, Yelp Tell White House to Back Big Tech Antitrust Bill",0.969,0.08,0.887,0.033
