﻿,Titles,Polarity,Positive,Neutral,Negative
0,"Snap, VMware, Macy’s: Stocks That Defined the Week",0.0,0.0,1.0,0.0
1,Snap earnings data ‘doesn’t do well for confidence’: Sir Martin Sorrell,0.0,0.0,1.0,0.0
2,Epic Games VP: ‘People have lost interest in the metaverse’,0.979,0.081,0.878,0.042
3,Warren Buffett says these are the very best businesses to own — 3 high-quality examples from Berkshire's portfolio,0.996,0.118,0.87,0.012
4,Dow Jones Rallies On Inflation Data; Tesla Pops As Elon Musk Issues This Warning; Apple Stock Surges,0.25,0.137,0.766,0.097
5,Why this wearables company is touting its fitness tracker as a tool for mental health,0.992,0.084,0.907,0.009
6,Stock Market Today: Dow Ends Biggest Losing Streak Since 1932 as Tech Prevails,0.973,0.137,0.775,0.087
7,"S&amp;P 500 Eyes End of Weekly Losing Streak as Inflation Cools, Tech Climbs",0.964,0.137,0.772,0.091
8,Why Apple Stock Is Rising Today,0.026,0.046,0.911,0.043
9,Qualcomm CEO: The market is making 'an absolute mistake' on our stock,0.91,0.071,0.881,0.048
10,"Apple’s iPhone 14 Production Could Be Worse Than Feared, JPMorgan Says",0.0,0.0,1.0,0.0
11,China Smartphone Demand Weakens Amid Covid Resurgence,-0.511,0.0,0.807,0.193
12,Should You Be Adding Apple (NASDAQ:AAPL) To Your Watchlist Today?,0.999,0.19,0.781,0.029
13,Should Amazon Buy Electronic Arts?,0.996,0.109,0.857,0.034
14,"Workers Rebel Against China's Major Apple Supplier, Question Country's Covid Decree",0.85,0.109,0.806,0.085
15,Is Meta Platforms Stock a Buy Now?,-0.422,0.0,0.865,0.135
16,"Down 55%, Spotify's CEO Recently Bought Shares. Should Investors Follow Suit?",-0.374,0.092,0.785,0.123
17,My 3 Best Stock-Split Stocks to Buy -- Even in a Market Sell-Off,-0.44,0.0,0.928,0.072
18,Snap’s Revenue Warning Had Really Poor Timing,0.957,0.073,0.877,0.05
19,"Zacks Investment Ideas feature highlights: Snapchat, Alphabet, Meta Platforms, Twitter and Apple",0.999,0.128,0.849,0.022
20,The Under-the-Radar Stock Warren Buffett Has Invested $61 Billion Into in Less Than 4 Years,0.778,0.103,0.882,0.016
21,"Personal Income, PCE Data, Ethereum Slump, Wheat Deadlock - What's Moving Markets",-0.995,0.066,0.82,0.114
