﻿,Titles,Polarity,Positive,Neutral,Negative
0,From Amazon to Yelp: The companies taking a stand on reproductive rights,0.244,0.074,0.865,0.062
1,"What a Peloton Acquisition Would Mean for Apple, Amazon or Nike",0.758,0.319,0.681,0.0
2,"Apple’s App Store Offers Reasons for Hope, Analyst Says",0.859,0.35,0.574,0.076
3,The Money-Making Opportunity of the Century,1.0,0.126,0.833,0.04
4,Roe v. Wade: What to know about the Supreme Court draft decision,0.758,0.16,0.84,0.0
5,"Apple, Toyota help keep NC best in US for economic development success",0.0,0.0,1.0,0.0
6,These US companies are expanding abortion benefits,0.586,0.174,0.758,0.067
7,"Is Qualcomm Stock A Buy? In Big Win, Chip Giant QCOM Lands Deal With Volkswagen",0.0,0.0,1.0,0.0
8,Apple gets tap from EU on payments,0.296,0.058,0.913,0.029
9,UPDATE 1-Universal Music first-quarter subscription and streaming revenue up 20%,0.962,0.072,0.922,0.006
10,"US STOCKS-Banks, Big Tech drive Dow, S&amp;P 500 higher as Fed decision looms",0.939,0.086,0.856,0.059
11,Elliott Urges Western Digital to Spin Off Its Flash Business,0.984,0.107,0.849,0.045
12,Apple Hires 31-Year Ford Veteran to Ramp Up Electric-Car Work,0.99,0.084,0.882,0.034
13,"With interest rates rising, it’s time to focus on MANG stocks instead of FAANG, according to Jefferies",0.637,0.206,0.794,0.0
14,"Apple faces antitrust battles in Europe, South Korea",-0.957,0.031,0.913,0.056
15,Paramount CFO details ‘competitive edge’ against Netflix,-0.026,0.092,0.813,0.095
16,US STOCKS-Wall Street struggles for direction as Fed decision looms,0.724,0.075,0.865,0.06
17,"Apple sues former Intel Fellow's chip startup Rivos, saying it stole trade secrets",-0.226,0.0,0.944,0.056
18,These 3 Stocks Could Be Next on Warren Buffett's Shopping List,0.0,0.0,1.0,0.0
19,Dow Jones Falls Ahead Of Fed Meeting; 7 Key Earnings Movers,0.0,0.0,1.0,0.0
20,These 2 Social Media Stocks Won't Suffer Twitter's Fate,-0.691,0.095,0.746,0.159
21,"Big Tech stocks offer ‘prime buying opportunities,’ strategist says",0.273,0.089,0.859,0.052
22,"Here's how Apple, Alphabet, Meta, Netflix and 21 other Bay Area companies' stocks fared in April",-0.34,0.057,0.851,0.093
23,Traders Face Up to Reality as Nasdaq 100 Profit Forecasts Drop,0.902,0.084,0.845,0.071
24,Avoid Spotify Stock Even if It’s on Track for a Comeback,0.949,0.104,0.81,0.087
25,"The Zacks Analyst Blog Highlights Apple, Intel, Citigroup, Nutrien, and KLA",0.998,0.139,0.816,0.045
26,WRAPUP 3-Some in Shanghai get out for a rare stroll; Beijing tightens COVID curbs,-0.914,0.046,0.892,0.062
