﻿,Titles,Polarity,Positive,Neutral,Negative
0,Warren Buffett’s Worst Investments of All Time,0.999,0.116,0.834,0.05
1,"Dow Jones Extends Steep Weekly Losses While Nasdaq Proves Resurgent; Apple, Microsoft Lead Blue Chips",0.202,0.115,0.802,0.084
2,"Dow Jones Slips; Apple Stock, Microsoft Rise As Tech Stocks Charge; AMC Stock Rallies",0.0,0.0,1.0,0.0
3,"Top Stock Reports for Apple, Home Depot &amp; Sanofi",0.999,0.164,0.78,0.055
4,10 Best Undervalued Stocks to Buy Now,1.0,0.088,0.9,0.012
5,"Streaming's Easy-Growth Days Are Over, Apple and Netflix Face Greatest Risk",-0.113,0.0,0.912,0.088
6,Apple's (AAPL) Podcast Subscriptions to Aid Services Prospects,0.998,0.17,0.822,0.009
7,Apple Is Already Building an Augmented Reality Future,0.572,0.062,0.938,0.0
8,Office Workers Don’t Want to Return and Microsoft Has Software for That,0.996,0.128,0.855,0.017
9,Why General Motors Is Crushing Tesla in 2021,0.44,0.044,0.956,0.0
10,KeepTruckin Raises Fresh Funds Valuing Startup at $2.3 Billion,0.971,0.1,0.871,0.028
11,"Tech Stocks Roundup: Cramer Believes in FAANG, Microsoft, Snap",0.202,0.087,0.913,0.0
12,Top in-house lawyers redefine their role as strategic thinkers,-0.45,0.0,0.963,0.037
