﻿,Titles,Polarity,Positive,Neutral,Negative
0,Microsoft’s Smith Says Secret Subpoenas Hurt U.S. Tech Companies,0.984,0.073,0.902,0.025
1,Dow Jones Futures: Nasdaq On Cusp Of Record Highs As Bitcoin Surges On Elon Musk Tweet; Apple Leads 5 Stocks Near Buy Points,0.0,0.0,1.0,0.0
2,"Bipartisan bills targeting America’s tech giants ‘watershed moment for antitrust,’ legal expert",0.986,0.083,0.887,0.03
3,"Dow Jones Slips As Tech Stocks Surge; Apple Stock, Microsoft Gain; AMC Stock Pops",0.44,0.145,0.855,0.0
4,Why the five antitrust bills aimed at big tech is necessary,0.0,0.0,1.0,0.0
5,"Dow Jones Slips As Tech Stocks Surge; Apple Stock, Microsoft Gain; AMC Stock Pops",0.44,0.145,0.855,0.0
6,The Industry Powering the Digital Revolution,0.422,0.062,0.907,0.031
7,"Beats Studio Buds boost Apple, Lordstown tumbles, meme stocks in bankruptcy, Bitcoin bouncing",0.987,0.082,0.868,0.05
8,Dow Jones Drops Despite Apple Stock's Gain; Crox Breaks Out While Bitcoin Soars,-0.179,0.0,0.925,0.075
9,How new antitrust laws will impact big tech,0.0,0.0,1.0,0.0
10,"Apple Debuts Beats Studio Buds, Its AirPods for Android",0.99,0.112,0.888,0.0
11,The House’s battle to end big tech monopolies,0.34,0.069,0.931,0.0
12,"Dow Jones Falls As Bitcoin Surges Above $40,000; Tesla Races Higher, Apple Tests Key Level",0.0,0.0,1.0,0.0
13,Smartphone Sales Declined Again Last Quarter. 3 Takeaways for Investors,0.103,0.076,0.924,0.0
14,Dow Jones Futures Eye Fed Meeting: Apple Vs. Microsoft Vs. Google; How To Be A Big Stock Market Winner,0.675,0.279,0.58,0.14
15,"Apple Is Developing Smart Watch With Temperature, Sugar Measuring Functionalities: Bloomberg",0.94,0.068,0.915,0.017
16,Dow Jones Futures Eye Fed Meeting: Apple Vs. Microsoft Vs. Google; How To Be A Big Stock Market Winner,0.675,0.279,0.58,0.14
17,Dow Jones Futures Rise As Fed Looms: Apple Vs. Microsoft Vs. Google; How To Be A Big Stock Market Winner,0.675,0.279,0.58,0.14
18,"Apple Plans Faster Watch, Future Temperature and Glucose Sensors",0.99,0.073,0.919,0.008
19,3 Reddit Stocks I'd Buy Right Now Without Any Hesitation,0.78,0.183,0.787,0.03
20,"Market Recap With Jim Cramer: Buy Chewy, Ford, Apple and Hold Biogen",0.637,0.139,0.861,0.0
21,SNAP Standing Strong with AR Addition,0.996,0.117,0.856,0.027
22,"‘Like Taxing Horseshoes’: Landlines Wane, Sap U.S. Broadband Aid",0.952,0.079,0.861,0.06
23,"GOOG or GOOGL: Which Stock Do You Buy? (GOOG, GOOGL)",0.422,0.038,0.962,0.0
24,Dow Jones Futures Edge Higher: Apple Vs. Microsoft Vs. Google; How To Be A Big Stock Market Winner,0.675,0.279,0.58,0.14
