﻿,Titles,Polarity,Positive,Neutral,Negative
0,Why Apple Stock Bounced Higher Today,0.649,0.13,0.804,0.066
1,Dow Jones Gains As Apple Pops; Schumer Makes This Debt Move; Facebook Up As Whistleblower Testifies,0.026,0.113,0.779,0.108
2,Dow Jones Rallies As Apple Stock Pops; Schumer Makes Debt Move; Facebook Up As Whistleblower Testifies,0.026,0.113,0.779,0.108
3,Microsoft Surface Pro 8 review: A bigger screen and great performance come at a price,0.996,0.079,0.902,0.019
4,"Facebook Is Not a Teen Favorite, Survey Says. These Social Media Sites Are.",0.0,0.0,1.0,0.0
5,"Scared of Facebook whistleblower fallout? Look at these tech stocks, analyst says",0.94,0.078,0.884,0.037
6,"FAANGs bounce back, Pepsi raises its full-year forecast",0.0,0.0,1.0,0.0
7,App Store Likely Bright Spot For Apple's September Quarter,0.0,0.0,1.0,0.0
8,EU lawmaker says U.S. tech giants should be regulated where they are based,0.026,0.049,0.911,0.039
9,Read Tim Cook’s Staff Memo on 10th Anniversary of Jobs’s Death,0.994,0.135,0.823,0.041
10,"Remembering Steve Jobs: Apple, business leaders celebrate the tech pioneer on the 10th anniversary of his death",0.572,0.209,0.791,0.0
11,"Tech Stocks Roundup: Facebook Shutdown, Whistleblower Accusations",0.612,0.231,0.769,0.0
12,"Apple Used Unfair Tactics in 5G Patent Dispute, Ericsson Alleges in Lawsuit",-0.103,0.0,0.943,0.057
13,Apple Pay Fees Vex Credit-Card Issuers,-0.077,0.051,0.884,0.065
14,"Top Research Reports for Apple, Mastercard &amp; Verizon",0.997,0.148,0.828,0.024
15,Apple iPhone ownership among teens holds near record high: Piper Sandler,0.98,0.078,0.9,0.022
16,"Phunware Announces 10M PhunToken Sweepstakes, New PhunWallet",0.967,0.128,0.872,0.0
17,"Dow Jones Surges 475 Points After Market Sell-Off; Apple, Microsoft Bounce",0.0,0.0,1.0,0.0
18,Abbott is first health care company to keynote at CES,0.991,0.123,0.872,0.005
19,Rising Oil Prices and Yields Makes Market Navigation More Complex,0.993,0.099,0.836,0.065
20,Facebook isn't tobacco; that's ‘ridiculous’: analyst,0.0,0.0,1.0,0.0
21,"Facebook whistleblower testifies before Congress, outage affects billions worldwide",0.0,0.0,1.0,0.0
22,How the FAANG stocks recovery proves the resilience of tech,0.0,0.0,1.0,0.0
23,"Dow Jones Rallies After Market Sell-Off; Apple, Microsoft Bounce",0.0,0.0,1.0,0.0
24,"Dow Jones Today, Techs Rise After Market Sell-Off: Tesla, Devon Rise; Facebook Hearing In Spotlight",0.0,0.0,1.0,0.0
25,YouTube Looks to Hire Its First Executive Focused on Podcasts,0.868,0.068,0.895,0.038
26,"Dow Jones Today, Tech Futures Rise After Market Sell-Off: Tesla, Devon Rise; Facebook Hearing In Spotlight",0.0,0.0,1.0,0.0
27,"CIBC launches five more Canadian Depositary Receipts (""CDRs"") on the NEO Exchange",0.996,0.115,0.881,0.003
28,Google’s $5 Billion Android Battle Could End Its Dominance,0.153,0.078,0.922,0.0
29,Google Has Brushed Off  Scrutiny f. This $5 Billion Battle Over Android Is Different.,0.153,0.078,0.922,0.0
30,Here’s What Facebook Says Triggered the Massive Outage on Its Apps,-0.964,0.044,0.842,0.113
31,"BetterInvesting™ Magazine Selects Apple as ""Growth"" Stock and Citigroup as ""Undervalued"" For December 2021 Issue",0.987,0.096,0.902,0.003
