﻿,Titles,Polarity,Positive,Neutral,Negative
0,Dow Jones Futures: Market Rally Feels Fed Chief Powell's 'Pain'; What To Do Now,0.077,0.098,0.816,0.086
1,"Why Shopify, Amazon, and Apple Stocks Slumped Friday Morning",-0.832,0.02,0.875,0.105
2,Justice Department reportedly drafting antitrust suit against Apple,0.975,0.083,0.885,0.032
3,"Top Analyst Reports for Apple, Alibaba &amp; Bristol-Myers Squibb",0.999,0.154,0.791,0.055
4,"Tech stocks: Apple, Microsoft, and Alphabet in the red following Fed comments",0.0,0.0,1.0,0.0
5,Alphabet's (GOOGL) Google Brings Google Wallet to South Africa,0.999,0.178,0.813,0.01
6,Nasdaq leads stock losses after Fed Chair Powell’s Jackson Hole speech,-0.902,0.037,0.897,0.065
7,Justice Department may be readying potential antitrust lawsuit against Apple: report,-0.44,0.073,0.808,0.12
8,"Why Investors Should Ignore the Fed, Interest Rates, and Most News",0.361,0.094,0.906,0.0
9,UPDATE 1-U.S. Justice Department in early stages of drafting possible antitrust suit against Apple -Politico,0.939,0.138,0.85,0.012
10,U.S. Justice Department in early stages of drafting possible antitrust suit against Apple -Politico,0.924,0.135,0.852,0.013
11,EA Pares Gains After Retraction of Report on Amazon Prepping Bid,0.959,0.089,0.854,0.057
12,5 Stocks That Warren Buffett Is Betting on Now,0.998,0.097,0.873,0.03
13,Why Dividend Growth Stocks Should Be Part of Your Retirement Plan,0.649,0.296,0.704,0.0
14,"Active Funds Enjoy a Great Year Thanks to Cash, Not Stock Picks",0.996,0.149,0.804,0.048
15,Apple's Entry-Level iPad is Just $279 on Amazon,0.902,0.187,0.813,0.0
16,10 American Stocks with High Exposure to China,0.999,0.107,0.873,0.02
17,10 Stocks to Buy According to Mark McMeans’ Brasada Capital Management,0.999,0.105,0.869,0.027
18,Is Trending Stock Apple Inc. (AAPL) a Buy Now?,0.999,0.129,0.865,0.006
19,Synopsys (SNPS) Boosts Shareholders' Wealth With $240M ASR Deal,0.999,0.2,0.8,0.0
20,4 Blue-Chip Stocks to Steady Your Portfolio in 2022,0.999,0.137,0.852,0.011
21,What Warren Buffett Can Teach You About Dividend Stocks,0.951,0.19,0.773,0.037
22,3 Extremely Popular Robinhood Stocks That Warren Buffett Has Been Buying Hand Over Fist,0.687,0.124,0.84,0.036
23,The Smartphone Market Is Slowing. Not Even Apple Is Immune.,-0.128,0.0,0.966,0.034
24,Electronic Arts Shoots Higher on Amazon Bid Report,0.967,0.106,0.853,0.04
