﻿,Titles,Polarity,Positive,Neutral,Negative
0,It's Not Too Late to Buy Apple Stock,-0.477,0.083,0.802,0.114
1,Apple Stock Slips on Report of iPhone Parts Shortages,-0.153,0.0,0.929,0.071
2,"Dow Jones Futures Fall On Apple iPhone Woes, Crispr Trial Data; Market Rally Fizzles Again Despite Tesla, Upstart, Zscaler, Airbnb, GM Gains",0.554,0.158,0.842,0.0
3,Apple stock slips on report chip shortage may impede iPhone production,0.077,0.101,0.805,0.094
4,Apple likely to cut iPhone 13 production due to chip crunch -Bloomberg News,0.572,0.061,0.89,0.048
5,"2 ""Wide Moat"" Stocks That Can Help You Beat Inflation",-0.422,0.12,0.737,0.143
6,Apple Set to Cut iPhone Production Goals Due to Chip Crunch,-0.985,0.048,0.869,0.083
7,Breaking down Apple’s odds for a pause on App Store changes  ,-0.34,0.0,0.876,0.124
8,Michael Burry's 'mother of all crashes' warning is still in play — but here are 3 stocks he's bullish on,0.998,0.135,0.839,0.026
9,Apple's App Store feud with Epic Games is far from over,-0.971,0.051,0.878,0.071
10,Investors should ‘fasten their seat belts’ this earnings season: Wall Street Alliance Group Partner,0.0,0.0,1.0,0.0
11,"Apple Schedules Second Fall Product Launch With New Macs, AirPods Due",0.0,0.0,1.0,0.0
12,Google Gives Up on Bank Accounts,-0.128,0.054,0.879,0.067
13,Apple Cutting iPhone Production Targets by 10 Million: Report,0.026,0.058,0.885,0.056
14,Apple moves to stop court-ordered App Store changes in Epic Games feud,0.25,0.095,0.905,0.0
15,"Apple CEO’s Anti-Leak Edict Broke Law, Ex-Employee Alleges",0.929,0.097,0.82,0.082
16,Apple Sets Virtual Launch Event for Monday. Expect New Macs and AirPods.,0.0,0.0,1.0,0.0
17,"Apple plans Oct. 18 event that could bring MacBook Pro, AirPods launches",0.0,0.0,1.0,0.0
18,Google Says Epic’s Fortnite Provocation Created Security Risk,0.132,0.084,0.837,0.079
19,Apple Set for First MacBook Pro Revamp in Five Years on Oct. 18,-0.863,0.024,0.936,0.04
20,Why the Earnings Surprise Streak Could Continue for Apple (AAPL),0.995,0.142,0.831,0.027
21,"S&amp;P 500 Slips as Bulls Keep Powder Dry Ahead of Earnings, Inflation",-0.671,0.065,0.856,0.08
22,Apple’s Balancing Act in China Gets Trickier During Xi’s Crackdown,0.787,0.069,0.871,0.06
23,Better Ad Tech Company: Taboola or Outbrain,0.178,0.092,0.87,0.038
24,A Delayed Exit In Google,0.426,0.057,0.894,0.049
25,"S&amp;P 500 in Choppy Trade Ahead of Earnings, Inflation Update",0.844,0.082,0.852,0.066
26,"Growing Investor Interest, Corporate Recognition Indicate Increasing Legitimacy in Maturing Cannabis Market",0.997,0.148,0.834,0.018
27,"Company News for Oct 12, 2021",0.983,0.192,0.766,0.042
28,3 Dividend-Paying Tech Stocks to Buy in October,0.557,0.231,0.769,0.0
29,Winners and Losers in the Streaming Wars 2021,0.527,0.097,0.866,0.036
30,"Huawei, Ericsson or Nokia? Apple or Samsung? U.S. or China? Who’s Winning the 5G Races",0.0,0.0,1.0,0.0
