﻿,Titles,Polarity,Positive,Neutral,Negative
0,"'Buy now, pay later' is controversial — here are some alternatives",0.997,0.105,0.849,0.046
1,Why Apple Was a Sour Stock on Tuesday,-0.128,0.086,0.807,0.107
2,"Nasdaq hits session lows, megacap stocks among biggest market laggards",0.0,0.0,1.0,0.0
3,Why Qualcomm Surged Today Even as the Nasdaq Plunged,0.0,0.0,1.0,0.0
4,This Analyst Confirms Apple To Use Qualcomm Chips In Next Gen iPhones And More,0.978,0.139,0.822,0.039
5,"Casino stocks rise as China eases COVID lockdowns, Bed Bath &amp; Beyond to lower expenses",0.0,0.0,1.0,0.0
6,SCOTUS abortion ruling: Employers expand mental health benefits for workers following decision,0.382,0.069,0.931,0.0
7,3 Stocks That Warren Buffett Can't Get Enough Of,0.997,0.099,0.887,0.014
8,"Qualcomm Stock Rises As Apple's 5G Modem Chip 'Fails,' Analyst Says",0.0,0.0,1.0,0.0
9,"Markets: ‘You’re getting closer to a bottom,’ strategist says",0.807,0.187,0.813,0.0
10,Market check: Stocks under pressure as software sector drags down Nasdaq,-0.357,0.0,0.873,0.127
11,Alphabet (GOOGL) Boosts YouTube Music With New Features,0.998,0.171,0.816,0.013
12,Dow Jones Dives As Inflation Fears Rise; This Stock Pops As Warren Buffett Raises Stake; Nike Plunges,-0.422,0.0,0.887,0.113
13,Dow Futures Tick Higher Following Renewed Selloff,-0.945,0.074,0.811,0.115
14,"Top 5 U.S. companies losing a total of $260 billion in market cap, led by Apple and Amazon",-0.527,0.048,0.857,0.095
15,Qualcomm Spikes on Report It Will Remain iPhone 5G Modem Chip Supplier in 2023,0.494,0.05,0.95,0.0
16,Big Oil Is Betting Big on Hydrogen,0.999,0.117,0.852,0.032
17,‘They’ll chicken out’: Fund legend Rick Rule says the Fed won’t keep hiking rates aggressively to prevent ‘amazing damage.’ Here are 3 spots he likes for your money,0.999,0.17,0.8,0.03
18,Apple (AAPL) Boosts Content Portfolio With Animal Pictures Deal,0.997,0.147,0.824,0.029
19,"Microsoft, Netflix offer LGBTQ care in addition to abortion travel benefits",0.923,0.417,0.583,0.0
20,Zacks Industry Outlook Highlights Apple and HP,0.999,0.112,0.857,0.03
21,Apple (AAPL) Likely to Launch New Macs With Four M2 Chip Variants,0.992,0.127,0.827,0.046
22,3 Stocks to Buy When Inflation Is High,-0.202,0.118,0.724,0.157
23,"Tencent Targets Metaverse After Overseas Opportunities, EV To Drive Growth",0.987,0.145,0.834,0.021
24,Michael Burry is Buying These 10 Stocks As Recession Fears Mount,1.0,0.139,0.82,0.041
25,Stocks' Best Two Weeks Start Now (Here Are The 7 Top Ones To Own),0.625,0.186,0.814,0.0
26,Russia Fined These US Companies Over Data Privacy Breach,-0.157,0.083,0.837,0.079
27,Stock market news lives updates: Stock futures rise as choppy trading persists,0.88,0.058,0.899,0.043
28,"Investors Seek More Transparent Tax, Disclosure Norms From Microsoft and Cisco",0.976,0.147,0.802,0.051
29,7 Long-Term Growth Stocks That Wall Street Analysts Still Love,0.999,0.148,0.792,0.06
30,"1 Unstoppable Metaverse Stock Down 55% That Could Soar, According to Wall Street",0.0,0.0,1.0,0.0
31,7 Growth Stocks to Buy After the Market Crash,0.998,0.096,0.85,0.054
32,Wall Street Continues to be Optimistic on Apple Stock: Here’s Why,0.981,0.096,0.87,0.034
33,SEC fines EY $100 million for cheating by auditors,-0.994,0.064,0.802,0.134
34,Apple supplier Foxconn starts new hiring spree at world's largest iPhone factory in China ahead of next product launch,0.831,0.043,0.929,0.027
35,The iPhone at 15: An Inside Look at How Apple Transformed a Generation,0.0,0.0,1.0,0.0
