﻿,Titles,Polarity,Positive,Neutral,Negative
0,A 3-Day Tech Earnings Deluge Begins. Here Are the Key Issues to Track.,0.178,0.096,0.904,0.0
1,Snap Stock Nets Yet Another Downgrade. TikTok Poses a Growing Threat in Advertising.,0.296,0.121,0.879,0.0
2,NFL+ streaming service launches for $4.99 per month,0.0,0.0,1.0,0.0
3,Apple Q3 Preview: Can The Earnings Streak Continue?,0.997,0.141,0.848,0.012
4,"Walmart, Target, and tech stocks decline in after-hours trading",0.0,0.0,1.0,0.0
5,"US STOCKS-S&amp;P 500 ends choppy session nearly flat; investors eye Fed, earnings",0.813,0.059,0.895,0.046
6,Employment in tech is ‘like a boomerang’ in 2022 compared to last year: Economist,0.0,0.0,1.0,0.0
7,Why tech stocks won't get back to highs any time soon,0.0,0.0,1.0,0.0
8,"Fed: 'We have a chance for a pivot' once inflation and employment normalize, strategist says",0.273,0.151,0.728,0.12
9,"S&amp;P rallies into the green, energy stocks surge into the close",0.0,0.0,1.0,0.0
10,Apple: iOS 16 launches feature to hide 'sensitive' photos,0.988,0.087,0.886,0.027
11,Koss settles headphone patent dispute with Apple ahead of trial,-0.925,0.041,0.877,0.082
12,Meta Weighs Buying Eye-Tracking Glasses Startup AdHawk,0.502,0.05,0.914,0.036
13,Tech stock earnings 'seem to be getting worse': Analyst,0.933,0.078,0.866,0.055
14,Recession concerns are 'a boom turning into a bust': Strategist,-0.681,0.0,0.838,0.162
15,"Nasdaq leads stocks lower, bond markets move higher ahead of Fed meeting",0.986,0.108,0.855,0.036
16,"Meta Platforms Still Suffers Apple iOS Privacy Challenges, Analyst Says While Chopping Stock Price Forecast 20%",0.963,0.131,0.8,0.068
17,These 10 Companies Just Cut Their Guidance,0.997,0.083,0.873,0.044
18,Apple to Offer Rare IPhone Discount in China,0.0,0.0,1.0,0.0
19,Tech Stocks Cool Ahead Of Earnings Amid Mixed Stock Market Action,0.848,0.162,0.838,0.0
20,"Amazon, Google, Facebook, and Microsoft earnings: A crucial week for Big Tech",0.962,0.072,0.884,0.044
21,Big Tech earnings are about to determine the direction of the market,0.0,0.0,1.0,0.0
22,Meta’s Earnings Are Wednesday. Wall Street Is Cutting Its Revenue Forecasts,0.572,0.227,0.773,0.0
23,"Microsoft, Alphabet, Visa Earnings: 3 Things to Watch",0.227,0.072,0.87,0.058
24,Stock Market Today: Dow Ends Higher as Energy Surge Offsets Tech Stumble,0.978,0.121,0.827,0.052
25,Chips bill aims to reduce reliance on China for semiconductors,0.0,0.0,1.0,0.0
26,"Lockdowns loom over Shenzhen, China, as COVID-19 spreads",0.382,0.11,0.89,0.0
27,"Meta earnings: It will be ‘significantly harder to surprise on the top line,’ analyst says",0.0,0.0,1.0,0.0
28,"Market check: Nasdaq trades lower, bitcoin dips below $22,000",0.0,0.0,1.0,0.0
29,Apple (AAPL) to Report Q3 Earnings: What's in the Offing?,0.999,0.15,0.816,0.034
30,2 Warren Buffett Stocks That Everyone Should Own,0.392,0.081,0.919,0.0
31,10 Best Stocks to Buy Now According to Billionaire Marc Lasry’s Avenue Capital,1.0,0.156,0.823,0.02
32,"Apple offers discounts in China, ‘Nope’ records $44 million debut, Musk-Brin friendship allegedly over",0.511,0.091,0.909,0.0
33,"Bear market ‘still looks a bit wobbly’ amid economic weakness, strategist says",-0.422,0.0,0.915,0.085
34,"Fed decision, Big Tech earnings, economic data: What to watch this week in markets",0.971,0.091,0.898,0.012
35,Apple’s iPhone Gains May Stall Next Year. Analyst Expects a Great 2024.,0.477,0.177,0.823,0.0
36,"Google, Microsoft, Meta to report earnings this week",0.0,0.0,1.0,0.0
37,China's Latest Covid Lockdown Could Spell Trouble For Apple,0.957,0.117,0.831,0.052
38,10 Best Stocks For Inflation According to Redditors,1.0,0.149,0.818,0.033
39,Bitcoin Falls. Cryptos Could Be in for a Bumpy Week.,0.625,0.203,0.797,0.0
40,iPhone Discount? Apple Rare Move Means Nearly $100 For China Buyers With An Alibaba Connect,0.961,0.124,0.826,0.05
41,Tyler (TYL) to Report Q2 Earnings: What's in the Offing?,0.997,0.104,0.881,0.015
42,Everyone (Except Boomers) Thinks This Is The Best Stock To Own,0.772,0.251,0.749,0.0
43,Even Tech Giants Like Amazon and Meta Can’t Escape the Slowdown,0.994,0.088,0.856,0.056
44,2 Reasons to Buy Stock Splits (And 1 Reason Not To),0.0,0.0,1.0,0.0
45,Apple and the Federal Reserve: This Is a Crunch Week Unlike Any Other,-0.339,0.124,0.741,0.135
46,7 Seriously Undervalued Large-Cap Stocks to Buy Now,0.998,0.086,0.872,0.042
47,Bitcoin Prices Are Falling. Cryptos Could Be in for a Bumpy Week.,0.625,0.203,0.797,0.0
48,U.S. Stocks Wobble Ahead of Big Week of Economic Data and Earnings,-0.955,0.056,0.828,0.116
