﻿,Titles,Polarity,Positive,Neutral,Negative
0,How Does Tim Cook's Pay Compare To Amazon and Microsoft's CEOs?,0.477,0.16,0.776,0.064
1,Electric Vehicle Checkpoint: Was The Super Bowl Trying to Sell You an EV?,0.202,0.083,0.917,0.0
2,Apple Shareholders Urged to Oppose Cook’s Pay Package,0.995,0.142,0.819,0.038
3,"Charlie Munger warns of inflation, bolsters Apple and Chevron",0.989,0.086,0.864,0.05
4,10 Growth Stocks for 2022,0.999,0.112,0.873,0.015
5,UPDATE 1-ISS urges Apple shareholders to vote against CEO Cook's bonus,0.98,0.119,0.866,0.015
6,"Russian Troops Building at Ukraine Border, Potential Fed Rate Hike, Rattle Markets",-0.743,0.0,0.673,0.327
7,Google Will Make It Harder to Track Consumers. It’s a Blow to Facebook.,0.067,0.07,0.872,0.058
8,"Munger on U.S. tech giants: ‘I want big, strong American companies’",0.0,0.0,1.0,0.0
9,Apple shareholder ISS urges to vote against CEO Cook's bonus,0.98,0.128,0.856,0.016
10,Novavax Stock Is at Risk Despite Positive Poll Results,0.994,0.1,0.851,0.048
11,7 Best Stocks to Buy During an Interest-Rate Driven Market Crash,1.0,0.193,0.772,0.035
12,"Generac (GNRC) Q4 Earnings &amp; Revenues Top Estimates, Shares Up",0.998,0.131,0.85,0.019
13,Exclusive: Charlie Munger discusses inflation and crypto with Yahoo Finance,0.128,0.045,0.955,0.0
14,Exclusive: Charlie Munger: Apple is one of the strongest companies in the world,0.996,0.168,0.818,0.015
15,Intel CEO Is Tired of Wall Street Doubting His Comeback Plan,0.998,0.103,0.862,0.035
16,Paramount CFO on name change: 'An opportunity to combine out trade name with our consumer brand',0.25,0.077,0.923,0.0
17,7 Passive Income Stocks To Buy Despite Rising Interest Rates,1.0,0.189,0.785,0.026
18,How to Build a Stock Portfolio for Beginners,0.785,0.214,0.786,0.0
19,"Sabre (SABR) Q4 Loss Narrower Than Expected, Sales Up Y/Y",0.993,0.12,0.826,0.053
20,2 Warren Buffett Stocks to Buy and Hold Forever,-0.266,0.068,0.822,0.11
21,"Tesla Not Working on $25K EV a Potential Risk, Says Bernstein",-0.431,0.073,0.842,0.085
22,Google privacy measures to curb data tracking across apps: Report,0.0,0.0,1.0,0.0
23,"Wix (WIX) Q4 Loss Narrower Than Expected, Revenues Rise Y/Y",0.996,0.126,0.843,0.031
24,Meta’s stock plummeted because it lied about the ‘value of the company’: Frances Haugen,0.897,0.111,0.805,0.084
25,Intel’s CEO Is Tired of Wall Street Doubting His Turnaround Plan,0.997,0.096,0.869,0.035
26,"Google keeps Android ad tool into at least 2024, exploring other options",0.402,0.06,0.893,0.047
27,Google Will Bring Ad-Friendly Privacy Sandbox to Android,0.993,0.127,0.845,0.029
28,3 Stocks to Avoid This Week,-0.103,0.104,0.787,0.109
29,Is Alphabet the Best FAANG Stock for 2022?,0.71,0.33,0.67,0.0
30,Top 5 Nasdaq Composite Stocks Amid Index's YTD Bloodbath,0.999,0.153,0.836,0.011
