﻿,Titles,Polarity,Positive,Neutral,Negative
0,"How Big Tech is supporting Ukraine, from halting sales and ads in Russia to fighting misinformation",0.0,0.0,1.0,0.0
1,Airbnb CEO on future in Russia: ‘All things are on the table’,-0.715,0.05,0.893,0.057
2,"Dow Jones Futures: Stock Market Rallies On 'Nimble' Fed, 5 Chips Near Buys; SNOW Stock Crashes Late",0.285,0.125,0.875,0.0
3,A Deep Dive on PayPal,-0.681,0.099,0.71,0.191
4,Why Apple Stock Popped Today,0.527,0.029,0.971,0.0
5,"Electronic Arts Removes Russian Teams From FIFA, NHL Games",-0.077,0.043,0.913,0.044
6,"As Apple prepares for RTP buildout, it seeks more Triangle office space",0.0,0.0,1.0,0.0
7,Apple’s Russian withdrawal,-0.548,0.038,0.874,0.089
8,Why the stock market refuses to plunge on Russia-Ukraine crisis,0.962,0.078,0.872,0.05
9,Apple Sets March 8 Date For ‘Peek Performance’ Product Launch Event,0.0,0.0,1.0,0.0
10,3 Stocks to Buy to Get a Boost From Trump’s Truth Social,0.999,0.149,0.825,0.026
11,7 Top Mutual Funds to Buy to Keep Taxes Low,0.999,0.091,0.885,0.025
12,Ukraine Stance by U.S. Tech Firm Epam Sparks Internal Dissension,-0.987,0.075,0.826,0.099
13,Mercury (MRCY) Clinches $165-Million U.S Air Force Contract,0.999,0.158,0.824,0.018
14,"Hewlett Packard (HPE) Q1 Earnings Beat, Revenues Miss Estimates",0.999,0.171,0.798,0.031
15,"Apple to host spring event next week, low-cost 5G iPhone in focus",0.961,0.11,0.854,0.037
16,"UPDATE 2-Apple to host spring event next week, low-cost 5G iPhone in focus",0.961,0.107,0.857,0.036
17,7 Stocks That Analysts Love for Their 20%+ Upside Potential,1.0,0.171,0.796,0.032
18,Apple Confirms Plans for March 8 Event; 5G iPhone SE Expected,0.606,0.039,0.933,0.028
19,These 3 Stocks Are Timely Buys Amid the Market Sell-Off,0.614,0.17,0.736,0.095
20,Better Buy: Apple or All 30 Dow Jones Stocks?,0.83,0.169,0.81,0.021
21,S&amp;P 500 Rallies as Powell Downplays Aggressive Fed Action Ahead,0.944,0.074,0.894,0.032
22,"Warren Buffett’s ‘Four Giants’, Latest Investor Letter and Top 10 Stock Picks",0.999,0.094,0.877,0.029
23,U.S. Halts Russian Flights as War Rages; Fed Sees Rate Hike This Month,0.0,0.0,1.0,0.0
24,These 3 Dow Stocks Are Set to Soar in 2022's Second Half and Beyond,0.634,0.107,0.893,0.0
25,Millennial And Gen Z Stock Picks: Should You Buy Them Too?,0.287,0.097,0.903,0.0
26,3 Stocks That Might Be Slapped By the Google Privacy Changes,0.995,0.096,0.864,0.04
27,S&amp;P 500 in Rally Mode as Powell Signals Cautious Tread on Rate Hikes,0.921,0.066,0.907,0.027
28,"Salesforce (CRM) Gains 4% on Q4 Earnings Beat, Raised Guidance",0.998,0.106,0.88,0.014
29,Dow Jones Rallies As Powell Set To Raise Rates; Oil Prices Surge Above $112 A Barrel,0.0,0.0,1.0,0.0
30,Dow Jones Futures Rise As Powell Set To Raise Rates; Oil Prices Surge Above $112 A Barrel,0.34,0.13,0.87,0.0
31,3 Smartest Tech Stocks To Buy in 2022 and Beyond,0.691,0.083,0.917,0.0
32,Market Correction: 2 Top Stocks to Buy and Hold Forever,0.758,0.085,0.915,0.0
33,Facebook Researchers Find Its Apps Can Make Us Lonelier,0.532,0.119,0.768,0.113
34,Peloton's new CEO: I came out of retirement to make the company successful,0.998,0.134,0.825,0.041
35,"Piper Sandler Remains Optimistic About Broadcom, Thanks To Apple",0.494,0.095,0.826,0.079
36,87% of Warren Buffett's Portfolio Is in These 3 Sectors,0.905,0.195,0.777,0.029
37,Dow Jones Futures: Oil Prices Spike Amid Russia's Ukraine Invasion Fed Chief Powell On Tap,-0.572,0.0,0.837,0.163
38,"Dow Jones Futures Rise, Oil Prices Spike; Fed Chief Powell On Tap Amid Russia's Ukraine Invasion",-0.572,0.0,0.837,0.163
39,"WRAPUP 1-Apple, Ford, other big US brands join corporate wave shunning Russia",-0.986,0.044,0.86,0.096
40,"Apple, Ford, other big US brands join corporate wave shunning Russia",-0.98,0.054,0.856,0.09
41,"Apple, Nike and Hollywood Spurn Russia, Further Isolating Putin",-0.991,0.046,0.861,0.093
42,"WRAPUP-Apple, Ford other big American brands join corporate wave shunning Russia",-0.975,0.051,0.848,0.101
