﻿,Titles,Polarity,Positive,Neutral,Negative
0,Snap is already delivering on the future Meta is promising,0.0,0.0,1.0,0.0
1,"4 Top Stock Trades for Wednesday: AAPL, M, COUP, PD",0.993,0.134,0.792,0.073
2,The Metaverse Is Going to Be Bigger Than You Think,0.361,0.171,0.829,0.0
3,Why Apple Stock Climbed to a New All-Time High Today,0.813,0.113,0.887,0.0
4,"Dow Jones Futures: Stock Market Rally Revs Higher, Google, Microsoft Flash Buy Signals; What To Do Now",0.422,0.109,0.891,0.0
5,Apple's alleged restriction on workers' Slack use sparks labor complaint,0.95,0.122,0.808,0.069
6,Charter CEO details factors leading companies to delay return-to-office,0.982,0.061,0.912,0.028
7,Meta Reorganizes Research Department Amid Scrutiny Over Findings,0.945,0.074,0.878,0.049
8,Why Intel is unloading Mobileye,0.992,0.091,0.903,0.006
9,Twitter’s New CEO Agrawal Got Early Nod From Dorsey a Year Ago,0.998,0.098,0.86,0.043
10,Morgan Stanley Predicts Apple’s Stock Price Will Hit $200 Soon,0.862,0.061,0.903,0.036
11,2 Top Stocks to Buy Before 2021 Is Over,-0.612,0.021,0.913,0.066
12,"Cramer's Mad Money Recap 12/7: Apple, Starbucks",-0.557,0.09,0.77,0.14
13,"Crake Asset Management LLP Buys The Walt Disney Co, Marriott International Inc, Meta Platforms ...",0.999,0.115,0.881,0.004
14,"Dow Jones Retakes 50-Day Line As Apple, Intel Rally; Growth Stocks Lead Rebound",0.0,0.0,1.0,0.0
15,Should Investors Be Worried About Amazon After Its Lackluster Q3 Report?,-0.422,0.115,0.759,0.127
16,Better Buy for 2022: Crypto Crash or the Stock Market Sell-Off?,-0.46,0.084,0.792,0.124
17,UPDATE 1-Apple's Tim Cook signed $275 bln deal to placate China - The Information,0.976,0.123,0.865,0.011
18,This Top Stock Has Insane Pricing Power Despite Inflation,-0.44,0.0,0.949,0.051
19,S&amp;P 500 Eyes Record as Tech Fuels Biggest Rally Since March,0.992,0.121,0.84,0.039
20,"Market check: Tech, travel stocks get a boost in early trading",-0.422,0.0,0.891,0.109
21,6 Best Oil and Gas Stocks to Buy According to Billionaire Carl Icahn,0.999,0.132,0.852,0.016
22,S&amp;P 500 in Rally Mode as Bulls Pile Into Tech; Apple Hits Record,0.993,0.127,0.835,0.037
23,Apple’s key competitive advantage is ‘in its large and still growing user base’: Analyst,0.296,0.063,0.938,0.0
24,10 Biotech Stocks to Buy According to Billionaire Ken Fisher,0.999,0.104,0.871,0.025
25,Nasdaq’s Pullback Gives Investors Deja Vu for 2018,0.948,0.07,0.877,0.053
26,"Dow Jones Surges As Intel Jumps On Mobileye Plans; Apple, Tesla Set To Rally",0.0,0.0,1.0,0.0
27,Apple Could Be the ‘Catalyst’ for VR Adoption. Morgan Stanley Boosts Price Target.,0.681,0.237,0.763,0.0
28,10 Monthly Dividend Stocks to Buy in December,0.999,0.106,0.871,0.023
29,"Dow Jones Futures Surge As Intel Jumps On Mobileye Plans; Apple, Tesla Set To Rally",0.0,0.0,1.0,0.0
30,"Dow Jones Futures Rally As Intel Jumps On Mobileye Plans; Apple, Tesla Set To Rally",0.0,0.0,1.0,0.0
31,Here's Why Apple Could Still Be the World's Most Valuable Company in the Next 10 Years and Beyond,0.774,0.088,0.912,0.0
32,The UK’s breakup of Facebook and Giphy spells trouble for Big Tech,0.214,0.076,0.896,0.028
33,This Could Be the World's Most Valuable Company in a Decade,0.769,0.13,0.835,0.036
34,"These 5G Stocks Can Crush the Market in 2022, and They're Cheap Right Now",0.852,0.104,0.896,0.0
35,5 Red Flags for Wish's Future,0.296,0.149,0.765,0.087
36,Nokia Stock Looks Like a Good Bet to Outpace the Market in 2022,0.998,0.123,0.845,0.032
37,The Sandbox: Bull vs. Bear,0.649,0.112,0.888,0.0
38,Wall Street Opens Sharply Higher as Omicron Fears Recede; Dow up 400 Pts,0.95,0.075,0.883,0.042
39,Apple Gets Another Street-High Target on Virtual Reality Boost,0.946,0.107,0.846,0.048
40,Apple Stock Gains As Morgan Stanley's Katy Huberty Sees $3.2 Trillion Valuation in New Price Target,0.727,0.215,0.785,0.0
41,"Tech Stocks Roundup: Apple, Facebook vs. Sexting, Nude Photos",0.612,0.25,0.75,0.0
42,"Samsung Closes Up on Plan to Merge Mobile, Consumer Units",0.953,0.081,0.908,0.01
43,Why Did Pinterest Stock Fall 10% in November?,0.202,0.111,0.816,0.073
44,"Samsung to Replace Unit Heads, Combine Mobile and Consumer Arms",0.572,0.064,0.897,0.039
