﻿,Titles,Polarity,Positive,Neutral,Negative
0,The Chip Industry Has a Problem With Its Giant Carbon Footprint,0.998,0.089,0.881,0.031
1,"Dow Jones Futures: Nasdaq Races Toward Highs As Big Techs Lead Stock Market Rally; Apple, Shopify, Square, TSM Among 14 Stocks To Watch",0.382,0.091,0.909,0.0
2,Stocks Close Higher After S&amp;P 500 Hits New High; These Tech Stocks Trade In Buy Zones,0.0,0.0,1.0,0.0
3,"Biden's Tax Plan: What It Means For Amazon, Google, Facebook, Apple, Microsoft",0.178,0.082,0.918,0.0
4,3 FAANG Stock Laggards Look For A Return To Highs,0.972,0.085,0.885,0.03
5,"Dow Jones Up, Nasdaq Rallies As Powell Speaks; Square, Okta Lead Growth Stocks",0.0,0.0,1.0,0.0
6,Best Buy Introduces Membership Plan to Rival Amazon Prime and Walmart+,0.844,0.186,0.761,0.053
7,Apple Stock Gets Interest From Call Buyers With Move Above 50-Day Moving Average,0.625,0.175,0.825,0.0
8,"Dow Jones Rallies, Nasdaq Leads, As Powell Warns Of This Risk; Apple Makes Bullish Move",-0.213,0.06,0.848,0.092
9,S&amp;P Closes at Record as Powell Says Fed Has Tools to Curb Inflation,0.511,0.13,0.87,0.0
10,Dow Jones Slips On Jobless Claims; Nasdaq Rallies With Powell Speech Due; Apple Spikes Again,-0.691,0.0,0.801,0.199
11,Best budget phones as LG withdraws from the market,0.785,0.315,0.685,0.0
12,P&amp;G Is Looking for Ways Around Apple's New Privacy Rules,0.226,0.076,0.924,0.0
13,Buy This Hot Growth Stock Crushing the Market in 2021 Before It Jumps Higher,0.937,0.196,0.804,0.0
14,"Apple Mac, iPad Production Reportedly Slowed by Component Shortages",-0.318,0.0,0.905,0.095
15,"Dow Falls, Tech Stocks Rally As Yields Drop Ahead Of Powell Speech; Apple Jumps Despite Production Delays",0.202,0.076,0.924,0.0
16,Dow Jones Today Dips; Nasdaq Rallies Following Weak Jobless Data; Apple Aims For 6th Advance,0.0,0.0,1.0,0.0
17,Tech Leads Wall Street as Powell Says Fed Has Tools to Curb Inflation,0.0,0.0,1.0,0.0
18,Apple (AAPL) Delays Mac and iPad Production on Chip Shortage,0.99,0.106,0.843,0.051
19,Cashless Payments Proliferate: Tech Stocks to Keep an Eye On,0.999,0.12,0.859,0.021
20,"Dow Jones Today Dips, Nasdaq Futures Hold Gains As Jobless Claims Rise; Apple Climbs Despite Chip Shortage News",0.0,0.0,1.0,0.0
21,"FTC fires back at Facebook, calling it an illegal 'personal social networking' monopoly",-0.881,0.063,0.858,0.079
22,Apple Discloses Counterattack Plans Ahead Of Epic Games Trial: Report,0.713,0.093,0.838,0.069
23,"The Zacks Analyst Blog Highlights: Amazon, Apple, Google, Microsoft and NVIDIA",0.999,0.113,0.875,0.013
24,"Tech Leads Wall Street Higher, S&amp;P 500 Sets Record High",0.0,0.0,1.0,0.0
25,What Microsoft's New $22 Billion Government Contract Means for Its Stock,0.671,0.075,0.925,0.0
26,This Financial Advisor Thinks Bitcoin Could Be Headed for Mass Adoption,0.226,0.106,0.894,0.0
27,"Dow Jones Futures: Apple, Tech Titans Lead Stock Market Rally; Tesla At Key Levels",0.402,0.093,0.907,0.0
28,82% of Warren Buffett's Portfolio Is in These 3 Sectors,0.402,0.055,0.945,0.0
29,"S&amp;P 500 Sets Record High as Tech Leads, Dow Slips",0.0,0.0,1.0,0.0
30,"MacBook, iPad production delayed as supply crunch hits Apple - Nikkei",-0.908,0.01,0.895,0.095
31,"UPDATE 1-MacBook, iPad production delayed as supply crunch hits Apple - Nikkei",-0.908,0.01,0.9,0.09
32,"MacBook, iPad production delayed as supply crunch hits Apple - Nikkei",-0.908,0.01,0.895,0.095
33,Apple to argue it faces competition in video game market in Epic lawsuit,-0.961,0.008,0.926,0.066
34,Apple Reveals Line of Attack for App Store Trial Against Epic,-0.928,0.062,0.852,0.087
35,"Apple Postponing MacBook, iPad Production Amid Chip Shortage - Report",0.226,0.158,0.717,0.125
36,"Amazon, Twitter, Apple, S&amp;P 500 Record: 5 Things You Must Know Thursday",0.178,0.054,0.946,0.0
37,iPhone Users Will Now Be Able To Track Down Their Gadgets Not Made By Apple,0.969,0.098,0.881,0.021
