﻿,Titles,Polarity,Positive,Neutral,Negative
0,CES 2022: The must-see tech from this year's consumer electronics show,0.998,0.1,0.891,0.009
1,Apple stock is significantly ‘overpriced:’ Portfolio manager,0.998,0.145,0.852,0.003
2,AT&amp;T Stock Is Still Recovering From the 5G Airplane Kerfuffle,0.975,0.076,0.883,0.042
3,"""Motley Fool Money"" 2022 Investing Preview",0.178,0.114,0.811,0.076
4,"CD sales increased in 2021 for the first time in 17 years (think Adele, not savings accounts)",0.637,0.081,0.901,0.018
5,Facebook Parent Meta Dodges Rate Tantrum That’s Roiling Tech Stocks,0.947,0.098,0.848,0.054
6,"Apple: Strong Demand Bodes Well for 2022, Says Top Analyst",0.995,0.109,0.88,0.01
7,Apple’s Tim Cook Made $100 Million. He’s a Far Cry From Being the Wealthiest CEO.,0.34,0.107,0.893,0.0
8,Apple Has a $6 Billion Supply Chain Problem (That May Get Worse),0.875,0.216,0.784,0.0
9,TD SYNNEX (SNX) to Report Q4 Earnings: What's in Store?,0.999,0.144,0.839,0.017
10,"Trump Stocks Alert: What Is Going on with DWAC, PHUN, CFVI Stocks Today?",0.987,0.104,0.848,0.048
11,Conservative App Parler Rakes In $20 Million in New Funding,0.67,0.064,0.891,0.046
12,Your 2022 Guide To Smartwatches and Fitness Trackers,0.633,0.233,0.767,0.0
13,"Apple CEO paid nearly $100M, ‘Don’t Look Up’ popular on Netflix, Taco Bell debuts taco subscription",0.952,0.084,0.906,0.011
14,Stock awards launch Apple CEO Tim Cook's 2021 pay into the stratosphere,0.511,0.113,0.887,0.0
15,"Alphabet Stock Dropped Nearly 5% on Thursday, But There’s No Need to Panic",0.58,0.069,0.864,0.067
16,People need to spend ‘more time fixing the climate’ than ‘getting into the metaverse’: iPod inventor,0.365,0.054,0.904,0.042
17,"UPDATE 1-Apple's Tim Cook earned over 1,400 times the average worker in 2021",0.823,0.055,0.905,0.04
18,3 Top Tech Stocks to Buy in January,0.671,0.265,0.735,0.0
19,My Favorite Cathie Wood Stock for 2022,0.671,0.277,0.723,0.0
20,Apple’s Tim Cook Made Almost $100 Million. But He Did Deliver a $3 Trillion Valuation,0.34,0.098,0.902,0.0
21,The Nasdaq is quietly being shredded: new data,0.344,0.038,0.928,0.034
22,"Financials, Big Tech Stocks AMD, Apple, Nvidia Lead New Buys By The Best Mutual Funds",0.637,0.174,0.826,0.0
23,"Apple's Tim Cook paid over 1,400 times the average worker in 2021",0.869,0.057,0.909,0.034
24,"Dow Jones Futures: Jobs Report Looms; GME Stock Spikes On NFT, Crypto Plans",-0.153,0.0,0.922,0.078
25,"FOCUS-At CES, tech alliances firm up in the self-driving car wars",0.987,0.063,0.924,0.013
26,"Dow Jones Futures Rise After Market Rally Fizzles; GME Stock, Trump Stock DWAC Spike",0.0,0.0,1.0,0.0
27,"Alphabet Stock May Look Pricey, But Only By Former Standards",0.936,0.077,0.865,0.058
28,People need to spend ‘more time fixing the planet’ than ‘getting into the metaverse’: Tony Fadell,0.946,0.1,0.846,0.054
29,"GameStop, Cathie Wood, Jobs Friday - 5 Things You Must Know",0.625,0.225,0.775,0.0
30,2022 Faces to Watch: Chatham Economic Development Corp. President Michael Smith,0.0,0.0,1.0,0.0
