﻿,Titles,Polarity,Positive,Neutral,Negative
0,Apple (AAPL) Outpaces Stock Market Gains: What You Should Know,0.993,0.101,0.899,0.0
1,"Apple (NASDAQ:AAPL) jumps 6.2% this week, though earnings growth is still tracking behind five-year shareholder returns",0.999,0.191,0.786,0.023
2,"Dow Jones Futures: Stocks Jump On Russia-Ukraine Talks; Apple, Dutch Bros Break Out",-0.363,0.071,0.774,0.155
3,Apple stock is having its best ride of the iPhone era,0.7,0.279,0.721,0.0
4,Stocks end the day in the green as investors eye Russia-Ukraine negotiations,0.542,0.099,0.901,0.0
5,"Top Analyst Reports for Apple, P &amp; G, Chevron &amp; Others",0.999,0.176,0.761,0.063
6,Global Regulators Continue To Penalize Big Tech Over Antitrust Concerns,-0.792,0.079,0.818,0.103
7,The Oscars slap masked a more significant event for cinema,0.649,0.307,0.518,0.175
8,This Dirt-Cheap Tech Stock Is Crushing the Market After Earnings,0.852,0.2,0.741,0.059
9,Siri co-founder details ‘a huge revolution’ in workplace assistants like Otter.ai,0.0,0.0,1.0,0.0
10,2 Top-Growth Stocks That Are Cash Cows,0.477,0.145,0.855,0.0
11,Market check: Stocks charge higher at open,0.991,0.101,0.854,0.045
12,"Dow Jones Opens Higher As Russia, Ukraine Hold Cease-Fire Talks; Apple, Tesla Gain",-0.326,0.055,0.82,0.126
13,Disney (DIS) Set to Expand Disney+ Offering in New Regions,0.998,0.163,0.814,0.023
14,Here’s Why You Should Consider Investing in Apple Inc. (AAPL),0.98,0.08,0.917,0.003
15,"Justice Department backs Big Tech antitrust bill targeting Google, Amazon, Apple",0.989,0.073,0.913,0.015
16,Researchers Accuse Russia's Yandex Of Breach Of User Privacy,0.902,0.099,0.86,0.041
17,Apple Stock Is on Its Hottest Winning Streak Since 2003. What Happens Next.,0.34,0.088,0.912,0.0
18,"Here's How Analysts View Apple's Latest Products, Services",0.954,0.09,0.878,0.032
19,Time to Take Aggressive Apple Profits,-0.953,0.071,0.824,0.105
20,These Streaming Service Bundles Could Save You Money,0.382,0.155,0.773,0.072
21,1 Stock to Buy Hand Over Fist Before It Gets Too Late,0.902,0.131,0.857,0.012
22,"Have $1,000? These 2 Stocks Could Be Bargain Buys for 2022 And Beyond",0.751,0.168,0.754,0.078
23,7 Sold-Off Semiconductor Stocks to Buy Before the Global Chip Shortage Ends,1.0,0.143,0.808,0.049
24,"Dow Jones Futures Rally As Russia, Ukraine Hold Cease-Fire Talks; Apple, Tesla Eye Buy Points",0.0,0.0,1.0,0.0
25,Apple’s Best Run Since 2003 Brings $3 Trillion Back in Focus,0.989,0.158,0.781,0.062
26,"Apple Erases Losses for the Year, on Course for 11th Straight Rise",0.304,0.116,0.795,0.089
27,"Tesla, Amazon Stock Splits Trigger Retail Stampede",0.993,0.107,0.846,0.047
28,"Justice Department Supports Bill That Targets Amazon, Google, Apple: Report",0.296,0.174,0.736,0.089
29,"AMC Stock Springs Back to Life, but Buyer Beware",0.999,0.183,0.774,0.043
