﻿,Titles,Polarity,Positive,Neutral,Negative
0,Bitcoin-Futures ETF Had a Fine First Day. The Crypto  Isn’t Doing So Bad Either.,0.402,0.144,0.856,0.0
1,Bitcoin-Futures ETF Has a Fine First Day. The Crypto  Isn’t Doing So Bad Either.,0.402,0.144,0.856,0.0
2,"Dow Jones Futures: Apple Leads Market Rally, As Bitcoin, Tesla Near Highs; Netflix Subscriber Growth Tops Views",0.0,0.0,1.0,0.0
3,"Earnings Estimates For Tech Stocks Rise Ahead Of Reports, Netflix Beats",0.178,0.091,0.909,0.0
4,Dow Jones Gains As Apple Pops; Biden Makes Spending Move; Bitcoin ETF Jumps On Debut,0.0,0.0,1.0,0.0
5,"Spotify Goes On Hiring Spree In Europe, Australia, Canada",0.908,0.073,0.895,0.033
6,Microsoft’s former Xbox chief wasn’t sure if the first console would ‘see the light of day’,0.981,0.065,0.91,0.025
7,Google’s New Pixel and Android Beef Up iPhone Competition,0.975,0.087,0.874,0.04
8,Apple Reclaims Key Level,0.0,0.0,1.0,0.0
9,The First Bitcoin Futures ETF Has Begun Trading. Here’s How It’s Doing.,0.382,0.175,0.825,0.0
10,Goldman Sachs Stock Portfolio: Top 10 Stocks,0.999,0.091,0.888,0.021
11,Apple debuts new MacBook Pros with M1 Pro and M1 Max chips,0.0,0.0,1.0,0.0
12,"S&amp;P 500 Closes Higher as Bulls Load Up on Tech, Healthcare",0.986,0.12,0.835,0.045
13,Apple (AAPL) Is Early Phone Leader in Heated 5G Race,-0.226,0.0,0.917,0.083
14,Apple Dodges Widespread Parts Shortage With New Mac and AirPods Launches,0.178,0.096,0.837,0.067
15,Can Apple Become an Advertising Giant? Analyst Weighs In,0.998,0.157,0.829,0.014
16,Valley CEOs maintain big pay ratios over rank-and-file employees,0.0,0.0,1.0,0.0
17,Apple Augmented-Reality Glasses Could Show Up This Time Next Year,0.296,0.084,0.916,0.0
18,Target Plans More Apple Shop-in-Shop Popups for Holiday Season,0.691,0.12,0.88,0.0
19,"S&amp;P 500 Advances as Tech, Health Care Climb; Bitcoin Nears Record",0.984,0.121,0.828,0.051
20,"If You'd Invested $1,000 in Microsoft in 2014, This Is How Much You Would Have Today",0.84,0.127,0.873,0.0
21,Target to Add More Apple Shop-in-Shop Locations,0.966,0.101,0.885,0.015
22,Dow Jones Rallies As Bitcoin ETF Debuts; 4 Tech Stocks To Buy And Watch,0.0,0.0,1.0,0.0
23,Target Is More Than Doubling Apple Shops Within Its Stores in Time for the Holidays,0.0,0.0,1.0,0.0
24,"GlobalFoundries, Mubadala Seek to Raise $2.6 Billion in IPO",0.944,0.093,0.846,0.061
25,A Smartphone Maker Not Named Apple Is Getting Into EVs. It’s Going to Be Rough.,0.0,0.0,1.0,0.0
26,Dow Jones Futures Rally As Bitcoin ETF Debuts; 4 Tech Stocks To Buy And Watch,0.0,0.0,1.0,0.0
27,Target doubling the number of Apple shops in its stores,0.44,0.044,0.956,0.0
28,Dow Jones Futures Rally On Strong Earnings Results; 3 Tech Titans In New Buy Zones,0.0,0.0,1.0,0.0
29,Garmin Earnings: What to Watch,0.556,0.088,0.896,0.017
30,Dow Jones Futures Rally 150 Points; 3 Tech Titans In New Buy Zones,0.0,0.0,1.0,0.0
31,"Zacks Industry Outlook Highlights: HP, Apple and 3D Systems",0.999,0.132,0.849,0.019
32,What to Watch as the First Bitcoin Futures ETF Begins Trading,0.178,0.05,0.95,0.0
33,Apple Trades Higher as it Unveils High-End MacBooks Using Own Chips,0.76,0.058,0.92,0.022
34,Apple’s $19 Screen-Cleaning Cloth Sets High Bar for Brand Extras,-0.89,0.048,0.877,0.076
35,Alibaba Unveils One of China’s Most Advanced Chips,0.984,0.103,0.852,0.045
36,Dow Jones Futures Fall As Stock Market Rally Strengthens: First Bitcoin ETF To Debut; Tesla Nears Record High,0.0,0.0,1.0,0.0
37,"Dow Jones Futures Rise, As Stock Market Rally Strengthens: First Bitcoin ETF To Debut; Tesla Nears Record High",0.0,0.0,1.0,0.0
