﻿,Titles,Polarity,Positive,Neutral,Negative
0,Cathie Wood dumps another $100-plus million in Tesla — here are the 'bargain' stocks she likes now,0.995,0.111,0.86,0.029
1,"Dow Jones Futures: Stock Market Rally Fizzles Again Despite Google, Microsoft, Tesla; Ford Leads 6 Earnings Movers",-0.298,0.0,0.833,0.167
2,"Here are the companies that Apple’s ad changes are hurting, and the ones that can withstand the pain",-0.077,0.144,0.698,0.158
3,"Cramer's Mad Money Recap 10/27: Google, Microsoft, Apple, Tesla",0.852,0.288,0.712,0.0
4,Microsoft’s New Normal Will Need to Stick,0.681,0.286,0.714,0.0
5,Here's how Microsoft may spend $130 billion in cash,0.992,0.131,0.858,0.011
6,Amazon Earnings Are Coming Thursday. Here’s What to Expect.,0.103,0.088,0.841,0.071
7,Can Continued Services Momentum Aid Apple's (AAPL) Q4 Earnings?,0.998,0.115,0.868,0.016
8,Google stock: One impressive earnings stat explains red-hot price,0.968,0.083,0.914,0.004
9,"S&amp;P 500 Stumbles as Cyclicals Slip, Tech Loses Steam",0.963,0.086,0.872,0.042
10,Apple Reports Earnings Thursday. Here’s What to Expect.,0.0,0.0,1.0,0.0
11,Twitter Drops the Most Since April on Sales Outlook,-0.212,0.05,0.886,0.064
12,Microsoft Comes Close to Surpassing Apple as World’s Most Valuable Company,0.026,0.087,0.788,0.124
13,A Deep Dive into the Apple (AAPL) and Amazon (AMZN) Earnings Charts,0.983,0.184,0.774,0.042
14,"Twitter's (TWTR) Q3 Earnings Miss Estimates, Ad Revenues Rise",0.999,0.127,0.849,0.025
15,Nasdaq Hits Record Highs as Tech Reigns Supreme on Falling Bond Yields,0.889,0.083,0.864,0.053
16,Apple Earnings: What to Look for from AAPL,-0.296,0.094,0.774,0.132
17,Amazon seen triumphing over Apple privacy changes in digital ad business,0.991,0.112,0.882,0.006
18,Alphabet Crushed Earnings. The Stock Is Dropping Anyway.,0.0,0.0,1.0,0.0
19,Is a Surprise Coming for Apple (AAPL) This Earnings Season?,0.997,0.19,0.81,0.0
20,"Apple Charges Forward to 2030 Carbon Neutral Goal, Adding 9 Gigawatts of Clean Power and Doubling Supplier Commitments",0.999,0.14,0.85,0.01
21,"Apple adds suppliers to clean-energy pledge, including more chip firms",0.99,0.137,0.857,0.005
22,Twitter Drops 8% As Profitability Concerns And Uncertainty Linger,0.974,0.114,0.824,0.062
23,Why Is Everyone Talking About Bumble Stock?,0.34,0.037,0.963,0.0
24,"The Zacks Analyst Blog Highlights: Apple, Snap, Pinterest, Facebook and PayPal",0.999,0.142,0.826,0.033
25,Alphabet’s Earnings Crushed Estimates. The Stock Is Dropping Anyway.,0.0,0.0,1.0,0.0
26,"Olin, DMC Global, Apple, Netflix and Amazon highlighted as Zacks Bull and Bear of the Day",1.0,0.141,0.841,0.018
27,Microsoft Closes on Apple in Race for World’s Most Valuable Listed Firm,0.959,0.113,0.842,0.045
28,"A Peek Into The Markets: US Stock Futures Edge Lower Ahead Of GM, Coca-Cola Earnings",-0.838,0.027,0.933,0.04
29,Perion Network (PERI) Q3 2021 Earnings Call Transcript,0.0,0.0,1.0,0.0
30,"Apple’s ‘ad-mageddon’ is affecting Snap, Facebook, Google and Twitter differently",-0.296,0.0,0.936,0.064
