﻿,Titles,Polarity,Positive,Neutral,Negative
0,Apple Sees Strength Following Strong Earnings,0.625,0.109,0.891,0.0
1,UPDATE 1-Poshmark warns of marketing hit from Apple's ad tracking changes,0.225,0.054,0.897,0.049
2,Poshmark warns of marketing hit from Apple's ad tracking changes,-0.079,0.049,0.901,0.05
3,Poshmark says Apple ad tracking changes hit marketing,0.659,0.056,0.908,0.036
4,Apple to make video upgrades key focus of next iPhone launch: report,0.0,0.0,1.0,0.0
5,Apple Suppliers That Could Benefit New iPhone Models,0.572,0.198,0.802,0.0
6,How the Video Game Industry Is Changing,0.586,0.12,0.84,0.04
7,10 Best Dividend Stocks to Buy in August According to Hedge Funds,0.999,0.087,0.896,0.017
8,"S&amp;P 500, Dow Close at Records as Bulls Cheer Progress on Infrastructure Bill",0.993,0.152,0.795,0.053
9,Xiaomi Builds Front-Facing Camera Under Its New Phone’s Display,0.978,0.076,0.917,0.007
10,Chip Delivery Time Surpasses 20 Weeks in No Sign Shortage Easing,0.63,0.042,0.923,0.035
11,Apple Reportedly Plans Camera Updates for September iPhone Launch,0.077,0.032,0.941,0.028
12,"Apple Readies New iPhones With Pro-Focused Camera, Video Updates",0.994,0.087,0.909,0.003
13,12 Best Artificial Intelligence Stocks To Invest In Right Now,1.0,0.141,0.83,0.029
14,The EV Era Is Coming Sooner Than Expected,0.998,0.136,0.841,0.023
15,"S&amp;P 500, Dow in Record Run as Infrastructure Bill Clears Senate",0.996,0.176,0.773,0.051
16,"Google Limits Ad Targeting for Teens, Increases YouTube Privacy",0.951,0.084,0.891,0.025
17,Is Magnite Stock a Buy?,0.273,0.038,0.962,0.0
18,New Apple iPhones Are Said to Feature Multiple Camera Upgrades,0.0,0.0,1.0,0.0
19,Bull of the Day: Apple (AAPL),0.999,0.126,0.845,0.029
