﻿,Titles,Polarity,Positive,Neutral,Negative
0,"Tim Cook didn’t have ‘one more thing,’ so Apple offered consumers a break, for once",0.422,0.104,0.896,0.0
1,Apple Watch Ultra and Apple Watch Series 8 hands-on: Smarter watches,0.998,0.116,0.867,0.017
2,"Apple AirPods Pro Second-Generation: Same Look, Smart Improvements",0.681,0.286,0.714,0.0
3,Apple iPhone 14 and iPhone 14 Pro hands-on: New cameras and safety first,0.996,0.107,0.859,0.034
4,"iPhone 14, Plus, Pro, Pro Max: Everything You Need to Know",0.0,0.0,1.0,0.0
5,Apple's iPhone 14: Why some people shouldn't bother to upgrade now,0.999,0.161,0.809,0.03
6,Why Apple Keeps Going Pro,0.0,0.0,1.0,0.0
7,"Apple Watch Ultra, Series 8 and SE: A Guide to Apple’s New Smartwatch Lineup",-0.077,0.104,0.779,0.117
8,"How the iPhone 14, 14 Plus and 14 Pro Compare to Apple’s iPhone 13 Lineup",0.502,0.129,0.871,0.0
9,"Apple to upgrade Elk Grove campus with dining, new look",0.318,0.06,0.94,0.0
10,"Dow Jones Futures: Market Rebounds, Now What? Apple Unveils 'Far Out' iPhone; 5 Hot Solar Plays",0.361,0.111,0.889,0.0
11,"At Its Core, Apple Event Plants Seeds for Loyalty",0.0,0.0,1.0,0.0
12,Apple: iPhone event is style over substance but sales will increase regardless,0.0,0.0,1.0,0.0
13,Apple shows off health and safety features in new devices,0.66,0.197,0.803,0.0
14,Dow Jones Gains 435 Points; Apple Unveils New Products; This IBD 50 Stock Tops Buy Point,0.557,0.11,0.855,0.035
15,Samsung flips off the iPhone 14: ‘Let us know when it folds’,0.0,0.0,1.0,0.0
16,"Apple keeps iPhone prices the same, offers free satellite connection for 2 years",0.511,0.121,0.879,0.0
17,"Apple’s iPhone 14 Offers Camera Upgrades, Satellite Feature",0.996,0.09,0.891,0.019
18,Apple Unveils iPhone 14 With Emergency Satellite Communications,0.0,0.0,1.0,0.0
19,Apple’s satellite plans just sent this stock on a wild ride,0.318,0.051,0.921,0.027
20,"Why Globalstar Stock Crashed, Then Soared, Today",0.772,0.087,0.898,0.015
21,Dow Jones Gains 450 Points; Apple's New iPhone Offers Satellite Connectivity,0.527,0.057,0.943,0.0
22,Apple picks Globalstar for emergency satellite service on iPhone 14,0.927,0.072,0.899,0.029
23,UPDATE 1-Apple picks Globalstar for satellite service on iPhone 14 series,0.908,0.106,0.861,0.032
24,7 Stocks to Buy on the Dip — or You’ll Be Kicking Yourself Later!,0.999,0.109,0.834,0.057
25,"Tech job postings surge in NC with Google, Apple competing for workers",0.25,0.099,0.84,0.061
26,"New Apple iPhone 14 Is Out, With New Emergency SOS Via Satellite. And No More Sim Trays",0.988,0.108,0.88,0.013
27,Indexes Keep Rising While Oil Sinks; Apple Unveils New Products At 'Far Out' Event,0.0,0.0,1.0,0.0
28,Spotify chief urges EU to ‘accelerate’ antitrust case against Apple,-0.318,0.106,0.694,0.2
29,"US STOCKS-Wall Street rebounds as yields slip, focus on Fed path",-0.004,0.051,0.898,0.051
30,Stock Market Today: Dow Racks Up Gains as Tech Shines on Cooling Yields,0.893,0.087,0.851,0.062
31,"Apple's stock reverses lower, on cue, ahead of iPhone event",0.802,0.087,0.913,0.0
32,‘Worst Kept Secret’ Apple Event Still Gets Attention: Tech Watch,0.728,0.075,0.858,0.066
33,Apple to reveal entry-level SE watch,0.0,0.0,1.0,0.0
34,North American smartphone shipments down 6% in Q2,0.0,0.0,1.0,0.0
35,Apple iPhone 14 On Deck At 'Far Out' Product Launch Event,0.0,0.0,1.0,0.0
36,“Super Bubble” is Yet to Burst: Jeremy Grantham’s Warning and His 10 Favorite Stocks,1.0,0.148,0.832,0.019
37,"Apple event: Expect new iPhones, Watches, and potentially AirPods Pro",0.997,0.102,0.896,0.002
38,Trading Apple's iPhone Event: Here Are the Must-Know Levels,0.0,0.0,1.0,0.0
39,US STOCKS-Wall St steadies as growth stocks climb,0.771,0.07,0.872,0.057
40,Apple Stock Edges Lower Ahead Of 'Far Out' iPhone 14 Launch Event,0.572,0.183,0.817,0.0
41,"Pre-Markets Mixed, Trade Balance Shrinks, iPhone 14 Coming",0.984,0.081,0.894,0.025
42,"Anker's Nano 3 Charger is Colorful, Compact and Fast Charges an iPhone",-0.077,0.062,0.872,0.066
43,Apple Digital Ads Gain on Facebook and Google,0.422,0.113,0.887,0.0
44,Dow Jones Reverses As Apple iPhone 14 Set To Debut; Tesla Rival Nio Skids On Earnings,0.0,0.0,1.0,0.0
45,Apple’s iPhone 14 event could herald new satellite era for smartphones,0.452,0.085,0.915,0.0
46,"Apple set to unveil iPhone 14, iOS 16 at annual event",0.958,0.058,0.932,0.01
