﻿,Titles,Polarity,Positive,Neutral,Negative
0,Here's how Silicon Valley's companies are responding to the Supreme Court decision on Roe,0.44,0.204,0.692,0.104
1,Why Apple and Alphabet Stocks Popped on Friday,0.805,0.371,0.629,0.0
2,"NFL Courts Apple, Amazon to Give New Life to ‘Sunday Ticket’ Football",-0.494,0.0,0.842,0.158
3,Apple will not challenge Maryland store unionization vote,-0.101,0.053,0.907,0.04
4,UPDATE 1-Apple will not challenge Maryland store unionization vote,-0.101,0.051,0.91,0.038
5,Supreme Court’s abortion ruling has a ‘huge impact on businesses': Expert,0.995,0.1,0.886,0.014
6,"Markets close week with gains, tech stocks rally to the upside",0.0,0.0,1.0,0.0
7,"Apple will not challenge Maryland store unionization vote, plans to bargain",0.896,0.142,0.846,0.012
8,How tech giants will help workers obtain 'critical health care' post-Roe,0.983,0.097,0.874,0.029
9,Abortion: How corporate America is responding to the Supreme Court ruling,0.0,0.0,1.0,0.0
10,Supreme Court overturns Roe v. Wade. Individual states will now decide whether to ban abortion. Will this play a role in where Americans choose to live?,0.422,0.128,0.872,0.0
11,Apple Likely Planning January Reveal For Mixed-Reality Headset,0.477,0.154,0.846,0.0
12,"Lawmakers Want FTC to Investigate Apple, Google Over Mobile Tracking",0.0,0.0,1.0,0.0
13,"Disney, Amazon, Netflix among companies offering travel benefits to obtain abortions",0.818,0.309,0.691,0.0
14,How the Supreme Court Roe v. Wade decision impacts women in the workforce,0.991,0.106,0.88,0.015
15,"Supreme Court’s abortion ruling has a ‘huge impact on businesses,’ expert says",0.557,0.122,0.878,0.0
16,Missouri becomes 1st state to end abortion access after Supreme Court ruling,0.557,0.141,0.859,0.0
17,"What’s Wrong, Warren? Berkshire Hathaway Stock Has Been Hit Hard in June.",0.542,0.149,0.796,0.056
18,"S&amp;P 500 on track to snap 3-week losing streak, bitcoin price pops",0.0,0.0,1.0,0.0
19,Is it Still Wise to Invest in Apple Inc. (AAPL)?,0.99,0.099,0.896,0.005
20,"Better Buy: Amazon or All 19,941 Cryptocurrencies?",0.727,0.089,0.911,0.0
21,Europe Steps Up Big Tech Crackdown With Digital Markets Act,0.477,0.124,0.876,0.0
22,3 Cathie Wood Stocks to Buy and Hold for the Long Haul,0.843,0.139,0.827,0.034
23,Stock market news live updates: Futures rise as indexes head for weekly gains,0.789,0.096,0.827,0.078
24,Should You Buy Apple Stock Right Now?,-0.619,0.089,0.751,0.16
25,Abortion Decision’s Ripple Effect Reaches Online Privacy Debate,-0.077,0.029,0.938,0.033
26,Sunnyvale blockchain startup Harmony said $100M was stolen from its service,0.402,0.144,0.856,0.0
