﻿,Titles,Polarity,Positive,Neutral,Negative
0,"S&amp;P 500 closes in bear market territory, bond markets move higher",0.0,0.0,1.0,0.0
1,Why Apple Could Still Go Lower,-0.974,0.045,0.88,0.075
2,"Tech stocks hit lows after pandemic peak, Amazon and Apple among biggest laggards",0.0,0.0,1.0,0.0
3,"John Oliver Calls For The Break Up Of Amazon, Apple, Google, and Facebook",-0.077,0.066,0.857,0.077
4,One Easy Way to Save Money When Buying Electronics,0.494,0.151,0.849,0.0
5,"Energy and retail stocks lead markets down, Treasury yields move higher",0.0,0.0,1.0,0.0
6,Big Tech’s Floor Collapses on Renewed Fears of Bigger Rate Hikes,-0.873,0.08,0.816,0.104
7,"JPMorgan Sees Big Jump In Apple Gaming, Music Revenue",0.989,0.156,0.832,0.012
8,"Why Amazon, Apple, and Meta Platforms Are Falling Today",-0.226,0.111,0.761,0.128
9,"Qualcomm Stock Has Upside Thanks to Apple and Samsung, Analyst Says",0.357,0.087,0.913,0.0
10,Apple Keeps Growing in Music and Games. But They Barely Move the Sales Needle.,0.026,0.046,0.954,0.0
11,Meta Platforms (META) Halts Dual-Camera Smartwatch Development,0.988,0.102,0.847,0.05
12,"Amazon, Apple lead tech stocks to the downside",0.0,0.0,1.0,0.0
13,10 Blue Chip Stocks to Buy According to Billionaire Ken Fisher,1.0,0.13,0.855,0.015
14,Apple Is Starting to Walk and Talk Like a Bank. Could It Ever Become One?,0.74,0.113,0.84,0.048
15,Netflix (NFLX) Announces Season 2 of Global Hit Squid Game,0.994,0.132,0.82,0.048
16,Rune Labs gets FDA clearance to use Apple Watch to track Parkinson's symptoms,0.934,0.061,0.917,0.022
17,Mario Gabelli’s 2022 Portfolio: 10 Tech Stock Picks,0.999,0.087,0.888,0.025
18,10 Favorite Defensive Stocks of Hedge Funds,0.999,0.115,0.865,0.02
19,China’s Chipmaking Power Grows Despite US Effort to Counter It,0.823,0.065,0.876,0.059
20,"Apple, Microsoft, Amazon, and Other Tech Stocks Tumble",0.0,0.0,1.0,0.0
21,3 Red Flags for Affirm Holdings' Future,0.382,0.134,0.804,0.063
22,"Stock market news lives updates: Stock futures slide as inflation, rate hike jitters mount",0.337,0.045,0.912,0.043
23,The S&amp;P 500 Is About to Enter a Bear Market. Tesla and Apple Are Leading It Lower.,0.0,0.0,1.0,0.0
24,"7 Stocks to Buy Before the S&amp;P 500 Hits 5,000",1.0,0.156,0.784,0.059
25,4 Reasons to Keep Investing Through This Stock Market Dip,0.7,0.163,0.787,0.049
26,‘Squid Game’ Stock Jumps After Netflix Announces Second Season,0.612,0.09,0.829,0.081
