﻿,Titles,Polarity,Positive,Neutral,Negative
0,REFILE-FOCUS-Qualcomm's new CEO eyes dominance in the laptop markets,0.996,0.099,0.869,0.032
1,FOCUS-Qualcomm's new CEO eyes dominance in the laptop markets,0.995,0.094,0.875,0.031
2,TikTok And YouTube Effect On Instagram Pushes It Towards Video: FT,0.985,0.107,0.874,0.02
3,Does Cricut Deserve a Spot on Your Stock Watch List?,0.382,0.14,0.86,0.0
4,Spain looks into antitrust practices by Apple and Amazon,0.772,0.059,0.941,0.0
5,Apple to Test Hybrid Work From Store and Home for Retail Staff,0.94,0.052,0.944,0.004
6,"Apple, Amazon Seen Breaking Out as S&amp;P 500 Hits Records",0.511,0.185,0.815,0.0
7,India selects four global firms to boost IT products manufacturing,0.935,0.077,0.914,0.009
8,"Lawmakers Are Piling On Big Tech In Ways Like Never Before, Affecting Amazon, Apple, Facebook And Google",0.494,0.208,0.792,0.0
9,Lawmakers Are Piling On Big Tech In Ways Like Never Before,0.494,0.208,0.792,0.0
10,10 Best Stocks to Buy According to DiDi (NYSE: DIDI)’s Early Investor Billionaire Zhang Lei,1.0,0.104,0.884,0.012
11,"Dow Jones Futures Rise In Market Rally As Oil Hits $75: Nio, Xpeng Sales Jump With Tesla Deliveries Due",0.103,0.139,0.761,0.101
12,"Apple Ends Previous Free Apple TV Plus Promotions, New Device Buyers Will Get Three Months Gratis",0.998,0.104,0.875,0.021
13,"Dow Jones Futures Rise, Techs Fall In Market Rally As Oil Hits $75: Nio, Xpeng Sales Jump With Tesla Deliveries Due",0.103,0.139,0.761,0.101
14,"Dow Jones Futures Rise: Nio, Xpeng Sales Jump As Tesla Deliveries Loom; Apple Tests Buy Point In Market Rally, Micron Earnings Jump",0.103,0.139,0.761,0.101
