﻿,Titles,Polarity,Positive,Neutral,Negative
0,"Dow Jones rises above markets losses, tech stocks lag in Thursday's session",0.0,0.0,1.0,0.0
1,Enovix Stock Rockets As Next-Generation Battery Maker Hits Big Milestones,0.296,0.136,0.864,0.0
2,Apple Expects to Sustain iPhone Sales in 2022 as Market Slows,0.961,0.077,0.868,0.054
3,"Disney earnings: 'Path to profitability' thanks to ads but likely won't hit 2024 target, says analyst",0.986,0.072,0.905,0.023
4,"Stocks mixed following Wednesday's rally, tech leaders dip",0.361,0.102,0.898,0.0
5,7 Reddit Stocks to Buy on the Dip,1.0,0.163,0.806,0.032
6,Apple Rules the S&amp;P 500 With Highest Weighting for Any Company Since 1980,0.361,0.106,0.894,0.0
7,Stock Market Today: Dow Flat as Rebound in U.S. Yields Drags Down Tech,0.939,0.095,0.847,0.058
8,Growing office sublease spaces could alter new construction plans,-0.128,0.0,0.93,0.07
9,"NFL should ‘be careful’ about streaming deals with Apple, Amazon: Analyst",0.998,0.102,0.855,0.043
10,Is AppLovin Stock a Buy Now?,0.861,0.15,0.85,0.0
11,3 Reasons to Buy Apple Stock Now,-0.013,0.0,0.981,0.019
12,Apple App Store sees no growth in July for first time ever,-0.83,0.04,0.847,0.113
13,Apple stock up significantly from June lows,0.0,0.0,1.0,0.0
14,10 Best Tech Stocks to Buy Now According to Lee Munder’s Hedge Fund,0.998,0.086,0.891,0.022
15,US Department Of Justice Braces To Prosecute Google By September: Report,0.97,0.105,0.881,0.014
16,Samsung Unveils Premium Foldable Smartphones,0.953,0.084,0.9,0.016
17,2 Best Buffett Stocks to Buy for the Long Haul,0.772,0.117,0.863,0.02
18,Rivian Leads EV Slump After Investors Shun Money Losers,0.983,0.095,0.844,0.062
19,This Dividend-Paying Tech Stock Is a Screaming Buy Right Now,0.417,0.239,0.761,0.0
