﻿,Titles,Polarity,Positive,Neutral,Negative
0,"Affirm Stock Climbs on Buy Now, Pay Later Program With Apple",-0.103,0.0,0.94,0.06
1,"UPDATE 2-Apple, Affirm to launch buy-now-pay-later program for Canadian purchases - Bloomberg News",0.836,0.057,0.903,0.041
2,"US STOCKS-S&amp;P 500 closes at record high as Apple, healthcare stocks help shrug off Delta worries",0.99,0.089,0.886,0.024
3,"Apple, Affirm to Join on Buy Now, Pay Later for Canadian Purchases",0.982,0.067,0.904,0.029
4,10 Best Penny Stocks Popular on Reddit,1.0,0.157,0.824,0.019
5,"Apple, Affirm to launch buy-now-pay-later program for Canadian purchases - Bloomberg News",0.836,0.058,0.901,0.042
6,Why AMD Stock Is Up More Than 4% Today,0.807,0.192,0.808,0.0
7,"US STOCKS-S&amp;P closes at record high as Apple, healthcare stocks help shrug off Delta worries",0.984,0.076,0.913,0.011
8,Klarna CEO: Square's acquisition of Afterpay highlights 'land grab' for market share,0.96,0.082,0.872,0.047
9,"Square Answers Apple With Its Own Move Into Buy Now, Pay Later; Deutsche Bank Cheers",0.997,0.141,0.818,0.041
10,Microsoft to Require Vaccinations to Enter U.S. Offices,0.775,0.036,0.956,0.008
11,"US STOCKS-Apple, healthcare stocks lift S&amp;P 500 amid Delta variant worries",0.933,0.071,0.885,0.044
12,"S&amp;P 500 Rides Energy, Health Care to Close at Record",0.969,0.094,0.869,0.037
13,Apple’s Advertising Business Is Bigger Than You Think. It Could Get Bigger Still.,0.382,0.088,0.912,0.0
14,Alphabet wants to make its own smartphone chips — what in the world is the company thinking?,0.079,0.047,0.909,0.044
15,3 Tech Giants That Should Consider Paying Dividends,0.871,0.16,0.84,0.0
16,Why is ‘metaverse’ the hottest tech buzzword? Apple has something to do with it,0.681,0.131,0.869,0.0
17,Microsoft (MSFT) Windows 365 Pricing Sees Tepid Reaction,0.445,0.133,0.867,0.0
18,"S&amp;P 500 Climbs as Energy, Industrials Shine",0.958,0.087,0.88,0.033
19,Forget Robinhood -- This Hot IPO Stock Is a Better Buy,0.0,0.0,1.0,0.0
20,Qualcomm Said It's Making Progress on Chip Supplies -- Is That Good News for Apple?,0.414,0.14,0.798,0.062
