﻿,Titles,Polarity,Positive,Neutral,Negative
0,"Magnite, Inc. -- Moody's assigns first-time B2 CFR to Magnite upon acquisition of SpotX; outlook stable",0.999,0.099,0.855,0.046
1,How Does Tim Cook's Management Style Differ from Steve Jobs? (AAPL),-0.153,0.11,0.758,0.133
2,The QQQ Rallied Today. Here's Why.,0.951,0.068,0.925,0.006
3,"Oracle to Sell $15 Billion of Debt, Drawing Two Rating Cuts",0.889,0.083,0.875,0.042
4,Apple’s Longtime App Store Developer Relations Chief Retires,0.945,0.078,0.922,0.0
5,"Apple, Tesla Trigger Wall Street Dreams of $3 Trillion Valuation",0.998,0.14,0.848,0.011
6,"Investors are getting worried about a stock market bubble, but Goldman says relax",0.996,0.125,0.834,0.041
7,"There's No Stopping Apple's iPhone ""Supercycle,"" Says Analyst",-0.25,0.0,0.963,0.038
8,"Dow Jones Up; Tesla Stock Gains As Elon Musk Eases These Fears; Disney, Apple Lead Blue Chips",-0.202,0.0,0.909,0.091
9,Here’s Why Artisan Value Fund Sold Apple Inc. (AAPL),0.999,0.153,0.831,0.015
10,"Apple iPhone 12 Sales Will Stay Strong, Analyst Says",0.0,0.0,1.0,0.0
11,$1.6 Trillion Gone: Nasdaq Stock Implosion Gets Ugly,0.273,0.132,0.805,0.063
12,Facebook Could Emerge Stronger After Apple's iOS Privacy Change,-0.026,0.051,0.896,0.053
13,6 Stocks to Play the Value Revival,0.999,0.199,0.768,0.033
14,Will Apple's iPhone 13 Launch In September? This Analyst Thinks So,0.96,0.073,0.915,0.012
15,ROCE Insights For Apple,0.99,0.153,0.824,0.024
16,Better Buy: Baidu vs. Alphabet,0.735,0.11,0.89,0.0
17,5 Stocks to Pick as Millennials Drive Investment Trends,0.998,0.107,0.874,0.019
18,Meet the Key Players From the Red-Hot Self-Driving Space,0.998,0.102,0.889,0.009
19,"7 things NOT to buy with your $1,400 stimulus check",-0.823,0.0,0.751,0.249
20,"Google, Facebook undertake appeasement campaigns before Thursday CEO showdown in House",-0.318,0.0,0.937,0.063
21,"Dow Jones Futures Fall But Tech Stocks Rally On Treasury Yields; ARK Sets $3,000 Tesla Price Target",-0.649,0.0,0.858,0.142
22,Apple’s HomePod Mini Has a Secret Sensor Waiting to Be Switched On,0.968,0.053,0.922,0.025
23,Apple Fined $2M In Brazil For Shipping iPhone 12 Without Charger,-0.898,0.037,0.896,0.067
24,UPDATE 1-Taiwan February export orders surge as work-from-home trend drives tech demand,0.988,0.121,0.845,0.035
25,"Apple Discontinues The 512GB, 1TB SSD iMACs Following Similar Fate Faced By The iMAC Pro",0.638,0.032,0.947,0.021
26,Apple Car Would Be Welcomed by This Parts Maker Pivoting to EVs,0.986,0.096,0.869,0.036
27,Apple CEO Tim Cook To Testify Alongside Epic's Sweeney In 'Fortnite' Trial,0.725,0.057,0.904,0.039
