﻿,Titles,Polarity,Positive,Neutral,Negative
0,The Epic Battle Over Apple's App Store,-0.459,0.0,0.864,0.136
1,Apple v. Epic: Time is running out for Epic to make its antitrust case,0.128,0.033,0.967,0.0
2,3 Tech Stocks to Buy Now After Disappointing Jobs Data,1.0,0.132,0.85,0.017
3,"Apple v. Epic: As Epic presents legal case, experts say it is part of a longer-term public-pressure strategy",0.128,0.033,0.967,0.0
4,Apple Hires Cisco Executive Stella Low as Communications Chief,0.934,0.101,0.845,0.054
5,"Don’t Look Now, but Bionano Genomics May Be a Buy",0.982,0.083,0.884,0.033
6,Warren Buffett and Charlie Munger's Greatest Lesson of 2020,0.995,0.121,0.827,0.052
7,Charlie Munger: Berkshire Hathaway's Turnover has Been 'Way Too Much',0.996,0.128,0.836,0.036
8,Apple iPhone 12 Cycle Losing Steam; Folding iPhone Next Big Advance?,0.0,0.0,1.0,0.0
9,Here comes the stock buyback explosion: Goldman Sachs,0.974,0.08,0.901,0.019
10,"Dow, S&amp;P 500 Close at Records After Jobs Report Falls Short",0.784,0.076,0.868,0.056
11,10 Best Tech Stocks to Buy Right Now Under $10,1.0,0.1,0.877,0.023
12,Dow Climbs as April Jobs Scare Tames Taper Tantrum Jitters,-0.142,0.075,0.852,0.074
13,What April's disappointing jobs report means for FAANG stocks,-0.494,0.0,0.904,0.096
14,3 Cheap Tech Stocks to Buy Right Now,-0.351,0.025,0.915,0.06
15,5 of the Best Stocks to Buy Now for Striking Earnings Growth,0.999,0.152,0.832,0.016
16,Dow Jones Futures Rise As Market Rally Awaits Jobs Report; Roku Leads Earnings Movers As Fed Warns Asset Prices 'Vulnerable',0.026,0.146,0.712,0.142
17,"PC, Tablet Sales Grow at Record Pace in Q1: 4 Stocks to Buy",0.999,0.135,0.857,0.008
18,Dow Jones Futures Rise As Market Rally Awaits Jobs Report; Roku Leads Earnings Movers As Fed Warns Asset Prices 'Vulnerable',0.026,0.146,0.712,0.142
19,The Best Robinhood Stocks to Buy With $300 Right Now,0.562,0.079,0.921,0.0
20,Is the S&amp;P 500 All You Need to Retire a Millionaire?,0.852,0.174,0.826,0.0
21,"Thursday's Close Shave, Troubling New Highs and Lows, Peloton Kicks Into Gear",0.494,0.158,0.842,0.0
22,Earnings Recap: Big Tech and More,0.765,0.208,0.792,0.0
