﻿,Titles,Polarity,Positive,Neutral,Negative
0,Why Globalstar Stock Soared 10% Higher Today Before Falling Back to Earth,0.0,0.0,1.0,0.0
1,FAANG 2.0: The Energy Crisis Is Ushering In A New Era Of Growth Stocks,0.979,0.088,0.866,0.046
2,10 Best ADR Stocks To Buy Now,1.0,0.121,0.858,0.021
3,Dow Jones Reverses; Elon Musk Makes This Twitter Move; Coinbase Falls As Bitcoin Rises,-0.382,0.142,0.625,0.233
4,Dow Jones Fights Back; Elon Musk Subpoenas This Twitter Employee; Coinbase Rallies As Bitcoin Gains,-0.382,0.142,0.625,0.233
5,10 Best Index Funds Popular Among Reddit Investors,1.0,0.144,0.843,0.013
6,Warren Buffett’s Latest Portfolio: 10 Undervalued Stock Picks,0.999,0.083,0.897,0.019
7,Apple Is Not Out of the Woods Just Yet,0.226,0.106,0.83,0.064
8,"Apple May Add Satellite Connection to iPhones, Analyst Says",-0.743,0.083,0.627,0.29
9,10 Best Stocks to Buy Now According to Billionaire Ken Fisher,1.0,0.137,0.846,0.017
10,"Stocks headed for more pain as 3,900 becomes new line in the sand for the S&amp;P 500, chart watchers say",-0.581,0.027,0.898,0.075
11,Apple rumored to release AR/VR headsets next year,0.975,0.076,0.911,0.013
12,"Apple, Alphabet, and Other Big Tech Stocks Extend Losses",-0.25,0.072,0.789,0.138
13,"Dow Jones Falls After Powell-Fueled Stock Market Plunge; Apple, Tesla Skid",-0.402,0.0,0.87,0.13
14,This Under-the-Radar Apple Business Is Growing By Leaps and Bounds,0.09,0.047,0.91,0.043
15,The 2 Best Stocks to Buy Right Now,0.0,0.0,1.0,0.0
16,Apple iPad faces longest lead time: JPMorgan report,0.992,0.081,0.899,0.02
17,10 Stocks At Risk From Slowing Chinese Economy,0.972,0.072,0.872,0.057
18,10 Cash-Rich Defensive Stocks to Buy Before Recession,1.0,0.128,0.818,0.054
19,"Dow Jones Futures Sell Off After Powell-Fueled Stock Market Plunge; Apple, Tesla Skid",-0.402,0.0,0.876,0.124
20,Billionaire Izzy Englander’s Latest Portfolio: Top 10 Stock Picks,0.999,0.15,0.809,0.041
21,Value Investor Seth Klarman is Selling Intel and 11 Other Stocks,1.0,0.133,0.837,0.03
22,Qualcomm Earns Legal Reprieve From EU Regulators Over Antitrust Ruling With An Apple Link,0.917,0.116,0.818,0.067
23,10 Best Index Funds to Diversify Your Portfolio,1.0,0.125,0.866,0.01
24,Meta Loses Key Metaverse Official Shortly After Criticism Over Chief Mark Zuckerberg's Avatar,0.947,0.13,0.804,0.066
25,"Apple, Amazon, Meta, Coinbase, Boeing, and More Stock Market Movers Monday",-0.758,0.0,0.819,0.181
26,Stocks: 3 tickers trending on Yahoo Finance,0.361,0.03,0.947,0.023
27,"The Zacks Analyst Blog Highlights Apple, Alibaba, Bristol-Myers Squibb, Tesla and Cigna",0.998,0.122,0.845,0.033
28,Dow Jones Futures Fall: Big Test For Indexes As Market Rally Feels Fed Chief Powell's 'Pain',0.077,0.098,0.816,0.086
29,"Nasdaq Pares Early Losses as Apple, Microsoft, Chip Stocks Fall",0.762,0.139,0.756,0.105
30,Peloton and Zoom Show More Pain for Covid Trade,0.598,0.08,0.836,0.084
31,Why Dividend Stocks Could Soon Be More Attractive -- Thanks to Joe Biden,0.816,0.204,0.796,0.0
32,"Apple, Amazon, Tesla Lower in Premarket Trade; Pinduoduo Rallies",0.866,0.1,0.84,0.06
