﻿,Titles,Polarity,Positive,Neutral,Negative
0,Dow Jones Futures: Techs Rise In Volatile Stock Market Action; Has Inflation Fever Peaked?,-0.153,0.0,0.918,0.082
1,Early Money: A newly unveiled startup is helping scientists clean up artificial intelligence data,0.494,0.166,0.73,0.104
2,"Stocks end the day mixed, tech and energy sectors among biggest leaders",0.273,0.07,0.93,0.0
3,Apple’s chief of machine learning quits over return-to-office policy,-0.58,0.052,0.883,0.064
4,RIP iPod: People pay tribute to Apple’s portable music player being discontinued,0.0,0.0,1.0,0.0
5,Apple to pull the plug on iPod after 20 years,-0.103,0.01,0.977,0.013
6,"How CEO pay compares to median salaries at Apple, Facebook, Walmart and more",-0.103,0.0,0.935,0.065
7,How Citizens Financial used an iPhone plan to create a nationwide digital bank,0.0,0.156,0.75,0.094
8,Apple Kills The Last Model of Its Iconic Music Player,-0.128,0.0,0.933,0.067
9,End of an Era: Apple Discontinues Its Last iPod Model,-0.923,0.042,0.885,0.073
10,Stock Market Today: Dow Ends Lower as Wild Moves Continue; Inflation Eyed,0.97,0.097,0.846,0.056
11,"Dow falls, Tesla stock reverses gains, SoFi stock halted on early earnings release",0.0,0.0,1.0,0.0
12,S&amp;P 500 Gives Up Gains as Tech Bid Loses Steam,0.967,0.101,0.841,0.058
13,Apple Granted EV Charging Station Patent,0.885,0.081,0.907,0.012
14,"Market check: Oil falls, tech stocks post modest gains",0.0,0.0,1.0,0.0
15,10 Most Popular Mutual Funds on Reddit,1.0,0.134,0.841,0.025
16,6 Stocks to Buy to Counter High Inflation That Will Do Well This Year,0.995,0.091,0.852,0.057
17,Market Crash: Monster Growth Stocks to Buy Right Away,0.447,0.1,0.853,0.047
18,"Stocks rise, oil steadies, BlackRock cuts rating on China assets",0.402,0.132,0.82,0.047
19,10 Tech Stocks to Buy Now According to Barry Dargan’s Intermede Investment Partners,0.999,0.095,0.878,0.027
20,Tech stocks lose over $1 trillion in value over 3 days,0.0,0.0,1.0,0.0
21,"Apple, Netflix, and Other Tech Stocks Are Crumbling. The Pain Might Not Be Over.",0.552,0.165,0.835,0.0
22,Antitrust Chief Barred From Google Cases Pending Recusal Ruling,-0.8,0.056,0.882,0.063
23,"Sorry GME Stock Fans, There’s Still Little to Like About GameStop",0.981,0.067,0.907,0.026
