﻿,Titles,Polarity,Positive,Neutral,Negative
0,Biden Sets Stage for Tech Crackdown With White House Adviser Wu,0.993,0.102,0.846,0.052
1,"Dow Dips, Nasdaq Dives After This Yield Hits 2021 High; Tesla Meltdown Continues",0.202,0.07,0.93,0.0
2,US Blacklisted Xiaomi Citing Alleged Military Ties With China: WSJ,0.995,0.129,0.852,0.019
3,7 Mega-Cap Stocks Standing Above the Fray,1.0,0.128,0.844,0.028
4,Corsair Stock Is Down But It Still Has Game,0.995,0.125,0.802,0.072
5,"Dow Slashes Gains, Tech Stocks Slide As Yields Jump After Strong Jobs Report; Tesla Dives Again",0.153,0.118,0.786,0.096
6,7 Recession-Proof Stocks to Buy,0.997,0.094,0.853,0.053
7,Content is King as the Digital Media Streaming Market Continues to Grow,0.999,0.139,0.819,0.042
8,Enterprise Use Of Augmented Reality Blazing A Path For Consumer Smart Glasses,0.765,0.248,0.752,0.0
9,Here Are 4 Tech Stocks That Offer Solid Yield and Dividend Growth,0.586,0.184,0.75,0.066
10,Top 10 S&amp;P 500 Stocks by Index Weight,0.382,0.135,0.865,0.0
11,"No, Apple Still Won't  Quite Let You Set A Default Music Service in iOS 14.5",0.94,0.066,0.926,0.008
12,Jamf Holding Corp. (JAMF) Q4 2020 Earnings Call Transcript,0.0,0.0,1.0,0.0
13,Broadcom CEO Says Demand Is ‘Real’ as Chip Orders Flood In,0.949,0.06,0.917,0.022
