﻿,Titles,Polarity,Positive,Neutral,Negative
0,"Disney parks still ‘a few years off’ peak attendance, analyst says",0.382,0.106,0.894,0.0
1,Report: Apple to increase benefits for retail workers,-0.459,0.063,0.777,0.16
2,Disney Earnings: What Happened with DIS,0.0,0.0,1.0,0.0
3,Zynga Revenue Beats Estimates on Omicron Surge,0.992,0.118,0.847,0.035
4,7 Web 3.0 Stocks With Millionaire-Maker Potential,1.0,0.116,0.866,0.018
5,Block Faces Tough Competition and an Uncertain Future,0.988,0.109,0.828,0.063
6,Microsoft takes swipe at Apple and Google with new app store rules,0.993,0.095,0.877,0.028
7,Microsoft appeals to regulators ahead of $70 billion Activision-Blizzard deal,0.987,0.099,0.867,0.034
8,Biggest Single-Day Market Cap Drops in U.S. Stocks,0.86,0.127,0.846,0.026
9,Read How Analysts Reacted To Digital Turbine's Q3 Beat,0.947,0.096,0.884,0.02
10,"Fed: 'We’re at or approaching peak hawkishness,’ strategist says",0.681,0.153,0.847,0.0
11,Meta’s Stock Slide Puts Spotlight on Tech Antitrust Bill Criteria,0.994,0.106,0.867,0.027
12,"Meta shares rise, travel stocks up, Chinese EV makers rally",0.0,0.0,1.0,0.0
13,Facebook parent Meta’s bet on the metaverse may never pay off,0.993,0.084,0.89,0.026
14,Samsung unveils 3 new Galaxy S phones as premium market share shrinks,0.511,0.117,0.835,0.048
15,"Paycom (PAYC) Q4 Earnings &amp; Revenues Beat Estimates, Up Y/Y",0.995,0.102,0.877,0.021
16,NCR Corporation (NCR) Q4 Earnings &amp; Revenues Beat Estimates,0.998,0.115,0.879,0.006
17,Microsoft Lays Out New App Store Rules as It Seeks Approval of Its Activision Deal,0.973,0.088,0.854,0.057
18,"Stock market theme in 2022 is about 'show me the money,' strategist says",0.0,0.0,1.0,0.0
19,Silicon Valley’s Congressman wants to rein in Big Tech in 3 areas,0.995,0.119,0.856,0.026
20,"Globalization of supply chains is 'the big difference' driving inflation today, strategist says",-0.273,0.044,0.875,0.081
21,"Big Tech: 'It's hard to stay on top more than 10 years,' former Cisco CEO says",0.361,0.085,0.915,0.0
22,Disney Will Be Tested in Today's Earnings; Stocks Gaining on Tuesday's Rally,-0.077,0.19,0.649,0.16
23,Apple To Enable Crypto Payments With ‘Tap To Pay’ by the End of 2022,0.914,0.068,0.874,0.059
24,Meta Is Now Calling Out Google Over Apple's App Privacy Rules,0.998,0.107,0.843,0.05
25,"Samsung Beefs Up Galaxy Phone Lineup With Stylus, Bigger Storage",0.993,0.092,0.898,0.01
26,"Market check: Stocks rise in early trading, Treasury yields retreat",0.0,0.0,1.0,0.0
27,FUJIFILM's (FUJIY) Q3 Earnings and Revenues Increase Y/Y,0.997,0.129,0.867,0.004
28,3 Dividend Stocks That Are Too Cheap to Pass Up,0.944,0.233,0.767,0.0
29,Onto Innovation (ONTO) Q4 Earnings &amp; Revenues Beat Estimates,0.999,0.18,0.805,0.014
30,3 Potential Suitors for Peloton That Nobody Is Talking About,0.751,0.28,0.72,0.0
31,Apple Finally Cracks the Code in This Massive Market,0.511,0.163,0.837,0.0
32,Peloton Stock Still Has No Place in a Legitimate Growth Portfolio,0.996,0.1,0.863,0.037
33,Best Growth Stocks to Buy for February 9th,0.987,0.098,0.902,0.0
34,The One Simple Reason Pinterest Won and Facebook Lost,0.25,0.041,0.93,0.028
35,Facebook Parent Meta Falls Behind Nvidia,-0.577,0.064,0.863,0.074
36,Why Apple Is a No-Brainer Stock to Buy Right Now,0.891,0.194,0.774,0.032
37,"Big Tech’s Elevated Premium to Fade, Deutsche Bank Strategists Say",0.978,0.114,0.849,0.037
38,Amazon's Pursuit of Peloton Is a Sign of Trouble,0.733,0.164,0.81,0.026
39,Here's Why Mizuho Is Bullish On Square Despite Apple's Latest Move,0.107,0.07,0.85,0.08
40,Is Now An Opportune Moment To Examine Apple Inc. (NASDAQ:AAPL)?,0.998,0.189,0.782,0.03
41,Peloton May Not Be the Answer for Apple's Fitness Ambitions,-0.273,0.048,0.839,0.113
42,Omnicom Rises After Strong 4Q for Advertising,0.957,0.104,0.867,0.028
43,Dow Jones Futures Rise As Market Needs To Do This; Five Stocks Flash Buy Signal,0.25,0.13,0.87,0.0
44,Why Apple Stock Rose Today,0.697,0.184,0.731,0.085
