﻿,Titles,Polarity,Positive,Neutral,Negative
0,Microsoft May Duck House Antitrust Push as Republicans Cry Foul,0.994,0.079,0.89,0.032
1,Apple Says Third-Party App Stores Would Open iPhones to Scammers,0.91,0.079,0.864,0.057
2,UPDATE 1-French court sets date in Apple case over App Store developer contracts,-0.961,0.045,0.842,0.112
3,The Empire Strikes Back: Tech giants mount defense against House antitrust bills,-0.25,0.106,0.773,0.121
4,Microsoft needs to impress a lot of people with Windows 11,0.998,0.105,0.874,0.021
5,House Judiciary Committee mulls six antitrust bills aimed at big tech,0.44,0.157,0.843,0.0
6,Microsoft’s big Windows 11 event is coming up — here's what to expect,0.954,0.064,0.894,0.043
7,15 Countries With The Lowest Corporate Tax Rates,-0.98,0.057,0.87,0.072
8,Dow Jones Reverses As Tesla Stock Surges; Apple Approaches New Buy Point,-0.296,0.0,0.885,0.115
9,Microsoft Tops $2 Trillion Market Cap: Where to From Here?,0.0,0.0,1.0,0.0
10,"Apple Defends App Store Policy Citing User Privacy, Ransomware Attack Protection",-0.755,0.06,0.872,0.068
11,S&amp;P 500 Flat as Tech Takes Breather; Fed's Bostic Talks Up Earlier Rate Hikes,0.945,0.093,0.85,0.057
12,Wearable Devices Penetrating Healthcare: 5 Stocks to Watch,0.999,0.171,0.818,0.011
13,4 Stocks to Watch Amid Growing Demand for Streaming Services,0.999,0.163,0.815,0.022
14,"If You Invested $1000 in Apple 10 Years Ago, This Is How Much You'd Have Now",0.998,0.147,0.821,0.033
15,"Dow Jones Futures Rise As Market Rally Takes Big Step; Microsoft Hits $2 Trillion, Bitcoin Rebounds",0.0,0.0,1.0,0.0
16,"Get Over Bitcoin, Buy These 5 S&amp;P 500 Stocks for Big Gains",0.999,0.15,0.823,0.027
17,Should You Buy Tremor's Stock After Its Busted IPO?,0.527,0.081,0.919,0.0
18,4 Stocks to Buy as Nasdaq Hits Record High on Tech Rally,1.0,0.17,0.808,0.022
19,"The Zacks Analyst Blog Highlights: Apple, Caterpillar, The Home Depot, Dow and UnitedHealth Group",0.999,0.11,0.865,0.024
20,Peloton Success Inspires More Connected Fitness Firms To Go Public,0.273,0.11,0.89,0.0
21,Apple Still Tempting to Investors,0.998,0.148,0.813,0.039
22,"MicroSoft, Under Armour and Shake Shack Rise Premarket",0.977,0.093,0.891,0.016
23,Microsoft Gains On Price Upgrade From Wedbush,0.965,0.131,0.869,0.0
24,Tech Giants Risk Fresh Tumult as Congress Hefts Antitrust Hammer,0.998,0.129,0.821,0.05
25,"Dow Jones Futures Rise As Market Rally Takes Big Step; Microsoft Hits $2 Trillion, Bitcoin Rebounds",0.0,0.0,1.0,0.0
