﻿,Titles,Polarity,Positive,Neutral,Negative
0,"Dow Jones Futures: Federal Reserve Fears Continue To Strain Market Rally; Tesla, Nvidia, Apple In Focus",-0.422,0.0,0.865,0.135
1,The one thing keeping streaming TV from completely taking over,0.465,0.133,0.79,0.077
2,"TikTok is now the favorite social media app for teens, survey finds",0.0,0.0,1.0,0.0
3,Tech Goes From Haven to Hazard as Investors Fear Recession,-0.85,0.077,0.827,0.096
4,U.S. Stock Futures Little Changed After Hawkish FOMC Minutes,0.268,0.086,0.834,0.08
5,"American teens use Apple Pay and PayPal the most for payments, Piper Sandler finds",0.886,0.062,0.891,0.046
6,"Teen spending report shows they love Apple, Nike and Lululemon — and they use Apple Pay over Venmo",0.459,0.136,0.864,0.0
7,Amazon workers' union win could drive more activism in Silicon Valley,0.993,0.089,0.876,0.035
8,"Why Apple, Amazon, and Meta Platforms Dropped Today",0.361,0.128,0.872,0.0
9,Stock Market Today: Dow Falls as Hawkish Fed Minutes Keep Tech Sidelined,0.727,0.065,0.885,0.05
10,Apple (AAPL) Fitness+ Expands With Postpartum Fitness Program,0.999,0.166,0.795,0.039
11,"Dell, HP Shares Hit By Growth Concerns: Bloomberg",0.974,0.127,0.84,0.033
12,S&amp;P 500 Slips as Tech Stumbles as Fed Minutes Hint at Step Up in Tightening,0.137,0.062,0.876,0.061
13,Sea Limited Stock Has a Long Runway Ahead of It,0.997,0.136,0.781,0.082
14,Apple TV+ 'caught everybody's attention' but one factor is key going forward: Analyst,0.999,0.141,0.829,0.03
15,iPhone Has Never Been More Popular With Teens. That’s Good for Apple Stock.,0.077,0.043,0.957,0.0
16,Fed Turns Tougher Than Expected: Buy These 5 Blue-Chip Stocks,1.0,0.16,0.829,0.011
17,"Breakout Watch: Microsoft, Apple Among Stocks In Or Near Buy Zones But Face Market Pressure",0.0,0.0,1.0,0.0
18,"Dell, HP Shares Hit by Growth Worry as Fed Tightening Looms",0.964,0.079,0.863,0.057
19,UBS Remains Bullish On This Social Media Giant - Read Why,0.945,0.108,0.854,0.039
20,Dow Jones Futures Fall As 'Rapid' Fed Shift Hits Market Rally; Elon Musk Steals Trump's Thunder,0.226,0.156,0.76,0.084
21,"Wall Street Opens Lower, Hurt by Rising Bond Yields; Dow Down 280 Pts",-0.854,0.043,0.892,0.065
22,Apple and Other Growth Stocks Have Sizzled. Why They’re Bound to Fizzle Now.,0.382,0.094,0.906,0.0
23,JPMorgan Chase Notches an Amazon Win,0.93,0.241,0.691,0.068
24,Breaking Down What RH CEO Gary Friedman Had to Say,-0.296,0.0,0.909,0.091
