﻿,Titles,Polarity,Positive,Neutral,Negative
0,How Investors Should Handle the Alphabet Stock Split,0.999,0.154,0.823,0.023
1,Dow Jones Futures: What To Do As Market Rally Pulls Back; Tesla Deliveries Due,0.0,0.0,1.0,0.0
2,How Apple's Oscar Win Changes the Streaming Game,0.0,0.0,1.0,0.0
3,Is Investor Sentiment Turning a Corner?,0.0,0.0,1.0,0.0
4,A New Oil Boom Amid Energy’s Changing Landscape,0.999,0.138,0.82,0.041
5,Why Qualcomm Stock Is Down 6% Today,0.226,0.127,0.785,0.089
6,Microsoft Loses Executive to Crypto as Talent War Heats Up,0.859,0.358,0.642,0.0
7,Koch-backed AFP sides with Apple in antitrust fight,0.202,0.131,0.777,0.092
8,"BlackBerry (BB) Q4 Earnings Top Estimates, Revenues Fall Y/Y",0.998,0.147,0.806,0.046
9,3 Semiconductor Stocks Setting Up to Make New Highs,0.999,0.136,0.843,0.021
10,European Regulators Raise Questions About Microsoft Cloud Practices,0.972,0.07,0.894,0.036
11,UBER Drivers to Get Guaranteed Pay as Per New Washington Law,0.979,0.095,0.857,0.047
12,Snap Stock Is Almost Picture Perfect,0.996,0.128,0.819,0.053
13,Worried About Rising Interest Rates? These 2 Growth Stocks Could Help,0.599,0.151,0.749,0.1
14,"J.P. Morgan drops Apple, Qualcomm from top picks as tech demand slows",-0.885,0.028,0.866,0.105
15,"Qualcomm, Apple Slide After JPMorgan Cuts Them From Focus List",-0.852,0.05,0.843,0.107
16,"Earnings Roundup: GameStop, FedEx, Williams-Sonoma, and More",0.178,0.091,0.909,0.0
17,Dow Jones Rallies After March Jobs Report Miss; Treasury Yields Surge,0.052,0.093,0.825,0.082
18,This Recent Stock Split Has Already Delivered a 42% Return for Investors,0.599,0.108,0.862,0.03
19,Dow Jones Futures Trim Gains After March Jobs Report Miss; Treasury Yields Surge,0.052,0.077,0.855,0.068
20,Dow Jones Futures Rebound Ahead Of March Jobs Report; Treasury Yields Surge,0.202,0.076,0.924,0.0
21,"GameStop Flags Stock Split, Shares Surge",0.296,0.109,0.891,0.0
22,"Midday Stock Movers: Apple, GM, Qualcomm",0.919,0.12,0.834,0.046
23,California jumps into Epic-Apple antitrust battle,-0.66,0.132,0.648,0.22
24,HP (HPQ) Taps Jewelry and Fashion Market With 3D Printing,0.999,0.14,0.853,0.007
25,Here's Why Apple Stock Is Still Underrated,0.583,0.064,0.936,0.0
26,An iPhone Subscription Could Be Huge for Apple's Services Business,0.414,0.047,0.953,0.0
27,"As Oil Briefly Dips Below $100, Russia and Europe Play a Game of Chicken",-0.572,0.0,0.861,0.139
28,7 Reddit Stocks to Buy for April,0.993,0.076,0.898,0.026
29,BTIG Remains Bullish On CoreCard Despite Apple's Move To Bring Financial Service Offerings In-House,0.965,0.128,0.841,0.031
30,Is This World-Renowned Brand in Value Stock Territory?,0.27,0.074,0.883,0.043
31,Growth Is a Battlefield for Roku Stock,0.992,0.1,0.855,0.045
32,"GameStop, Xpeng, Wynn Resorts Rise Premarket; Blackberry Falls",0.965,0.101,0.876,0.023
33,China Chipmaker’s Buyer Missed $9 Billion Payment Deadline,0.942,0.095,0.848,0.057
34,"Roblox backs Apple in antitrust case, says App Store offers privacy and security",0.992,0.199,0.776,0.026
35,"Beyond Apple Pay: Tech Giant Prepares to Take on Banks, Fintech",-0.103,0.0,0.963,0.037
