﻿,Titles,Polarity,Positive,Neutral,Negative
0,Lasertec Gets First Next-Gen Gear Orders From Memory Chipmakers,0.99,0.097,0.865,0.037
1,Microsoft Will Allow More Repair Shops After Activist Protests,0.854,0.093,0.85,0.057
2,Apple Appoints New Treasurer in Wave of Executive Promotions,0.922,0.076,0.886,0.037
3,"Apple Stock Will Struggle From Here, Analyst Cautions. Here’s Why.",0.153,0.058,0.942,0.0
4,A Storm is Upon Facebook's Empire,0.913,0.088,0.835,0.077
5,How Steve Jobs Helped Inspire The Founding Of Robinhood,0.995,0.123,0.87,0.008
6,Tesla stock could be walloped by the Apple car: analyst,-0.601,0.029,0.934,0.036
7,S&amp;P 500 Jumps as Debt Limit Deal Paves Way for Fresh Bets on Stocks,0.848,0.07,0.886,0.044
8,"Apple Shares Will Struggle To Rally From Here, Bernstein Analyst Cautions",0.153,0.058,0.942,0.0
9,S&amp;P 500 Rides Debt Ceiling Deal Higher Ahead of Jobs Report,0.643,0.062,0.892,0.046
10,Apple’s potential 2024 car launch will rock Tesla’s stock: analyst,0.0,0.0,1.0,0.0
11,'Squid Game' global demand has grown over 500+ since Netflix launch: RPT,0.572,0.117,0.883,0.0
12,Apple Plans to Expand In-Dash CarPlay Features: Report,0.0,0.0,1.0,0.0
13,"Apple’s Plan for Cars: Using IPhone to Control A/C, Seats, Radio",0.995,0.079,0.893,0.028
14,The U.S.-China relationship is ‘a little bit frosty’: Michael Dell,0.961,0.125,0.845,0.029
15,Exclusive-Dutch watchdog finds Apple app store payment rules anti-competitive - sources,0.917,0.086,0.863,0.051
16,Influencers with Andy Serwer: Michael Dell,0.0,0.0,1.0,0.0
17,TSMC Leads Pushback in Taiwan Against Biden’s Chip Data Bid,0.714,0.058,0.901,0.041
