﻿,Titles,Polarity,Positive,Neutral,Negative
0,Warning to Crypto Traders: You’re Not a Trillionaire Until You Exit Your Position.,0.791,0.286,0.714,0.0
1,Bumble Employees Awarded Week of Vacation to De-Stress,0.956,0.11,0.82,0.069
2,Does This Berkshire Hathaway Fintech Investment Make Sense?,0.637,0.072,0.899,0.029
3,WISeKey Introduces WISeID Cloud Storage Service,0.952,0.115,0.873,0.011
4,How to Benefit From Company Buybacks and Earnings,0.999,0.129,0.847,0.024
5,The Next Revolution in Healthcare,0.998,0.118,0.85,0.032
6,"Amazon is the world’s most valuable brand, but Alibaba and Facebook have better financials",0.667,0.255,0.745,0.0
7,10 Best Dividend Stocks to Buy According to Billionaire Cliff Asness,1.0,0.123,0.859,0.018
8,A New Apple iPhone Could Lift the Stock,0.0,0.0,1.0,0.0
9,"The best Amazon Prime Day deals 2021: Televisions, Apple products",0.998,0.141,0.843,0.016
10,Supreme Court Leaves Intact ‘Death Squad’ Patent Board,0.995,0.123,0.816,0.06
11,This Is How Much Antitrust Concerns Are Costing Apple Stock,0.0,0.0,1.0,0.0
12,Is Spotify's Exclusive Podcast Strategy Worthwhile?,0.638,0.092,0.88,0.028
13,"Robinhood Traders Keep Buying These Stocks, What do the Pros Say About Them?",0.995,0.106,0.87,0.023
14,Why This Market-Beating Investor Sold Apple Stock to Buy Berkshire Hathaway,0.0,0.0,1.0,0.0
15,Where to Invest $100 Right Now,0.527,0.119,0.803,0.079
16,"The Zacks Analyst Blog Highlights: NVIDIA, Intuit, Applied Materials, Zoom Video and Apple",0.999,0.11,0.875,0.015
17,Apple Analysts Mixed: Balanced Valuation or 'a Top Tech to Own',0.0,0.0,1.0,0.0
18,UPDATE 1-German antitrust watchdog launches investigation into Apple,-0.612,0.046,0.898,0.057
19,"Amazon, Apple most valuable brands but China's rising - Kantar survey",0.996,0.165,0.832,0.003
20,German antitrust watchdog launches investigation into Apple,-0.612,0.047,0.894,0.058
21,German antitrust watchdog launches proceedings against Apple,-0.807,0.045,0.855,0.101
22,Inflation Fears and Stock Market News,0.296,0.128,0.872,0.0
23,German regulator launches antitrust probe into Apple,0.542,0.092,0.879,0.029
