﻿,Titles,Polarity,Positive,Neutral,Negative
0,Dow Jones Gains As Nasdaq Charges Higher; Warren Buffett Stock Explodes; GameStop Rallies,0.455,0.19,0.81,0.0
1,"3 Well-Priced, Most-Shorted Stocks to Buy",0.996,0.102,0.867,0.031
2,Why Nvidia Stock Moved Even Higher Today,-0.153,0.0,0.97,0.03
3,Porsche and Apple Held Talks Last Year About Undisclosed Projects,0.402,0.094,0.906,0.0
4,Apple Stock: Shenzhen Lockdown Will Have Little Impact… For Now,0.972,0.063,0.919,0.018
5,"S&amp;P 500 in Best Week Since November 2020, Brushing Off Calls for Fed to Do More",0.651,0.069,0.879,0.053
6,Genies CEO on the metaverse: 'We view ourselves as the decentralized Apple of Web3',0.273,0.07,0.93,0.0
7,10 Best Roth IRA Stocks To Buy in 2022,1.0,0.131,0.843,0.026
8,3 Reasons Why Spotify Still Makes Investment Sense,-0.647,0.104,0.788,0.109
9,Warren Buffett Loves These Stocks. Are They Right for You?,0.881,0.232,0.768,0.0
10,Forget What You Knew About the Technochasm,0.993,0.117,0.809,0.075
11,S&amp;P 500 Climbs as Tech Continues Comeback,0.831,0.067,0.893,0.041
12,"Cash-Rich Berkshire Hathaway, Apple and Alphabet Should Gain From Higher Rates",0.0,0.0,1.0,0.0
13,Microsoft Ads in Windows Could Drive Product Adoption,0.382,0.126,0.874,0.0
14,Apple (AAPL) Expands TV+ Content with First All-Spanish Series,0.995,0.136,0.855,0.009
15,Alphabet (GOOGL) to Boost AR Efforts With Raxium Acquisition,0.996,0.128,0.856,0.016
16,Is It Too Late to Buy Apple Stock?,0.103,0.091,0.909,0.0
17,"The Zacks Analyst Blog Highlights Apple, Marriott International, NVIDIA, Analog Devices, and Micron Technology",1.0,0.159,0.824,0.017
18,Dow Jones Drops Ahead Of Biden-Xi Call; Oil Prices Extend Gains,0.0,0.0,1.0,0.0
19,10 Stocks to Buy and Hold for Decades According to Warren Buffett,0.999,0.102,0.879,0.018
20,Jefferies Lists Preferred Semiconductor Capital Equipment Stocks,0.945,0.131,0.819,0.05
21,Read Apple's Latest Push To Activate Cellular Plans From Device,0.953,0.107,0.863,0.03
22,U.S. Stocks Mixed as Russia's War With Ukraine Pushes Biden-Xi Talks,-0.938,0.069,0.835,0.096
