﻿,Titles,Polarity,Positive,Neutral,Negative
0,Apple (AAPL) Outpaces Stock Market Gains: What You Should Know,0.995,0.116,0.872,0.012
1,Amazon Defends Failure to Pay Workers for Covid Screening Time,0.995,0.159,0.793,0.048
2,Alphabet Inches Past Amazon in Market Cap. Only Apple and Microsoft Are Ahead.,0.751,0.211,0.789,0.0
3,"Apple Working on iPad Pro with Wireless Charging, New iPad Mini",0.973,0.051,0.939,0.011
4,Ford’s Electric Vehicle Strategy,-0.202,0.024,0.943,0.033
5,Jobs recovery is ‘three times faster’ than during the global financial crisis: JPM Asset Management,0.361,0.098,0.902,0.0
6,Roku Wants to Dominate the Media Landscape,0.993,0.083,0.896,0.02
7,10 Best Stocks to Buy According to Billionaire David Harding,1.0,0.147,0.828,0.025
8,What to expect from Apple's 2021 WWDC,0.0,0.0,1.0,0.0
9,Apple to celebrate developers while under fire for how it treats them,-0.402,0.0,0.903,0.097
10,Apple Might Ratchet Up Rivalry With Facebook At WWDC,-0.34,0.0,0.854,0.146
11,Apple’s 2021 WWDC Keynote Is Monday. What to Expect.,0.459,0.211,0.789,0.0
12,10 Best Passive Income Stocks in 2021,1.0,0.129,0.856,0.015
13,33 Most Famous Harvard Students of All Time,1.0,0.117,0.871,0.011
14,Apple Reportedly Developing New iPad Mini and iPad Pro With Wireless Charging,-0.026,0.022,0.955,0.023
15,Here’s what to expect from Apple’s WWDC 2021,0.995,0.087,0.89,0.023
16,"Technology Advancing Healthcare: Watch GOOGL, AMZN &amp; Others",0.999,0.165,0.826,0.01
17,Better Buy: Apple vs. Netflix,0.846,0.265,0.697,0.038
18,Apple stock on track for longest weekly losing streak in more than 2 1/2 years,-0.923,0.062,0.745,0.194
19,Hot AI Trading Platform Offers Tools To Stay on Track,0.967,0.121,0.814,0.065
20,Interested in Augmented Reality? Buy This Stock,0.589,0.086,0.914,0.0
21,Apple WWDC 2021 Preview,0.0,0.0,1.0,0.0
22,7 Technology Bigwigs to Buy Irrespective of Inflation,1.0,0.153,0.833,0.014
23,"EU, U.K. Open First Antitrust Probe Into Facebook",0.834,0.054,0.917,0.029
24,3 Top Robinhood Stocks Wall Street Thinks Will Soar 25% or More,0.768,0.147,0.853,0.0
25,"Tech Stocks Roundup: Salesforce Shares Up After Earnings, Ahead of Slack Deal",0.202,0.073,0.927,0.0
26,"Apple Working on iPad Pro with Wireless Charging, New iPad Mini",0.976,0.051,0.941,0.008
