﻿,Titles,Polarity,Positive,Neutral,Negative
0,This Transportation Stock Has Outperformed Big Tech Over the Past Decade,-0.66,0.054,0.844,0.102
1,Apple Music Beats Spotify To Market With High-Fidelity Streaming Service,-0.296,0.0,0.891,0.109
2,"Parler Back On Apple App Store, COO George Farmer Named New CEO",0.402,0.075,0.862,0.063
3,Is Peloton Stock A Buy? Revenue Accelerates But PTON Runs Into Treadmill Troubles,0.44,0.187,0.813,0.0
4,U.S. to Send 80 Million Covid-19 Vaccine Doses Abroad,0.7,0.079,0.921,0.0
5,Apple Begins App Store Defense in Epic Antitrust Fight,0.942,0.052,0.921,0.026
6,Market volatility to ‘continue through the summer’: People's United Advisors CIO,0.997,0.109,0.876,0.015
7,Amazon-Backed Tado Raises $46M In Fundraiser Before IPO: FT,0.967,0.1,0.881,0.019
8,Apple's App Store chief kicks off iPhone maker's defense at Epic Games trial,0.338,0.068,0.874,0.059
9,Apple v. Epic: Phil Schiller takes the stand as Apple begins its defense,0.511,0.068,0.906,0.026
10,Apple Begins App Store Defense After Epic Rests Its Case,0.771,0.052,0.913,0.035
11,‘Inflation has been the friend of stocks’: Strategist,0.0,0.0,1.0,0.0
12,Apple Music Beats Spotify To Market With High-Fidelity Streaming Service,-0.296,0.0,0.909,0.091
13,"UPDATE 1-Parler returns to Apple's App Store, names new CEO",-0.542,0.101,0.798,0.1
14,Dow Slips as Wall Street Continues to Back Value Over Growth,0.963,0.108,0.813,0.079
15,"Apple and Amazon Boost Sound Quality of Streaming Music, Targeting Spotify",0.296,0.07,0.892,0.038
16,Google I/O 2021 developer conference will feature Android 12 and maybe a Google watch,0.997,0.084,0.902,0.014
17,"Amazon, Apple not to charge extra for lossless music",0.153,0.041,0.934,0.026
18,These growth companies may be primed for massive stock buybacks,0.945,0.234,0.742,0.024
19,"Amazon, Apple not to charge extra for lossless music",0.153,0.04,0.935,0.025
20,3 Reasons Why Warren Buffett Is Still Bullish on Apple,0.998,0.15,0.822,0.028
21,Monthly Child Tax Payments of Up to $300 Start July 15,0.202,0.037,0.963,0.0
22,Will Apple (AAPL) Launch AirPod 3 &amp; HiFi Music Tier This Week?,0.997,0.126,0.86,0.014
23,"Dow Jones Today, Stocks Lag As Chips, Bitcoin Dive: AT&amp;T, Discovery Merger Provides Boost",-0.477,0.0,0.814,0.186
24,"Dow Eases From Lows, But Remains Under Pressure as Tech Bleeds",0.852,0.074,0.858,0.068
25,"Stellantis, Foxconn To Elaborate On Newly Formed Partnership",0.681,0.071,0.888,0.041
26,Apple Music Announces Spatial Audio with Dolby Atmos; Will Bring Lossless Audio to Entire Catalog,1.0,0.115,0.876,0.009
27,Apple Watch Pride Edition Bands Celebrate and Support the Diverse LGBTQ+ Movement,0.999,0.172,0.826,0.002
28,"Dow Jones Futures Fall In Still-Tricky Market, But ASML, Google Flash Buys; Bitcoin Dives On Latest Musk Tweets",0.696,0.252,0.619,0.129
29,"Dow Jones Today, Futures Lag; Bitcoin Dives As AT&amp;T, Discovery Merge; Trip.com Upgrade Provides Boost",-0.477,0.0,0.814,0.186
30,"Dow Jones Futures Fall In Still-Tricky Market, But ASML, Google Flash Buys; Bitcoin Dives On Latest Musk Tweets",0.696,0.252,0.619,0.129
31,Here's My Top Electric-Vehicle Stock to Buy Now,0.765,0.147,0.817,0.037
32,10 Best Dividend Stocks to Buy Now According to Billionaire Cliff Asness,1.0,0.127,0.847,0.026
33,IPhone Maker Foxconn Finalizes Auto Partnership With Stellantis,0.957,0.087,0.903,0.01
34,Is Microsoft's Move Into Healthcare the First of Many for Big Tech?,0.0,0.0,1.0,0.0
35,The Future of Fintech,0.422,0.118,0.882,0.0
