﻿,Titles,Polarity,Positive,Neutral,Negative
0,"Dow Jones Futures: Stocks Dive On Call For Biggest Fed Rate Hike In 40 Years; Apple, Tesla Tumble",0.0,0.0,1.0,0.0
1,Apple iPhone 14 Preorders Strong Ahead Of Friday's Retail Launch,0.7,0.225,0.775,0.0
2,FAANG stocks fall amid tech sector sell-off,-0.968,0.036,0.875,0.089
3,Dow Jones Plunges Amid Hot Inflation; Twitter Up After Elon Musk Vote; Coinbase Tumbles As Bitcoin Dives,0.0,0.0,1.0,0.0
4,"Why Nvidia, Amazon, and Apple Stocks All Slumped Tuesday Morning",0.288,0.073,0.867,0.06
5,Apple's Most-Shorted Status Is a Tell,-0.153,0.03,0.931,0.039
6,Stock Market Today: Dow Plunges 1200 Points in Tech Selloff After Inflation Report,0.959,0.096,0.888,0.015
7,"2022 Emmys: HBO’s ‘Succession,’ Apple’s ‘Ted Lasso’ win top awards",0.477,0.147,0.853,0.0
8,Apple (AAPL) Shares Gain on Strong iPhone 14 Pro Max Demand,0.999,0.161,0.815,0.024
9,"Apple’s global phenomenon ""Ted Lasso"" joins ranks of the most celebrated comedies in history with back-to-back Emmy wins for Outstanding Comedy Series at the 74th Primetime Emmy Awards",1.0,0.255,0.739,0.006
10,4 Dividend Stocks Set to Hike Payouts in 2023,0.999,0.17,0.81,0.019
11,Better Buy: Apple vs. Microsoft,0.557,0.046,0.954,0.0
12,"Dow Jones Dives 700 Points On Hot Inflation Report; Apple, Tesla Drop",0.0,0.0,1.0,0.0
13,Where Will Apple Stock Be in 2030?,0.459,0.125,0.787,0.088
14,"Dow Jones Dives 600 Points On Hot Inflation Report; Apple, Tesla Drop",0.0,0.0,1.0,0.0
15,"Company News for Sep 13, 2022",0.984,0.197,0.79,0.014
16,"Midday Movers: Tech Stocks, Cheniere, Twitter and More",0.489,0.061,0.896,0.042
17,"TikTok and Facebook Are Tracking User Data Via In-App Browsers, A Study Shows How They Do It",0.926,0.122,0.795,0.082
18,Is Apple Stock a Buy?,0.077,0.035,0.965,0.0
19,Dow Jones Futures Rally Ahead Of Key Inflation Data,0.0,0.0,1.0,0.0
20,10 Dividend Stocks to Buy According to Billionaire Paul Tudor Jones’ Tudor Investment Corp,0.999,0.088,0.907,0.005
21,What iPhone 14 wait times say about Apple’s early demand,0.153,0.063,0.893,0.045
22,Stock market today: 4 tickers trending on Yahoo Finance,0.972,0.084,0.889,0.027
23,"India Wins $20B Semiconductor Tech Investment From Apple Supplier, Vedanta Kicking Off Its Journey As A Chip Maker",0.938,0.088,0.879,0.034
24,10 Best Quality Stocks to Buy Now,0.999,0.118,0.852,0.03
25,"Crucial CPI, Hoping for the Real Thing, Wall Street Braces, Intel, Rockin' Apple",-0.226,0.07,0.811,0.119
26,"HBO Wins Big at The Emmys with ‘The White Lotus’, ‘Succession’",0.972,0.36,0.64,0.0
27,7 Screaming Buy Stock Picks to Beat the September Market Slump,-0.678,0.075,0.841,0.084
28,U.S. Stocks Tumble After Higher Than Expected August Inflation; Nasdaq Down 4%,0.886,0.094,0.859,0.047
29,Apple Stock: Headed to $220?,0.477,0.147,0.853,0.0
30,Netflix's Megahit ‘Squid Game’ Makes History at Emmy Awards,0.998,0.186,0.765,0.049
31,"HBO reclaims its Emmy crown with 'Succession,' 'White Lotus' wins",0.995,0.164,0.798,0.037
32,Here Are 10 of the Best New Features of iOS 16 for Your iPhone,0.853,0.07,0.881,0.049
33,The Apple Flaw &amp; BYOD cyber-hygiene: 4 essential steps DFW business leaders need to take – now and forever,0.739,0.199,0.766,0.034
