﻿,Titles,Polarity,Positive,Neutral,Negative
0,Dow Jones Futures: What To Do After Today's Stock Market Dive As Russia-Ukraine War Continues,-0.599,0.0,0.837,0.163
1,"4 Top Stock Trades for Tuesday: AAPL, AMZN, AAL, DKS",0.994,0.135,0.785,0.081
2,Tech Stocks Roundup: What Will Apple Announce at its First Big Event of 2022?,0.612,0.222,0.778,0.0
3,"Column: From Apple to Visa, the business world is imposing its own sanctions on Russia",-0.988,0.074,0.832,0.095
4,"Asian Stocks Down, Ukraine Conflict Continues to Drive Oil Rally",-0.905,0.041,0.898,0.062
5,"Dow Jones Dives 800 Points As Russia-Ukraine War Drags On; Apple Stock, Amazon Fall Despite Bullish Calls",-0.649,0.049,0.778,0.173
6,Apple to host its first live product event of 2022,0.997,0.1,0.873,0.027
7,"Dow Jones Dives As Russia-Ukraine War Pushes Oil Higher; Apple Stock, Amazon Fall Despite Bullish Calls",-0.494,0.062,0.797,0.141
8,The Russian internet is a casualty of war,-0.904,0.04,0.761,0.199
9,107 Companies That Have Pulled Out of Russia,0.962,0.054,0.907,0.039
10,"It wasn’t hard for Apple to cut off Russia, but the precedent could be troublesome — ‘China is the real test’",-0.776,0.041,0.806,0.152
11,10 Stocks to Buy Before Interest Rates Rise in March,1.0,0.185,0.79,0.025
12,What to Expect From Apple's First Big Event of The Year,0.0,0.0,1.0,0.0
13,Microsoft and Oracle Join Tech Exodus From Russia,-0.296,0.0,0.891,0.109
14,"Warren Buffett Was Buying Occidental, Carl Icahn Was Selling. Who Will Be Right?",0.751,0.142,0.822,0.037
15,"Apple's Peek, AMC's Sales, Oil's Climb: 3 Things to Watch",-0.897,0.053,0.874,0.073
16,3 Stocks to Watch This Week,0.318,0.046,0.954,0.0
17,Stock Market Correction: These High-Growth Companies Are Screaming Buys,0.778,0.163,0.795,0.042
18,EPAM Shares Continue to Fall on Ukraine Crisis &amp; Russia Exit,0.993,0.117,0.84,0.043
19,"Top Stock Reports for Apple, Broadcom &amp; American Express",0.998,0.149,0.794,0.057
20,Apple’s Next Event Arrives With the Stock Market in a Fragile Place,0.0,0.0,1.0,0.0
21,The stock market has not been ‘terribly resilient’ against shift in momentum: Strategist,-0.718,0.0,0.813,0.188
22,More companies cut ties with Russia amid ongoing invasion of Ukraine,-0.599,0.0,0.885,0.115
23,7 Telecom Stocks to Buy for March,0.996,0.076,0.902,0.022
24,"GOOGL Boosts Podcast Efforts: Should SPOT, AMZN &amp; AAPL Worry?",0.998,0.138,0.858,0.004
25,Falling Stock Prices Make It Harder for Big Tech to Lure Talent,0.992,0.106,0.825,0.07
26,Dow Jones Sells Off As Russia-Ukraine War Continues; Oil Prices Briefly Surge Above $130 A Barrel,-0.599,0.0,0.83,0.17
27,Big Tech Companies Exit Russian Market Amid US Sanctions,0.868,0.079,0.855,0.067
28,10 Derivative Income ETFs to Invest In,1.0,0.14,0.834,0.026
29,5 Best Digital Wallets Based On Consumer Ratings,0.477,0.136,0.864,0.0
30,Digital Wallet Ratings: See All The Results Of This National Consumer Survey,0.832,0.341,0.659,0.0
31,Best Fintech 2022: Apple Pay Leads Top 5 Digital Wallets,0.832,0.341,0.659,0.0
32,"Best Fintech 2022: See The Leaders In Digital Wallets, Crypto Apps And More",0.202,0.083,0.917,0.0
33,Dow Jones Futures Drop As Russia-Ukraine War Continues; Oil Prices Briefly Surge Above $130 A Barrel,-0.765,0.0,0.732,0.268
34,3 Unstoppable Metaverse Stocks With Monster Upside,0.0,0.0,1.0,0.0
35,"Stocks Tumble, Oil Surges, Inflation, Amex And Apple - Five Things You Must Know",-0.802,0.032,0.806,0.161
36,Boeing Slips on Halting Titanium Purchase from Russia,0.077,0.045,0.917,0.038
37,"From Netflix to Samsung, the Exodus From Russia Becomes a Rout",-0.995,0.043,0.882,0.075
38,Netflix Is Shutting All Services in Russia,-0.989,0.018,0.836,0.146
