﻿,Titles,Polarity,Positive,Neutral,Negative
0,Apple lost another key member of its car project — this time to Luminar,0.0,0.0,1.0,0.0
1,Apple’s Stock Can’t Keep Up With the Market. iPhone Doubts May Be Why.,0.0,0.0,1.0,0.0
2,Is NFL Launching Its Own Streaming Service?,0.976,0.111,0.889,0.0
3,"Retail, energy stocks higher as markets extend gains",0.0,0.0,1.0,0.0
4,Why Luminar Shares Are Rising Today and What's Its Connection To Apple Car?,0.977,0.136,0.864,0.0
5,Apple Stock Lags Behind as Doubts Mount on iPhone Sales,0.0,0.0,1.0,0.0
6,Apple Car Director Heads to Luminar After Less Than a Year,-0.836,0.059,0.864,0.076
7,Apple's MacBook Air is Now $100 Off at Amazon,0.542,0.093,0.907,0.0
8,"S&amp;P 500 Climbs as Tech Rallies, Retailers Rebound After Fed Minutes",0.986,0.101,0.859,0.039
9,Warren Buffett’s Dividend Portfolio: 10 Stocks to Watch,0.999,0.102,0.886,0.012
10,Here's How Apple Defended Its App Store Policies,0.961,0.121,0.84,0.039
11,Apple Loses Former Tesla Autopilot Software Engineer to Luminar,0.968,0.118,0.856,0.026
12,Stocks edge higher as investors await Fed minutes,0.991,0.081,0.906,0.013
13,Google Takes Yet Another Run at E-Commerce—and Amazon,0.999,0.096,0.868,0.037
14,7 Retirement Stocks to Buy to Turbocharge Your Savings,0.998,0.086,0.883,0.031
15,Apple Defends App Store by Pointing to Developers’ Revenue Gains,-0.558,0.064,0.858,0.078
16,Lost Among the Stock Splits: 1 Unstoppable Stock You'll Regret Not Buying on the Dip,0.785,0.365,0.635,0.0
17,"EA Plans to Sell or Merge: Will AAPL, AMZN, DIS Show Interest?",0.999,0.157,0.822,0.021
18,3 Things About Apple That Smart Investors Know,0.612,0.055,0.945,0.0
19,Target Shares Are Down. 3 Reasons I'm Not Panicking,0.599,0.311,0.581,0.108
20,'Big Short' Michael Burry Awakens Ghosts of the 2008 Financial Crisis,-0.802,0.0,0.725,0.275
21,Warner Bros. Discovery Is Desperate to Find the Bottom,0.551,0.055,0.896,0.049
22,Snap shows ad market's nightmare 'becoming a reality': Morning Brief,-0.962,0.048,0.885,0.068
23,How Do You Stay Confident in a Market Crash?,-0.009,0.047,0.906,0.047
24,UPDATE 1-Apple's iPhone development schedule delayed by China lockdowns - Nikkei,-0.938,0.012,0.898,0.09
25,Apple's iPhone development schedule delayed by China lockdowns - Nikkei,-0.938,0.012,0.894,0.093
26,Ghosts of the 2008 Financial Crisis Haunt the Markets,-0.802,0.0,0.725,0.275
