﻿,Titles,Polarity,Positive,Neutral,Negative
0,Valuation Remains a Concern for Churchill Capital IV Stock,0.998,0.127,0.85,0.023
1,Big tech’s trillion-dollar pandemic year may be just the beginning,0.0,0.0,1.0,0.0
2,What Apple’s blowout earnings means for Berkshire Hathaway,0.0,0.0,1.0,0.0
3,EU Agrees With Spotify: Apple Is Abusing Its App Store Monopoly,-0.71,0.022,0.885,0.093
4,ETFs to Stack as Reopening Poses No Hindrance for Big Tech,0.999,0.148,0.826,0.027
5,Big Tech Stocks Flash Red Flag to Regulators After Q1 Earnings Splash,0.999,0.113,0.861,0.026
6,"Top Stock Reports for Apple, Alphabet &amp; BlackRock",0.999,0.183,0.775,0.042
7,Why Stem Stock Looks Very Attractive Following Its Pullback,0.999,0.154,0.83,0.015
8,‘Technology is the largest single growth trend of our lifetime’: Expert,0.0,0.0,1.0,0.0
9,GOOGL Stock Is Worth Much More Based On Its Massive Free Cash Flow,0.994,0.086,0.895,0.018
10,Investment officer: 'Be wary of the FANGS',-0.193,0.0,0.929,0.071
11,Apple Legal Woes Mount As EU Watchdog Files Antitrust Charges,-0.743,0.0,0.781,0.219
12,Dow Falls to Second Weekly Loss as Energy Stocks Run out of Steam,0.996,0.189,0.724,0.087
13,"Stock Market Rally Navigates Earnings From Apple, Tesla, Google, Facebook, Microsoft, Amazon",0.0,0.0,1.0,0.0
14,Spotify Stock Plummets After Earnings: Why Wall Street's Reaction Is All Wrong,0.459,0.074,0.926,0.0
15,Apple Reversal's Upside?,-0.857,0.0,0.713,0.287
16,Cirrus Logic Shares Swoon on Earnings Miss. Blame Apple.,0.101,0.081,0.843,0.076
17,Analyst: Why HBO Max may be 'pricing themselves out' with ad-supported option,0.994,0.09,0.888,0.023
18,Fisker Stock Looks More Like a Bargain Here Than a Falling Knife,0.997,0.117,0.829,0.053
19,Dow Jones Drops 200 Points As Chevron Stock Slips; Apple Falls But Amazon Soars,-0.296,0.0,0.905,0.095
20,"Earnings Parade Continues With Exxon Mobil, Chevron After Strong Amazon Results",0.998,0.083,0.873,0.044
21,"Stocks Open Lower Amid Earnings, April Profit Taking; Amazon Powers Up; Dow Jones Stock Apple Hit By EU Antitrust Charge",-0.382,0.074,0.739,0.187
22,"Amazon Jumps to Record After Blowout Results, Strong Forecast",0.99,0.148,0.836,0.016
23,The Final 5 April Fool's Portfolio Recommendations,0.51,0.116,0.835,0.049
24,"NVIDIA, Quidel, Amazon, Google and Apple highlighted as Zacks Bull and Bear of the Day",1.0,0.103,0.865,0.032
25,Apple Hit With Landmark Antitrust Charges in Europe Over App Store Practices. Here’s What to Know.,-0.273,0.0,0.9,0.1
26,"Dow Falls as Energy, Tech Stumble Despite Upbeat Economic Data",0.992,0.157,0.777,0.067
27,Looking Ahead: Is Match Group a Buy Heading Into Earnings?,0.44,0.061,0.939,0.0
28,"Futures Slump Amid Earnings, April Profit Taking; Amazon Powers Up; Dow Jones Stock Apple Hit By EU Antitrust Charge",-0.382,0.081,0.714,0.205
29,Apple hit with landmark antitrust charges in Europe over App Store practices,-0.599,0.041,0.762,0.197
30,Concerns Linger Over Amazon's Chart Despite Earnings Beat,-0.416,0.08,0.708,0.211
31,Apple Trial Threatens to Reveal App Store's Commission Bounty,0.991,0.091,0.85,0.059
32,Streaming Services Get a Boost From Pandemic: 4 Stocks to Watch,0.999,0.132,0.862,0.006
33,This Penny Stock Is Built on Hype and Broken Promises,0.417,0.049,0.937,0.014
34,Spotify vs. Apple: Subscription Podcasts,0.66,0.119,0.846,0.034
35,"The Zacks Analyst Blog Highlights: Facebook, Apple, Google, Shopify and Amazon",1.0,0.146,0.829,0.025
36,Apple and the Rest of Big Tech Reported Blockbuster Earnings. Why Their Stocks Went Nowhere.,0.382,0.146,0.854,0.0
37,"Dow Jones Futures Fall: Amazon Flashes Buy Sign But Apple Suppliers, Nio, Twitter Lead Earnings Losers",0.178,0.102,0.898,0.0
38,"Not Just iPhones, Apple Is Making Solid Progress in Another Key Market in India",0.765,0.088,0.912,0.0
39,Apple Slapped With $12M Fine In Russia Over Anti-Competitive Practices – Report,0.947,0.097,0.848,0.055
40,Cirrus Logic Drops; Wall Street Analysts Still See Upside,-0.25,0.0,0.889,0.111
41,Tech Giants Have Ramped Up Stock Buybacks. Apple Is the Champ.,0.0,0.0,1.0,0.0
