﻿,Titles,Polarity,Positive,Neutral,Negative
0,My No. 2 Stock Pick For 2022 Rises 100%…,0.998,0.104,0.855,0.041
1,There’s No Reason to Buy Vinco Ventures Stock Here,0.995,0.116,0.848,0.037
2,Your Apple iPhone May Be Booby-Trapped,-0.296,0.122,0.638,0.239
3,5 Dow Jones Stocks To Watch In March 2022: Apple Jumps,0.758,0.186,0.75,0.064
4,Is Apple stock a great buy on weakness?,0.238,0.05,0.903,0.047
5,"IBM Worth Considering for the Dividend, Growth Potential",0.998,0.133,0.831,0.036
6,S&amp;P 500 Rallies as Investors Pile Into Battered Tech Stocks Ahead of Fed Decision,0.97,0.101,0.854,0.045
7,Deal of the Day: How to save nearly $100 on an Apple iPad Air right now,0.196,0.031,0.95,0.019
8,"Tech stocks are battling the ultimate 'perfect storm,' says analyst",0.53,0.067,0.874,0.059
9,Apple (AAPL) is Expected To Launch iPhone 14 in Four Variants,0.988,0.094,0.881,0.025
10,Netflix’s valuation ‘is now looking more attractive’ after stock pullback: Analyst,0.382,0.085,0.915,0.0
11,S&amp;P 500 in Rally Mode as Tech Finds Strength Ahead of Fed Meeting,0.971,0.107,0.846,0.047
12,5G Stocks To Buy: Record U.S. Wireless Capital Spending Expected In 2022,0.637,0.181,0.819,0.0
13,China Closes Two Manufacturing Hubs as Covid-19 Cases Jump,0.0,0.0,1.0,0.0
14,9 Stocks to Buy Now According to Munir Javeri’s 3G Sahana Capital Management,0.998,0.104,0.877,0.018
15,"When will tech giants return to their Austin offices? Some already have, others in coming weeks",0.527,0.104,0.855,0.041
16,7 Superstar Tech Stocks That May Outperform This Market Rout,0.999,0.11,0.862,0.029
17,"Asure Software (ASUR) Q4 Earnings Beat Estimates, Revenues Up",0.989,0.1,0.88,0.02
18,Shopify Should be Focusing on Fixing Its Advertising Problem,-0.523,0.081,0.842,0.077
19,This Tech Stock Is a Screaming Buy After Earnings,0.815,0.156,0.787,0.057
20,Pinterest Stock Has Plunged Too Far on Reopening Slowdown,0.998,0.148,0.8,0.052
21,Dow Jones Futures Rise After Nasdaq Breaks Lower; China Covid Shutdowns Are New X Factor,-0.318,0.0,0.864,0.136
22,"China's Lockdown Of Tech Hubs To Hamper Amazon, Walmart's Online Delivery: Report",0.952,0.1,0.858,0.042
23,"Snap Initiated With Buy At Deutsche Bank, Rises 7%",0.958,0.102,0.889,0.009
24,Dow Jones Futures Fall After Nasdaq Breaks Lower; China Covid Shutdowns Are New X Factor,-0.318,0.0,0.864,0.136
25,The iTunes single has never been so unpopular,-0.593,0.046,0.831,0.123
26,Shenzhen lockdown will not have a big impact on iPhone production -J.P.Morgan,-0.929,0.007,0.912,0.081
27,Warren Buffett Has Gained Over $182 Billion On These 4 Stocks,0.965,0.225,0.775,0.0
28,"Apple: iPhone SE Could Drive Further Upside, Says Top Analyst",0.989,0.085,0.909,0.006
