﻿,Titles,Polarity,Positive,Neutral,Negative
0,Two Tech Stocks To Watch As Biden Pours Trillions Into The Green Economy,1.0,0.106,0.871,0.024
1,Value Hedge Funds Tend to Have More Concentrated Portfolios Than Growth Funds,0.996,0.108,0.866,0.026
2,"Dow Jones, S&amp;P 500 Trade Near Intraday Highs As Tech Stocks Lead Market",0.0,0.0,1.0,0.0
3,"Dow Jones Rises, Nasdaq Leads; Airlines Soar; Germany, France Suspend Covid Vaccine",-0.526,0.0,0.861,0.139
4,"Dow, S&amp;P 500 Hitch Ride on Tech Rally to Close at Record High",0.986,0.088,0.877,0.036
5,Dow Jones Reverses Off New High As Stock Market Falters; Why Airlines Are Soaring,-0.202,0.101,0.769,0.129
6,Global 'streaming predators' could potentially send 'Netflix’s stock down 50%': analyst,0.982,0.076,0.874,0.051
7,Joel Greenblatt’s Portfolio and Recent Buys,0.999,0.111,0.865,0.024
8,"Dow Reverses From All-Time High As Bitcoin Falls From New High; Apple, Tesla Rally",0.0,0.0,1.0,0.0
9,This IoT Stock Skipped the Recent Market Correction,0.586,0.117,0.84,0.043
10,Stock market news live updates: Futures higher as Dow eyes fresh record at 33K; yields steady,0.994,0.129,0.833,0.039
11,15 Most Valuable App Companies,1.0,0.107,0.887,0.005
12,Xiaomi Jumps After U.S. Trading Ban on Phone Maker Is Halted,0.957,0.121,0.8,0.079
