﻿,Titles,Polarity,Positive,Neutral,Negative
0,Apple (AAPL) Outpaces Stock Market Gains: What You Should Know,0.992,0.101,0.882,0.017
1,Apple Options Traders See Upside Ahead,0.926,0.045,0.936,0.02
2,The Nasdaq Rallied Today. Here's Why.,0.81,0.086,0.856,0.058
3,Is Apple Stock A Buy Ahead Of Its March-Quarter Earnings Report?,0.572,0.107,0.893,0.0
4,"US STOCKS-S&amp;P 500 nears 4,000 points for the first time, Biden's spending plan on deck",0.994,0.107,0.867,0.026
5,"UnitedMasters CEO on $50M investment, Apple partnership  ",0.0,0.0,1.0,0.0
6,"UBS upgrades Apple, predicts it will take a big share of the electric vehicle market",0.981,0.1,0.883,0.017
7,Alphabet (GOOGL) Introduces Advanced Updates on Google Maps,0.997,0.123,0.865,0.012
8,Epic Games in Talks to Secure $1.7 Billion in Funding,0.718,0.099,0.901,0.0
9,Apple 'Could Be A Fast Follower' And Snatch At Least 5% Share of EV Market: Analyst,0.991,0.12,0.847,0.032
10,US STOCKS-S&amp;P 500 hits record high ahead of Biden's spending plan outline,0.992,0.109,0.863,0.028
11,Apple Stock Rallies Because UBS Believes in the iCar,0.0,0.0,1.0,0.0
12,Apple Announces California Solar Energy Storage Project: Reuters,0.955,0.123,0.866,0.011
13,Why 2020’s winning trades are this year’s losing trades,-0.625,0.0,0.769,0.231
14,Apple's Siri to Stop Defaulting to Female Voice,-0.296,0.0,0.962,0.038
15,"Lennar Corp, Ringcentral, Apple, Amazon and Google highlighted as Zacks Bull and Bear of the Day",1.0,0.152,0.828,0.02
16,"Apple Stock Upgraded On Apple Car Potential, iPhone Strength",0.0,0.0,1.0,0.0
17,US STOCKS-Wall Street gains ahead of Biden's spending plan outline,0.991,0.115,0.851,0.034
18,"Dow Falls, Tech Stocks Jump Ahead Of Biden Infrastructure Plan; Apple, Boeing, Tesla Rally",0.0,0.0,1.0,0.0
19,Is Apple Stock Finally a Buy?,0.296,0.104,0.896,0.0
20,"Dow, Tech Stocks Rise Ahead Of Biden Infrastructure Plan; Apple, Boeing, Tesla Rally",0.0,0.0,1.0,0.0
21,"S&amp;P 500 on Cusp of Historic 4,000 Level as Tech Leads Advance",0.996,0.132,0.84,0.027
22,"US STOCKS-S&amp;P 500, Nasdaq headed higher on optimism over Biden spending plan",0.993,0.115,0.871,0.014
23,Apple (AAPL) to Host Virtual WWDC 2021 Between Jun 7 and 11,0.998,0.137,0.859,0.004
24,Apple to build battery-based solar energy storage project in California,0.992,0.126,0.874,0.0
25,"Dow Futures Fall, Tech Futures Jump Ahead Of Biden Infrastructure Plan; Apple, Boeing, Tesla Set To Rally",0.0,0.0,1.0,0.0
26,Apple Powers Ahead in New Renewable Energy Solutions With Over 110 Suppliers,0.999,0.154,0.832,0.013
27,"Dow Jones Futures Fall, Tech Futures Rise: Market Rally Awaits Biden Infrastructure Plan; GM Leads 7 Stocks In Buy Range",0.0,0.0,1.0,0.0
28,"The Zacks Analyst Blog Highlights: Apple, Alibaba Group, AT&amp;T, Intuitive Surgical and Zoetis",0.998,0.133,0.835,0.031
29,1 FAANG Stock to Buy Right Now and 1 to Avoid,0.844,0.198,0.802,0.0
30,"FAANG Bite: How to Trade Facebook, Apple and Amazon",0.178,0.091,0.909,0.0
31,71% of Warren Buffett's Portfolio Is in These 5 Stocks,0.0,0.0,1.0,0.0
32,UBS upgrades Apple to buy on auto market hopes,0.494,0.069,0.912,0.019
33,Apple Invests in Music Startup Devoted to Independent Artists,0.986,0.115,0.877,0.008
34,IATA says travel pass app to launch on Apple mid-April,0.939,0.099,0.901,0.0
35,15 Biggest News Companies in the World,0.996,0.071,0.917,0.011
36,"Snapchat Parent To Launch AR Glasses And A Drone, Furthering Hardware Push: Report",0.857,0.041,0.952,0.006
37,"Premarket Movers Wednesday - Chewy, Walgreens, Pfizer, Apple",0.0,0.0,1.0,0.0
38,"Apple 'Betrayed' My Trust, Says iPhone User Who Lost $1M To Scam Bitcoin App",-0.989,0.05,0.82,0.129
39,Huawei Quarterly Sales Fell For First Time After U.S. Sanctions,0.956,0.088,0.848,0.063
40,Apple Rebounds After UBS Price Target Boost to $142 a Share,0.671,0.313,0.554,0.134
41,"End of Quarter, Stimulus Package, Treasuries, Gold, Trading Apple, Nvidia",0.0,0.0,1.0,0.0
42,Skeletons In The Closet Haunt Volkswagen As PR Stunt To Highlight EV Foray Backfires,0.633,0.083,0.841,0.076
43,Foxconn’s Profit Misses Estimates as Pivot to Cars Accelerates,0.96,0.077,0.867,0.056
44,Phonemaker Xiaomi Plans to Plow $10 Billion into Electric Cars,0.988,0.074,0.9,0.025
