﻿,Titles,Polarity,Positive,Neutral,Negative
0,Ken Fisher Sold These 10 Stocks Before Entering 2022,1.0,0.136,0.824,0.04
1,Apple is updating its AirTags trackers to address stalking concerns,0.986,0.085,0.885,0.03
2,Apple Boosts Privacy of AirTags After Stalking Reports,-0.445,0.062,0.867,0.072
3,3 Wildly Oversold Nasdaq Stocks to Buy,0.999,0.127,0.847,0.026
4,3 Bargain Stocks to Buy in the Streaming Services Space,0.99,0.071,0.907,0.022
5,Tech Storm Hits Smaller Stocks as Rate-Hike Concern Builds,0.987,0.109,0.856,0.035
6,"Market check: Stocks mixed after inflation print, Fed rate hike uncertainty",-0.153,0.0,0.909,0.091
7,"Disney streaming service ‘back on track,’ tech analyst says",-0.25,0.072,0.829,0.099
8,S&amp;P 500 Slips as Fed's Bullard Rate Hike Call Rattles Stocks,0.991,0.112,0.843,0.044
9,A Pairing of Peloton and Amazon Makes a Lot of Sense,0.19,0.103,0.831,0.066
10,Disney CEO: 'We continue to see value in the moviegoing experience',0.735,0.292,0.708,0.0
11,Market check: Stocks choppy as investors digest hot inflation,0.977,0.097,0.888,0.015
12,Expect a Big Tech Stock Rebound as Earnings Reignite Wall Street Spirits,0.999,0.144,0.822,0.034
13,S&amp;P 500 Falls as Tech Stumbles After Fed's Bullard Talks Up Larger Hikes,0.991,0.112,0.844,0.045
14,"Disney earnings: The ‘biggest surprise’ was in the theme park business, analyst says",0.361,0.102,0.898,0.0
15,"Twilio (TWLO) Q4 Loss Narrower Than Expected, Revenues Up Y/Y",0.995,0.099,0.868,0.033
16,"Twitter’s New CEO Aims to Move Faster, Not Change Course",0.999,0.135,0.833,0.032
17,"Sonos (SONO) Beats on Earnings In Q1, Raises '22 Outlook",0.996,0.11,0.873,0.018
18,"Disney earnings: Streaming subscribers, theme park revenue jump in Q1",0.671,0.234,0.766,0.0
19,"Twitter Announces $4 Billion Share Buyback, Revenue Increase",0.997,0.111,0.858,0.032
20,How to Rationalize the Impact of Inflation on Your Portfolio,0.45,0.141,0.859,0.0
21,1 Metaverse Stock That Just Crushed Its Big Tech Rival,0.888,0.126,0.874,0.0
22,UPDATE 1-Twitter misses ad revenue and user growth estimates; revenue forecast light,0.98,0.084,0.888,0.028
23,Best Growth Stocks to Buy for February 10th,0.989,0.11,0.89,0.0
24,This 5G Stock Is a Terrific Bargain Right Now,-0.035,0.123,0.763,0.114
25,Twitter misses ad revenue and user growth estimates; revenue forecast light,0.978,0.082,0.889,0.029
26,These 4 Stocks Make Up Nearly 75% of Warren Buffett's Portfolio,0.856,0.225,0.775,0.0
27,World’s Largest iPhone Assembler Says Parts Shortages Are Easing,0.931,0.079,0.874,0.047
28,Twilio’s Profit Outlook Removes Key Question Over Future Growth,0.999,0.124,0.858,0.017
29,"Western Digital, Kioxia Say Contamination Hurt Chip Output",-0.099,0.045,0.903,0.052
30,Samsung Ends Note and Bets Big on Foldables to Tackle IPhone,0.991,0.083,0.895,0.022
