﻿,Titles,Polarity,Positive,Neutral,Negative
0,10 Medical Device Stocks for 2021,1.0,0.125,0.845,0.03
1,Microsoft closes trading with a $2 trillion market cap for first time,0.976,0.08,0.907,0.013
2,Microsoft sent a strong signal to developers that could hurt Apple and Google,0.532,0.067,0.878,0.055
3,Is Peloton Stock A Buy? PTON Powers Above Key Level After Corporate Wellness Launch,0.671,0.277,0.723,0.0
4,Klobuchar Says ‘Small But Mighty’ Group Is Out to Bust Trusts,0.997,0.152,0.807,0.041
5,Could a Financial Robo-Advisor Be Right for You?,0.445,0.173,0.827,0.0
6,"Microsoft Reveals Windows 11, Latest Version Since 2015",0.95,0.066,0.914,0.019
7,"Microsoft Gives Windows New Design, Builds in Conferencing Tool",0.991,0.073,0.901,0.025
8,"Apple Investors Are Jittery About the Next iPhone. Stay Bullish, Morgan Stanley Says.",-0.718,0.0,0.829,0.171
9,Microsoft's Windows 11 brings updated looks with a focus on multitasking and gaming,0.997,0.102,0.871,0.027
10,Democrats’ new bills to regulate Big Tech are a reckless rewriting of antitrust law — and they won’t protect consumers,0.178,0.091,0.909,0.0
11,"S&amp;P 500, Nasdaq Boast Record Close as Biden Unveils Infrastructure Deal",0.993,0.101,0.867,0.032
12,"Microsoft Gives Windows New Design, Builds in Conferencing Tool",0.993,0.084,0.908,0.008
13,Why PayPal Raised Its Processing Fees -- and Why It Could Backfire,0.0,0.0,1.0,0.0
14,"REFILE-UPDATE 1-Microsoft shows Windows 11, first major overhaul in six years",0.392,0.038,0.93,0.032
15,Why Apple (AAPL) Stock Might be a Great Pick,0.991,0.121,0.875,0.003
16,Comcast's (CMCSA) Peacock to Stream on Amazon Fire TV in US,0.997,0.136,0.855,0.01
17,ViacomCBS (VIAC) Reorganizes Businesses to Focus on Streaming,0.995,0.117,0.874,0.009
18,Garmin (GRMN) to Boost Aviation Segment With Latest Move,0.997,0.133,0.862,0.005
19,10 Best Defensive Stocks to Buy Today According to Billionaire Ken Fisher,1.0,0.155,0.83,0.015
20,Google Delays Phaseout of Advertising Cookies Until 2023,0.827,0.065,0.901,0.034
21,Here comes the dividends,0.772,0.055,0.908,0.037
22,Are Investors Understanding What's Going on With Lordstown Motors?,-0.649,0.0,0.892,0.108
23,Microsoft Gains While Windows 11 Is Showcased,0.951,0.083,0.909,0.008
24,"Look inside Apple's new downtown L.A. store and event space, a symbol of its Hollywood ambitions",1.0,0.123,0.864,0.013
25,French Court Sets Hearing Date for Apple Case Over App Store Terms – Report,0.964,0.122,0.808,0.07
26,"The Zacks Analyst Blog Highlights: Apple, Cummins, General Motors, Exxon Mobil and Target",0.999,0.132,0.839,0.029
27,Microsoft to unveil first new Windows in six years,0.872,0.063,0.902,0.035
28,Meet Apple's Next Big 5G Play,0.361,0.158,0.747,0.095
29,Here's How to Find the Best Dividend Stocks,0.0,0.0,1.0,0.0
30,3 Great Robinhood Stocks to Buy This Summer,0.786,0.181,0.783,0.036
