﻿,Titles,Polarity,Positive,Neutral,Negative
0,Murata to Run More Plants Entirely on Renewable Energy by March 2023,0.986,0.116,0.82,0.064
1,10 Best ETFs to Invest In for Retirement,1.0,0.137,0.845,0.018
2,A Safer Bet on $145 for Cloudflare Stock,0.96,0.106,0.815,0.079
3,How Apple became one of the largest companies in the world,-0.956,0.061,0.871,0.069
4,"Apple, Facing Outcry, Says App Developers Are Thriving on iPhone",0.895,0.074,0.877,0.049
5,Apple Push Into Baseball Includes Elevating Female Broadcasters,-0.796,0.023,0.93,0.047
6,Stock Market Today: Dow in Turnaround as Tech Dip-Buyers Emerge,-0.917,0.093,0.796,0.111
7,7 Virtual Reality Stocks Bringing Web 3.0 to Life,1.0,0.109,0.885,0.006
8,Seagate (STX) &amp; Phison Collaborate to Advance SSD Development,0.998,0.137,0.848,0.015
9,"The Zacks Analyst Blog Highlights Apple, Caterpillar, The Travelers Companies, Visa and Dow",1.0,0.147,0.839,0.014
10,"Amazon, Alphabet, Wells Fargo top LinkedIn ranking of best places to grow a career",0.072,0.132,0.777,0.091
11,"What does Gen Z want? Nike, Lululemon and iPhones — and they use Apple Pay over Venmo, teen spending report says",0.459,0.13,0.87,0.0
12,"Market check: Stocks mixed in early trading, tech gains, oil rebounds",0.0,0.0,1.0,0.0
13,10 Monthly Dividend Stocks to Buy in April,1.0,0.117,0.869,0.015
14,10 Penny Stocks to Buy in April,1.0,0.128,0.86,0.012
15,Missed Out on Apple? My Best Warren Buffett Growth Stock to Buy and Hold,0.96,0.222,0.778,0.0
16,12 'Cash Machine' Stocks Will Churn Out $506 Billion This Year,0.665,0.162,0.838,0.0
17,"Tech stocks haven’t been this oversold since 2015, leading analyst says",0.296,0.104,0.896,0.0
18,Can Google and Big Tech Infiltrate the Health and Fitness Market?,0.079,0.108,0.813,0.079
19,"Dow Jones Futures Rise After Federal Reserve Fears Strain Market Rally; Tesla, Nvidia Make Key Moves",-0.422,0.0,0.865,0.135
20,6 Cheap Dividend Stocks Worth Buying Before They Raise Their Dividends,0.999,0.072,0.92,0.008
21,Buffett’s Berkshire Hathaway Builds New $4.2 Billion HP Stake,-0.649,0.053,0.884,0.063
