﻿,Titles,Polarity,Positive,Neutral,Negative
0,Apple (AAPL) Stock Sinks As Market Gains: What You Should Know,0.991,0.102,0.885,0.013
1,Intel (INTC) Option Traders Primed for Rise on Earnings,0.612,0.217,0.783,0.0
2,Netflix will face its biggest test yet when it breaks into gaming,0.997,0.097,0.872,0.031
3,Apple: Deutsche Bank Survey Points to a Strong iPhone Upgrade Cycle,0.992,0.092,0.898,0.01
4,How Silicon Valley is returning to work with a mask non-mandate,-0.103,0.045,0.878,0.077
5,Who’s more anti-competitive — Alphabet or Apple?,0.92,0.16,0.84,0.0
6,"Silicon Valley is going back to the office — some with masks on, vaccinated or not. Others are holding off a return altogether",-0.103,0.045,0.878,0.077
7,"Netflix's content pipeline 'has dried up,' analyst argues",0.296,0.104,0.896,0.0
8,"Books, podcasts &amp; TV: Harry and Meghan continue to expand media footprint after royal exit",0.995,0.082,0.887,0.031
9,Apple (AAPL) to Report Q3 Earnings: What's in the Offing?,0.999,0.181,0.799,0.021
10,IBM Beats The Wall Street Forecasts,0.994,0.108,0.884,0.007
11,IBM Option Traders Optimistic After Earnings,0.318,0.133,0.867,0.0
12,Should Investors Be Worried About Apple's Regulatory Woes?,-0.7,0.0,0.888,0.112
13,5 Must-Buy Technology Bigwigs Before They Report Earnings,0.999,0.13,0.858,0.012
14,3 Top Stocks That Are Cash Cows,0.881,0.25,0.714,0.036
15,Apple Reportedly Going All-In on 5G With Next-Generation iPhones,0.0,0.0,1.0,0.0
16,UPDATE 1-Apple to release all 5G-enabled iPhones for 2022 lineup - Nikkei,-0.103,0.028,0.948,0.024
17,Apple to release all 5G-enabled iPhones for 2022 lineup - Nikkei,-0.103,0.03,0.945,0.025
18,Netflix Promises Growth Ahead After Languid Start to Year,0.998,0.113,0.848,0.039
19,"China ‘IPhone City’ Relocates 100,000 After Record Rain, Flood",0.236,0.04,0.915,0.045
20,Apple goes all in on 5G for next year’s iPhones,0.625,0.054,0.946,0.0
