﻿,Titles,Polarity,Positive,Neutral,Negative
0,Dow Jones Flat; AMC Even As New Meme Stock Explodes; Latest Leader Charges Higher,0.0,0.0,1.0,0.0
1,Apple’s Stock Ticks Higher as WWDC 2021 Keynote Impresses the Street,0.66,0.184,0.816,0.0
2,Why this tech giant will have a flexible return to office policy for workers,0.984,0.091,0.875,0.034
3,"Dow Jones Pares Loss As Apple, IBM Lead; Nasdaq Tries To Hold Gains; Bitcoin Dives",0.519,0.159,0.728,0.113
4,Ransomware boom comes from gangs that operate like cloud-software unicorns — ‘a truly incredible business model’,-0.813,0.079,0.702,0.219
5,The Apple employees’ complaint letter is also a road map for reopening offices,-0.296,0.0,0.929,0.071
6,10 Best Stocks to Buy According to Warren Buffett,1.0,0.127,0.849,0.024
7,Apple will show you how often apps track you,0.0,0.0,1.0,0.0
8,Tech stocks to watch as the economy recovers,0.0,0.0,1.0,0.0
9,10 Best Stocks to Buy Now According to Bill Gates,1.0,0.127,0.853,0.021
10,"Dow Jones Today Lags, Nasdaq Tests 14,000 As Tesla Climbs On China Sales, Apple Enters EV Battery Talks",0.0,0.0,1.0,0.0
11,ViacomCBS (VIAC) Expands Paramount+ Content With New Lineup,0.995,0.107,0.874,0.019
12,"Apple Higher On Bullish Call, Battery Talks",0.941,0.065,0.935,0.0
13,"Dow Jones Today Lags, Nasdaq Futures Rise: Tesla Climbs On China Sales; Apple In EV Battery Talks",0.25,0.095,0.905,0.0
14,"Walmart's Private-Label Electronics Threat to Roku, Amazon, and Others Is Getting Very Real",-0.318,0.0,0.909,0.091
15,30 Best Jobs for 18 Year Old College Students,1.0,0.176,0.807,0.017
16,An Outage Hit Major Websites. The Internet’s Infrastructure Appears Shaky.,0.599,0.155,0.802,0.043
17,Here's What Apple Announced at WWDC 2021,0.848,0.128,0.847,0.025
18,Top 5 Stocks With Robust EPS Estimate Revision in Last 7 Days,1.0,0.184,0.789,0.027
19,This Top Media Stock Has 1 Key Advantage Over Netflix and Spotify,0.422,0.041,0.959,0.0
20,4 Stocks to Hold for the Next 20 Years,0.71,0.112,0.888,0.0
21,"The Zacks Analyst Blog Highlights: Advanced Micro Devices, Bloomin' Brands, Boyd Gaming Corp, 3D Systems Corp and Apple",0.999,0.118,0.858,0.024
22,Apple in Talks with Tesla Supplier CATL for Battery Supply Deal: Report,0.97,0.071,0.907,0.022
23,SoftBank Seeks $7.5 Billion Loan Secured by Planned Arm Sale,0.993,0.118,0.861,0.02
24,Here's Which FAANG Stocks You Should Buy Now,0.612,0.21,0.688,0.101
25,"Tesla Trouble, Bitcoin Slips, G-7 Deal Opposition - What's Moving Markets",0.882,0.083,0.841,0.075
26,Apple Launching FaceTime for Android and Windows Users,0.791,0.089,0.911,0.0
27,UPDATE 2-Apple's new 'private relay' feature will not be available in China,0.637,0.036,0.949,0.015
