﻿,Titles,Polarity,Positive,Neutral,Negative
0,TheStreet.com's AAP Team Discusses Apple and More,0.0,0.0,1.0,0.0
1,‘A cold dark place’ — Michael Burry thinks the market has plenty of room to plunge. But he finally sees value in these 4 stocks,0.992,0.113,0.853,0.034
2,3 Mega-Cap Stocks for Recession-Proof Dividends,0.999,0.123,0.842,0.035
3,Dow Jones Up As Powell Gives This Recession Warning; Bitcoin Crumbles Again; 3 Stocks Eye Buy Points,0.235,0.134,0.866,0.0
4,2 Safe Stocks to Buy in This Bear Market,0.813,0.16,0.84,0.0
5,Alphabet (GOOGL) Updates Google Tasks With Latest Feature,0.994,0.12,0.864,0.016
6,10 Important Stocks in Billionaire Richard Chilton’s Latest Portfolio,0.999,0.115,0.857,0.029
7,"Market check: Tech stocks mixed, 10-year Treasury yield retreats",0.0,0.0,1.0,0.0
8,"Market check: Stocks open lower, energy under pressure",0.0,0.0,1.0,0.0
9,Market Sell-Off: 1 Tech Stock to Buy Hand Over Fist Right Now,0.718,0.117,0.859,0.023
10,Apple and Other Tech Stocks Had a Nice Rally. Now They’re Falling Again.,0.66,0.127,0.836,0.037
11,Apple 13-inch MacBook Pro Review: The Super Speedy M2 Chip in a Classic Build,0.349,0.04,0.939,0.021
12,"3 Reasons to Buy Meta Platforms, and 1 Reason to Sell",0.735,0.086,0.914,0.0
13,"If You'd Invested $10,000 in Apple in 2012, This Is How Much You Would Have Today",0.949,0.174,0.826,0.0
14,"Meta, Microsoft, Alibaba, Others Form Metaverse Governing Body; Apple's Name Missing",0.967,0.113,0.852,0.035
15,7 Blue-Chip Stocks to Buy and Hold for the Long-Haul,0.999,0.142,0.834,0.024
16,Apple Isn’t Priced for a Recession,0.649,0.194,0.806,0.0
17,This Dirt-Cheap Warren Buffett Stock Should Be Your Top Pick Right Now,0.762,0.308,0.589,0.103
