﻿,Titles,Polarity,Positive,Neutral,Negative
0,Oracle Quietly Adds Abortion Travel Reimbursement Benefits,0.972,0.079,0.884,0.036
1,"When in Doubt, Zoom Out; Bear Markets Are a Goldmine",0.999,0.18,0.763,0.057
2,Former Apple Lawyer Pleads Guilty to Insider Trading,-0.202,0.0,0.893,0.107
3,Apple Ex-Corporate Law Chief Admits Years of Insider Trading,-0.948,0.075,0.818,0.107
4,Stocks Close Lower; Nasdaq Posts Record-Setting Loss In First Half,-0.727,0.0,0.766,0.234
5,Apple’s former corporate law director pleads guilty to insider trading,0.103,0.06,0.94,0.0
6,Former top Apple lawyer pleads guilty to insider trading,-0.982,0.057,0.794,0.149
7,Stocks Remain Negative; Nasdaq On Track For Record-Setting Losses In First Half,-0.727,0.0,0.766,0.234
8,How to protect your data in a post Roe v Wade world,0.997,0.096,0.87,0.034
9,Apple has ended imports of gold and tungsten from Russia,-0.296,0.0,0.879,0.121
10,Is Pinterest's CEO Change Good News? It Depends on How You Look at It,0.952,0.146,0.854,0.0
11,"Enjoy Technology, Led by Ex-Apple Executive Ron Johnson, Files for Chapter 11 to Sell Itself",0.0,0.0,1.0,0.0
12,The Apple Watch Series 7 is Just $312 on Amazon,0.557,0.213,0.787,0.0
13,"Android Smartphone Makers Cutting Orders, But Apple Holds Firm",-0.128,0.0,0.927,0.073
14,Stock Market Today: Dow in Worst Quarterly Loss Since 2020 on Recession Fears,-0.985,0.068,0.802,0.13
15,"S&amp;P 500 Cuts Some Losses, But Still Set for Biggest H1 Loss in Decades",-0.984,0.081,0.779,0.14
16,"Some streaming ads go to waste, new 'Stranger Things' set to debut",0.0,0.0,1.0,0.0
17,"Why Amazon, Apple, and Nvidia Are Falling Today",0.459,0.069,0.911,0.02
18,Tech stocks: Nasdaq having its worst year ever,0.0,0.0,1.0,0.0
19,3 Reasons Why Apple Stock Is a Buy,0.0,0.0,1.0,0.0
20,Companies are spending more money on private jets,0.0,0.0,1.0,0.0
21,10 Small-Cap Stocks to Buy According to Ken Fisher,0.999,0.113,0.862,0.025
22,These 10 stocks in the S&amp;P 500 have lost $4.1 trillion of investors’ money during the first half of 2022,0.44,0.075,0.925,0.0
23,FCC Commissioner on TikTok: ‘There are lots of reasons to be concerned’,0.34,0.059,0.941,0.0
24,This FAANG Stock Is Too Cheap to Ignore,0.348,0.1,0.825,0.075
25,"All 30 Dow stocks are falling, with Goldman Sachs and Salesforce the biggest drags",-0.751,0.025,0.866,0.109
26,"3 Stocks That Turned $1,000 Into Half a Million Dollars",0.681,0.113,0.887,0.0
27,"Samsung's Commercializes 3-Nm Chip Production To Grab Bigger Pie From Apple, Qualcomm",0.985,0.146,0.831,0.023
28,"Nvidia, Apple, Microsoft And Others Set To Lose As Gartner Predicts Demand Softness For Smartphones, PCs In 2022",0.488,0.093,0.825,0.082
29,Disney's Streaming Strategy Is a Home Run -- Here's Why,0.477,0.061,0.939,0.0
30,"Stock market news lives updates: Futures fall, S&amp;P 500 heads for worst first half in 52 years",-0.953,0.052,0.879,0.069
31,These 3 Dow Stocks Are Set to Soar in 2022's Second Half and Beyond,-0.137,0.061,0.853,0.085
32,"Down 20% in 6 Months, Is Now the Time to Buy Apple Stock?",0.891,0.188,0.812,0.0
33,FOCUS-Apple eyes fuel purchases from dashboard as it revs up car software,0.654,0.031,0.952,0.017
34,Crypto Winter Is Coming After SEC Rejects Key Bitcoin ETF,0.318,0.093,0.849,0.058
35,Qualcomm’s Apple Slice Still Has an Expiration Date,0.44,0.141,0.794,0.065
36,Meta Stock Bears the Weight of a Risky Venture,0.981,0.104,0.823,0.073
37,Influencers with Andy Serwer: Costis Maglaras,0.0,0.0,1.0,0.0
38,An FCC Commissioner Wants TikTok Yanked From Apple and Google App Stores,0.077,0.13,0.757,0.114
39,Samsung Is First to Start Mass Production of 3-Nanometer Chips,0.987,0.102,0.862,0.036
40,Inside Didi’s $60 Billion Crash That Changed China Tech Forever,0.89,0.076,0.852,0.072
