﻿,Titles,Polarity,Positive,Neutral,Negative
0,Is Peloton Stock A Buy Amid Post-Covid Expansion Plans?,0.66,0.286,0.714,0.0
1,We must balance higher corporate taxes with the need to stay competitive globally: Cisco CEO,0.996,0.131,0.846,0.024
2,Analyst Ratings for Apple,0.417,0.046,0.919,0.035
3,Better Buy: QQQ vs. VOO,0.0,0.0,1.0,0.0
4,Apple Loses Bid to Stop Swatch Using Jobs’s ‘One More Thing’ Cue,-0.913,0.053,0.867,0.08
5,Stocks' 'path for least resistance' is up right now: CIO,0.0,0.0,1.0,0.0
6,"What You Need to Know In Options this Week: Netflix, Tesla, Lululemon, Blackberry, Chewy, Gamestop, SPY And More",0.959,0.042,0.944,0.013
7,A Look Into Apple's Debt,-0.971,0.07,0.8,0.129
8,"Thinking About Buying Stock Or Options In Amazon, Nio, Snap Or Apple?",0.642,0.048,0.921,0.031
9,"The Zacks Analyst Blog Highlights: Pinterest, Adobe and Apple",1.0,0.135,0.839,0.026
10,"Zacks Industry Outlook Highlights: Skyworks, Qorvo, Resonant, Apple, Akoustis and RF Industries",1.0,0.134,0.834,0.032
11,Bilibili Drops in Hong Kong Debut After Tech Loses Shine,0.997,0.117,0.853,0.03
12,"These 6 Dividend Stocks Pay $82 Billion a Year, Combined, to Their Shareholders",0.361,0.043,0.957,0.0
13,Apple Said To Be Mulling A Watch Variant Aimed At Extreme Users,0.05,0.033,0.945,0.022
14,"This App For iPhone, iPad Allows You To Create Your Own NFT",0.968,0.093,0.884,0.023
15,"Apple Rolls Out Another Update To Fix 'Actively Exploited' WebKit Vulnerability In iPhone, iPad, and Watch Devices",0.649,0.062,0.901,0.037
16,Bilibili Drops in Hong Kong Debut as Tech Shares Lose Shine,0.997,0.116,0.858,0.026
