﻿,Titles,Polarity,Positive,Neutral,Negative
0,Alex Gorsky Joins Apple’s Board of Directors,0.997,0.114,0.882,0.004
1,Some Big Tech Stocks Have Gone Bonkers. They’re Not That Expensive.,0.599,0.123,0.877,0.0
2,Apple CEO Tim Cook says it was Steve Jobs that ‘geared the company to fight for people’s privacy’,0.997,0.11,0.849,0.041
3,Why Pete Najarian Just Swapped Amazon Call Options For Apple,0.989,0.128,0.831,0.042
4,"Citing Apple and Google, Dallas developer plots 940 new homes in Harnett County as area booms",-0.128,0.0,0.947,0.053
5,Market check: Stocks dip in intraday trading after record run,0.919,0.075,0.886,0.04
6,"Tim Cook Owns Crypto, but Apple Won’t Invest Its Cash Into It",0.0,0.0,1.0,0.0
7,"Crypto ‘reasonable to own’ as ‘part of a diversified portfolio,’ but don’t expect Apple to take bitcoin payment soon, says Tim Cook",0.0,0.0,1.0,0.0
8,Apple Chief Tim Cook Reveals He Owns Some Crypto,0.978,0.086,0.898,0.016
9,"Dow Jones Falls As Bitcoin Hits Record High; 3 Key Earnings Movers Include PayPal, Roblox",0.0,0.0,1.0,0.0
10,VC legend John Doerr says climate change brings economic opportunity that’s bigger than the internet boom,0.743,0.207,0.793,0.0
11,"Dow Jones Futures Fall As Bitcoin Hits Record High; 3 Key Earnings Movers Include PayPal, Roblox",0.0,0.0,1.0,0.0
12,"Tim Cook Owns Crypto, but Apple Has No Plans for Digital Currency",0.153,0.147,0.733,0.121
13,2 Tech Dividend Stocks to Buy in November,0.691,0.092,0.908,0.0
14,7 Stocks to Buy That Could Be the Next Trillion-Dollar Company,0.999,0.104,0.868,0.028
15,"After Approaches by Delivery Hero, Mrsool Charts Own Path to IPO",0.993,0.105,0.862,0.033
