﻿,Titles,Polarity,Positive,Neutral,Negative
0,Apple (AAPL) Outpaces Stock Market Gains: What You Should Know,0.994,0.107,0.893,0.0
1,10 Most Popular Finance Podcasts,1.0,0.121,0.869,0.01
2,"Facebook Rises After Lawsuit Dismissal, Hits $1 Trillion Value",0.966,0.101,0.851,0.048
3,Qualcomm Collaborates With Over 40 Companies On Faster 5G: Reuters,0.934,0.084,0.908,0.008
4,Apple wants to replace your wallet with the Apple Watch,0.977,0.06,0.908,0.032
5,"Apple Inc., (NASDAQ:AAPL) Delivered a 39% Return on Capital Employed - Fundamental Review",0.998,0.111,0.871,0.018
6,Small Companies to Invest in 2021,1.0,0.166,0.822,0.012
7,"Beware of the ‘cyclical hiccup’ next year, strategist warns",0.0,0.0,1.0,0.0
8,Microsoft has evaded the antitrust scrutiny of its rivals playing the White Knight,-0.44,0.0,0.927,0.073
9,"S&amp;P 500, Nasdaq Close at Record on Tech Bets; Facebook Joins $1Tn Club",0.952,0.076,0.88,0.044
10,How Apple plans to replace your wallet and keys with your Apple Watch,0.0,0.0,1.0,0.0
11,16 Best Beginner Stocks to Invest in Right Now,1.0,0.14,0.836,0.024
12,3 Stocks and ETFs That Pay You Each Month,0.796,0.127,0.852,0.021
13,15 Best Very Cheap Stocks to Buy Right Now,1.0,0.108,0.88,0.012
14,Apple's (AAPL) ECG Feature on Watch Receives China's Approval,0.999,0.144,0.851,0.005
15,Apple (AAPL) Expands Apple TV+ Content With First French Show,0.999,0.165,0.823,0.012
16,S&amp;P 500 Flat After Hitting Record as Energy Slumps,0.869,0.075,0.863,0.062
17,1 Small-Cap SaaS Stock With Big-Cap Potential,0.169,0.082,0.851,0.067
