﻿,Titles,Polarity,Positive,Neutral,Negative
0,"Apple to pay bonuses of up to $1,000 to store employees - Bloomberg News",0.913,0.097,0.894,0.01
1,Dow Jones Futures: Market Rallies As Fed Meeting Walks This Line; 5 Stocks Flash Buys,0.0,0.0,1.0,0.0
2,Facebook Chief Technology Officer Schroepfer to Step Down,-0.763,0.074,0.852,0.074
3,Facebook Says Apple’s Privacy Changes Hurt Digital Ad Measurement,0.34,0.13,0.87,0.0
4,"Apple Store Workers to Get Bonuses of Up to $1,000 in Rare Move",0.542,0.077,0.853,0.07
5,Apple Extends Ban on Fortnite Ahead of Appeals Process,-0.382,0.0,0.898,0.102
6,"Apple will not allow ‘Fortnite’ to return until all appeals are exhausted, which could take years",-0.354,0.043,0.832,0.125
7,Apple and Google raise new concerns by removing a political Russian app,0.625,0.195,0.805,0.0
8,Apple’s iPhone Privacy Update Is The Reason Why Facebook Underreported Ad Performance,0.461,0.058,0.903,0.039
9,Najarian Sees Massive Put Buying In Facebook—Here's How He's Playing The Stock,-0.823,0.029,0.912,0.059
10,"Retirees, Transform Your House Using Smart Home Technology",1.0,0.188,0.794,0.018
11,Why Facebook Shares Are Trading Lower Today,-0.422,0.026,0.937,0.037
12,Apple bars Epic's 'Fortnite' from App Store until all court appeals end,0.952,0.079,0.892,0.029
13,UPDATE 4-Apple bars Epic's 'Fortnite' from App Store until all court appeals end,0.952,0.078,0.894,0.028
14,Apple Bans Fortnite Until Appeals Are Exhausted in Legal Fight,-0.931,0.044,0.876,0.08
15,"Microsoft Amps Up Hardware Push With 5G Phone, Pro Laptop",-0.403,0.059,0.884,0.057
16,"S&amp;P 500 Rallies, Avoids Tantrum Even as Fed Tees Up November Taper",0.884,0.078,0.87,0.051
17,Microsoft debuts Surface Duo 2 dual-screen Android phone with larger displays and 5G,0.992,0.096,0.875,0.029
18,"Facebook falls on Apple ad changes, Workhorse suspends deliveries, Netflix gains on bullish call",-0.077,0.119,0.734,0.147
19,Facebook Drops After Warning Apple Ad-Tracking Will Slow Growth,-0.972,0.053,0.848,0.099
20,"After Today's Fed Meeting, Investors Are Stuck With Contradictory Reports On Evergrande And The Debt Ceiling",0.822,0.082,0.843,0.075
21,S&amp;P 500 Rallies Ahead of Fed Decision,-0.153,0.09,0.817,0.092
22,Apple Is Aggressively Pursuing This Massive Market With the iPhone 13,0.422,0.044,0.956,0.0
23,"Apple's iPad mini gets a powerful, pricier makeover",0.996,0.076,0.903,0.021
24,Is It Time to Buy Warren Buffett's Lowest-Priced Stock?,0.696,0.131,0.817,0.052
25,"The Zacks Analyst Blog Highlights: Apple, Eagle Bulk Shipping, J &amp; J Snack Foods and Nucor",-0.862,0.09,0.823,0.087
26,Learn to embrace your digital wallet—here are 8 benefits to love,0.802,0.281,0.719,0.0
27,"FedEx, Adobe Fall Premarket; General Mills Rises",0.978,0.116,0.853,0.031
