﻿,Titles,Polarity,Positive,Neutral,Negative
0,Apple CEO Tim Cook is right — A more open iPhone could carry a hidden cost for consumers,0.934,0.067,0.877,0.056
1,Lawsuit claims Apple monopolizes heart-rate technology for Apple Watch,-0.688,0.069,0.836,0.095
2,Bezos Says Retail Is Much More Competitive Than Phone Market,0.982,0.143,0.85,0.008
3,’We’ve innovated to the point where’ the climate impact can be lessened in crypto: Charles Hoskinson,0.273,0.044,0.956,0.0
4,"S&amp;P 500 Closes Slightly Higher as Consumer, Energy Stocks Advance",0.988,0.141,0.804,0.055
5,10 Best Cheap Tech Stocks to Buy According to Cathie Wood,0.999,0.116,0.862,0.022
6,Smartphone market could see biggest growth in six years amid 5G boom,0.572,0.159,0.795,0.046
7,Top 10 Stock Picks of Barry Ritholtz and Josh Brown,0.999,0.104,0.858,0.039
8,Ford Gains As It  Boosts EV Investments,0.979,0.103,0.878,0.019
9,S&amp;P 500 Climbs as Consumer Stocks Shine,0.984,0.14,0.793,0.067
10,"Apple (AAPL) Updates iOS, watchOS, tvOS, MacOS Big Sur &amp; More",0.999,0.135,0.856,0.008
11,Amazon Agrees to Buy MGM Film Studio for $8.45 Billion,0.998,0.12,0.83,0.051
12,"Apple (AAPL): Strong Industry, Solid Earnings Estimate Revisions",0.997,0.158,0.839,0.003
13,‘Not a chance’ Tesla will dominate car industry in 20 years: Bruce Greenwald,0.572,0.171,0.829,0.0
14,"In the Epic vs. Apple court fight, there’s one clear winner",-0.44,0.102,0.667,0.231
15,Xiaomi’s Profit Beats as Smartphone Growth Outpaces Rivals,0.993,0.098,0.865,0.037
16,2 Top 5G Stocks to Buy in a 2021 Market Crash,0.238,0.089,0.911,0.0
17,"The Zacks Analyst Blog Highlights: Apple, Goldman Sachs, Applied Materials, Snap and The Travelers Companies",0.999,0.152,0.826,0.022
18,"The Zacks Analyst Blog Highlights: Dow, Caterpillar, Home Depot, Walmart and Apple",0.999,0.124,0.855,0.021
19,Xiaomi’s Profit Beats as Smartphone Growth Outpaces Rivals,0.979,0.081,0.883,0.036
20,"Apple Via del Corso Opens Thursday, May 27, in Rome",0.999,0.134,0.864,0.001
21,Lex Midweek Letter: Apple’s Epic fight,-0.866,0.0,0.849,0.151
