﻿,Titles,Polarity,Positive,Neutral,Negative
0,"Dow Jones Futures: Market Rally Clears Key Level On Fed Chief Powell; Microsoft Stock Hits $2 Trillion, Bitcoin Rebounds",0.0,0.0,1.0,0.0
1,"Market Recap: Tuesday, June 22",0.999,0.105,0.862,0.033
2,Microsoft Rises to Join Apple in Exclusive $2 Trillion Club,0.999,0.162,0.81,0.028
3,Wait Times for Chips Hit Record 18 Weeks as Shortage Deepens,0.055,0.057,0.877,0.066
4,Apple Tower Theatre Opens Thursday in Downtown Los Angeles,1.0,0.172,0.825,0.003
5,Apple Launches Today at Apple Creative Studios to Provide Opportunities to Young Creatives,0.999,0.162,0.825,0.013
6,Apple Tower Theatre Opens Thursday in Downtown Los Angeles,1.0,0.172,0.825,0.003
7,Apple Launches Today at Apple Creative Studios to Provide Opportunities to Young Creatives,0.999,0.162,0.825,0.013
8,EU’s Google Ad Tech Probe Strikes at Heart of Business Model,0.975,0.068,0.907,0.025
9,"Wait Times for Chips Stretch Further, Deepening Shortage",0.614,0.059,0.883,0.058
10,Is Google Stock A Buy? Internet Search Giant Could Finally Be Best FANG Stock In 2021,0.382,0.088,0.912,0.0
11,Peloton Plans Armband Heart-Rate Monitor in Wearables Push,0.974,0.066,0.928,0.006
12,Nasdaq Closes at Record High as Tech Shines,0.958,0.069,0.901,0.029
13,"Got $1,000? Buy These Hot Growth Stocks Before They Take Off",0.382,0.14,0.86,0.0
14,15 Oldest Companies In The World,0.999,0.109,0.85,0.041
15,5 great deals on Apple products — from Airpods to iPads to MacBook Pros — that you can still get right now,0.7,0.124,0.876,0.0
16,Apple’s App Store Faces Antitrust Scrutiny in Germany,0.97,0.093,0.887,0.02
17,"Dow Jones Today, Stocks Wobble Ahead Of Powell Testimony; Bitcoin Dives; Splunk, CrowdStrike Rally",0.0,0.0,1.0,0.0
18,"Amazon’s breakup faces ‘long odds,’ says 'Amazon Unbound' author Brad Stone",0.969,0.109,0.813,0.079
19,25 Top Paying Jobs in America,1.0,0.115,0.864,0.021
20,S&amp;P 500  Inches Higher Ahead of Powell,0.989,0.106,0.87,0.024
21,Abrupt Exit Of First VR Gaming Partner Lands Facebook's Huge Investments In A Soup: FT,-0.625,0.021,0.931,0.048
22,Dow Jones Today At A Crossroads; Futures Slip Ahead Of Powell Testimony; Bitcoin Erases 2021 Gains,0.0,0.0,1.0,0.0
23,Facebook Is Likely to Report Huge Growth in Q2,0.635,0.101,0.874,0.025
24,"3 PC Stocks That Turned $10,000 Into Millions",0.898,0.195,0.805,0.0
25,Top 6 Blue-Chip Picks to Tap Dow's Comeback Rally,0.999,0.126,0.855,0.02
26,These 3 Dow Stocks Are Set to Soar in 2021's Second Half,0.8,0.156,0.823,0.021
27,Apple’s Branches are Ready to Blossom,0.998,0.133,0.863,0.004
28,U.S. Firm GlobalFoundries Invests $4 Billion in Singapore Chip Plant,0.992,0.102,0.85,0.048
