﻿,Titles,Polarity,Positive,Neutral,Negative
0,Cascend's Ross: Tim Cook is a 'Supply Chain Ninja',-0.44,0.055,0.844,0.102
1,Bruce Springsteen sells music catalog for $500M as streaming boom leads to 'perfect storm' for artists,0.226,0.05,0.95,0.0
2,"Dow Jones Futures: Why This Market Rally Is So Dangerous; Nio, Microsoft, Tesla, Micron, Nike In Focus",0.0,0.0,1.0,0.0
3,Don’t Give Up on Roku Stock Just Yet,0.99,0.103,0.845,0.052
4,"Tech Stocks Roundup: Apple Brings Back Mask Mandate, Closes Stores Amid Covid-19 Surge",0.612,0.24,0.76,0.0
5,Synopsys (SNPS) to Buy Back Stock Worth $200M Under ASR Pact,0.999,0.208,0.792,0.0
6,"Stock market: Short-term pressures from Omicron variant ‘could be substantial,’ BCG CEO says",0.318,0.093,0.848,0.059
7,Apple stock is smack in the middle of a perfect storm: strategist,0.979,0.089,0.89,0.021
8,Is the Semiconductor Shortage Almost Over?,-0.9,0.0,0.809,0.191
9,Sequoia Capital Finally Gets ‘Red-Pilled’ on Crypto Investing,0.982,0.069,0.899,0.033
10,"PFM Multi-Manager Series Trust Buys Danaher Corp, Monolithic Power Systems Inc, Clorox Co, ...",1.0,0.098,0.9,0.002
11,S&amp;P 500 Ends Week Lower Amid Bank-Led Rout in Financials,0.968,0.09,0.871,0.04
12,Market check: Stocks choppy in intraday trading,0.0,0.0,1.0,0.0
13,Market check: Stocks extend losses after tech sells off,0.983,0.089,0.881,0.03
14,S&amp;P 500 Slips as Bank Stocks Slide,0.974,0.096,0.859,0.045
15,How Has Warren Buffett's Stock Portfolio Performed in 2021?,0.882,0.232,0.768,0.0
16,Harvard University Stock Portfolio: 8 Latest Stock Picks,0.992,0.065,0.923,0.012
17,Apple Option Traders Bearish in the Near Term,0.511,0.177,0.823,0.0
18,Omicron: Biden warns of winter with 'severe illness and death' as COVID-19 cases rise,0.0,0.0,1.0,0.0
19,10 Dividend Stocks to Buy According to Billionaire Jim Simons’ Hedge Fund,0.999,0.102,0.866,0.032
20,Billionaire Tom Sandell is Buying These 10 Stocks,1.0,0.129,0.848,0.023
21,Read Why Piper Sandler Lacks Conviction On Apple's In-House Chip Plans,0.73,0.089,0.847,0.064
22,"These 5 Stocks Will Make Or Break Nasdaq 100 – Price Volume Analysis on AAPL, MSFT, AMZN, TSLA, NVDA",-0.17,0.072,0.85,0.078
23,Would Apple Hold Up Well in a Recession?,0.0,0.0,1.0,0.0
24,"Tech Rattled, Omicron Advances, German Gloom - What's Moving Markets",-0.979,0.071,0.829,0.1
25,Apple Stock Fell 3.5% Thursday. What Was Behind the Slide.,-0.169,0.0,0.915,0.085
26,Is The Trade Desk a Good Stock to Buy Despite Its Nosebleed Valuation?,0.794,0.142,0.798,0.06
