﻿,Titles,Polarity,Positive,Neutral,Negative
0,7 Stocks Under $50 to Buy and Hold Forever,0.998,0.09,0.897,0.013
1,TSMC’s $100 Billion Wipeout Fails to Faze Bullish Analysts,0.986,0.11,0.838,0.052
2,7 Stocks That Every 30-Year-Old Should Buy and Hold Forever,1.0,0.145,0.837,0.019
3,Analysts Just Increased Price Targets of These 10 Stocks,0.997,0.081,0.894,0.024
4,"Spotify 'not well-run' operationally despite bullish podcast sentiment, says analyst",0.996,0.127,0.832,0.041
5,"Stocks accelerate losses into the close, all 11 sectors of S&amp;P 500 in the red",-0.872,0.062,0.85,0.088
6,Why Shares of Affirm Are Down Today,0.202,0.023,0.962,0.015
7,"Dow Futures Tick Higher Ahead of CPI Print, DocuSign Reports",-0.936,0.037,0.889,0.073
8,"Don't expect some of these jobs-heavy relocations, expansions to bear fruit — for now",0.361,0.116,0.824,0.06
9,"China's Xiaomi, Realme, Honor Gained Market Share At Apple's Expense Following US Sanctions On Russia - Here's How",0.948,0.15,0.792,0.057
10,Big Tech tiptoes to the metaverse,-0.103,0.0,0.915,0.085
11,Salesforce Investors Reject Racial Audit in Activist Loss,0.904,0.093,0.844,0.064
12,Apple Plans 15-Inch MacBook Air for 2023 and New 12-Inch Laptop,0.886,0.044,0.93,0.026
13,"Thoughts on Netflix/Roku, Apple's WWDC News and Intel's Cautious Outlook",0.153,0.024,0.976,0.0
14,Apple (AAPL) Relies on Subsidiary to Manage Apple Pay Later,0.995,0.125,0.837,0.038
15,2 Top Warren Buffett Stocks to Buy Right Now,0.612,0.263,0.737,0.0
16,1 Reason Bitcoin Still Looks Overvalued,-0.612,0.094,0.754,0.152
17,Apple Stock: The Bull and Bear Cases Today,0.515,0.087,0.878,0.036
18,5 Cathie Wood Stocks to Buy in June,0.996,0.106,0.855,0.039
19,The Apple of Law Enforcement -- Is Axon a Top Stock to Buy Now?,0.296,0.099,0.901,0.0
20,The Biggest Mistake Disney Investors Can Make Right Now,-0.557,0.033,0.892,0.074
21,10 Best Bear Market Stocks to Buy According to Morgan Stanley,1.0,0.111,0.869,0.02
22,Apple’s Sales of Macs and Other Hardware May Be Slowing. Its Stock Is Dropping.,-0.44,0.054,0.844,0.102
23,Household spending on gas soars as fuel prices continue to climb,0.0,0.0,1.0,0.0
24,"Intel tightens belt, freezes hiring at its biggest revenue-generating unit",0.0,0.0,1.0,0.0
25,"China's smartphone makers chip away at Samsung, Apple's Russian market share",0.511,0.061,0.902,0.037
26,Apple's CarPlay is taking over your car,0.98,0.057,0.923,0.02
27,The 4 Best Fidelity Funds to Buy for the Income,0.998,0.144,0.833,0.023
28,"The Thin Green Line, Market Fairness, Treasury Demand, Mortgages, Meta and Musk",-0.25,0.0,0.939,0.061
29,Did Apple Just Put a Nail in Matterport's Coffin?,-0.226,0.0,0.873,0.127
30,7 Undervalued Penny Stocks to Buy for Massive Gains,0.999,0.122,0.839,0.038
31,7 Dying Blue-Chip Stocks to Sell While You Still Can,0.993,0.092,0.841,0.067
32,'Apple Pay Later' Might Crush These Growth Stocks,0.778,0.109,0.837,0.054
33,Facebook Parent Meta Pauses Dual Camera Smartwatch Project,0.972,0.118,0.862,0.019
34,"As oil prices surge, the Dow is missing ExxonMobil: Morning Brief",-0.377,0.077,0.855,0.068
35,Intel’s Problems Haven’t Gone Away and Now They May Be Getting Worse,0.0,0.0,1.0,0.0
36,Meta Halts Development of Apple Watch Rival With Two Cameras,0.931,0.048,0.922,0.03
37,Apple: new financing arm banks on credit,0.813,0.177,0.823,0.0
