﻿,Titles,Polarity,Positive,Neutral,Negative
0,"Samsung Suspends Shipments of Phones, Chips to Russia",-0.993,0.044,0.84,0.115
1,Buying Stocks in a Down Market,0.637,0.084,0.916,0.0
2,Investor Lesson: Holding Great Companies Through Turmoil,0.869,0.318,0.622,0.06
3,Apple investors approve civil-rights audit proposal,0.0,0.0,1.0,0.0
4,Apple’s March 8 iPhone event: What to expect,0.815,0.043,0.932,0.025
5,7 Hot Foreign Stocks to Buy Now Despite Global Volatility,1.0,0.108,0.877,0.015
6,UPDATE 1-Ukraine crisis highlights Big Tech's potential to disrupt daily life,-0.973,0.053,0.86,0.087
7,Apple workers to begin returning to the office on April 11,0.0,0.0,1.0,0.0
8,Apple Investors Defy Company and Vote for Civil-Rights Audits,0.913,0.089,0.846,0.065
9,Microsoft completes $19.7B acquisition of Nuance,0.44,0.104,0.896,0.0
10,Apple just set a new date for the start of its post-Covid return-to-office plan: April 11,0.382,0.122,0.878,0.0
11,Crypto companies buck trend of financial sanctions against Russia,0.974,0.062,0.905,0.033
12,Apple Wants Workers Back in the Office. Will It Be Successful This Time?,0.0,0.0,1.0,0.0
13,"UPDATE 2-Apple shareholders approve CEO Cook's annual compensation, civil rights proposal",0.956,0.104,0.84,0.056
14,"Microsoft, FedEx Join Airbnb in Suspending Russia Services. Here Are the Others.",-0.958,0.0,0.791,0.209
15,Apple Sets April 11 Return-to-Work Deadline for Corporate Staff,0.999,0.116,0.861,0.023
16,Apple sets April 11 deadline for U.S. corporate staff to return to office - Bloomberg News,0.649,0.027,0.964,0.009
17,Can Apple Resist Weakness in the Broader Market?,0.671,0.282,0.622,0.095
18,"Market check: Financial, tech, travel stocks under pressure",0.0,0.0,1.0,0.0
19,Marvell's (MRVL) Q4 Earnings and Revenues Surpass Estimates,0.999,0.139,0.842,0.02
20,Microsoft Will Suspend All New Sales of Products and Services in Russia,-0.969,0.052,0.856,0.092
21,How tech giants like Apple benefit from cutting off Russia,-0.44,0.078,0.752,0.169
22,Dow Jones Sells Off Despite Strong Jobs Report; Russia Seizes Ukrainian Nuclear Power Plant,0.0,0.0,1.0,0.0
23,Microsoft Joins Accenture and Airbnb in Leaving Russia. Here’s the Growing List of Others.,-0.958,0.0,0.793,0.207
24,Apple's Upcoming Product Could Become a Screaming Hit,0.66,0.061,0.939,0.0
25,Market strategist: Commodities have a ‘geopolitical premium priced in’,0.511,0.133,0.867,0.0
26,UPDATE 2-Microsoft suspends sales in Russia as Western sanctions tighten,-0.904,0.029,0.884,0.088
27,Dow Jones Futures Sell Off Despite Strong Jobs Report; Russia Seizes Ukrainian Nuclear Power Plant,0.0,0.0,1.0,0.0
28,Analysis-Chinese brands stay put in Russia for now despite Western exodus,-0.588,0.058,0.873,0.069
29,"Apple, Nvidia Join — Microsoft Just Misses — This Exclusive Club",0.637,0.154,0.846,0.0
30,Airbnb Joins Accenture and Spotify in Leaving Russia. Here’s the Growing List of Others.,-0.557,0.0,0.924,0.076
31,"Broadcom Gains as Big Clients' Appetite for Cloud, 5G Boosts Q1",0.977,0.12,0.841,0.039
32,"Broadcom Gives Bullish Outlook, Citing Data-Center Demand",-0.622,0.07,0.849,0.081
