﻿,Titles,Polarity,Positive,Neutral,Negative
0,"Dow Jones Futures: These Sectors Lead Market Rotation As Tesla Falls, Software Skids; 3 Stocks In Buy Zones",-0.166,0.078,0.81,0.111
1,10 Stocks that Tripled in 2021,0.999,0.13,0.843,0.027
2,7 Streaming Stocks to Tune Into After Netflix Struck Gold With Squid Game,0.999,0.111,0.846,0.043
3,"UPDATE 2-Apple files lawsuit against NSO Group, saying U.S. citizens were targets",-0.988,0.055,0.83,0.115
4,"Apple files lawsuit against NSO Group, saying U.S. citizens were targets",-0.965,0.037,0.858,0.105
5,Apple Sues NSO Group to Curb the Abuse of State-Sponsored Spyware,0.967,0.143,0.73,0.127
6,There’s an ‘incredible’ sale on Apple Airpods Pro now at $90 off — and 4 other Apple sales to consider now,0.534,0.08,0.898,0.022
7,S&amp;P 500 Ekes Out Gain After Cutting Losses as Tech Eases Off Lows,0.973,0.104,0.859,0.037
8,3 Top Artificial Intelligence Stocks to Buy Right Now,0.572,0.299,0.701,0.0
9,Apple Sues NSO Group Over 'Pegasus' Spyware,-0.202,0.091,0.783,0.126
10,"S&amp;P 500 Cuts Losses as Tech Selloff Eases, Cyclicals Shine",0.991,0.124,0.837,0.039
11,"Market check: Stocks mixed as tech remains under pressure, crude oil dips",0.0,0.0,1.0,0.0
12,Alphabet's (GOOGL) Google Updates Gmail With Material You,0.998,0.161,0.825,0.014
13,Apple Sues Spyware Firm NSO Group,-0.822,0.061,0.846,0.093
14,Apple Is on Track To Crush This Important iPhone Sales Record,0.957,0.287,0.674,0.04
15,Low Valuation Belies Positives Underlying Micron Technology Stock,0.998,0.111,0.872,0.018
16,EU Lawmakers Pass Strict New Rules Affecting Big U.S. Tech,-0.581,0.071,0.853,0.076
17,"Xiaomi’s Growth Sputters After Supply Shocks, Competition Weigh",0.965,0.085,0.862,0.052
18,UPDATE 1-Amazon and Apple handed $225 mln Italian fine for alleged collusion,0.859,0.101,0.858,0.041
19,Amazon and Apple handed $225 million Italian fine for alleged collusion,0.859,0.104,0.854,0.042
20,"Italy's antitrust fines Amazon, Apple more than 200 mln euros for alleged collusion",0.868,0.121,0.844,0.036
21,Apple told workers they can discuss wages and working conditions as one more #AppleToo leader left the company,-0.382,0.0,0.907,0.093
22,Apple critic Tile Inc acquired by Life360 in $205 million deal,0.917,0.059,0.93,0.011
23,Apple critic Tile Inc acquired by Life360 in $205 mln deal,0.917,0.059,0.93,0.011
