﻿,Titles,Polarity,Positive,Neutral,Negative
0,Warren Buffett Stocks: What's Inside Berkshire Hathaway's Portfolio?,0.296,0.091,0.909,0.0
1,"Apple, IBD Stock Of The Day, Holds Tight After Upbeat Earnings Report",0.494,0.127,0.873,0.0
2,"Billionaires Bezos, Murthy to End Controversial India Venture",0.983,0.101,0.862,0.038
3,10 Reddit’s WallStreetBets Stocks That are Tumbling,0.98,0.078,0.865,0.058
4,Were Hedge Funds Right About Apple Inc. (AAPL)?,0.998,0.108,0.872,0.021
5,Amazon Lures Advertisers From Facebook After Apple Privacy Shift,0.983,0.091,0.876,0.033
6,"Dow Jones Futures Fall, Crude Oil Tumbles With Market Rally At Highs; Tesla Cybertruck Delayed",-0.226,0.0,0.909,0.091
7,Buffett buys back Berkshire: Morning Brief,0.991,0.092,0.872,0.035
