﻿,Titles,Polarity,Positive,Neutral,Negative
0,Developing Your Circular Marketing Plan — Cyberly,0.958,0.107,0.865,0.027
1,"Ranadivé buys Kings ownership stake from Friedman, Nagle, others",0.296,0.081,0.919,0.0
2,"Apple iPhone 13 and iPhone 13 Pro review: fantastic cameras, great battery life",0.999,0.115,0.873,0.012
3,This Top Computer and Technology Stock is a #1 (Strong Buy): Why It Should Be on Your Radar,0.997,0.121,0.864,0.015
4,"The Zacks Analyst Blog Highlights: Apple, Microsoft, NVIDIA, Danaher Corp and Costco",1.0,0.161,0.821,0.017
5,Taiwan export orders growth underwhelms on smartphones,0.889,0.074,0.873,0.053
6,The iPhone 13 Is Here. It’s a Big Day for Consumers—and Investors,0.612,0.208,0.792,0.0
7,WWD and FN’s 50 Most Powerful Women,1.0,0.176,0.8,0.024
8,"Apple iPhone 13 Tests Whether Deals, Cameras Will Spur Upgrades",-0.359,0.045,0.921,0.034
