﻿,Titles,Polarity,Positive,Neutral,Negative
0,Why Apple Stock Dropped Today,-0.226,0.059,0.858,0.083
1,The S&amp;P 500 Has Had a Good Run. Why Wall Street Thinks a Pullback Is Coming.,-0.718,0.0,0.842,0.158
2,U.S. lawmakers say decision in Apple/Epic fight shows need to update laws,0.946,0.088,0.882,0.03
3,Dow Jones Futures: Market Rally Retreats Amid 'Epic' Apple Sell-Off; Will Tesla Self-Driving Release 'Blow Your Mind'?,-0.691,0.0,0.759,0.241
4,"Ruling in Epic-Apple case could hit core of App Store, but Apple escapes monopolist label",-0.874,0.037,0.757,0.206
5,Apple Stock Fell After Judge Issues a ‘Legal Blow’ Against App Store,0.226,0.106,0.894,0.0
6,Judge rules Apple must allow other forms of in-app purchases,-0.226,0.0,0.921,0.079
7,"Market Recap: Friday, September 10",-0.382,0.0,0.927,0.073
8,Stock Market Today: Dow Loses Fifth Straight as Apple Hits a Wall,0.996,0.128,0.803,0.069
9,Epic v. Apple ruling is a black eye for Apple but also a ‘containable risk’,0.923,0.071,0.872,0.058
10,"US STOCKS-Wall Street ends down, Apple sinks on app store ruling",0.969,0.08,0.873,0.047
11,"Apple’s Risk Is Limited From App Store Payment Decision, Analysts Say",-0.273,0.0,0.913,0.087
12,"US STOCKS-Wall Street ends down, Apple sinks on app store ruling",0.971,0.093,0.86,0.046
13,Buy Intel Before It Brings Chip Production to America,0.975,0.075,0.886,0.039
14,Apple’s Pain Is Gaming Developers’ Gain,0.973,0.088,0.865,0.047
15,Why Zynga Stock Popped 8% Today,0.459,0.143,0.857,0.0
16,Apple Stands to Lose a Few Billion Dollars Annually From Ruling,0.977,0.06,0.906,0.035
17,"Apple can’t force developers to use its in-app payment system, federal judge rules",0.586,0.094,0.906,0.0
18,US STOCKS-Wall Street mixed while Apple sinks on app store ruling,0.976,0.092,0.86,0.047
19,Apple Stock Falls After Judge Issues a ‘Legal Blow’ Against App Store,0.226,0.106,0.894,0.0
20,Will FAANG stocks get routed because of the Federal Reserve?,0.996,0.147,0.816,0.037
21,"US STOCKS-Wall St subdued on inflation data, Apple drop",0.957,0.076,0.881,0.043
22,Tech Stocks Are Jumping as Judge Forces Changes to Apple’s App Store,0.128,0.059,0.941,0.0
23,The 10 Richest People on Wall Street and How to Invest in Them,1.0,0.127,0.84,0.033
24,"Apple must allow other in-app purchases on App Store, federal judge rules",0.586,0.098,0.902,0.0
25,Apple Erases Nearly $85 Billion in Value After App Store Ruling,0.776,0.092,0.841,0.067
26,Court Ruling Delivers Major Setback To Apple's App Store Business,0.34,0.103,0.897,0.0
27,Apple’s App Store Dealt Blow by Judge in Epic Antitrust Case,0.991,0.102,0.83,0.067
28,"Apple Must Allow App Developers to Direct Users to Other In-App Payment Systems, Judge Rules in Epic Games Case",0.993,0.097,0.862,0.041
29,Court issues permanent injunction in Epic Games v. Apple case,0.809,0.067,0.883,0.05
30,Apple's stock takes a dive to pace the Dow's losers after report of unfavorable court decision,-0.511,0.024,0.915,0.061
31,Epic v. Apple ruling: Judge finds Apple's App Store restrictions violate antitrust law,-0.733,0.055,0.885,0.06
32,Analysts Bullish On iPhone 13 Prospects Thanks To Carrier Promotions,0.0,0.0,1.0,0.0
33,"With Expectations Muted, Demand for Apple’s New Phones Could Surprise",0.0,0.0,1.0,0.0
34,Apple’s App Store Dealt Blow by Judge in Epic Antitrust Case,-0.127,0.071,0.86,0.069
35,U.S. judge in 'Fortnite' case strikes down Apple's in-app payment restrictions,-0.786,0.029,0.911,0.06
36,UPDATE 2-Judge in 'Fortnite' case strikes down some of Apple's in-app payments rules,-0.39,0.013,0.945,0.041
37,Facebook’s WhatsApp Boosts End-to-End Encryption Amid Scrutiny,0.932,0.083,0.895,0.022
38,Match Appoints Renate Nyborg as Tinder’s First Female CEO,0.978,0.092,0.908,0.0
39,‘You should always be expecting a 10% correction in the market:’ Mike Wilson,0.0,0.0,1.0,0.0
40,3 Top Stocks to Buy for the Long Haul,0.572,0.183,0.769,0.048
41,Netflix (NFLX) Inks Multi-Movie Deal With TikToker Addison Rae,0.997,0.119,0.872,0.009
42,Apple (AAPL) is a Must Buy Ahead of iPhone 13 Launch on Sep 14,0.997,0.108,0.886,0.006
43,Apple Chip Designer Imagination Considers London IPO,0.948,0.071,0.912,0.016
