﻿,Titles,Polarity,Positive,Neutral,Negative
0,Match Slumps as Forecast Disappoints on Covid Drag in Asia,0.897,0.067,0.881,0.052
1,Starter Stock Portfolio: 10 Large-Cap Stocks To Buy,1.0,0.134,0.84,0.026
2,"This Cryptocurrency App Is Ranked Higher Than Twitter, Google Chrome And Uber In Apple's App Store",0.871,0.081,0.895,0.024
3,Fired Apple employee files complaint with U.S. labor agency,0.884,0.105,0.815,0.08
4,Amazon Music Launches Synchronized Podcast Transcripts in U.S. (Podcast News Roundup),0.446,0.072,0.877,0.051
5,"Dow Jones Gains As Apple Stock, Microsoft Rally; Tesla Stock Falls After Elon Musk Reveals This",0.0,0.0,1.0,0.0
6,7 Stocks to Set Your Sights on as the ‘Hyperinflation’ Debate Stirs Up,1.0,0.121,0.845,0.035
7,Why Apple Stock Could Be Headed Back For All-Time Highs,-0.506,0.056,0.881,0.063
8,Why Apple Could Be A Legitimate EV Player Alongside Tesla: 'Cars Will Be Computers On Wheels',0.969,0.092,0.892,0.016
9,Wall Street Rides Bullish Earnings to Record Highs,0.94,0.085,0.87,0.045
10,"Box office soars on 'Dune,' 'No Time to Die' but here's why the hybrid model may hurt",0.955,0.062,0.91,0.028
11,Berkshire Hathaway Stock Portfolio: 10 Long-Term Stock Picks,0.998,0.09,0.897,0.014
12,Is Apple Stock a Buy?,-0.296,0.0,0.938,0.063
13,10 Best Stocks To Buy Today,1.0,0.149,0.836,0.016
14,Should Apple's New Privacy Measures Make Investors Worry About the Future of Tech Stocks?,0.36,0.108,0.824,0.068
15,Apple Stock Gains On Report of iPad Production Cuts To Save On iPhone Chips,-0.026,0.061,0.873,0.066
16,Peloton Stock Looks to Be Just Spinning Its Wheels at This Point,0.988,0.089,0.864,0.047
17,10 Best Fitness Stocks To Invest In,0.999,0.137,0.85,0.013
18,Apple Stock Slips On Report of iPad Production Cuts To Save On iPhone Chips,-0.026,0.061,0.873,0.066
19,10 Stocks Making Headlines After Earnings Reports,0.999,0.128,0.852,0.021
20,Tech Stocks Roundup: Facebook Changes Company Name to Meta,0.612,0.24,0.76,0.0
21,"Rivian IPO, Supply Chain Torment, Musk Tweet on Hertz - What's Moving Markets",0.901,0.054,0.904,0.042
22,"Apple, Amazon, Google, Microsoft and Meta's Earnings: What Stood Out",0.052,0.227,0.556,0.217
23,"Apple, DuPont, Tesla, Elon Musk &amp; Markets - 5 Things You Must Know",0.511,0.071,0.929,0.0
24,"Apple, other big companies take part in new Biden effort with promises on clean energy",0.586,0.146,0.854,0.0
25,UPDATE 1-Apple cuts iPad production to feed chips to iPhone 13 -Nikkei,0.791,0.058,0.917,0.025
26,Apple cuts iPad production to feed chips to iPhone 13 -Nikkei,0.052,0.03,0.943,0.027
27,"Gaming Profits Flow to Apple (AAPL), at Least for Now",0.468,0.192,0.808,0.0
