﻿,Titles,Polarity,Positive,Neutral,Negative
0,"Dow Jones Futures: Stock Market Rally Pauses Amid Biden Tax Hike Plans, But Apple, Tech Titans Lead; Tesla Delays Continue",0.361,0.116,0.884,0.0
1,Tim Cook Finally Opens Up About The Much-Hyped Apple Car,0.991,0.097,0.866,0.037
2,"News Corporation -- Moody's assigns Ba1 CFR to News Corporation and Ba2 to new $750 million notes, outlook is stable",1.0,0.131,0.805,0.064
3,Why smartphone pioneer LG got destroyed by the competition,0.998,0.115,0.858,0.027
4,A Look at Berkshire Hathaway's Smallest Investments,0.996,0.113,0.87,0.017
5,Dow Slides As Market Struggles; Apple Retakes Key Benchmark; This Sign Buoys Cruise Stocks,0.0,0.0,1.0,0.0
6,Apple To Impose New App Privacy Notifications Soon: Reuters,0.834,0.07,0.897,0.033
7,Unknown Billionaire Phill Gross’ Top 10 Stock Picks,0.999,0.137,0.808,0.055
8,"Dow Falls As Treasury Yields Continue To Drop; Apple Reverses, Tesla Skids",0.202,0.067,0.933,0.0
9,"Dow Rises, Tech Stocks Fall As Treasury Yields Flatten; Apple, Tesla Drop",0.202,0.067,0.933,0.0
10,Jabil Inc. -- Moody's assigns Baa3 to Jabil's new note offering,1.0,0.134,0.805,0.061
11,Apple to start enforcing new app privacy notifications in coming weeks,-0.873,0.004,0.949,0.047
12,2 Must-Watch Tech Earnings Reports This Month,0.052,0.032,0.938,0.029
13,How Long Will It Take Before Bitcoin Achieves Mass Adoption?,0.178,0.021,0.979,0.0
14,2 Top Growth Stocks That Could Be Better Than Bitcoin in 2021,0.44,0.153,0.847,0.0
15,Apple and Microsoft Are Top Tech to Watch as Earnings Begin,0.202,0.083,0.917,0.0
16,Apple Hit With Class Action On Allegations Of Running An 'Unlicensed Casino',-0.28,0.115,0.766,0.119
17,Hon Hai Revenue Jumps 44% on Stay-at-Home Demand for Gadgets,0.977,0.12,0.857,0.023
18,Toshiba Set to Surge After CVC Capital Makes Buyout Offer,0.979,0.084,0.892,0.024
19,Max Schrems accuses Google of illegally tracking Android users,-0.755,0.063,0.757,0.18
