﻿,Titles,Polarity,Positive,Neutral,Negative
0,UPDATE 1-Apple likely to face DOJ antitrust suit- The Information,0.153,0.027,0.944,0.03
1,Top Investors’ Stock Portfolio: 10 Mid-cap Stocks To Buy,0.999,0.098,0.886,0.016
2,Facebook Warns of Fourth-Quarter Headwinds After Robust Growth,0.992,0.084,0.882,0.034
3,Apple 'very likely' to face Justice Department antitrust suit: report,0.361,0.167,0.739,0.094
4,Apple likely to face DOJ antitrust suit- The Information,0.153,0.028,0.941,0.031
5,Apple likely to face DOJ Antitrust suit- The Information,0.153,0.029,0.939,0.032
6,Intel CEO: My job is to win Apple back,0.996,0.129,0.868,0.003
7,Intel CEO Pat Gelsinger joins Yahoo Finance's All Markets Summit 2021,1.0,0.121,0.853,0.026
8,Why Intel is in turnaround mode,0.991,0.106,0.834,0.06
9,"Facebook earnings top $9 billion, but Apple change puts sales in the hot seat",-0.013,0.065,0.87,0.066
10,"Facebook profit tops $9 billion, but Apple change puts sales in the hot seat",-0.013,0.065,0.87,0.066
11,Facebook Sales Miss Q3 Forecasts as Growth Slows on iPhone Privacy Change,0.984,0.113,0.823,0.064
12,UPDATE 4-Facebook invests billions in metaverse efforts as ad business slows,0.948,0.06,0.91,0.03
13,Apple Among Big-Tech Earnings on Tap This Week,0.999,0.126,0.852,0.023
14,Private-Equity Firm KSL Capital Seeks $3 Billion for Sixth Flagship Fund,0.947,0.075,0.913,0.012
15,"S&amp;P 500, Dow Close at Record Highs as Tesla Accelerates to Join $1T Club",0.968,0.076,0.893,0.031
16,"Facebook Tops Q3 Earnings Forecast, Falls Light on Revenues As Apple Privacy Changes Bite",0.103,0.087,0.839,0.074
17,Apple third-gen AirPods review: The new go-to earbuds for iPhone fans,0.998,0.136,0.808,0.056
18,Google Pixel 6 Pro review: Google’s first real premium smartphone is a total winner,0.999,0.097,0.887,0.016
19,Google’s Pixel 6 Beats iPhone Camera But Fails Elsewhere: Review,0.998,0.131,0.831,0.037
20,"If You'd Invested $1,000 in Magnite in 2020, This Is How Much You Would Have Today",0.459,0.061,0.939,0.0
21,S&amp;P 500 Rises to Record Ahead of Big Tech Earnings; Tesla Hits $1T Market Cap,0.981,0.084,0.892,0.024
22,FAANG Stocks Have a Lot to Prove This Week,0.902,0.186,0.814,0.0
23,Top 5 Nancy Pelosi Stocks,0.637,0.195,0.739,0.067
24,Obama Stock Portfolio: 10 Stocks to Consider,1.0,0.131,0.838,0.031
25,5 Nasdaq Stocks Could Send the Market Soaring -- or Plunging -- This Week,0.745,0.085,0.915,0.0
26,"Dow Jones Futures: Tesla Jumps On Hertz Deal As PayPal, Trump Stock DWAC Rally; Apple Leads 7 Key Earnings",0.318,0.091,0.909,0.0
27,Snap's Earnings Report Was Better Than You Think,0.535,0.091,0.868,0.041
28,"Apple, Microsoft, Alphabet, Facebook and Amazon are part of Zacks Earnings Preview",0.998,0.087,0.89,0.023
29,Why It Makes Sense to Buy Apple Stock Right Now,0.599,0.078,0.887,0.035
30,Apple Earnings: 3 Numbers to Follow,0.598,0.102,0.87,0.027
31,Facebook ad revenue seen feeling brunt of Apple privacy changes,-0.887,0.055,0.868,0.077
32,"ContextLogic Stock Isn’t a Bad Speculative Buy, But It’s Still a Risky One",0.999,0.139,0.825,0.036
33,5 Technology Bigwigs Set to Beat Earnings Estimates This Week,1.0,0.15,0.838,0.012
34,Retirement Stock Portfolio: 10 Safe Tech Stocks To Consider,1.0,0.158,0.818,0.024
