﻿,Titles,Polarity,Positive,Neutral,Negative
0,'The audiences are always ahead': Will Packer Productions Pres. on diversity in Hollywood,0.0,0.0,1.0,0.0
1,Apple Accuses Microsoft of Using Epic in Legal Attack,-0.825,0.044,0.888,0.068
2,Dow Jones Rallies On Jobs Data; Bitcoin Falls As Biden Targets Crypto; Apple Stock Pops,0.527,0.139,0.861,0.0
3,The Apple TV 4K fixes its Siri Remote and adds great features — but it’s way too expensive,0.987,0.065,0.895,0.039
4,Dow Jones Rallies On Jobs Data; Bitcoin Falls As Biden Targets Crypto; Apple Stock Pops,0.527,0.139,0.861,0.0
5,Buy Apple Stock Because Strong iPhone Demand Is Good News for All Its Products,0.422,0.115,0.833,0.052
6,Tech Stocks Roundup: Jim Cramer Says to Buy Salesforce Stock,0.202,0.076,0.924,0.0
7,Google To Mark Brick-And-Mortar Debut This Summer,0.869,0.07,0.916,0.014
8,Microsoft To Retire Internet Explorer Next Year,0.859,0.116,0.837,0.047
9,Apple v. Epic: Tim Cook to testify Friday,-0.402,0.0,0.945,0.055
10,Dow Jones Rallies As Jobless Claims Fall To Pandemic Low; Tech Stocks Bounce,0.34,0.112,0.888,0.0
11,"ViacomCBS could be a takeover target amid media merger frenzy, analyst says in double upgrade",0.0,0.0,1.0,0.0
12,Google to open first physical store in New York this summer,0.898,0.067,0.933,0.0
13,3 Reasons Tech Stocks Are a Buy Right Now,0.897,0.161,0.798,0.04
14,Apple Up After UBS Survey Says Intent To Buy iPhones At 5-Year High,0.915,0.063,0.931,0.006
15,Looking to Strengthen Your Portfolio? Consider Buying the Dip in These 3 Top Stocks,0.691,0.125,0.875,0.0
16,Apple’s Tim Cook Faces Judge With Stakes Beyond $142 Billion of Apps,-0.768,0.068,0.862,0.071
17,Blockbusters like Godzilla v. Kong help ‘all of us in the movie business’: Jane Rosenthal,0.983,0.125,0.875,0.0
18,Influencers with Andy Serwer: Jane Rosenthal,0.202,0.045,0.955,0.0
19,10 Best Dividend Stocks to Buy According to Billionaire Richard Chilton,1.0,0.122,0.857,0.022
20,"UPDATE 1-Taiwan's April export orders surge again, outlook shadowed by COVID outbreak",0.856,0.07,0.877,0.054
21,TikTok Took on President Trump and Won Big,-0.67,0.047,0.89,0.062
22,Snap launches augmented reality glasses ahead of rivals,0.542,0.103,0.855,0.041
