﻿,Titles,Polarity,Positive,Neutral,Negative
0,3 Top Stocks to Buy as the Semiconductor Shortage Continues,0.996,0.077,0.895,0.029
1,"How Is Apple Pitting Siri Against Google Assistant, Alexa?",0.818,0.058,0.924,0.018
2,7 of the Best Stocks You Probably Haven't Heard Of,0.999,0.18,0.801,0.019
3,"Russia Seeks Removal Of Alexei Navalny's App From Apple, Google App Stores",-0.934,0.025,0.861,0.115
4,How COVID Affects Apple (AAPL),0.0,0.0,1.0,0.0
5,"Samsung’s Galaxy Z Fold3 is a foldable phone with a lot of promise, and a sky-high price",0.999,0.118,0.859,0.023
6,Florida School Fight Raises Back-to-Normal Stakes: Virus Update,0.856,0.086,0.836,0.078
7,Dow Jones Rises While Nasdaq Leads Upside As Tech Stocks Outperform,0.34,0.103,0.897,0.0
8,"US STOCKS-Wall St rebounds on tech support, but heads for weekly losses",0.916,0.082,0.863,0.054
9,Can Microsoft Beat Apple to Become the Most Valuable Nasdaq Stock?,0.671,0.084,0.916,0.0
10,Apple delays return to office until January 2022: report,-0.557,0.0,0.871,0.129
11,"S&amp;P 500 Ends Higher as Tech Reigns Supreme, but Snaps Weekly Win Streak",0.824,0.079,0.877,0.044
12,7 Upcoming IPOs That Are Getting Everyone Very Excited,0.997,0.081,0.882,0.038
13,Guidewire Software (GWRE) Buys Insurtech Provider HazardHub,0.996,0.15,0.812,0.038
14,"US STOCKS-Wall St supported by tech, but heads for weekly losses",-0.941,0.05,0.876,0.074
15,6 Dow Jones Stocks To Buy And Watch In August 2021: Apple Rallies,0.637,0.093,0.907,0.0
16,How Apple (AAPL) Stock Stands Out in a Strong Industry,0.986,0.125,0.871,0.004
17,"Apple, Microsoft Lead As This Top Sector Play Sets Up New Buy Point",0.34,0.107,0.893,0.0
18,Apple Delays Return to Work Until 2022 Due to Covid Spread: Report,-0.226,0.0,0.927,0.073
19,"Microsoft Stock Hits Record High, $2.3 Trillion Market Value, With Apple in Sight",0.697,0.233,0.767,0.0
20,Big Tech Is in a Perilous Moment. The Stocks Are Still a Buy.,0.0,0.0,1.0,0.0
21,Apple Unsuccessfully Attempted To Lure Away Former Google Search Chief Ben Gomes: Report,0.571,0.032,0.948,0.02
22,Apple delays office return to at least January - Bloomberg News,0.226,0.011,0.989,0.0
23,UPDATE 1-Apple delays office return to at least January - Bloomberg News,0.226,0.01,0.99,0.0
24,Apple Delays Office Return to at Least January on Covid Rise,0.787,0.038,0.936,0.026
