﻿,Titles,Polarity,Positive,Neutral,Negative
0,Is Tesla Just Another Car Company?,0.687,0.072,0.869,0.059
1,Facebook Ad Rates Are Falling in Yet Another Problem for Meta,0.0,0.0,1.0,0.0
2,Technology and Bank Stocks Get Boost After Aggressive Fed Action,0.906,0.12,0.792,0.088
3,"Tech stocks rally following the Fed's 75 basis point hike, hiring slowdowns continue",0.44,0.085,0.883,0.031
4,"Netflix stock: Buy, Sell, or Hold? Wall Street split on future of streaming giant",0.99,0.111,0.835,0.054
5,Why You Want the Companies You Own to Have Big Moats,0.318,0.148,0.747,0.106
6,Nike teams up with Apple to create sports streaming content,0.889,0.127,0.873,0.0
7,The market collapse has been brutal for tech,0.994,0.101,0.857,0.043
8,3 Oversold Blue-Chip Stocks to Buy Before They Rebound,0.955,0.071,0.876,0.053
9,Apple teams up Ted Lasso with MLS,0.848,0.138,0.862,0.0
10,Apple is the safest play in consumer hardware but isn’t immune to this one ‘growing risk’,0.459,0.131,0.812,0.057
11,Apple Deal With Major League Soccer A Test Case For Streaming Sports,0.572,0.198,0.802,0.0
12,"Sports streaming: Disney loses cricket league rights, Apple partners with MLS",-0.202,0.061,0.85,0.088
13,Apple's (AAPL) TV App Becomes Exclusive Destination for MLS,0.994,0.122,0.853,0.025
14,CEO’s Confidence Isn’t What Affirm Stock Needs Now,0.989,0.119,0.798,0.082
15,The end of Internet Explorer has been a long time coming,0.994,0.107,0.841,0.052
16,Which Fintech Stock Could Emerge Stronger from the Recent Selloff?,0.993,0.1,0.84,0.06
17,Top 10 Dividend Stocks to Buy According to Peter S. Stamos’ Stamos Capital,0.999,0.097,0.867,0.036
18,"Market volatility hammers tech giants Apple, Microsoft, Google",0.0,0.0,1.0,0.0
19,Apple 'doubling down on live sports content' with MLS deal is just the beginning: Dan Ives,0.973,0.069,0.921,0.011
20,Drama Is Percolating at Meta Platforms: Should Investors Steer Clear?,0.0,0.0,1.0,0.0
21,US STOCKS-Growth stocks lift Wall Street ahead of Fed's rate decision,0.973,0.074,0.898,0.028
22,"Stocks rebound, Treasury yields edge lower, China stocks rally",0.0,0.0,1.0,0.0
23,Dow Jones Rallies Ahead Of Fed Rate Hike Decision As 10-Year Treasury Yield Slides,0.202,0.091,0.909,0.0
24,Dow Jones Futures Rise Ahead Of Fed Rate Hike Decision As 10-Year Treasury Yield Slides,0.494,0.174,0.826,0.0
25,Stock market news lives updates: Stock futures rise as traders brace for Fed decision,0.972,0.075,0.883,0.042
26,L3Harris Technologies Eyes Israeli Spyware Firm NSO: Reports,0.972,0.141,0.823,0.036
27,Why Binging Has Become a Bad Bet for Netflix,0.382,0.121,0.789,0.09
28,2 Growth Stocks to Buy and Hold Forever,-0.006,0.065,0.858,0.077
29,Qualcomm Wins EU Antitrust Lawsuit Which Has An Apple Connection,0.92,0.132,0.822,0.046
30,Are You a Student? Check Out These 20-Plus Student Discounts,0.787,0.153,0.78,0.067
31,Apple’s $2 Trillion Market Valuation on Shaky Ground,0.926,0.075,0.865,0.061
32,7 Stocks to Short Before July 2022,-0.967,0.077,0.842,0.081
33,Here Are All 16 Stocks Warren Buffett Has Bought Since 2022 Began,0.886,0.142,0.844,0.014
34,"Baidu, Netflix, Apple Rise Premarket; Robinhood, MicroStrategy Fall",0.34,0.054,0.902,0.044
35,"European smartphone market falls 12% in Q1, Counterpoint says",-0.44,0.031,0.921,0.048
36,"China COVID controls makes Apple supplier Pegatron ""emphasise"" expansion elsewhere",0.899,0.074,0.892,0.034
37,Smartphone investors bet $200mn on making something out of Nothing,-0.128,0.0,0.98,0.02
38,Senate Passes State Venue Antitrust Bill That Google Opposed,0.853,0.064,0.891,0.045
