﻿,Titles,Polarity,Positive,Neutral,Negative
0,5 Stocks Warren Buffett and Bill Gates Agree On,0.999,0.201,0.769,0.031
1,"Dow Dives, Tech Stocks Sell Off On Powell Speech As Yields Spike; Tesla Crumbles 7%",-0.103,0.072,0.84,0.088
2,Why Peloton stock has plunged 25% in one month,0.996,0.13,0.84,0.031
3,IPhone Demand Drives Q1 Growth For Apple Supplier Foxconn,0.987,0.119,0.861,0.019
4,Dow Jones Dips As Nasdaq Tumbles; Will Fed Chief Powell Offer Treasury Yield 'Twist' With Stock Market Rally Reeling?,0.202,0.067,0.933,0.0
5,"Gold in $1,600 Territory As U.S. Bond Yields, Dollar Spike Again",0.765,0.05,0.913,0.037
6,Re-opening rotation trades are rocking the market: Morning Brief,0.998,0.101,0.853,0.046
7,PREMIUM: Trading profitably and prudently as the world reopens,1.0,0.111,0.839,0.049
8,ByteDance Said to Invest in Chinese Self-Driving Startup QCraft,0.989,0.105,0.879,0.017
9,Influencers with Andy Serwer: Suze Orman,1.0,0.14,0.816,0.044
10,Apple-supplier Foxconn flags strong start to year as lockdowns spur electronics demand,0.949,0.077,0.885,0.038
