﻿,Titles,Polarity,Positive,Neutral,Negative
0,US STOCKS-Nasdaq and S&amp;P 500 end down after hitting record highs,0.992,0.098,0.864,0.037
1,Apple's new official repair kits 'welcomed' by repair stalwarts iFixit,0.0,0.0,1.0,0.0
2,US STOCKS-S&amp;P 500 ends lower after Powell nomination,0.985,0.099,0.868,0.033
3,Kevin O'Leary says the 'real opportunity' for Bitcoin will come from this overlooked group of investors — but he's still a big fan of blue chip income stocks,0.999,0.154,0.824,0.021
4,"Stocks on the move: Amazon, Rivian, Blink, Airbnb, cannabis stocks, semiconductors, and more",-0.077,0.14,0.702,0.158
5,7 Companies That Ought to Be Broken Up Just Like GE,1.0,0.125,0.842,0.033
6,US STOCKS-S&amp;P 500 at record high as banks rally on Powell nomination,0.978,0.071,0.906,0.023
7,Jerome Powell still being Fed chief is bullish for stocks: portfolio manager,0.989,0.107,0.888,0.005
8,Apple Surges in Longest Rally Since July With Big Tech Surging,0.981,0.11,0.839,0.05
9,Why Apple Stock Zoomed Again on Monday,0.527,0.05,0.934,0.016
10,Billionaire Cliff Asness Portfolio: 10 Stocks Under $20,0.999,0.132,0.862,0.006
11,"Fed Chair Powell renomination 'is good news for long duration growth assets,' analyst says",0.0,0.0,1.0,0.0
12,Downtrodden Square Stock Will Climb to the Top Again,0.81,0.073,0.867,0.061
13,Mario Gabelli is Doubling Down on These 10 Stocks,1.0,0.128,0.859,0.013
14,"Apple encourages employees to discuss wages, working conditions",0.44,0.121,0.879,0.0
15,"Apple building a car ‘is a matter of when, not if’: Wedbush’s Dan Ives",0.985,0.079,0.914,0.007
16,Europe Finally Set to Vote on How to Control Biggest Tech Firms,-0.987,0.057,0.845,0.097
17,"Dow Jones Futures Rise: Biden Set To Pick Fed Chief As Market Rally Diverges; Tesla Rises, Rivian Falls",0.0,0.0,1.0,0.0
18,Warren Buffett Loves These Stocks: Are They Right For You?,0.807,0.129,0.844,0.028
19,"Investing $100,000 Into These 2 Stocks 10 Years Ago Would Have Made You a Millionaire Today",0.931,0.251,0.722,0.027
20,Apple Stock Jumps To Fresh Record High on Holiday iPhone 13 Optimism,0.922,0.409,0.591,0.0
21,Top 10 Stock Picks of Charles Paquelet’s Skylands Capital,0.999,0.101,0.887,0.012
