﻿,Titles,Polarity,Positive,Neutral,Negative
0,"Their Phone Chargers Rule Amazon, But Anker Has Bigger Ambitions",0.996,0.103,0.872,0.025
1,Why Biden can’t fix the semiconductor shortage,0.949,0.08,0.848,0.072
2,Apple’s Watch Software Chief Takes Over Self-Driving Car Project,0.964,0.047,0.943,0.01
3,Google’s Medical Chief Says Company Shifting Health Focus,0.99,0.099,0.871,0.03
4,Why the market is responding favorably to airline stocks,0.0,0.0,1.0,0.0
5,Tech Support: Should you buy the new iPhone,0.402,0.109,0.891,0.0
6,"Apple is spending 'chump change' on original content, and that is big win for Netflix stock: analyst",0.995,0.108,0.872,0.021
7,"Facebook’s Smart Glasses Can Take Calls and Photos, Lack AR",0.995,0.065,0.932,0.004
8,Apple Stock Beats the Market Ahead of the iPhone Launch. The Street Remains Bullish.,0.671,0.244,0.756,0.0
9,GameStop says it isn't just selling video games — it's also 'evolving' into a tech company,0.996,0.133,0.822,0.045
10,Microsoft Scraps Return-to-Office Plan as Delta Variant Rages,0.955,0.064,0.916,0.02
11,Amazon Lights Fire Under Hot TV Market With Branded Set Of Devices,0.527,0.188,0.812,0.0
12,"Bridgerton, Stranger Things are the most important shows for Netflix: analyst",0.477,0.094,0.906,0.0
13,"Taper Or Tarry: Will Delta, Inflation, And Employment Data Spur Fed Action Or Delay?",0.97,0.084,0.844,0.072
14,2 Top Growth Stocks to Buy Right Now and Hold for the Long Term,0.612,0.217,0.783,0.0
15,Climate Activist Hedge Fund Engine No. 1 Is Buying These Energy Stocks,0.999,0.108,0.862,0.03
16,Apple (AAPL) Set to Launch 3 Kids &amp; Family Shows on Apple TV+,0.996,0.156,0.821,0.023
17,"If You'd Invested $1,000 in Roku In 2017, This Is How Much You Would Have Today",0.477,0.077,0.923,0.0
18,"Amazon to Sell a TV Line, Stepping Up Fight With Roku and Google",0.988,0.151,0.834,0.015
19,The Rise Of Streaming Video Brings New TV Programming Gatekeepers,0.402,0.198,0.802,0.0
20,Tencent Leads $60 Billion Selloff As Gaming Crackdown Fears Grow,0.832,0.065,0.897,0.038
21,CoCoPIE helps lower end smartphones achieve high-end performance,0.987,0.076,0.908,0.015
