﻿,Titles,Polarity,Positive,Neutral,Negative
0,Apple (AAPL) Gains But Lags Market: What You Should Know,0.992,0.104,0.876,0.02
1,Apple’s Latest iPhone Sidelines Carriers From Buying Process,-0.924,0.038,0.902,0.059
2,Why one analyst is pushing to buy ‘oversold tech stocks’ like Apple,0.361,0.094,0.906,0.0
3,"Russia-Ukraine war ‘keeps me away from going all-in’ on tech stocks, portfolio manager says",0.785,0.168,0.832,0.0
4,Why Netflix is finally cracking down on password sharing,0.998,0.123,0.865,0.012
5,What the Fed’s Rate Hike Means for the Markets,0.999,0.116,0.848,0.036
6,"Amazon, Apple, Tesla and others taking Austin by storm",0.273,0.112,0.788,0.101
7,"Buy ‘oversold tech stocks,’ especially Apple: Analyst",0.994,0.109,0.868,0.022
8,Can Apple Stock Hold Its 200-Day Line? Options Trade Makes Quick 14% Return If It Does,0.818,0.12,0.853,0.027
9,Netflix (NFLX) Testing New Features Regarding Account Sharing,0.999,0.162,0.815,0.024
10,Semtech's (SMTC) Q4 Earnings and Sales Surpass Estimates,0.999,0.168,0.815,0.017
11,Apple Unleashes New Effort Aimed Squarely at Intel,-0.34,0.0,0.925,0.075
12,3 Fintech Stocks to Buy While They Are Still Cheap,0.997,0.143,0.768,0.088
13,Overlooked and underfunded: How 2-year HBCUs are building critical tech-talent pipelines despite the odds,-0.026,0.0,0.966,0.034
14,Iridium (IRDM) Satcom Adopted by Japan-Based Sumitomo,0.998,0.135,0.863,0.002
15,"Market strategist talks stocks, investing amid rising rates, and the metaverse ETF",0.459,0.107,0.893,0.0
16,Adobe (ADBE) Partners BMW Group for Experience Cloud Services,0.998,0.155,0.843,0.002
17,10 Semiconductor Stocks to Buy Today According to Israel Englander’s Millennium Management,0.999,0.092,0.887,0.021
18,Dow Jones Drops After Stock Market Surge; 5 Stocks To Buy And Watch,0.0,0.0,1.0,0.0
19,2 Stocks to Buy Now While the Market Is Still Down,-0.275,0.061,0.838,0.101
20,Apple and Google Are Brawling With Peers Over Future of the App Store,0.95,0.084,0.849,0.066
21,Apple Studio Display vs. LG Ultrafine 5K vs. Others: Finding the Best Computer Monitor,0.586,0.118,0.83,0.051
22,"Fed Hikes Rate, Growth Sectors See Surprise Gains: 5 Top Picks",1.0,0.165,0.82,0.015
23,Dow Jones Futures Drop After Stock Market Surge; 5 Stocks To Buy And Watch,0.0,0.0,1.0,0.0
24,"As Social Media’s Future Remains Uncertain, Snap Stock Is Worrying",0.986,0.102,0.851,0.047
25,Stock Market Crash: 3 Warren Buffett Stocks Down 15% to 90% to Buy Now,-0.273,0.0,0.87,0.13
26,7 Dividend Stocks That Are Poised to Move Significantly Higher This Year,1.0,0.118,0.867,0.015
27,7 Apple Supplier Stocks to Watch Following AAPL’s March Event,0.999,0.104,0.874,0.022
28,"Berkshire Hathaway Stock Hits a Record High. Buffett Can Thank Occidental, Not Apple.",0.296,0.078,0.922,0.0
29,Ukraine invasion: Russian consumers rush to snap up Chinese smartphone stocks as the rouble's value sinks,-0.031,0.051,0.902,0.047
30,The 10 Most Popular Recurring Investments of Retail Investors,0.0,0.0,1.0,0.0
31,Robot Trader Puts Its Chips on Apple and Nvidia. It Dumped Google and Meta.,0.735,0.12,0.88,0.0
32,UPDATE 1-Foxconn to work under COVID bubble in Shenzhen until Sunday - document,-0.55,0.004,0.977,0.019
