﻿,Titles,Polarity,Positive,Neutral,Negative
0,Apple Earnings: What Happened with AAPL,0.511,0.155,0.845,0.0
1,Wireless carriers discounting the iPhone 12 push Apple to a blow out quarter,0.981,0.095,0.856,0.048
2,Big Winners in Big Tech for the Quarter,0.998,0.144,0.843,0.013
3,Apple (AAPL) Q2 Earnings and Revenues Top Estimates,0.994,0.102,0.892,0.006
4,Apple reports record earnings and sales for a non-holiday quarter,0.34,0.068,0.932,0.0
5,Facebook Crushed Earnings Estimates. Its Stock Is Soaring.,0.751,0.182,0.768,0.05
6,"Dow Jones Futures: Apple, Facebook, Qualcomm Flash Buy Signals; Biden Tax Hike Plans In Focus",0.0,0.0,1.0,0.0
7,Apple Demolishes March-Quarter Estimates On Big iPhone Sales Growth,0.511,0.117,0.883,0.0
8,"Apple Has a Huge Quarter, Boosts Its Buyback Plan by $90B and Lifts Its Dividend",0.572,0.217,0.783,0.0
9,Apple Sales Crush Estimates on Surging Device Demand,0.99,0.086,0.893,0.021
10,"Apple reports record earnings, sales for a non-holiday quarter",0.34,0.068,0.932,0.0
11,Earnings alert: Apple releases quarterly earnings,0.0,0.0,1.0,0.0
12,Apple’s wave of new products brings a special kind of baggage,-0.925,0.081,0.83,0.089
13,Ogilvy Global China Practice VP on trends of Chinese business activity in U.S.,0.599,0.104,0.896,0.0
14,Apple Q2 earnings crush analysts' expectations,0.832,0.064,0.918,0.018
15,Apple Revenue Soars 54% In Q2 On Favorable Covid Comparisons; Profit Smashes Wall Street Forecasts,0.988,0.127,0.849,0.024
16,"Facebook’s Sales, Users Jump as Pandemic Habits Persist",0.991,0.09,0.875,0.035
17,Apple Revenue Soars 54% on Booming iPhone Sales in Fiscal Q2,0.988,0.086,0.903,0.011
18,Apple Reports Second Quarter Results,0.999,0.117,0.815,0.068
19,Qualcomm Gives Bullish Outlook on Strong Demand for Phones,0.989,0.113,0.859,0.028
20,"Facebook Hits 1.88 Billion Daily Active Users, 2.85B Monthly Actives In Q1; Ad Sales Surge As Co. Shrugs Off Lawsuits, Heat From Congress, War With Apple",-0.973,0.055,0.829,0.115
21,Qualcomm cruises past analysts' earnings expectations on strength of phone sales,0.987,0.095,0.882,0.023
22,Are investors hoarding cash?,0.984,0.111,0.832,0.057
23,US STOCKS-S&amp;P 500 hits record after Fed holds steady on rate policy,0.982,0.093,0.865,0.041
24,Dow Jones Lags As Powell Makes This Warning; Microsoft Slips As Alphabet Soars,0.44,0.104,0.896,0.0
25,Apple stock options point to smaller than usual post-earnings move,0.735,0.051,0.949,0.0
26,All Eyes on Apple Stock Ahead of Earnings; Analyst Says ‘Buy’,0.99,0.096,0.9,0.003
27,Dow Jones Lags As Fed Holds Steady; Microsoft Slips As Alphabet Soars; Apple Dips With Earnings Due,0.44,0.104,0.896,0.0
28,Is Peloton Stock A Buy With Earnings Around The Corner?,0.44,0.187,0.813,0.0
29,"US STOCKS-Dow, Nasdaq weighed down by Microsoft, Amgen; all eyes on Fed",0.832,0.062,0.898,0.04
30,Google's YouTube is really proving it's this generation's TV: analyst,0.989,0.089,0.899,0.011
31,Apple earnings on tap: Here's what to expect,0.0,0.0,1.0,0.0
32,Investing In Stocks: See How To Invest Using 3 Simple Steps,0.818,0.288,0.712,0.0
33,Dow Jones Drops As 3 Key Stocks Weigh; Will Apple Earnings Beat After The Close?,0.0,0.0,1.0,0.0
34,"Apple’s Q2 2021 earnings will focus on iPhone 12 sales, global chip shortage",0.946,0.053,0.928,0.019
35,What Makes Apple (AAPL) a New Buy Stock,0.997,0.129,0.86,0.011
36,"FANG Profits, Amazon Next, Economic Output: 3 Things to Watch",0.945,0.085,0.893,0.022
37,Sony Targets $1.8B Share Repurchase To Make Up For The Profit Miss: Bloomberg,0.801,0.076,0.879,0.045
38,Here’s how Warren Buffett’s top investments fared during the pandemic,0.999,0.094,0.89,0.016
39,The Argus ESG Model Portfolio,0.681,0.093,0.852,0.055
40,S&amp;P 500 Up as Fed's Powell Says 'Not Time Yet' for Tapering Discussion,0.854,0.28,0.72,0.0
41,Could An Amazon Split Foreshadow Dow Jones Industrial Inclusion?,0.965,0.098,0.866,0.035
42,"Apple, Facebook And The Fed: Full Plate Later Today Means Market Could Hit Lull Ahead Of News",0.999,0.087,0.871,0.041
43,"US STOCKS-Alphabet pushes S&amp;P 500 to record high, props up Nasdaq",0.968,0.083,0.879,0.038
44,"More Slack in Market: Boeing Mixed, Apple Tonight",0.998,0.14,0.819,0.041
