﻿,Titles,Polarity,Positive,Neutral,Negative
0,"Apple Memorial Day Deals: Save on Apple Watch, AirPods, iPad, and Mac",0.052,0.057,0.943,0.0
1,TREASURIES-U.S. Treasury yields steady on slower growth outlook,0.976,0.08,0.883,0.038
2,"Stocks bounce back from market sell-off, consumer discretionary sector adds to yesterday’s gains",0.0,0.0,1.0,0.0
3,"Dow ends higher for 5th day, scoring longest win streak in 2 months as consumer and tech sectors recover",0.637,0.144,0.856,0.0
4,Why Alphabet Investors Shouldn't Lose Sleep Over Snap's Recent Guidance,0.998,0.132,0.846,0.022
5,Apple to maintain current iPhone production as competitors gain momentum,0.994,0.105,0.855,0.04
6,"Dow, S&amp;P 500 and Nasdaq jump as consumer, tech sectors power higher",0.637,0.144,0.856,0.0
7,TREASURIES-U.S. yields edge up on slower growth outlook,0.974,0.079,0.882,0.038
8,Gold ekes out gain Thursday as dollar pulls back and stocks rally,0.0,0.0,1.0,0.0
9,"U.S. bill would bar Google, Apple from hosting apps that accept China's digital yuan",0.962,0.103,0.864,0.033
10,Iron Condor On Apple Stock Can Return 23% In A Matter Of Weeks,0.052,0.105,0.797,0.098
11,Apple Won’t Produce as Many iPhones as Expected: Report,-0.402,0.0,0.847,0.153
12,Tech Selloff: Hedge Funds are Dumping These 10 Stocks in 2022,0.997,0.078,0.885,0.037
13,TREASURIES-U.S. yields little changed as inflation fears dissipate,0.951,0.075,0.892,0.033
14,The 7 Best Reddit Stocks to Buy for June 2022,1.0,0.141,0.836,0.023
15,"Apple raises starting wage, Boeing Starliner completes test, Justin Timberlake sells music catalog",0.542,0.039,0.927,0.034
16,2 Low-Stress Dividend Stocks to Buy Now,-0.226,0.053,0.883,0.065
17,U.S. stocks open higher  though tech sector lags,0.0,0.0,1.0,0.0
18,Mario Gabelli is Selling These 15 Stocks in 2022,1.0,0.115,0.868,0.017
19,"Apple stock dips after report says company won’t increase iPhone production this year, but analyst sees a silver lining",0.077,0.037,0.932,0.03
20,Got $500? Consider This Beginner Basket of 4 Top Stocks,0.71,0.128,0.872,0.0
21,Apple Stock Is Slipping While Rivals Are Bouncing Back. Here’s Why.,-0.402,0.0,0.847,0.153
22,Why Apple Stock Could Keep Falling,0.637,0.12,0.88,0.0
23,Is Deere the Apple of Agriculture?,-0.832,0.0,0.898,0.102
24,Alphabet's AR Breakthrough Could Completely Change Travel,0.34,0.07,0.892,0.038
25,"Fed Minutes, Rate Hike Odds, Economic Decay, Apple Production, Trading Costco",0.382,0.045,0.955,0.0
26,What These 3 Key Metrics Tell You About a Stock,-0.361,0.0,0.928,0.072
27,These are the most inspirational CEOs on the Fortune 500,0.997,0.081,0.906,0.013
28,"US STOCKS-S&amp;P, Dow futures edge higher ahead of GDP data; Nvidia slides",-0.527,0.046,0.9,0.054
29,"3 Differences Between You and Billionaires, and 1 Thing You Have in Common",0.0,0.0,1.0,0.0
30,"Stock Futures Higher, Nvidia, Twitter, Apple and Snowflake In Focus- 5 Things You Must Know",0.128,0.083,0.864,0.053
31,A timeless bear market rule explains why dip buyers can't get a break: Morning Brief,0.985,0.068,0.885,0.047
32,"U.S. Stocks Climb, on Track for a Weekly Gain",0.933,0.106,0.835,0.059
33,"Apple will hike retail wages by 10% as it faces inflation, a tight labor market—and a union drive",0.796,0.096,0.82,0.084
34,Apple to Make Fewer iPhones Than Anticipated on Outlook for Weaker Consumer: Report,-0.402,0.0,0.847,0.153
35,Apple to Keep iPhone Production Flat as Market Grows Tougher,-0.842,0.06,0.871,0.069
36,Apple to keep iPhone production flat in 2022 - Bloomberg News,-0.955,0.0,0.916,0.084
37,"Macy's, Twitter, Dollar General Rise Premarket; Nvidia, Apple Fall",0.896,0.074,0.876,0.05
38,Apple’s Shanghai headache and a battle for batteries,-0.226,0.02,0.946,0.033
39,Apple raises pay as inflation climbs and labour competitiveness grows,0.039,0.036,0.918,0.046
40,Tim Sweeney: Epic will fight Apple and Google to keep the metaverse open,-0.128,0.0,0.939,0.061
41,UPDATE 1-Apple hikes pay budget for U.S. workers - WSJ,0.681,0.064,0.897,0.04
