﻿,Titles,Polarity,Positive,Neutral,Negative
0,Spring is almost here — Why it's time to clean up your iPhone,0.997,0.116,0.868,0.016
1,"Changed Focus: Why This Lumentum, NeoPhotonics Analyst Is Swapping Optical Stocks",0.974,0.116,0.832,0.053
2,"Dow Jones Flat As Yields Spike; Apple, Microsoft Fall; Leaderboard Stock Jumps",0.0,0.0,1.0,0.0
3,'Bullish cocktail' still in play for the stock market: strategists,0.995,0.131,0.831,0.038
4,The highest link to recovery is ‘the mid-cap space’: Advisor,0.0,0.0,1.0,0.0
5,Apple Stock Is Falling Again. Why That’s Not a Problem for the Dow.,0.026,0.071,0.86,0.069
6,Influencers with Andy Serwer: Ruth Porat,1.0,0.144,0.826,0.029
7,How to spring clean your iPhone,0.999,0.127,0.852,0.021
8,"Dow Rallies To Record Highs, Tech Stocks Sell Off As Treasury Yields Spike; Apple, Tesla Tumble",0.202,0.07,0.93,0.0
9,What Intel Investors Should Know About Chipmaker's Upcoming 'Unleashed' Event,0.875,0.065,0.896,0.039
10,Billionaire Ken Griffin’s Top 10 Stock Picks,0.999,0.095,0.873,0.032
11,How the cloud market will continue to grow post-pandemic,0.999,0.117,0.882,0.001
12,Google's Chrome Browser Cookie Blocking Triggers Antitrust Probe: Reuters,-0.361,0.059,0.863,0.078
13,"Google will spend $7 billion and add 10,000+ jobs in 2021: Alphabet CFO Ruth Porat",0.998,0.125,0.871,0.005
14,Apple (AAPL) Rumored to Launch New Powerful iPad Pro This April,0.999,0.128,0.856,0.016
15,5G Stocks To Buy And Watch: Smartphones Rule Today But Enterprise Plays Will Kick In,0.778,0.245,0.755,0.0
16,Peloton Partners With Adidas To Create New Apparel Line: What You Need To Know,0.969,0.094,0.88,0.026
17,Apple's 'I Am a Mac' Guy Now Wants You To Buy A PC Instead,0.936,0.072,0.895,0.033
18,Apple To Launch New High-End iPad Line With Self-Built Processor In April: Report,0.717,0.043,0.932,0.025
