﻿,Titles,Polarity,Positive,Neutral,Negative
0,"Tech product lifespans are bad for consumers, ‘huge problem’ for the environment: Expert",-0.772,0.0,0.835,0.165
1,"Markets close mixed, meme stocks accelerate gains",-0.085,0.067,0.877,0.056
2,Big Tech off the hook; Abbott under fire; Musk-Twitter feud: 3 legal stories to watch,-0.988,0.051,0.848,0.101
3,Apple streaming 'never has to get to profitability' with digital advertising: Analyst,0.0,0.0,1.0,0.0
4,10 Best Stocks to Buy According to Charles Paquelet’s Skylands Capital,0.999,0.109,0.877,0.014
5,"Holding quality stocks in tough times 'key to growing wealth,' strategist explains",0.945,0.083,0.871,0.046
6,Key Takeaways From Rosenblatt's View On Chipmakers' Earnings,0.992,0.116,0.84,0.044
7,Bed Bath &amp; Beyond leads rally in ‘meme’ stocks as Reddit group appears to be jumping back on board,-0.459,0.057,0.807,0.135
8,"Apple’s Mixed Reality Headset Could Be Announced in January, Top Analyst Says",0.361,0.111,0.889,0.0
9,3 Things to Know About Amazon's Advertising Business,0.557,0.153,0.847,0.0
10,10 Stocks That Will Suffer If China Invades Taiwan,0.998,0.094,0.868,0.038
11,Clearwater Paper and Logitech International have been highlighted as Zacks Bull and Bear of the Day,1.0,0.162,0.785,0.053
12,Berkshire Hathaway’s Stock Buying Slowed in the Second Quarter,0.7,0.279,0.721,0.0
13,"Dow Jones Futures Rise: Market Rally Resilient; Apple, Tesla, These 5 Chip Stocks Could Use This",0.0,0.0,1.0,0.0
14,"Inspirational Quotes: Angela Merkel, Tim Cook And Others",0.818,0.349,0.651,0.0
15,"Why investors should still love stocks like Apple, Amazon, Microsoft, and Google: Morning Brief",0.991,0.075,0.905,0.02
16,5 Stocks I'll Almost Certainly Still Own in 2030,0.751,0.151,0.849,0.0
17,Antitrust Bill Targeting Big Tech in Limbo as Congress Prepares to Recess,-0.026,0.109,0.778,0.113
18,India Seeks to Oust China Firms From Sub-$150 Phone Market,-0.966,0.047,0.875,0.078
