﻿,Titles,Polarity,Positive,Neutral,Negative
0,"Dow Jones Futures: Market Rally At Key Level As Sell-Off Intensifies On Inflation Fears; Apple, Microsoft, Tesla, Amazon Break Support",-0.637,0.102,0.602,0.297
1,Wall Street Pondering Ugly Outcomes for Sky-High Tech Shares,0.992,0.089,0.879,0.032
2,Apple-Epic Judge Hints at Compromise in Feud Over App Store,0.938,0.059,0.902,0.039
3,Apple's stock closes below 200-day moving average for the first time in 13 months,0.612,0.04,0.948,0.012
4,"Dow Jones Dips, Nasdaq Dives; Fed Official Makes Inflation Pledge; Bears Maul Tech Stocks",-0.422,0.0,0.896,0.104
5,Warren Buffett Stocks: What's Inside Berkshire Hathaway's Portfolio?,0.296,0.091,0.909,0.0
6,S&amp;P 500 Slumps as Tech Bulls Scatter Amid Inflation Tsunami Worries,-0.144,0.056,0.889,0.055
7,"Warren Buffett: Some Stocks Are Still Very, Very Cheap",0.994,0.127,0.82,0.053
8,Researchers keep finding 'more evidence' of suppliers linked to forced labor programs: AEI Visiting Fellow,-0.459,0.0,0.9,0.1
9,WFH opens up companies to more cyber threats: Microsoft,-0.7,0.0,0.792,0.208
10,Will Bill Gates’ Divorce Affect These Stocks?,0.999,0.1,0.885,0.015
11,Corning (GLW) Boosts iPhone Glass Production with Apple Funds,0.999,0.131,0.864,0.005
12,"Virtual Reality Stocks: Skip Facebook, Buy This Stock Instead",0.791,0.093,0.907,0.0
13,"In Epic Games v. Apple Trial, an Unorthodox Judge Presides",0.0,0.0,1.0,0.0
14,3 Companies Getting Whacked by the Global Semiconductor Shortage,0.307,0.084,0.861,0.056
15,EU court says Amazon was wrongly ordered to pay $300 million in back taxes,0.077,0.085,0.846,0.07
16,The Best Warren Buffett Stocks to Buy With $300 Right Now,0.96,0.283,0.717,0.0
17,3 Stocks That Could Be Worth More Than Apple by 2035,0.44,0.172,0.828,0.0
18,"U.S. CPI and Bond Sale,  Softbank Windfall, Gas Shortages - What's Moving Markets",-0.974,0.052,0.865,0.083
19,Jamf Holding Corp. (JAMF) Q1 2021 Earnings Call Transcript,0.872,0.192,0.808,0.0
20,"Dow Jones Futures Fall As Inflation Report Looms After Market Rally Whipsaws; Tesla, Apple Lead 8 Stocks At Key Levels",-0.422,0.0,0.906,0.094
21,"Dow Jones Futures Await Inflation Data After Market Rally Whipsaws; Tesla, Apple Lead 8 Stocks At Key Levels",-0.625,0.0,0.805,0.195
22,Apple Claims Its App Store Blocked Over $1.5 Billion in Fraudulent Transactions in 2020,-0.318,0.156,0.694,0.15
23,UPDATE 1-FCC studying impact on chips shortage on U.S. communications sector,-0.842,0.054,0.862,0.084
