﻿,Titles,Polarity,Positive,Neutral,Negative
0,Apple (AAPL) Gains But Lags Market: What You Should Know,0.994,0.112,0.883,0.006
1,Tech stocks powered the S&amp;P 500 index to a monster performance in 2021,0.178,0.082,0.918,0.0
2,Tumblr banned these words to satisfy Apple safety standards,-0.557,0.0,0.805,0.195
3,"Top Stock Reports for Apple, Abbott &amp; Infosys",0.996,0.149,0.815,0.035
4,7 Stocks That Top the Wall Street Favorites List Heading Into 2022,1.0,0.153,0.831,0.016
5,Apple can’t just throw money at its talent retention problem,0.827,0.174,0.826,0.0
6,3 Charts That Show Why the Dow Could Keep Underperforming the S&amp;P 500 and Nasdaq in 2022,0.593,0.081,0.889,0.03
7,"S&amp;P 500, Dow Notch Record Closes as Healthcare Shines",0.402,0.055,0.893,0.051
8,"Boeing 737 Max cleared in Indonesia; Apple rivals Meta in issuing bonuses; remembering Cayne, Madden, Reid",0.153,0.116,0.791,0.093
9,Alphabet's (GOOGL) Google TV to Gain Traction With New Device,0.998,0.174,0.815,0.011
10,Buy These 4 Popular Robinhood Stocks for 2022,0.999,0.164,0.816,0.02
11,"Company News for Dec 29, 2021",0.966,0.137,0.824,0.039
12,‘There’s a huge difference in what’s inside.’ Tech gurus on the 4 best non-Apple iPhone chargers (psst: they start at just $13),0.371,0.036,0.948,0.017
13,Invest Like Warren Buffett in 2022 and Buy These 3 Stocks for the Long Haul,-0.103,0.0,0.915,0.085
14,Disney Is My Favorite Stock for 2022,-0.494,0.0,0.894,0.106
15,It Looks Like Elon Musk Is Finally Done Selling Tesla Stock—for This Year,0.44,0.127,0.873,0.0
16,Analysis-U.S. retailers may pay the price for 'extended' holiday return season,-0.728,0.037,0.92,0.043
17,7 Growth Stocks That Analysts Are Loving Right Now,1.0,0.129,0.849,0.022
18,Stock Market Crash Coming? 7 Wall Street Pros Make Their Predictions,0.999,0.116,0.847,0.037
19,What will streaming services bring in 2022? Here are 5 trends to watch,0.0,0.0,1.0,0.0
20,Invest Into Apple (AAPL) With Over 50% Upside Based On Point &amp; Figures Chart,0.935,0.056,0.912,0.032
21,"Market Pause, Trading Lockheed Martin, Apple Talent War, EV Battles, Ford",-0.427,0.081,0.709,0.21
22,"Musk Sells More Tesla, Apple Shuts India Plant, Bitcoin Extends Slump, Stocks Resume Santa Rally -Five Things to Know",0.452,0.079,0.921,0.0
23,"Rising Omicron Cases, Tesla Pressure Eases, Bitcoin - What's Moving Markets",-0.975,0.068,0.846,0.086
24,Foxconn to Overhaul India Management After Labor Flareup,0.959,0.087,0.869,0.044
25,"UPDATE 1-Foxconn, Apple say worker dorms for India iPhone plant don't meet required standards",0.927,0.068,0.919,0.013
26,Apple Suspends Production at an India Foxconn Plant due to Poor Working Conditions,-0.758,0.068,0.846,0.085
27,Apple puts supplier Foxconn's India plant on notice after protests,0.505,0.036,0.936,0.028
28,Foxconn's dorms for India workers do not meet Apple standards - spokesperson,0.751,0.066,0.934,0.0
