﻿,Titles,Polarity,Positive,Neutral,Negative
0,Why Jon Najarian Is Buying Short-Term Apple Call Options Today,0.807,0.05,0.93,0.019
1,"Apple Earnings Are Coming. Analysts Are Focused on iPhone, Parts Issues, Services.",-0.103,0.0,0.94,0.06
2,The Prius-Hacking Silicon Valley Star Shaping Toyota’s Future,0.997,0.092,0.876,0.031
3,Dow Jones Dives 450 Points As Stock Market Weakness Returns; These 3 Tech Titans Slide,-0.422,0.0,0.872,0.128
4,4 Large-Cap Stocks to Watch After Monday's Dips,0.273,0.087,0.913,0.0
5,Billionaire Englander’s Top 10 Stock Picks,0.999,0.112,0.874,0.013
6,"FB Stock A Buy? Facebook's Zuckerberg Under Fire, Calls For Regulation",0.178,0.082,0.918,0.0
7,"The Zacks Analyst Blog Highlights: Apple, Mastercard, Verizon, Target and Gilead Sciences",0.997,0.125,0.846,0.029
8,Amazon Throws Down the Gauntlet at These 5 Companies,0.844,0.216,0.784,0.0
9,Why Is Everyone Talking About Facebook Stock?,-0.599,0.043,0.837,0.119
10,A Peek Into The Markets: US Stock Futures Down Ahead Of ADP Report,0.077,0.045,0.911,0.043
11,Michael Dell learned these lessons from Steve Jobs and Bill Gates,0.985,0.135,0.846,0.02
12,Aramco Fights for Apple’s Place as World’s Most Valuable Company,0.776,0.118,0.794,0.088
13,Apple Falls as Report of Visa Fee Cut Adds to General Weakness,-0.296,0.088,0.812,0.1
