﻿,Titles,Polarity,Positive,Neutral,Negative
0,"Oakland’s CNote hits milestone raising millions from Apple, Netflix, others to support minority-owned businesses",0.459,0.143,0.857,0.0
1,Apple Was the Worst Stock in the Dow Friday,-0.422,0.039,0.864,0.097
2,Apple Worldwide Developers Conference set to kick off on Monday,0.377,0.023,0.977,0.0
3,Dow Jones Futures: Is Market Rally Action Bullish? Tesla Has 'Super Bad' Sell-Off; Apple In Focus,-0.361,0.177,0.563,0.26
4,"4 Top Stock Trades for Monday: SPY, AAPL, LULU, MU",0.994,0.109,0.855,0.036
5,US STOCKS-Wall St ends down with strong jobs data keeping the pressure on for rate hikes,0.973,0.09,0.85,0.06
6,"Stocks end the week in the red, energy stocks among market leaders",-0.402,0.0,0.912,0.088
7,"Tesla, Apple, Microsoft, Peloton: All of tech companies hitting the brakes on hiring",0.995,0.088,0.865,0.047
8,US STOCKS-Wall St ends down with strong jobs data keeping the pressure on for rate hikes,0.982,0.103,0.845,0.051
9,Block (SQ) to Attract Sellers Via Apple's Tap to Pay on iPhone,0.999,0.193,0.758,0.049
10,10 Value Stocks to Buy in 2022 According to Ken Fisher,1.0,0.142,0.836,0.022
11,"Why Nvidia, Amazon, and Apple Stocks Slumped Friday",-0.861,0.015,0.85,0.135
12,10 Best Diversified Stocks to Buy Now,1.0,0.148,0.81,0.042
13,US STOCKS-Wall St slides as solid jobs data supports rate hike bets,0.984,0.09,0.865,0.045
14,Dow Jones Falls As Apple Crumbles; Tesla Stock Plunges As Elon Musk Does This; 2 Leaders Make Bullish Moves,0.612,0.179,0.821,0.0
15,US STOCKS-Wall St slides as solid jobs data supports rate hike bets,0.849,0.076,0.864,0.06
16,Stock Market Today: Dow Slips on Fears Strong Jobs Data to Power Fed Hikes,-0.949,0.062,0.848,0.091
17,US STOCKS-Wall St slides as solid jobs data supports rate hike bets,0.274,0.05,0.898,0.052
18,"Tesla and Apple drive down tech stocks, Coinbase among biggest crypto laggards",0.202,0.054,0.91,0.035
19,Did Tesla's Elon Musk Just Predict the Next Recession?,0.128,0.084,0.84,0.076
20,Separating Signal From Noise in the Metaverse,-0.44,0.0,0.934,0.066
21,Apple Stock Slumps As Morgan Stanley Cautions on App Store Impact to Q3 Revenues,0.0,0.0,1.0,0.0
22,Disney Brings Apple Gaming Expert On Board To Shape Its Metaverse Dreams,0.99,0.156,0.836,0.007
23,"US STOCKS-Wall Street set to fall after Musk's warning, strong jobs data",0.234,0.057,0.887,0.057
24,Better Buy: Apple vs. Amazon,0.671,0.148,0.852,0.0
25,Apple stock suffers first ‘death cross’ chart pattern since the pandemic,-0.103,0.064,0.859,0.077
26,7 Long-Term Stocks to Buy That Wall Street Analysts Agree On,0.999,0.114,0.854,0.032
27,"Warren Buffett Has a ""Hidden"" $6.3 Billion Portfolio: Here's What's in It",0.0,0.0,1.0,0.0
28,US Crackdown on Forced Labor in China Risks Further Supply Chaos,-0.993,0.036,0.889,0.075
29,How the Media Business Changed During the Pandemic—and 4 Stocks to Play It,0.557,0.159,0.841,0.0
