﻿,Titles,Polarity,Positive,Neutral,Negative
0,Yahoo Finance Presents: Jeffrey Gundlach,0.0,0.0,1.0,0.0
1,Warren Buffett is ready to ride out 2022 with these dividend stocks — 3 picks to help you prioritize safety this year,0.998,0.127,0.851,0.022
2,"Wolfe Research Sees Sharp Upside In Match Group, Bets On Online Dating, Apple",0.962,0.123,0.856,0.021
3,"This is the No.1 risk to the stock market right now, according to Jim Bianco",0.816,0.075,0.866,0.059
4,"Chip Delivery Times Are on the Rise Again, Shortages to Continue",-0.936,0.032,0.902,0.066
5,"Apple: ‘It takes a lot of money to move a $3 trillion stock,’ Bianco Research President says",0.0,0.0,1.0,0.0
6,"Apple stock ‘is overpriced right now, and significantly so’: Strategist",0.599,0.182,0.818,0.0
7,Is Apple Stock's Next Stop $2 Trillion or $4 Trillion?,0.7,0.139,0.821,0.04
8,‘The economy is fragile’ and the Fed must act accordingly: Commerce Street Capital CEO,0.422,0.088,0.912,0.0
9,Marvell (MRVL) Up 84% in 2021: Will the Rally Continue in 2022?,0.999,0.14,0.859,0.002
10,Apple Hits $3T Market Cap for The First Time: ETFs to Buy,1.0,0.155,0.829,0.016
11,NTR Stock: 10 Things to Know About Nutrien Following CEO Mayo Schmidt’s Abrupt Exit,0.977,0.074,0.915,0.011
12,2 No-Brainer Metaverse Stocks to Buy Right Now,0.772,0.076,0.924,0.0
13,"Crypto: Ethereum outshined bitcoin in 2021, up over 260%",0.0,0.0,1.0,0.0
14,"Apple (AAPL) Hits $3T Milestone, Must Buy on Strong Prospects",0.997,0.123,0.835,0.042
15,Apple App Store Revenue Growth Slowed in December: Evercore,0.886,0.097,0.857,0.046
16,What Investors Learned From the Elizabeth Holmes Trial: ‘Zero’,0.973,0.076,0.872,0.053
17,Apple (AAPL) Rumored to Develop Cheaper Mac External Displays,0.997,0.121,0.879,0.0
18,"Company News for Jan 4, 2022",0.988,0.205,0.795,0.0
19,Apple set to breach $3 trillion market value again,0.911,0.066,0.908,0.027
20,What Will Be The Next $3 Trillion Company?,0.511,0.158,0.842,0.0
21,InMode Is Bringing a Paradigm Shift to Cosmetic Procedures,0.273,0.142,0.765,0.093
22,"Got $5,000? These Are 2 of the Best Growth Stocks to Buy Right Now",0.153,0.038,0.933,0.029
23,Polkadot Gets Boost from SPAC-trepreneur Palihapitiya’s Alt-Coin Views,0.961,0.092,0.833,0.075
24,My Top Cryptocurrency to Buy for 2022 (and It's Not Even Close),-0.422,0.053,0.842,0.104
25,"Your 2022 Guide To Laptops, Chromebooks and Gaming PCs",0.802,0.247,0.753,0.0
26,"Tesla, Apple and the new China syndrome: Morning Brief",0.988,0.094,0.853,0.053
27,Wall Street Opens at Fresh Highs on Omicron Hopes; Dow up 225 Pts,0.963,0.088,0.863,0.049
28,"UPDATE 1-Foxconn India plant unlikely to reopen until Jan 7, says government official",-0.382,0.019,0.959,0.022
29,"Apple, Ford Rise Premarket; Foot Locker, Warner Music Fall",0.989,0.12,0.873,0.007
30,"Treasury Takeaways, Pricing in Herd Immunity? Apple $3T, Trading AMD and Marvell",0.026,0.044,0.956,0.0
31,Dow Futures Rise 125 Pts; Optimism Rises Despite Record Covid Cases,0.926,0.068,0.898,0.034
32,"Foxconn India plant unlikely to reopen until Jan 7, says government official",-0.382,0.02,0.958,0.022
33,Your BlackBerry Dies Today: End of an Era for Iconic Handset,0.933,0.082,0.87,0.048
34,European Stocks Higher; German Retail Sales Help Optimism,0.94,0.095,0.853,0.052
35,"Rempart Asset Management Inc. Buys Visa Inc, Apple Inc, Stantec Inc",0.995,0.15,0.835,0.016
36,Is $3 Trillion Just the Beginning for Apple?,0.527,0.159,0.841,0.0
