﻿,Titles,Polarity,Positive,Neutral,Negative
0,"EU Antitrust Watchdog Raise Concerns Overs Alexa, Siri, Google's Voice Assistant Dominance: Reuters",0.848,0.06,0.93,0.01
1,10 Best Upside Stocks to Buy Right Now,0.999,0.099,0.883,0.018
2,Salesforce Says Up to 60% of Its Employees Will Work From Home Post-Pandemic,-0.234,0.0,0.979,0.021
3,Here’s Why ClearBridge Reduced its Apple (AAPL) Stake,0.993,0.121,0.857,0.022
4,"S&amp;P Flat as Tech Gives Up Some Gains, Financials Slip",0.873,0.105,0.806,0.089
5,Google Relaxes Search Engine Dominance Practices On European Android,0.974,0.095,0.895,0.01
6,3 Top Tech Stocks to Buy During a Recession,0.863,0.191,0.769,0.04
7,Skyworks Solutions or Qorvo: Which 5G Stock Should You Buy With $200?,0.836,0.414,0.586,0.0
8,S&amp;P 500 Flat as Falling Yields Lift Tech But Weigh on Financials,0.957,0.134,0.761,0.104
9,Music Streaming Stocks to Watch as Distancing Aids Adoption,1.0,0.179,0.798,0.023
10,10 Best Dividend Stocks to Buy Now According to Billionaire Kerr Neilson,1.0,0.129,0.847,0.024
11,3 Must-See Takeaways From Apple's Big Event,0.265,0.108,0.892,0.0
12,4 Stocks to Capitalize on the Booming Virtual Reality Market,0.998,0.133,0.842,0.025
13,5 Stocks Set to Gain From the Ongoing 5G Boom,0.999,0.145,0.841,0.014
14,"The Zacks Analyst Blog Highlights: Google, Apple, Dow, Zoom and The Sherwin-Williams Co",1.0,0.169,0.802,0.029
15,Apple In Talks With Chinese Manufacturers Over U.S. EV Battery Plant – Report,0.968,0.078,0.898,0.023
16,Report: Apple in Talks Over Batteries for Apple Car,0.402,0.042,0.958,0.0
17,"Tech stocks that soared during pandemic are far from played out, says $9.5 billion fund manager",0.0,0.0,1.0,0.0
