﻿,Titles,Polarity,Positive,Neutral,Negative
0,"Dow Jones Pares Earlier Loss, Nasdaq Remains Negative; These Blue Chips Gear Up For Earnings",0.718,0.231,0.769,0.0
1,"How Can Amazon, Microsoft, Netflix, Spotify Gain From New Big Tech Bill?",0.586,0.06,0.899,0.04
2,"What's Going on With Pinterest, Upwork, and Microsoft?",0.0,0.0,1.0,0.0
3,Apple Aims to Bring Back In-Store Classes as It Tiptoes Toward Normalcy,0.877,0.054,0.927,0.019
4,Earnings-Palooza: 4 FAANG Stocks and More,-0.886,0.019,0.848,0.133
5,Dow Jones Rallies As Apple Reverses Higher; Tesla Sinks On Autopilot Probe; China Stocks Dive,0.34,0.121,0.819,0.06
6,Up 78% This Year: Why This Tech Stock Still Looks Like a Buy,0.763,0.135,0.811,0.054
7,Dow Jones Fights As Apple Rallies Off Lows; Tesla Sinks On Autopilot Probe; China Stocks Dive,0.0,0.114,0.732,0.154
8,Apple bars employees from discussing pay equity: RPT,-0.103,0.0,0.943,0.057
9,"S&amp;P 500, Dow Cuts Losses to Close at Record Highs Ahead of Powell",0.986,0.117,0.828,0.055
10,Apple Rebounds From 21-day Line To New High,0.511,0.113,0.887,0.0
11,S&amp;P 500 Cuts Losses to Clinch Record Highs,0.982,0.121,0.816,0.063
12,"Retail Kicks Off Final Stretch Of Earnings Season Amid A Slew Of Manufacturing, Retail, And Housing Data",0.998,0.108,0.813,0.079
13,Why Apple Stock Could Be Charging Up For A Blue Sky Run,-0.264,0.031,0.94,0.029
14,"Dow Jones Futures Fall On China Data, Tesla Autopilot Probe, Nvidia, DocuSign Near Buys In Choppy Market Rally",0.0,0.0,1.0,0.0
15,Sonos scores big patent win over Google — stock surge may be just getting started,0.989,0.11,0.865,0.025
16,"Huge Pension Makes Big Bets in Apple, Microsoft, Shopify, and Tilray Stock",0.0,0.0,1.0,0.0
17,"Tesla, T-Mobile Fall Premarket; Sonos Rises",0.949,0.079,0.89,0.031
18,Hyatt Falls On $2.7 Billion Deal To Buy Apple Leisure,0.807,0.051,0.938,0.011
