﻿,Titles,Polarity,Positive,Neutral,Negative
0,Apple Stock is the Best FAANG Name to Own This Month,0.977,0.102,0.858,0.04
1,"Apple Earns IBD Relative Strength Rating Upgrade, Hitting 70+",0.718,0.353,0.647,0.0
2,UPDATE 1-Apple works with Chinese suppliers for latest iPhones - Nikkei,0.459,0.069,0.868,0.063
3,Amazon’s Covid Dilemma: Mandate Vaccinations and Risk Losing Workers,0.99,0.084,0.86,0.056
4,"Why This $57B Fund Loves Amazon, Apple, and Lyft Stock",0.625,0.15,0.85,0.0
5,Tech Companies Are Facing a Global Chip Shortage: 5 Tips for Investors,-0.902,0.055,0.719,0.226
6,"Yes, Apple (NASDAQ:AAPL) Can Still Grow, Here's How",0.992,0.092,0.882,0.026
7,Will Micron Technology's New Dividend Policy Pay Dividends For Investors?,0.0,0.0,1.0,0.0
8,Election fraud claims are 'a fiasco for our democracy': Marty Baron,-0.851,0.062,0.854,0.084
9,Affirm Stock Extends Gains on 'Buy Now Pay Later' Deal With Apple Canada,0.361,0.143,0.806,0.051
10,Apple works with Chinese suppliers for latest iPhones -Nikkei,0.84,0.084,0.879,0.036
