﻿,Titles,Polarity,Positive,Neutral,Negative
0,"Apple faces supply-chain issues, but can its buying power keep earnings on track?",0.402,0.13,0.87,0.0
1,Why HP Stock Looks Like a Screaming Buy,0.649,0.277,0.632,0.091
2,"Snap stock suffers record decline, but don’t expect the same from Facebook and Google",0.0,0.0,1.0,0.0
3,9 Moonshot Bets to Beat Hedge Funds at Their Own Game,1.0,0.142,0.826,0.032
4,"Previewing Big Tech Earnings: Apple, Microsoft and Other Giants",0.998,0.096,0.886,0.018
5,Apple Has Upended the Online Ad Market. Snap Is Just the Beginning of the Pain.,0.382,0.11,0.89,0.0
6,Elon Musk Mocks Apple's Cleaning Cloth,0.588,0.101,0.841,0.058
7,Gemini’s Abner Says ETFs Open New Spigots of Demand for Bitcoin,0.735,0.069,0.895,0.036
8,Broadcom Inc. Looks to Continue to Trade Above its Annual-High Share Price Today,0.99,0.111,0.885,0.005
9,Why Snap may feel the sting of Apple privacy changes more than Facebook and Google,0.0,0.0,1.0,0.0
10,Snap Couldn't Snap Out of Apple's Privacy Changes,0.995,0.124,0.825,0.051
11,S&amp;P 500 Closes Below Record High as Tech Crackles Under Snap Pressure,0.933,0.076,0.877,0.046
12,Why Pinterest Shares Are Falling Today,0.877,0.071,0.897,0.031
13,"Intel shares fall amid slower PC sales, supply constraints",-0.599,0.0,0.786,0.214
14,Is Snap Stock a Buy?,0.0,0.046,0.908,0.046
15,"SNAP Q3 Earnings Beat Estimates, User Growth Aids Top Line",0.999,0.155,0.827,0.018
16,Why Snap Stock Is Down By 23% Today,0.947,0.118,0.806,0.077
17,Former President Trump's Social Media SPAC Bursts Onto the Scene in IPO Debut,0.997,0.121,0.808,0.071
18,"US STOCKS-S&amp;P 500, Dow scale new peaks; Nasdaq hit by Facebook",-0.315,0.059,0.872,0.069
19,"Snap Stock Plunges As Digital Advertising Ecosystem Takes Hit From Apple, Supply Chain Issues",0.153,0.092,0.84,0.067
20,Snap’s Record Rout Leads $100 Billion Social-Media Stock Selloff,-0.936,0.048,0.877,0.075
21,S&amp;P 500 Retreats From Record Highs as Tech Wreck Weighs,0.931,0.075,0.883,0.043
22,"Why You Might See a Movie Based on ""Fortnite"" in the Not-So-Distant Future",-0.424,0.141,0.683,0.176
23,US STOCKS-Nasdaq set for lower open after Intel's margin warning,-0.293,0.061,0.87,0.069
24,Why Twitter Shares Are Trading Lower Today,0.498,0.047,0.917,0.037
25,Why Facebook Shares Are Sliding Today,0.827,0.068,0.897,0.035
26,Why Snap Shares Are Tumbling Today,0.869,0.068,0.893,0.038
27,"Apple, Microsoft Lead This Top Tech Stock Play Near Buy Point Ahead Of Earnings",0.0,0.0,1.0,0.0
28,5 Stocks Insiders Are Selling,0.987,0.076,0.915,0.009
29,Phunware Soars on Rumor it Will be Working With Trump,0.402,0.057,0.902,0.041
30,"Got $1,000? 2 Warren Buffett Stocks to Buy",0.681,0.06,0.94,0.0
31,3 Safe Stocks to Buy as the Economic Recovery Loses Momentum,0.999,0.149,0.807,0.044
32,Wall Street Opens Mixed; Tech Lags as S&amp;P Hits New High; Dow up 120 Pts,-0.958,0.088,0.789,0.123
33,Snap Warning Feeds Concerns Over Social Media Ad Splurge,0.641,0.058,0.895,0.047
34,Bull of the Day: Fastly (FSLY),0.998,0.115,0.834,0.051
35,"Intel. Snap, Facebook Slump Premarket; Mattel Gains",0.945,0.104,0.834,0.062
36,"Facebook, Alphabet Lower as Apple Privacy Changes Spook Snap",-0.959,0.059,0.831,0.11
37,Snap inc (SNAP) Q3 2021 Earnings Call Transcript,0.0,0.0,1.0,0.0
38,"Snap’s Financial Update Was So Bad, Facebook and Twitter Stocks Are Falling, Too",-0.527,0.0,0.866,0.134
39,Snap points to possibility of Apple causing the long-feared ‘ad-mageddon’,-0.34,0.0,0.888,0.112
