﻿,Titles,Polarity,Positive,Neutral,Negative
0,"Stocks and sectors close lower on Monday, semiconductor stocks under pressure",-0.202,0.0,0.909,0.091
1,"Inflation in sports media 'is going to continue,' analyst says",0.995,0.12,0.864,0.016
2,5 Cathie Wood Stocks Signaling “The Bear Market Is Over”,0.998,0.132,0.832,0.036
3,Apple employees claim they’re doing ‘exceptional work’ remotely as Tim Cook orders them back. They’re probably wrong,0.915,0.06,0.903,0.037
4,TSMC Clients To Bargain Over Foundry Prices,0.944,0.118,0.818,0.064
5,Jill Biden leaves isolation after twice testing negative and Novavax vaccine allowed for teens,-0.637,0.07,0.728,0.203
6,Apple workers tell CEO Tim Cook: ‘We demand location-flexible work’,0.0,0.065,0.87,0.065
7,Apple expands self-repair support to MacBooks,0.691,0.064,0.912,0.024
8,Zoom’s Post-Pandemic Slowdown Keeps Stock in Check,0.994,0.104,0.838,0.058
9,Fidelity And BlackRock Are Creating More Alternative Investment Funds - Here's Why,0.998,0.115,0.853,0.032
10,10 Long-Term Stock Picks of Skylands Capital,1.0,0.119,0.86,0.021
11,Top 10 Stock Picks of Cinctive Capital Management,1.0,0.129,0.847,0.025
12,10 Inverse Jim Cramer Stocks to Buy Today,1.0,0.125,0.842,0.034
13,10 Best Penny Stocks to Invest $100,0.999,0.106,0.868,0.027
14,Singapore Sex-Ban Repeal Comes With Hurdle for Gay Marriage,0.999,0.142,0.817,0.041
15,Apple Employees Resist Calls For Return-To-Office,0.77,0.079,0.87,0.051
16,7 Chip Stocks to Buy That Are Better Than Nvidia,1.0,0.112,0.879,0.01
17,3 Stocks to Buy if They Take a Dip,0.938,0.252,0.748,0.0
18,Japan Lawmakers Join US in Defying China With Taiwan Visit,0.99,0.105,0.865,0.03
19,"Giant Fund Sells Apple, Tesla, Microsoft Stock. Here’s What It Bought.",0.097,0.12,0.778,0.102
20,Droughts grip large parts of the globe,0.0,0.044,0.911,0.044
21,Group of Apple employees pushes back against return-to-office order,-0.625,0.033,0.898,0.069
