﻿,Titles,Polarity,Positive,Neutral,Negative
0,Why Apple Stock Dropped Today,-0.557,0.041,0.852,0.107
1,Dow Jones Futures: Nasdaq Breaks Lower Amid China Covid Shutdowns; What To Do Now,-0.318,0.0,0.864,0.136
2,"Stocks of the Week: Alphabet, Apple and Rivian",-0.599,0.0,0.822,0.178
3,"Apple can withstand production disruptions in China, analysts say",0.0,0.0,1.0,0.0
4,The Big News From Apple's Event,-0.908,0.07,0.749,0.18
5,Apple Has Bad News for Customers,0.273,0.041,0.935,0.024
6,Why These 10 Stocks Are Trending on Monday,-0.839,0.053,0.884,0.063
7,The Bull Case for Bitcoin,0.949,0.17,0.83,0.0
8,10 ETFs to Buy and Hold for the Next 10 Years,0.999,0.091,0.89,0.019
9,Apple Falls Below Key Level After Foxconn Closes China Plant,-0.94,0.072,0.826,0.102
10,China’s Covid-19 Surge Shuts Down Plants in Manufacturing Hubs Shenzhen and Changchun,-0.612,0.0,0.821,0.179
11,"An Apple iPhone Supplier’s Factories Are Closing Because of Covid. Wall Street Isn’t Worried, Yet.",0.0,0.0,1.0,0.0
12,Meta Platforms' (FB) Instagram Faces Ban in Russia From Mar 14,-0.962,0.081,0.817,0.102
13,S&amp;P 500 Ends in Red as Tech Wreck Continues Ahead of Fed Meeting,-0.604,0.122,0.753,0.125
14,Apple supplier Foxconn halting operations could deal a blow to iPhone maker: analyst,0.842,0.052,0.93,0.018
15,Apple Stock Alert: Will Foxconn Closure Sink iPhone Maker?,0.557,0.173,0.827,0.0
16,"S&amp;P 500 Turns Negative as Tech, Energy Weigh",0.5,0.098,0.814,0.088
17,"The Best Stocks to Invest $50,000 in Right Now",-0.636,0.063,0.832,0.106
18,UBER to Levy Fuel Surcharge on Consumers Amid High Gas Prices,0.986,0.099,0.885,0.016
19,Semtech (SMTC) to Report Q4 Earnings: What's in the Cards?,0.995,0.096,0.893,0.012
20,What China’s COVID-19 outbreak means for Apple iPhone production,0.296,0.063,0.938,0.0
21,"An AI researcher who quit Google said working at the tech giant was ""exhausting"" because of its toxic culture",-0.44,0.102,0.708,0.191
22,"2 Unstoppable Metaverse Stocks That Could Double, Says Wall Street",0.71,0.078,0.922,0.0
23,"Dow Jones Rallies As Russia-Ukraine Talks Continue; Treasury Yields Surge, Oil Prices Tumble",0.202,0.087,0.913,0.0
24,10 Monthly Dividend Stocks with Over 6% Yield,0.999,0.103,0.865,0.032
25,SAP Completes Stake Buyout in Taulia for Undisclosed Terms,0.998,0.145,0.853,0.002
26,"Dow Jones Futures Climb As Russia-Ukraine Talks Continue; Treasury Yields Surge, Oil Prices Tumble",0.202,0.096,0.904,0.0
27,Buy This Software Firm’s Stock. Apple Is at the Core of Its Appeal.,0.477,0.215,0.785,0.0
28,Third Time’s a Charm With Alphabet’s Latest Acquisition,0.996,0.111,0.855,0.033
29,"Bumpy Road, Ukraine War, China, Week in Review, S&amp;P 500, Apple on Thin Ice",0.277,0.087,0.834,0.079
30,BANK 2018-BNK10 -- Moody's affirms eight classes of BANK 2018-BNK10,1.0,0.109,0.836,0.055
31,2 Buffett Stocks to Buy for the Long Haul,0.077,0.071,0.929,0.0
32,Apple iPhone SE is a more than $20 billion opportunity: analyst,0.119,0.016,0.969,0.015
33,Sequoia Capital Sees a Weakness in OpenSea’s NFT Dominance,0.997,0.124,0.836,0.04
34,Tech Giants Risk Losing Top S&amp;P 500 Spots After $2 Trillion Wipeout,-0.924,0.064,0.872,0.064
35,Apple Slips as Key Supplier Foxconn Halts Production in Shenzhen,-0.955,0.008,0.904,0.088
36,Wall Street Opens Mixed as Peace Hopes Falter; Dow up 150 Pts,-0.846,0.076,0.83,0.094
37,Apple supplier Foxconn shuts plants as Covid outbreak in China grows,-0.863,0.0,0.901,0.099
38,"UPDATE 1-Foxconn halts Shenzhen operations, adjusts China production on COVID curbs",-0.778,0.009,0.95,0.041
39,Foxconn Halts iPhone Shenzhen Site Due to Covid Lockdown,-0.026,0.046,0.912,0.042
