﻿,Titles,Polarity,Positive,Neutral,Negative
0,Advertising Is Still Going Strong. Apple Wants In.,0.557,0.204,0.796,0.0
1,"Dow Jones Futures: Market Rally Resilient; Apple, Tesla, These 5 Chip Stocks Could Use This",0.0,0.0,1.0,0.0
2,President Xi may use Speaker Pelosi's visit to Taiwan to 'create a new normal': Expert,0.992,0.096,0.866,0.038
3,The Best Multiport Wall Adapters of 2022,-0.296,0.094,0.742,0.165
4,Amazon’s iRobot Deal Seen Facing Tough FTC Antitrust Review,0.995,0.134,0.8,0.066
5,The Best Mutual Funds Bet Big On AAPL Stock — And These Other Names,0.637,0.202,0.745,0.053
6,"Delete Snap Stock From Your Watchlist, Despite Drop to Pandemic Lows",0.27,0.077,0.842,0.08
7,"A Stock Buyback Tax Is Added to the Inflation Bill. What That Means for Apple, Meta, and Microsoft.",0.178,0.125,0.804,0.071
8,Analysts Say Buy These 10 Stocks Despite Earnings Miss,0.999,0.111,0.847,0.042
9,China Is Moving to Tighten Label Rules on Goods From Taiwan,-0.984,0.042,0.872,0.086
10,Amazon to Buy Roomba-Maker IRobot for $1.65 Billion,0.981,0.091,0.864,0.045
11,Thiel’s Palantir Boosts Hiring While Others Are Cutting Jobs,0.469,0.073,0.867,0.059
12,Alphabet Shows Once Again Why It Is the Best FAANG Stock to Own,0.923,0.182,0.818,0.0
13,"Meta Delays Job Offers for Summer Interns, Making Gen Z Sweat",0.903,0.093,0.826,0.081
14,Apple’s enviable cash hoard is dwindling. Here’s what that means for the stock.,0.563,0.082,0.884,0.033
15,Apple asks suppliers to follow China customs rules - Nikkei,-0.296,0.021,0.95,0.028
16,3 Warren Buffett Stocks to Buy in August Without Any Hesitation,-0.735,0.0,0.837,0.163
17,"Apple supplier Foxconn expands India iPhone production, further diversifying supply chain away from mainland China",-0.919,0.03,0.921,0.049
18,Warren Buffett's Secret Portfolio Has 95% of Its Assets in These 2 Sectors,0.0,0.0,1.0,0.0
19,Jamf Holding Corp. (JAMF) Q2 2022 Earnings Call Transcript,0.818,0.13,0.87,0.0
