﻿,Titles,Polarity,Positive,Neutral,Negative
0,"IBD Screen Of The Day: Apple In Buy Range, Plus Two Other Dow Stocks To Watch",0.153,0.063,0.938,0.0
1,"Chip shortage to worsen, Trillium pops 180% after Pfizer buyout, Coinbase reassures on stablecoins",0.0,0.0,1.0,0.0
2,"Top Stock Reports for Apple, Home Depot &amp; Deere",0.999,0.197,0.779,0.023
3,Warren Buffett Is Selling These 10 Stocks,0.999,0.085,0.903,0.013
4,Apple iPhone Sales Remain Strong Despite Looming New Handset Launch,0.511,0.142,0.858,0.0
5,T-Mobile Giving Away Apple TV Plus Free for One Year to Most Customers,0.955,0.069,0.902,0.029
6,"Semiconductors ‘under appreciated’, good long-term investment: expert",0.0,0.0,1.0,0.0
7,Why Is No One Talking About Garmin Stock?,-0.226,0.032,0.913,0.054
8,3 Nasdaq 100 Stocks That Are Best Buys Now,0.935,0.169,0.818,0.014
9,Apple Close To Launching Higher End Mac Mini Without Intel Processor,0.848,0.061,0.927,0.012
10,"5G Stocks To Buy And Watch: Anticipation Builds for Apple IPhone 13s, T-Mobile Marketing Push",0.778,0.245,0.755,0.0
11,Should You Buy REITs in Your Roth IRA?,0.66,0.119,0.833,0.047
12,"Dow Jones Futures Rise: Does Market Rally Pass Your Ultimate Test? Apple, Facebook, Nvidia Near Buy Points",-0.402,0.0,0.876,0.124
13,Is Apple Finally Listening To Consumers And Letting Go Of Steve Jobs' Worldview? Why Mark Gurman Thinks So,-0.488,0.042,0.907,0.051
