﻿,Titles,Polarity,Positive,Neutral,Negative
0,Bear Markets Are a Goldmine for Long-Term Investors,0.998,0.127,0.836,0.037
1,Apple Is No Longer World’s Most Valuable Company,0.521,0.157,0.843,0.0
2,10 Most Active Stocks To Buy Now,1.0,0.108,0.862,0.029
3,D.A. Davidson Analyst Tom Forte on Apple,0.0,0.0,1.0,0.0
4,The clock is running out for Congress to pass Big Tech antitrust bills this year,0.178,0.037,0.938,0.025
5,10 Market Movers to Watch on Thursday,0.98,0.069,0.894,0.037
6,"Stocks end the day off session lows, Apple and Nvidia lead market laggards",-0.077,0.159,0.667,0.174
7,Has Apple Stock Peaked?,0.521,0.133,0.867,0.0
8,"Apple no longer world’s most valuable company, GM moves to 52-week low, Rivian stock rises",0.521,0.104,0.896,0.0
9,Alphabet Is Wagering a Big Bet on Wearable Accessories,0.999,0.147,0.821,0.032
10,Will Apple and Microsoft Finally Give Way in the Stock Market's Downturn?,-0.743,0.0,0.92,0.08
11,Here's Why STMicroelectronics Shares Are Trading Higher Today,0.981,0.157,0.812,0.031
12,Apple Stock Has Broken Down. That’s Bad for the Market.,0.077,0.095,0.823,0.082
13,Has Apple Peaked?,0.521,0.133,0.867,0.0
14,Apple iPhone Manufacturer Foxconn Warns Of Cooling Smartphone Demand,-0.318,0.059,0.776,0.164
15,Apple stock suffers biggest 2-day selloff in 20 months,-0.758,0.047,0.827,0.126
16,Why Apple's Stock Could Bounce Back,0.994,0.132,0.834,0.034
17,"Consumer Sentiment, Affirm Earnings, Robinhood Stock: 3 Things to Watch",-0.964,0.048,0.856,0.096
18,Disney sinks despite subscriber beat as analysts mull saturation in streaming market,0.982,0.076,0.895,0.029
19,"Stock Market Today: Dow Extends Losing Streak as Fed, Inflation Jitters Bite",-0.938,0.076,0.824,0.1
20,Hearst CEO: Quality content has always been good business,0.973,0.075,0.919,0.006
21,"Alphabet, Apple, Microsoft look to ditch passwords, Google unveils new hardware",0.361,0.106,0.894,0.0
22,S&amp;P 500 Slips in Wild Trading as Intraday Bounce Fades,0.078,0.065,0.868,0.068
23,Stocks seesaw in midday trading,0.987,0.084,0.887,0.029
24,Apple Is No Longer the World’s Most Valuable Company. This Company Is No. 1.,0.34,0.13,0.87,0.0
25,10 Energy Stocks with Over 3% Dividend Yield,0.999,0.151,0.807,0.042
26,Alphabet (GOOGL) Expands Hardware Business With Latest Devices,0.997,0.125,0.869,0.006
27,"Markets: Stocks fall, U.S. dollar index hits 20-year high",0.0,0.0,1.0,0.0
28,"Market check: Stocks resume losses, Tesla stock declines",0.0,0.0,1.0,0.0
29,GameStop Stock Should Be Avoided or Shorted,0.971,0.124,0.776,0.1
30,Apple Drops 22% From January Peak as Tech Selloff Continues,0.564,0.094,0.824,0.082
31,"Disney earnings: Theme parks gain momentum, streaming business adds subscribers",0.0,0.0,1.0,0.0
32,10 Value Stocks with High Dividend Yields,1.0,0.109,0.879,0.012
33,10 Biggest Online Streaming Companies in the World,0.999,0.108,0.882,0.01
34,"Down 11.8% in a Week, Why Apple Inc. (NASDAQ:AAPL) may be Approaching Value Territory",0.997,0.133,0.804,0.063
35,Foxconn Faces Covid Logistics Disarray in China,0.0,0.0,1.0,0.0
36,"Midday Stock Movers: Beyond Meat, Lordstown Motors, Unity",-0.892,0.039,0.87,0.09
37,Google's Latest Smart Glasses Keeps In Mind Privacy Concerns,0.854,0.096,0.85,0.054
38,3 Metaverse Stocks With Moonshot Potential,0.984,0.068,0.916,0.016
39,Baidu Bulls See Index Revamp Curbing 59% Stock Slump,0.983,0.087,0.865,0.048
40,Influencers with Andy Serwer: Steven Swartz,0.361,0.082,0.918,0.0
41,U.S. Stocks Fall on Investor Jitters About Persistent Inflation,-0.893,0.044,0.875,0.081
42,The Antitrust Case Against Facebook Is Too Clever by Half,-0.153,0.0,0.932,0.068
43,IPhone Maker Hon Hai’s Profit Beats Despite China Lockdowns,-0.862,0.05,0.888,0.062
44,"UPDATE 2-Apple supplier Foxconn's Q1 profit up 5%, in line with market view",-0.395,0.058,0.867,0.075
45,Foxconn Completes Acquisition of Lordstown Motors Electric Truck Factory,-0.716,0.054,0.881,0.065
