﻿,Titles,Polarity,Positive,Neutral,Negative
0,"Dow Jones Futures: Market Rally Suffers Bearish Reversal On U.S. Omicron Covid Patient; Apple, Google Give Up Gains, Salesforce, Zscaler Dive; Snowflake Jumps Late",-0.494,0.0,0.948,0.052
1,"Dow Jones, Nasdaq Reverse Gains And Turn Negative; These Chip Stocks Are Actionable Now; Salesforce.com Drops Over 10%",-0.187,0.052,0.86,0.089
2,Stocks drop as the U.S. reports its first case of the Omicron variant,0.0,0.0,1.0,0.0
3,These 2 Nasdaq Stocks Are Setting Record Highs Today,0.912,0.187,0.813,0.0
4,Why Investors Are Happy With Apple Stock Today,0.785,0.072,0.914,0.014
5,7 Penny Stocks with 10x Potential in 2022,1.0,0.148,0.803,0.05
6,7 Stocks Well-Positioned to Thrive in a Wild 2022 and Perform Steadily,1.0,0.138,0.838,0.024
7,"Dow Jones Rallies As Market Starts Higher In December; Apple, Chip Stocks Soar",0.557,0.153,0.847,0.0
8,Companies That Will Benefit From Climate Change: 10 Stocks to Watch,1.0,0.144,0.818,0.038
9,"Why Tesla Stock Popped, Then Dropped Today",0.361,0.063,0.908,0.029
10,S&amp;P 500 in Ugly Close as First U.S. Omicron Case Rattles Markets,0.99,0.104,0.854,0.042
11,"Facebook’s Meta Ticker Takes Over in Canada, Ignoring U.S. Delay",0.791,0.044,0.93,0.026
12,Dow Jones Rallies 400 Points As Stocks Rebound From Rout; Apple Hits New High,0.557,0.159,0.841,0.0
13,"Supply chain constraints: 'I have no concerns' with our ability to fulfill demand, HPE CFO says",0.25,0.132,0.772,0.096
14,S&amp;P 500 Turns Negative as First U.S. Omicron Case Triggers Uncertainty,0.992,0.123,0.827,0.05
15,"Dow Jones Snaps Back From Stock Market Sell-Off; Apple Hits New High, Tesla Rivals Jump On Strong Deliveries",0.0,0.0,1.0,0.0
16,"Stock market: Apple reaches new highs, oil prices rebound, bitcoin lags ether",0.0,0.0,1.0,0.0
17,Corporate Leaders Push Congress to Speed Semiconductor Aid,0.976,0.071,0.899,0.031
18,"Dow Jones Futures Snap Back From Stock Market Sell-Off; Apple Set To Hit New High, Tesla Rivals Jump On Strong Deliveries",0.0,0.0,1.0,0.0
19,Why Does Inflation Hurt High-Growth Tech Stocks?,-0.527,0.044,0.864,0.092
20,"Dow Jones Futures Rally Back From Stock Market Sell-Off; Apple Set To Hit New High, Tesla Rivals Jump On Strong Deliveries",0.0,0.0,1.0,0.0
21,Why Apple Stock Gained as Tech Stocks Fell Tuesday,0.625,0.181,0.819,0.0
22,One Tech Stock Beats The Market Every December (It's Not Apple),0.557,0.185,0.761,0.054
23,Apple Was the Only Big Tech Stock to Rise on Tuesday. Here’s What It’s Doing Today.,0.872,0.208,0.765,0.027
24,The Biggest Threat to Meta in the Metaverse,0.542,0.069,0.931,0.0
25,Apple Shares in Sweet Spot as Traders Rush to Safety,0.993,0.095,0.867,0.037
26,A Volatile Fed Is the Last Thing Markets Need. Powell Has a Second Chance.,0.296,0.094,0.906,0.0
27,"Dow Jones Futures Signal Market Rally After Powell Sell-Off; Tesla Rivals Xpeng, Li, Nio Report Strong Sales",0.128,0.126,0.766,0.107
28,"Markets Stunned, Apple, Powell, Trading Salesforce, CrowdStrike, Viacom, Disney",-0.042,0.093,0.808,0.099
