﻿,Titles,Polarity,Positive,Neutral,Negative
0,Meta creating a physical building for its metaverse products,0.963,0.058,0.916,0.026
1,"Some FAANG names ‘are still high-growth internet companies,’ portfolio manager says",0.999,0.163,0.797,0.04
2,Dow Futures Tick Lower Ahead of Major Tech Earnings,0.863,0.056,0.916,0.028
3,Meta earnings could be another dud: Strategist,0.886,0.09,0.847,0.063
4,Stock Market Today: Dow in Turnaround as Tech Dip Finds Buyers Ahead of Earnings,-0.975,0.05,0.841,0.109
5,Huawei Pumps $22 Billion Into R&amp;D to Beat U.S. Sanctions,-0.922,0.05,0.878,0.073
6,"Crypto: Bitcoin under pressure, dogecoin up on Musk’s Twitter bid",0.0,0.0,1.0,0.0
7,Supply chains ‘are pretty much diamonds’ right now: Interos CEO,0.998,0.094,0.882,0.024
8,"Big Tech earnings ‘will be a mixed bag,’ analyst says",0.361,0.094,0.906,0.0
9,Apple stock falls ahead of earnings on China lockdown concerns,0.128,0.08,0.854,0.066
10,Why Roku Stock Bulls Should Be Worried,-0.765,0.115,0.766,0.119
11,"Energy stocks decline, Coca-Cola stock gains on earnings, Tesla stock dips",0.806,0.072,0.88,0.048
12,Examples of Exchange-Traded Derivatives,0.735,0.103,0.897,0.0
13,"Big Tech ‘is the stock market,’ strategist explains",0.758,0.228,0.716,0.056
14,"Dow Jones Extends Losses; Twitter, Elon Musk Set To Strike Deal",-0.494,0.0,0.833,0.167
15,10 Blue Chip Dividend Stocks with Over 3% Yield,1.0,0.129,0.833,0.038
16,5G Stocks To Buy: How Next-Gen Cloud Will Create New Services,0.637,0.181,0.819,0.0
17,"Dow Jones Futures Extend Losses; Twitter, Elon Musk Set To Strike Deal",-0.832,0.0,0.66,0.34
18,Who’s Got the Crazier Brand Extension: Nio or Apple?,0.997,0.099,0.865,0.037
19,Elon Musk’s Twitter Buyout Offer Is Turning More Serious,0.572,0.113,0.887,0.0
20,Apple (AAPL) Headlines Busy Week of Tech Earnings,0.999,0.125,0.835,0.04
21,Oura Ring Startup Brings on New CEO to Lead Its Pre-IPO Growth Push,0.977,0.092,0.858,0.05
22,"Netflix, Apple, Amazon, Alphabet and Meta Platforms are part of Zacks Earnings Preview",0.999,0.125,0.843,0.032
23,"Zacks Investment Ideas feature highlights: Apple, Amazon, Alphabet, Activision Blizzard and Microsoft",0.999,0.12,0.861,0.018
24,Elisabeth Moss is brilliant in serial-killer thriller Shining Girls,-0.947,0.029,0.717,0.254
25,Five great gadgets for hybrid working,0.572,0.144,0.856,0.0
26,A Big Tech encore and Twitter showdown will shape biggest week of earnings season,0.381,0.11,0.89,0.0
27,UPDATE 1-Foxconn unit sees limited impact from suspended China plant,-0.747,0.0,0.967,0.033
