﻿,Titles,Polarity,Positive,Neutral,Negative
0,Big Tech Couldn’t Save the Stock Market. 5 Things We Learned From Tech Earnings.,0.329,0.093,0.907,0.0
1,3 Best Big Tech Stocks to Buy Now,0.93,0.191,0.791,0.018
2,Black Friday for The FAANG Who May Lose a Member,0.807,0.174,0.748,0.078
3,3 Reasons to Take Another Bite of Apple,0.999,0.141,0.832,0.028
4,"Snap is the next Apple, its selfie drone is the biggest clue",0.283,0.133,0.788,0.08
5,"Dow, S&amp;P 500 book worst April since 1970 as U.S. stocks close sharply lower",-0.778,0.0,0.764,0.236
6,Netflix workers lash out over layoffs at Tudum fan site,0.557,0.129,0.871,0.0
7,"CORRECTED-US STOCKS-Wall Street closes sharply lower on Amazon slump, inflation worries",-0.986,0.047,0.849,0.104
8,"Berkshire Hathaway has ‘a cash problem,’ analyst says",0.0,0.0,1.0,0.0
9,Friday’s stock market close indicates 'classic bear market': Strategist,0.996,0.084,0.865,0.051
10,Stock Market Today: Stocks Close Out Worst April in Years With Another Slide,0.998,0.115,0.848,0.037
11,Stocks Crumbled to Finish April. It’s the Worst Start to a Year in Decades.,-0.599,0.0,0.813,0.187
12,Why Apple Stock Slumped Today,0.758,0.115,0.885,0.0
13,Amazon’s Biggest Drop Since 2006 Caps Miserable Month for Tech,-0.991,0.067,0.794,0.14
14,10 Stocks Tumbling Today,-0.891,0.05,0.887,0.064
15,Salesforce extends ‘Silenced No More Act’ protections to all U.S. employees,0.727,0.215,0.785,0.0
16,11 Companies Making Headlines Following Earnings Reports,0.999,0.116,0.861,0.023
17,"Dow drops more than 700 points as S&amp;P 500, Nasdaq head for worst month since March 2020",-0.34,0.136,0.691,0.173
18,Stocks: S&amp;P 500 on track for worst month since 2020 as volatility spikes,0.0,0.0,1.0,0.0
19,"Apple has a 'good problem' with supply chain issue, Citi analyst says",0.967,0.08,0.871,0.049
20,US STOCKS-Wall Street drops as investors dump Amazon following report,-0.984,0.053,0.836,0.111
21,"Dow drops more than 500 points as S&amp;P 500, Nasdaq head for worst month since March 2020",-0.34,0.136,0.691,0.173
22,The Truth Behind FB Earnings and Metaverse Technologies,0.999,0.119,0.847,0.034
23,CNN+ debacle shows why cable companies struggle with streaming,0.992,0.075,0.883,0.042
24,Cary's Epic Games moves to stop Google from dumping music platform,0.382,0.133,0.867,0.0
25,No Country for Old Tech Either,-0.727,0.021,0.885,0.095
26,"Salesforce Will Let Workers Break NDAs to Report Harassment, Discrimination",-0.926,0.069,0.843,0.088
27,Apple Suppliers Given Priority for Factory Restarts in Shanghai Region,-0.273,0.0,0.935,0.065
28,Triangle CREW names 2022 award winners for real estate,0.908,0.237,0.763,0.0
29,Volatile Big Tech earnings have whipsawed the stock market in recent weeks. Here are the winners and losers,1.0,0.18,0.769,0.05
30,Indexes On Track For Weekly Losses; Amazon Stock Slides On Earnings,-0.178,0.092,0.783,0.124
31,"Apple (AAPL) Q2 Earnings Top Estimates, Revenues Increase Y/Y",0.994,0.093,0.877,0.03
32,"US STOCKS-Wall St slides as Amazon, Apple results weigh",-0.982,0.05,0.849,0.101
33,China Shutdowns Weigh On Apple's June-Quarter Outlook,-0.273,0.0,0.851,0.149
34,"Stock Market Volatile; Apple, Facebook, Amazon Are Key Earnings, Tesla CEO Elon Musk Buys Twitter: Weekly Review",-0.45,0.0,0.877,0.123
35,Apple stock not immune to 'buyers' strike' in the tech sector: Analyst,0.422,0.109,0.891,0.0
36,"Dow drops 300 points as S&amp;P 500, Nasdaq head for worst month since March 2020",-0.778,0.0,0.764,0.236
37,Amazon’s Biggest Drop Since 2014 Caps Miserable Month for Tech,-0.867,0.093,0.804,0.104
38,Stocks Are Tumbling to Cap Worst 4-Month Start to a Year in Decades,-0.599,0.0,0.794,0.206
39,"US STOCKS-Wall St slides as Amazon, Apple results weigh",-0.965,0.06,0.84,0.1
40,"Stock Market Drops On Lackluster Earnings From Amazon, Apple",0.178,0.108,0.892,0.0
41,"Dow Jones Falls, Nasdaq Skids On Amazon, AbbVie; Tesla Rises On Elon Musk Move",0.178,0.043,0.957,0.0
42,Berkshire Hathaway 2022 meeting: What to expect as Warren Buffett takes the stage,0.0,0.0,1.0,0.0
43,Is Roku Stock a Buy After Q1 Earnings?,-0.103,0.0,0.973,0.027
44,"Market check: Stocks edge lower, China stocks rally, Robinhood stock reverses losses",0.0,0.0,1.0,0.0
45,"U.S. stocks fall as investors weigh up inflation data, while Amazon weighs on tech sentiment",0.382,0.227,0.667,0.107
46,"Dow Jones Falls, Techs Slide After Market Rebound; Tesla Rises On Elon Musk Move",0.178,0.086,0.914,0.0
47,GameStop Stock Requires a Tactical Approach Moving Forward,0.995,0.122,0.81,0.068
48,"U.S. stock futures fall as investors weigh up inflation data, while Apple, Amazon weigh on tech sentiment",0.382,0.2,0.706,0.094
