﻿,Titles,Polarity,Positive,Neutral,Negative
0,China’s No. 2 Online Mall Warns Consumer Recovery Months Away,0.046,0.068,0.856,0.076
1,Apple lining up land to expand North Austin campus,-0.153,0.0,0.97,0.03
2,"Buybacks, Dividends Set Records in the 1st Quarter. Recession Looms as Wild Card.",-0.422,0.052,0.829,0.118
3,Apple store employees are voting whether to join the wave of unionization,0.178,0.108,0.892,0.0
4,3 Things About Twitter That Smart Investors Know,0.832,0.189,0.811,0.0
5,"Why Meta, Amazon, and Apple Are Falling Today",0.103,0.088,0.846,0.066
6,"Stocks plunge to 2022 lows, bitcoin hovers around $21,000",-0.422,0.0,0.872,0.128
7,Apple’s new MacBook Air: Is it worth it?,0.0,0.0,1.0,0.0
8,Microsoft (MSFT) Shuts Down Internet Explorer After 27 Years,0.993,0.089,0.899,0.011
9,10 Undervalued Stocks in Ken Fisher’s 2022 Portfolio,1.0,0.135,0.844,0.021
10,10 Dividend Stocks to Buy According to Billionaire Ken Fisher,1.0,0.157,0.82,0.023
11,"Company News for Jun 16, 2022",0.97,0.18,0.81,0.01
12,Key Takeaways From Apple's Antitrust Lawsuit In UK,0.795,0.111,0.802,0.087
13,Stock market news lives updates: Stock futures slide amid renewed recession concerns,0.877,0.062,0.89,0.048
14,7 Widely Held Stocks to Sell Because They’re Poised to Plunge,0.632,0.097,0.812,0.09
15,"'Somebody forgot to tell the boat industry' about inflation, the bear market, and recession fears",0.584,0.052,0.903,0.045
