﻿,Titles,Polarity,Positive,Neutral,Negative
0,Apple: Here Comes a Monster Growth Cycle,0.993,0.11,0.878,0.012
1,Dow Jones Futures: Stock Market Rally Retreats; 'Monster' Apple In Buy Area,0.55,0.182,0.818,0.0
2,Apple (AAPL) Gains As Market Dips: What You Should Know,0.987,0.092,0.886,0.021
3,Electric Vehicle Checkpoint: Will the Apple Car Be a Porsche?,0.202,0.083,0.917,0.0
4,"Apple's workforce became slightly more diverse in 2021, but largely because of its retail division",0.141,0.056,0.944,0.0
5,Google Tests Letting Apps Like Spotify Offer Own Billing,-0.892,0.054,0.855,0.091
6,"4 Top Stock Trades for Thursday: AAPL, GLD, AMD, AMC",0.998,0.14,0.817,0.043
7,Apple Set For 'Monster Growth Cycle' Over Next Year-Plus,0.66,0.215,0.73,0.055
8,Metaverse presents ‘half a trillion’-dollar opportunity: ProShares strategist,0.997,0.129,0.871,0.0
9,Why Apple Stock Looks Tasty Today,0.902,0.127,0.858,0.015
10,Apple buys UK fintech start-up Credit Kudos,0.961,0.26,0.74,0.0
11,Apple Stock’s Rally Could Keep Going Thanks to ‘Stellar’ iPhone 13 Demand,0.823,0.366,0.58,0.054
12,10 Finance Stocks to Invest In According to Paul Tudor Jones’s Tudor Investment Corp,0.999,0.096,0.897,0.007
13,"Beyond MEME, 5 ETFs to Play Latest Reddit Craze",0.995,0.117,0.848,0.035
14,Investors are telling Apple to ‘think different’ about civil rights,0.963,0.078,0.867,0.056
15,Why Apple will soon lose its tight grip on the App Store,-0.956,0.05,0.888,0.062
16,S&amp;P 500 Stumbles as Oil Price Surge Renews Inflation Jitters,0.78,0.107,0.801,0.091
17,"Market check: Stocks pare gains, oil rises",0.0,0.0,1.0,0.0
18,Is it Wise to Still Buy Apple (AAPL) Shares?,0.98,0.085,0.901,0.015
19,Amazon Is Back to Acting Like a Wall Street Darling,0.995,0.116,0.848,0.036
20,"Dow Jones Slides As Oil Prices Jump; Apple, Tesla Show New Buy Points",0.0,0.0,1.0,0.0
21,Spotify Stock Is In for More Hurt With Workers Returning to the Office,0.988,0.092,0.869,0.039
22,10 Blue Chip Stocks with Dividends,0.999,0.098,0.883,0.019
23,Dow Jones Futures Fall After S&amp;P 500 Reclaims Key Level; Apple Flashes Buy Signal,0.0,0.0,1.0,0.0
24,Apple Acquires U.K. Financial Health Startup Credit Kudos,0.963,0.105,0.837,0.059
25,10 Long-Term Growth Stocks Analysts Have Their Eyes On,1.0,0.14,0.83,0.031
26,Here's Why DA Davidson Sees 59% Upside In Roku,0.985,0.124,0.864,0.012
