﻿,Titles,Polarity,Positive,Neutral,Negative
0,"Dow Jones Futures: Tesla Earnings Beat, While Apple Leads 4 Tech Giants Set To Report",0.0,0.0,1.0,0.0
1,Microsoft Focuses Aggressively On Cloud Ahead Of Fiscal Q4 Earnings Report,0.992,0.069,0.908,0.024
2,"US STOCKS-Indexes notch closing record highs as key earnings, Fed meet eyed",0.94,0.076,0.883,0.042
3,‘The markets have rewarded Powell’: Heritage Capital President,0.0,0.0,1.0,0.0
4,This could be the peak of the tech boom — Here’s what to look for,0.81,0.275,0.725,0.0
5,Kanye West's 'Donda' is still nowhere to be found after bizarre release party with $50 tenders,0.979,0.087,0.866,0.046
6,AAPL Option Traders Enthusiastic Ahead of Earnings,0.459,0.143,0.857,0.0
7,"Dow Jones Breaks 35,100 With Apple, Visa, Microsoft Earnings Coming",0.0,0.0,1.0,0.0
8,"US STOCKS-Wall St mostly edges up as investors eye tech earnings, Fed meeting",-0.685,0.056,0.876,0.067
9,"Top Stock Reports for Apple, Danaher &amp; Novartis",0.999,0.178,0.789,0.032
10,Apple Inches to New High as Street Weighs In Ahead of Tuesday’s Earnings Report,-0.115,0.055,0.832,0.113
11,15 Best Value Stocks to Invest In,1.0,0.137,0.821,0.042
12,Apple Earnings: What to Look for from AAPL,0.382,0.115,0.885,0.0
13,"US STOCKS-Wall Street hovers near record highs before tech earnings, Fed meeting",0.908,0.07,0.879,0.051
14,"Dow Jones Targets New High As These Stocks Lead; Tesla, Apple, Microsoft Earnings On Tap",-0.103,0.082,0.819,0.099
15,6 ETFs in the Spotlight Ahead of Big Tech Q2 Earnings,0.999,0.138,0.847,0.015
16,Tech earnings expected to grow into 2022: strategist,0.382,0.098,0.902,0.0
17,"Dow Jones Reverses As Bitcoin Soars Above $39,000; Tesla Earnings On Deck",0.0,0.0,1.0,0.0
18,"Big tech earnings on tap, Federal Reserve decision this week",0.0,0.0,1.0,0.0
19,Apple reports Q3 earnings on Tuesday — Here's what to expect,0.989,0.086,0.885,0.029
20,Users Are Showing Snapchat A Lot Of Love – With Or Without COVID-19,0.999,0.149,0.839,0.013
21,Twitter Did More Than Just Bounce Back From COVID-19,0.976,0.058,0.931,0.012
22,"Dow Jones Falls As Bitcoin Soars Above $39,000; Tesla Earnings On Deck",0.0,0.0,1.0,0.0
23,"ESG investing is booming, and investors are 'winging it when it comes to research'",0.994,0.092,0.898,0.01
24,Can Continued Services Momentum Aid Apple's (AAPL) Q3 Earnings?,0.996,0.114,0.884,0.002
25,US STOCKS-Wall Street falls from record highs as earnings-heavy week kicks off,0.84,0.059,0.896,0.045
26,"Apple Stock Pricing In June-Quarter Beat, Strong iPhone 13 Launch",0.0,0.0,1.0,0.0
27,Apple Earnings Preview: How to Trade the Stock's Move,0.0,0.0,1.0,0.0
28,Why Apple (AAPL) Might Surprise This Earnings Season,0.997,0.193,0.807,0.0
29,4 Stocks to Watch as Demand for Smartphones Makes a Comeback,0.999,0.123,0.859,0.018
30,"Dow Jones Futures Fall: Market Rally At Highs As Apple Earnings Loom; China Stocks Dive, Bitcoin Spikes, Here Comes Tesla",0.0,0.0,1.0,0.0
31,Second quarter earnings are all about 2019: Morning Brief,0.976,0.049,0.933,0.019
32,Apple Reports Earnings Tuesday. Why the Market May Already Be Looking Past Them.,0.103,0.057,0.943,0.0
33,Dow Futures 135 Pts Lower; Chinese Clampdown Weighs,-0.19,0.073,0.85,0.077
34,Dow Jones Futures Fall: Stock Market Rally At Highs With Apple Earnings Due; Here Comes Tesla,0.0,0.0,1.0,0.0
35,15 Best Warren Buffett Stocks to Buy Now,1.0,0.132,0.835,0.033
36,10 Most-Shorted Stocks Reddit’s WallStreetBets Is Paying Attention To,0.998,0.07,0.909,0.022
