﻿,Titles,Polarity,Positive,Neutral,Negative
0,Dow Jones Dips As Powell Comments Hit Stock Market But These Growth Stocks Rally,-0.5,0.0,0.832,0.168
1,"Tesla 'Bringing A Machine Gun To A Knife Fight,' Canaccord Genuity Analyst Says",0.889,0.069,0.912,0.019
2,Apple planning combined Apple TV and HomePod: report,0.0,0.0,1.0,0.0
3,Qualcomm Stock Dips After Downgrade,0.178,0.066,0.934,0.0
4,"West Virginia will now give you $12,000 to move to its state and work remotely",0.991,0.104,0.863,0.033
5,"Huawei Targets Over $1B On Self-Driving, EV Technologies R&amp;D, Amid Claims Of Beating Tesla: Bloomberg",0.961,0.068,0.925,0.007
6,"Dow, Tech Stocks Slide As Powell Calls Higher Rates 'Highly Unlikely'; Tesla Jumps On Upgrade",0.459,0.115,0.885,0.0
7,Apple Is Said to Be Developing New Smart-Home Products,0.0,0.0,1.0,0.0
8,The 5 best budget smartphones under $500,0.994,0.088,0.872,0.04
9,"What You Need To Know In Options This Week. Alibaba, Netflix, Wells Fargo, Bed Bath And Beyond, Aphria And More",0.56,0.029,0.946,0.026
10,"Dow Falls, Tech Stocks Slide As Powell Calls Higher Rates 'Highly Unlikely'; Tesla Jumps On Upgrade",0.459,0.115,0.885,0.0
11,Apple Working On Smart-Home Ecosystem Efforts To Gain Market Share: Bloomberg,0.991,0.116,0.87,0.014
12,Microsoft Confirms Nuance Communications Acquisition For $19.7B,0.389,0.061,0.896,0.043
13,Buy Tesla Because It Could Be the Next Apple. Here’s How.,0.296,0.104,0.896,0.0
14,Apple (AAPL) to Testify at Senate Hearing on Antitrust Issues,0.999,0.128,0.845,0.026
15,Magna To Manufacture Modular EV With Israeli Startup REE: Bloomberg,0.922,0.055,0.945,0.0
16,Why stocks are at a record even with the dark cloud of higher taxes hanging overhead,0.995,0.114,0.847,0.039
17,Huawei to Invest $1 Billion on Car Tech It Says Surpasses Tesla,0.98,0.067,0.924,0.009
18,Impossible Foods hires former Apple creative officer to be chief experience offer ahead of IPO,0.975,0.165,0.822,0.013
19,"Apple Working on Combined TV Box, Speaker to Revive Home Efforts",0.997,0.141,0.843,0.017
20,S.Korea's regulator to probe Hyundai Motor execs for alleged insider trading -report,0.891,0.059,0.941,0.0
21,Apple Facing Supply Shortage of Upcoming High-End iPad Displays,0.976,0.084,0.905,0.011
22,Apple agrees to testify before U.S. Senate on app store antitrust concerns,-0.226,0.057,0.886,0.057
23,Record Alibaba Fine Shows China’s Big Tech Can’t Fight Back,0.989,0.084,0.868,0.048
24,Microsoft Makes Big Bet on Health-Care AI Technology With Nuance,0.997,0.101,0.89,0.009
