﻿,Titles,Polarity,Positive,Neutral,Negative
0,Luck — Apple takes on Pixar with tale of leprechauns and talking cats,0.0,0.0,1.0,0.0
1,"Zacks Investment Ideas feature highlights: Apple, Exxon Mobil, and Microsoft",0.999,0.177,0.801,0.022
2,Energy stocks lag as U.S. crude oil drops below $90 a barrel,0.0,0.0,1.0,0.0
3,"US STOCKS-Wall Street slips on losses in Apple, energy shares",0.856,0.082,0.85,0.068
4,"U.S. crude oil falls below $90 a barrel, Coinbase stock pops on BlackRock partnership",-0.077,0.085,0.823,0.092
5,Better Buy: Apple or Every Nasdaq Stock?,0.654,0.179,0.71,0.111
6,3 Things Most Investors Don't Know About Warren Buffett's Investing Style,-0.052,0.036,0.925,0.039
7,Is Solana Trying to Become the Apple of the Crypto World?,0.0,0.0,1.0,0.0
8,"Zacks Market Edge Highlights: Apple, ExxonMobil, Twitter, Microsoft, and Activision Blizzard",0.998,0.109,0.871,0.02
9,Meta Makes Bond-Market Debut With Four-Part Offering,-0.939,0.057,0.86,0.084
10,Goldman Hit With Probe Into Credit-Card Business by CFPB,-0.153,0.082,0.841,0.076
11,Apple Has Been Dethroned as the Most Held Robinhood Stock: Here's What Replaced It,0.911,0.164,0.836,0.0
12,A Recession Is Coming. These Are the Stocks to Hunker Down in.,0.273,0.141,0.798,0.061
13,The women calling out Apple’s handling of misconduct claims,0.0,0.0,1.0,0.0
14,How a Celebrity CEO’s Rule of Fear Helped Bring Down Hot Startup Zilingo,0.917,0.079,0.844,0.078
