﻿,Titles,Polarity,Positive,Neutral,Negative
0,Apple says supply constraints worse than expected in Q4,0.0,0.0,1.0,0.0
1,Apple and Amazon Were Hit By Shortages. That’s Bad News for Everyone Else.,-0.7,0.07,0.755,0.174
2,Leaked Photo Shows Meta’s Planned Competitor to Apple Watch,-0.321,0.02,0.962,0.019
3,"Asian Stocks Down, Investors Digest Disappointing U.S. GDP, Earnings",-0.273,0.058,0.879,0.063
4,"RPT-US STOCKS-S&amp;P, Nasdaq hit record closing highs on earnings bullishness",0.992,0.11,0.849,0.04
5,"News From Tesla, Chipotle, Netflix, and More",-0.25,0.0,0.917,0.083
6,"Markets Close at or Near Record Highs; Sales Misses for AAPL, AMZN, SBUX",0.997,0.135,0.812,0.053
7,Apple and Amazon Stock Dives Set to Erase $200 Billion in Value,-0.922,0.075,0.821,0.104
8,Apple Stock Tumbles After a Rare Sales Miss. Investors Aren’t Happy.,-0.296,0.0,0.916,0.084
9,Apple (AAPL) Matches Q4 Earnings Estimates,0.995,0.103,0.891,0.006
10,Waymo hired a diversity expert to head up its inclusion efforts,0.0,0.0,1.0,0.0
11,Apple Earnings: What Happened With AAPL,0.0,0.0,1.0,0.0
12,"Dow Jones Futures: Apple, Amazon Fall Late After Nasdaq Hits High; Facebook Goes Meta",-0.296,0.083,0.777,0.141
13,Apple Tumbles After Supply Crunch Hurts iPhone Maker’s Sales,0.649,0.055,0.893,0.052
14,Apple quarterly sales miss for first time since 2018 amid supply constraints,-0.153,0.0,0.922,0.078
15,10 Best Roth IRA Stocks To Buy According To Hedge Funds,1.0,0.135,0.836,0.029
16,Apple stock falls after missing Q4 earnings estimates,0.0,0.0,1.0,0.0
17,Globalstar Stock Holds Growth Potential as iPhone Rumor Boost Fades,0.998,0.12,0.831,0.049
18,"Apple’s Earnings Include Record Profit, Warnings of Supply Issues",0.625,0.231,0.769,0.0
19,Amazon’s Holiday-Quarter Sales Forecast Suggests Pandemic Boom Is Over,0.996,0.128,0.837,0.034
20,"Apple Quarterly Revenue Increases 29% But Misses Forecasts, Posts Record Annual Sales and Profit",0.985,0.115,0.876,0.009
21,"Tim Cook Gushes Over ‘Ted Lasso,’ Apple TV+ Emmys – “We Couldn’t Be More Proud” (Update)",0.994,0.102,0.883,0.014
22,"Apple sales miss for first time since 2018, stock falls after earnings",-0.153,0.0,0.922,0.078
23,"UPDATE 2-Apple results hit by supply chain woes, Cook says holiday quarter impact will be worse",0.976,0.083,0.879,0.038
24,"CORRECTED-UPDATE 1-Apple results hit by supply chain woes, Cook says holiday quarter impact will be worse",0.962,0.075,0.885,0.04
25,"Apple results hit by supply chain woes, Cook says holiday quarter impact will be worse",0.973,0.082,0.88,0.039
26,Apple Reports Fourth Quarter Results,0.993,0.089,0.85,0.061
27,Tech catalyst will be 'consistency both on the top and bottom line': Market Strategist,0.382,0.115,0.885,0.0
28,"US STOCKS-Nasdaq hits record high with Apple, Amazon results on deck",0.994,0.137,0.843,0.02
29,Here’s How to Profit from Facebook’s Pain,0.965,0.093,0.849,0.058
30,Dow Jones Gains As Biden Pushes Spending; Apple Stock Up With This Due; Donald Trump SPAC Spikes,0.382,0.11,0.89,0.0
31,Look Past the Near-Term Headwinds and Invest in Pinterest Stock,0.983,0.07,0.909,0.021
32,Apple stock option traders prepared for a more muted post-earnings reaction than usual,0.459,0.082,0.886,0.032
33,Facebook Changes Name to Meta in Embrace of Virtual Reality,0.962,0.055,0.913,0.032
34,"US STOCKS-Nasdaq hits record high with Apple, Amazon results on deck",0.996,0.144,0.84,0.016
35,Twitter Tanks of Weak Earnings: Social Media ETF in Focus,0.974,0.093,0.856,0.052
36,Facebook rebrands as Meta as it bets on the future of the metaverse,0.945,0.093,0.845,0.063
37,"Facebook Paves Way to Metaverse With VR Tools for Home, Work",0.991,0.067,0.92,0.013
38,All Eyes on Apple Stock Ahead of Earnings Today,0.993,0.114,0.858,0.028
39,Apple to report earnings amid chip shortage and supply crunch,-0.19,0.053,0.886,0.06
40,Apple Stock Tumbles As Chip Shortage Clips $6 Billion From Q4 Sales In Rare Earnings Miss,-0.25,0.0,0.923,0.077
41,Why Hedge-Fund Bulls and Bears Are Crowding Into the Same Tech Stocks,0.832,0.09,0.844,0.066
42,GlobalFoundries Whipsaws in Trading Debut After $2.6 Billion IPO,0.97,0.084,0.874,0.042
43,"Dow Up 180 Points As Three Key Stocks Rally, Nasdaq Leads Ahead Of Apple Earnings",0.0,0.0,1.0,0.0
44,"S&amp;P 500, Nasdaq Clinch Records as Bulls Ride Big Tech Rally",0.974,0.101,0.848,0.051
45,"Cognizant's (CTSH) Q3 Earnings Beat, Revenues Increase Y/Y",0.998,0.153,0.83,0.018
46,Buy the Earnings Dip in Facebook Stock?,0.998,0.123,0.824,0.054
47,"Tesla Is Sharply Extended, But Here's A Way To Play The Big EV Rally",0.0,0.0,1.0,0.0
