﻿,Titles,Polarity,Positive,Neutral,Negative
0,Investors Are Bullish on These 10 Stocks Today,0.998,0.132,0.848,0.02
1,Dow Jones Futures: Market Correction Extends Sell-Off; Why Apple Stock Is An 'Absolute Loser',-0.775,0.094,0.548,0.358
2,It’s Not Just Tesla. 8 Other Stocks to Play the Future of Transportation.,0.0,0.0,1.0,0.0
3,The Future of Transportation Is a Lot More Than Tesla. How to Invest.,0.34,0.124,0.876,0.0
4,Ken Fisher is Selling These 10 Stocks in 2022,0.996,0.091,0.885,0.023
5,Roe v. Wade: How corporate America has responded to the Supreme Court draft opinion,0.557,0.101,0.899,0.0
6,The market is ‘basically forecasting stagflation’: Strategist,0.0,0.0,1.0,0.0
7,"Amazon is Offering a Rare Sale on Apple AirTags, iPhone Cases and Chargers",0.459,0.069,0.931,0.0
8,Chaos Erupts At Apple Plant In China Due To Strict Lockdown,0.927,0.084,0.883,0.033
9,Stock Market Today: Dow Caps Wild Week With Loss as Winless Run Continues,-0.986,0.066,0.814,0.12
10,"If Roe v. Wade is overturned, what happens to real-estate markets in states with ‘trigger’ laws that would immediately ban abortion?",0.422,0.135,0.865,0.0
11,The most expensive TV shows of all time: 'Stranger Things' and 'Lord of the Rings' enter pantheon,0.965,0.041,0.938,0.021
12,S&amp;P 500 Deepens Losses as Stronger Jobs Report Fails to Turn Tide of Selling,-0.987,0.072,0.803,0.125
13,Top Funds Bet On These Stocks To Rise From Down Market,0.637,0.181,0.819,0.0
14,Tony Fadell created the iPod and co-created the iPhone. He almost didn’t join Apple,0.975,0.098,0.844,0.057
15,Alphabet Stock Should Still Be on Investors’ Shopping Lists,-0.238,0.078,0.846,0.075
16,10 Companies that Just Increased Their Dividends,1.0,0.139,0.832,0.03
17,Digital markets regulation: Big Tech means big problems,-0.103,0.095,0.789,0.116
18,Should You Buy Apple Stock Right Now?,0.898,0.238,0.762,0.0
19,"Dow Jones Futures Fall After Stocks Plunge, Treasury Yields Soar In Delayed Fed Reaction",-0.026,0.096,0.802,0.102
20,"Mega Caps Struggle, Becky Quick on Berkshire-Hathaway's Future",-0.579,0.058,0.768,0.175
21,Workers at Apple China Plant Clash With Guards Over Lockdowns,-0.971,0.048,0.866,0.087
22,73% of Warren Buffett's Portfolio Is Invested in These 5 Stocks,0.0,0.0,1.0,0.0
