﻿,Titles,Polarity,Positive,Neutral,Negative
0,Amazon Slides Below Support Level as Big Tech Weakness Continues,0.681,0.089,0.841,0.069
1,7 Hyper-Growth Software Stocks Up to 50% Off,1.0,0.143,0.823,0.034
2,Apple’s Rocky Road to a $3 Trillion Market Capitalization,0.973,0.057,0.926,0.017
3,Why Nvidia Stock Dropped Again Today,-0.61,0.057,0.845,0.098
4,Market check: Mega caps decline amid broad market sell-off,0.0,0.0,1.0,0.0
5,"Market check: Stocks open lower, yield curve steepens, oil under pressure",-0.296,0.0,0.896,0.104
6,"Market check: Stocks sink on stimulus blow, Omicron concerns",0.0,0.0,1.0,0.0
7,"Epic's Sweeney on battle with Apple, Google: We're protecting future entrepreneurs",-0.439,0.0,0.884,0.116
8,Zoom Gains as Omicron Fears Rekindle Interest in Covid-Winner,0.735,0.082,0.861,0.056
9,Dow Jones Futures Tumble In Dangerous Whipsaw Rally As Omicron Fears Swell; Tesla Rival Nio Touts Big Ambitions,-0.273,0.087,0.769,0.144
10,Here's My Top Stock to Buy for 2022 and Beyond,0.557,0.121,0.815,0.064
11,"Nvidia Stock Still Has Valuation Problems, But Its Future Looks Bright",0.999,0.152,0.801,0.046
12,Is the Omicron variant already hurting the economy?: Morning Brief,0.994,0.059,0.918,0.023
13,UPDATE 1-Dozens released after protest at India plant of Apple supplier Foxconn,-0.985,0.019,0.85,0.131
14,"Moderna, AT&amp;T Rise Premarket; United Airlines, Tesla, Exxon Mobil Fall",-0.296,0.052,0.896,0.052
15,"China Ordered Amazon to Delete Reviews of Xi Jinping’s Book, Reuters Says",-0.402,0.062,0.883,0.055
16,Dow Jones Futures Fall In Dangerous Whipsaw Rally As Omicron Fears Swell; Tesla Rival Nio Touts Big Ambitions,-0.273,0.087,0.769,0.144
