﻿,Titles,Polarity,Positive,Neutral,Negative
0,Buffett stays buoyant as Bitcoin plunges 20% — here are the top 3 stocks he's holding instead,0.998,0.133,0.841,0.025
1,Apple's 'hands-off' approach with Roblox draws focus in DOJ antitrust probe - The Information,0.465,0.048,0.919,0.033
2,The World's Relentless Demand for Chips Turns Deadly in Malaysia,0.83,0.066,0.871,0.063
3,Follow the Money - 3 Tech Stocks Showing Relative Strength,0.999,0.146,0.826,0.027
4,Do Hedge Funds Love Apple Inc. (AAPL)?,0.996,0.094,0.89,0.016
5,"Apple rises, Alibaba stock pops following management shakeup, Lucid sinks",0.681,0.221,0.69,0.089
6,10 Growth Stocks Under $20 in Billionaire Ken Fisher’s Portfolio,1.0,0.134,0.86,0.006
7,Metaverse will disrupt human life — here are 7 companies that may win big,0.986,0.073,0.903,0.023
8,Strategist not worried about market shock to Big Tech from 'well-known' Fed moves,0.599,0.154,0.846,0.0
9,4 of the Safest Dividend Stocks That'll Help You Crush Inflation,-0.612,0.026,0.882,0.092
10,Microsoft's stock market value is headed to $3 trillion in under 6 months: analyst,0.996,0.155,0.841,0.004
11,15 Best Stocks to Buy for 2022 According to Analysts,1.0,0.119,0.864,0.017
12,"Jefferies Likes Facebook, Apple, Microsoft as Metaverse Plays",-0.448,0.0,0.802,0.198
13,10 Long-Term Stocks to Buy According to Warren Buffett,0.999,0.103,0.876,0.021
14,"There's a 'tinge' toward value stocks right now, strategist says",-0.12,0.078,0.83,0.092
15,"When It Comes to Ticker Sentiment, Buy These 5 Before GameStop",0.972,0.063,0.903,0.034
16,"What we get right, and wrong, with our Company of the Year",0.994,0.091,0.876,0.033
17,Microsoft is Yahoo Finance’s Company of the Year 2021,0.995,0.088,0.885,0.027
18,Why Microsoft avoided antitrust scrutiny that plagued other tech giants in 2021,0.983,0.097,0.828,0.075
19,Girls Who Code CEO Tarika Barrett on what causes tech’s gender gap,-0.665,0.067,0.72,0.213
20,Could This Mega-Cap Tech Stock Still Have Lots of Upside?,0.0,0.0,1.0,0.0
21,"Apple Stock Is an Attractive Buy, Says KeyBanc. Price Target Set at $191.",0.527,0.216,0.784,0.0
22,Will Apple Stock Fly or Fall in 2022?,0.813,0.184,0.732,0.085
23,Apple Gains As JPMorgan Calls iPhone 13 Demand 'Healthy',0.81,0.08,0.861,0.059
24,"Dow Jones Futures Rise As Techs, Bitcoin Fall: Apple, Tesla At Key Levels; Lucid Dives On SEC Probe",-0.238,0.0,0.933,0.067
25,"Apple Will Notify Kids, but not Parents, About Nude Photos",-0.103,0.0,0.94,0.06
26,"The Zacks Analyst Blog Highlights: Apple, Cisco Systems, Linde, Exelon and Keurig Dr Pepper",0.997,0.129,0.841,0.03
27,Investing in This ETF Right Now Could Make You a Millionaire Retiree,0.745,0.155,0.81,0.034
28,Samsung Sued by Caltech Over Alleged Wi-Fi Patent Infringement,-0.7,0.047,0.829,0.124
29,"Apple Stock Jumps As KeyBanc Opens Coverage With 'Overweight' Rating, $191 Price Target",0.494,0.118,0.882,0.0
30,"Lucid, Nvidia, Coinbase Fall in Premarket; Kohl's, Apple Rise",0.802,0.064,0.899,0.038
31,"Goldman, Morgan Stanley Bid to Buy Into India Mapmaker’s IPO",0.916,0.05,0.938,0.013
32,Smartphone Leasing Startup Everphone Raises $200 Million,0.772,0.047,0.932,0.021
