﻿,Titles,Polarity,Positive,Neutral,Negative
0,Why Lucid Stock Suddenly Popped Today,0.0,0.0,1.0,0.0
1,Why this U.S. chipmaker walked away from the Research Triangle region site,0.0,0.0,1.0,0.0
2,Meta’s Oculus Unit Faces FTC-Led Probe of Competition Practices,0.847,0.053,0.912,0.035
3,"Apple stock is a ‘place to hide’ amid volatile markets, says analyst",0.625,0.267,0.733,0.0
4,"Next Capital Management LLC Buys Globus Medical Inc, Tesla Inc, PPG Industries Inc, Sells Apple ...",0.997,0.07,0.926,0.004
5,Teladoc Stock Is Returning to Long-Term Pivotal Zones,0.94,0.116,0.782,0.103
6,ETF Strategies to Beat Inflation &amp; Follow Warren Buffett,0.999,0.136,0.846,0.018
7,"Q4 Earnings Update and Analyst Reports for Apple, JNJ &amp; McDonald's",1.0,0.189,0.758,0.053
8,"Market check: Stocks choppy in intraday trading, tech stocks turn green",0.0,0.0,1.0,0.0
9,Apple AirTag: What to know about the device’s tracking capabilities,0.986,0.06,0.921,0.019
10,Why Nvidia Stock Blipped Higher Today,0.796,0.15,0.85,0.0
11,Apple’s New VR/AR Headset Risks Being Delayed Until 2023,0.993,0.058,0.922,0.02
12,Apple Analysts Boost Targets Ahead of Earnings. The Path to a $4 Trillion Market Cap.,-0.153,0.079,0.822,0.099
13,Market strategist: 'People are losing their conviction' for banks stocks in early 2022 trading,0.612,0.106,0.894,0.0
14,Meta Platforms (FB) Faces Multibillion-Pound Legal Claim in UK,0.996,0.132,0.819,0.049
15,Here's Where to Buy the Dip in Apple Stock,-0.296,0.0,0.896,0.104
16,Senator John Hickenlooper Latest Portfolio: Stocks to Watch,1.0,0.134,0.857,0.009
17,"Fortnite Is Back On Apple iOS, for Some Users",0.0,0.0,1.0,0.0
18,Prediction: Amazon Stock Will Be Worth More Than Apple in 10 Years,0.697,0.139,0.819,0.042
19,Types of Stocks,0.681,0.228,0.772,0.0
20,Bull vs. Bear: Could Tesla Be the Best-Performing S&amp;P 500 Stock of 2022?,0.477,0.137,0.788,0.076
21,Live Sports Key to Apple Streaming Success: Wedbush,0.962,0.098,0.902,0.0
22,"TSMC Shares Near Record High on Spending Hike, Growth Outlook",0.99,0.106,0.854,0.04
