﻿,Titles,Polarity,Positive,Neutral,Negative
0,"Dow Jones Futures: Russia-Ukraine Cease-Fire Talks On Deck; Apple, Tesla Eye New Buy Points",0.0,0.0,1.0,0.0
1,Oscars ratings bounce back from record lows,0.999,0.164,0.811,0.025
2,Apple’s ‘Quality Over Quantity’ Approach Pays Off at Oscars,0.977,0.52,0.48,0.0
3,Apple stock just accomplished something for the first time in more than a decade,0.823,0.312,0.688,0.0
4,"4 Top Stock Trades for Tuesday: AAPL, GOOGL, AVGO, DOW",0.994,0.124,0.834,0.042
5,Apple cuts iPhone SE production by 20% less than three weeks after launch,0.988,0.067,0.898,0.035
6,A tortoise-and-hare story: How Apple beat Netflix to a best-picture Oscar despite later streaming start,0.468,0.103,0.859,0.038
7,Apple’s “Coda” Oscar is a win for the hybrid release model,0.988,0.094,0.884,0.021
8,Tech Stocks Roundup: Apple Is Working on a New Golden Opportunity,0.612,0.25,0.75,0.0
9,"Oscars 2022: Ratings tick higher amid Apple TV+ domination, Will Smith slap",1.0,0.191,0.778,0.032
10,"Dow Jones Dips 200 Points, But Walmart, Microsoft Rise; Apple Stock Probes New Buy Point, Bitcoin Jumps 6%",-0.153,0.0,0.909,0.091
11,10 Blue Chip Stocks in Warren Buffett’s Portfolio,0.999,0.111,0.878,0.011
12,The Best Metaverse Stocks to Consider Buying Now,0.34,0.146,0.854,0.0
13,"US STOCKS-Wall Street slips as banks, energy stocks weigh",0.946,0.087,0.855,0.059
14,"Big Tech’s Rebound Faces Risks From a Flattening Yield Curve, Morgan Stanley Says",0.949,0.14,0.758,0.103
15,Nvidia is the most important tech company on planet: analyst,0.961,0.048,0.949,0.002
16,Apple Didn't Beat Netflix at the Oscars This Time,0.735,0.34,0.66,0.0
17,Alphabet (GOOGL) Updates Gmail With Pause Notification Feature,0.998,0.16,0.833,0.007
18,"Apple's (AAPL) CODA Makes History, Wins Oscar for Best Film",0.998,0.205,0.77,0.025
19,UBER Wins 30-Month License to Continue Operations in London,0.987,0.107,0.855,0.038
20,The Cost of Making an iPhone,0.735,0.246,0.754,0.0
21,"US STOCKS-S&amp;P 500 flat as Tesla offsets losses in banks, energy stocks",0.956,0.096,0.847,0.057
22,Nasdaq Leads Stock Market As Tesla Plans New Stock Split; These Stocks Top Buy Points,-0.751,0.0,0.853,0.147
23,Sell Apple on Monday Morning's News? Here's How I See It,0.25,0.032,0.949,0.019
24,"Market check: Tech stocks gain, AMC stock rises, oil retreats",0.0,0.0,1.0,0.0
25,Amazon Stock Rally Picks Up to Erase Losses for the Year,0.971,0.116,0.82,0.064
26,"Where the biggest towers, campuses are delivering this year — and what they say about the post-pandemic office",0.0,0.0,1.0,0.0
27,Alphabet's (GOOGL) YouTube Music Rolls Out Repeat Feature,0.998,0.151,0.846,0.003
28,"Apple to cut iPhone SE production, stock dips",-0.128,0.0,0.941,0.059
29,"Tesla among Big Tech giants Amazon, Alphabet, and Apple planning a stock split",0.994,0.115,0.88,0.005
30,How Google and other Big Tech stocks may be impacted by the Russia-Ukraine war,-0.459,0.056,0.833,0.11
31,Netflix Shares Reel on Loss of Status as Pandemic Darling,0.988,0.119,0.801,0.08
32,"Dow Jones Falls As Tesla Surges On Stock Split Plan; Bitcoin Jumps Above $47,000",0.0,0.0,1.0,0.0
33,Strong Memory Chip Demand to Boost Micron's (MU) Q2 Earnings,0.992,0.107,0.866,0.028
34,US STOCKS-Wall Street set to open flat; Tesla gains,0.801,0.066,0.886,0.048
35,Autodesk (ADSK) Boosts AEC Capabilities With The Wild Buyout,0.997,0.094,0.904,0.002
36,"Dow Jones Futures Rise As Tesla Surges On Stock Split Plan; Bitcoin Jumps Above $47,000",0.0,0.0,1.0,0.0
37,"Dow Jones Futures Rise, Oil Prices Tumble; Tesla Jumps On Stock Split Plan",0.285,0.102,0.898,0.0
38,"Midday Stock Movers: Tesla, Poly, Coinbase",0.621,0.065,0.881,0.053
39,Spotify Needs to Handily Beat Long-Term Expectations,0.998,0.121,0.859,0.02
40,5G Stocks To Buy And Watch As U.S. Wireless Capital Spending Booms,0.637,0.181,0.819,0.0
41,Dow Jones Futures Point To Slim Market Rally; Tesla Jumps On Stock Split Plan,0.285,0.102,0.898,0.0
42,Apple Set to Snap Win Streak on Report of iPhone Production Cut,0.791,0.097,0.823,0.08
43,Apple's 'CODA' win at the Oscars could unleash a streaming beast: analyst,0.991,0.132,0.854,0.014
44,"Stocks Mixed, Week Ahead, Apple, Tesla, Will Smith &amp; Chris Rock - 5 Things You Must Know",-0.153,0.084,0.821,0.095
45,3 Reasons Why Berkshire Hathaway Stock Hit a New All-Time High (And It's Not All Because Of Apple),0.802,0.122,0.878,0.0
46,"Why you should fear oil prices at $90, $100, $150, or $200: Morning Brief",0.976,0.057,0.901,0.042
