﻿,Titles,Polarity,Positive,Neutral,Negative
0,"As Customers Spend Less, Companies' Balance Sheets Become More Important",0.44,0.09,0.866,0.045
1,Movie studios look to cut production amid supply chain woes,0.178,0.076,0.867,0.057
2,Sony's Next Big Thing in Tech Is Helping Honda Take On Tesla,0.989,0.063,0.913,0.025
3,"Markets close with losses, energy and utilities lead, Chinese stocks lean to the upside",0.0,0.0,1.0,0.0
4,Apple prepares to release over 20 products and updates this year,0.993,0.062,0.93,0.008
5,The Best True Wireless Earbuds of 2022,0.791,0.269,0.731,0.0
6,"Roe overturned, Theranos trial, EPA rights: 3 legal stories to watch",-0.791,0.119,0.764,0.117
7,Wells Fargo Enumerates Several Bottlenecks For PayPal; Reiterates Overweight Rating,0.956,0.141,0.796,0.063
8,"Apple May Have 40 Million Subscribers for Streaming TV Service, Analyst Says",0.0,0.0,1.0,0.0
9,What the Roe v. Wade ruling means for tech companies and reproductive privacy,0.993,0.085,0.884,0.031
10,"Midterm elections, employer abortion benefits: What to watch in D.C. this week",0.0,0.0,1.0,0.0
11,Formula 1 Could Secure Lucrative Media Rights Deal. Investors May Be Wanting More.,0.958,0.227,0.773,0.0
12,"Apple teases new devices, Daily Harvest faces lawsuit, 'Elvis' ties with 'Top Gun' at the box office",0.0,0.0,1.0,0.0
13,“I Dare All Meme Stock Maniacs”: Cliff Asness’ Short Position on AMC and His Top 10 Picks,1.0,0.127,0.849,0.025
14,"Nasdaq edges lower, Apple and Tesla stocks rise, crypto declines",0.811,0.075,0.879,0.046
15,2 Stocks to Watch From the Challenging Computer Industry,0.997,0.098,0.872,0.03
16,2 Monster Warren Buffett Stock-Split Stocks to Buy Right Now,0.904,0.17,0.794,0.035
17,"Market check: Stocks waver at open, U.S. dollar flags",0.0,0.0,1.0,0.0
18,UPDATE 1-U.S. Supreme Court won't hear Apple's bid to revive Qualcomm patent challenges,-0.44,0.092,0.802,0.106
19,Companies announce abortion benefits as trigger bans take effect in some states,0.494,0.132,0.868,0.0
20,Jim Cramer Recommends These 10 Stocks for Recession,0.989,0.088,0.858,0.054
21,Will Nvidia Be a Trillion-Dollar Stock by 2025?,0.44,0.116,0.884,0.0
22,GameStop Stock Remains an Oddity In This Volatile Market,0.968,0.073,0.883,0.044
23,Meta Plunge Lures Value Buyers as Growth Funds Flee,0.998,0.128,0.842,0.03
24,"Have $3,000? These Top Tech Stocks Are a Buy Now",0.593,0.068,0.932,0.0
25,7 Warren Buffett Stocks to Buy for a Bear Market,0.999,0.134,0.805,0.061
