﻿,Highest Category,Polarity,PosOrNeg
1/5/21,Neutral,0.656,Positive
1/6/21,NaN,,NaN
1/7/21,Neutral,-0.318,Negative
1/8/21,Neutral,0.91675,Positive
1/11/21,Neutral,0.9975,Positive
1/12/21,Neutral,0.953,Positive
1/13/21,Neutral,0.295,Positive
1/14/21,Neutral,1,Positive
1/19/21,Neutral,0.049,Positive
1/20/21,NaN,,NaN
1/21/21,Neutral,0.0215,NaN
1/22/21,Neutral,0.9955,Positive
1/25/21,Neutral,0.40275,Positive
1/26/21,Neutral,0.914333333,Positive
1/27/21,Neutral,0.995666667,Positive
1/29/21,Neutral,0.9865,Positive
2/1/21,NaN,,NaN
2/2/21,Neutral,0.628333333,Positive
2/3/21,Neutral,0.852,Positive
2/4/21,Neutral,0.999,Positive
2/5/21,Neutral,0.9246,Positive
2/8/21,Neutral,0.393181818,Positive
2/9/21,Neutral,0.949,Positive
2/11/21,Neutral,0.9972,Positive
2/12/21,NaN,,NaN
2/16/21,Neutral,0.681,Positive
2/17/21,Neutral,0.7582,Positive
2/18/21,Neutral,0.676,Positive
2/19/21,Neutral,0.124,Positive
2/22/21,Neutral,0.425142857,Positive
2/24/21,Neutral,0.745,Positive
2/25/21,Neutral,0.585571429,Positive
2/26/21,Neutral,0.510230769,Positive
3/1/21,Neutral,0.731166667,Positive
3/2/21,Neutral,0.716666667,Positive
3/3/21,Neutral,0.24575,Positive
3/4/21,Neutral,0.798363636,Positive
3/5/21,Neutral,0.711142857,Positive
3/9/21,Neutral,0.560285714,Positive
3/10/21,Neutral,0.632705882,Positive
3/11/21,Neutral,0.643545455,Positive
3/12/21,Neutral,0.7025,Positive
3/15/21,Neutral,0.597846154,Positive
3/16/21,Neutral,0.390142857,Positive
3/17/21,Neutral,0.24425,Positive
3/18/21,Neutral,0.689578947,Positive
3/22/21,Neutral,0.489857143,Positive
3/23/21,Neutral,0.5656,Positive
3/24/21,Neutral,0.449235294,Positive
3/25/21,Neutral,0.7474,Positive
3/26/21,Neutral,0.67856,Positive
3/29/21,Neutral,0.459529412,Positive
3/30/21,Neutral,0.416243243,Positive
3/31/21,Neutral,0.572955556,Positive
4/5/21,Neutral,0.72275,Positive
4/6/21,Neutral,0.455285714,Positive
4/7/21,Neutral,0.42515,Positive
4/8/21,Neutral,0.176815789,Positive
4/9/21,Neutral,0.53262963,Positive
4/12/21,Neutral,0.64648,Positive
4/13/21,Neutral,0.553681818,Positive
4/15/21,Neutral,0.705588235,Positive
4/16/21,Neutral,0.567333333,Positive
4/19/21,Neutral,0.29204,Positive
4/20/21,Neutral,0.667173913,Positive
4/21/21,Neutral,0.254093023,Positive
4/22/21,Neutral,0.521115385,Positive
4/23/21,Neutral,0.744275,Positive
4/26/21,Neutral,0.51744186,Positive
4/28/21,Neutral,0.672577778,Positive
4/29/21,Neutral,0.501020833,Positive
4/30/21,Neutral,0.373880952,Positive
5/3/21,Neutral,0.535604651,Positive
5/4/21,Neutral,0.417448276,Positive
5/5/21,Neutral,0.675608696,Positive
5/6/21,Neutral,0.64888,Positive
5/7/21,Neutral,0.486869565,Positive
5/11/21,Neutral,0.100925926,Negative
5/12/21,Neutral,0.155583333,Positive
5/13/21,Neutral,0.638636364,Positive
5/14/21,Neutral,0.525416667,Positive
5/17/21,Neutral,0.474777778,Positive
5/18/21,Neutral,0.60532,Positive
5/19/21,Neutral,0.386851852,Positive
5/20/21,Neutral,0.393565217,Positive
5/24/21,Neutral,0.38404,Positive
5/25/21,Neutral,0.589217391,Positive
5/26/21,Neutral,0.658590909,Positive
5/27/21,Neutral,0.772090909,Positive
5/28/21,Neutral,0.52265625,Positive
6/1/21,Neutral,0.676857143,Positive
6/2/21,Neutral,0.572551724,Positive
6/4/21,Neutral,0.548518519,Positive
6/7/21,Neutral,0.695571429,Positive
6/8/21,Neutral,0.549464286,Positive
6/9/21,Neutral,0.763388889,Positive
6/10/21,Neutral,0.459052632,Positive
6/11/21,Neutral,0.559961538,Positive
6/14/21,Neutral,0.5572,Positive
6/15/21,Neutral,0.633689655,Positive
6/17/21,Neutral,0.524307692,Positive
6/18/21,Neutral,0.727578947,Positive
6/21/21,Neutral,0.498125,Positive
6/22/21,Neutral,0.712413793,Positive
6/23/21,Neutral,0.489653846,Positive
6/24/21,Neutral,0.685806452,Positive
6/25/21,Neutral,0.692333333,Positive
6/28/21,Neutral,0.734055556,Positive
6/30/21,Neutral,0.506809524,Positive
7/1/21,Neutral,0.654066667,Positive
7/2/21,Neutral,0.602944444,Positive
7/6/21,Neutral,0.303086957,Positive
7/7/21,Neutral,0.490833333,Positive
7/8/21,Neutral,0.086947368,Positive
7/9/21,Neutral,0.448375,Positive
7/13/21,Neutral,0.48736,Positive
7/14/21,Neutral,0.508520833,Positive
7/15/21,Neutral,0.636814815,Positive
7/16/21,Neutral,0.65516,Positive
7/19/21,Neutral,0.599615385,Positive
7/20/21,Neutral,0.434705882,Positive
7/21/21,Neutral,0.51147619,Positive
7/22/21,Neutral,0.548346154,Positive
7/26/21,Neutral,0.503351351,Positive
7/27/21,Neutral,0.484711111,Positive
7/28/21,Neutral,0.408152174,Positive
7/29/21,Neutral,0.558928571,Positive
7/30/21,Neutral,0.420321429,Positive
8/2/21,Neutral,0.676833333,Positive
8/3/21,Neutral,0.704571429,Positive
8/4/21,Neutral,0.382636364,Positive
8/6/21,Neutral,0.4638125,Positive
8/9/21,Neutral,0.687375,Positive
8/10/21,Neutral,0.6238,Positive
8/11/21,Neutral,0.617,Positive
8/12/21,Neutral,0.411470588,Positive
8/13/21,Neutral,0.410391304,Positive
8/16/21,Neutral,0.434368421,Positive
8/17/21,Neutral,0.739315789,Positive
8/19/21,Neutral,0.395782609,Positive
8/20/21,Neutral,0.44896,Positive
8/23/21,Neutral,0.408714286,Positive
8/24/21,Neutral,0.648277778,Positive
8/25/21,Neutral,0.538625,Positive
8/26/21,Neutral,0.788181818,Positive
8/27/21,Neutral,0.563259259,Positive
8/30/21,Neutral,0.576852941,Positive
9/1/21,Neutral,0.4911,Positive
9/2/21,Neutral,0.585052632,Positive
9/3/21,Neutral,0.177357143,Positive
9/7/21,Neutral,0.539264706,Positive
9/8/21,Neutral,0.281724138,Positive
9/9/21,Neutral,0.780909091,Positive
9/10/21,Neutral,0.392409091,Positive
9/14/21,Neutral,0.4616,Positive
9/15/21,Neutral,0.344466667,Positive
9/16/21,Neutral,0.38888,Positive
9/17/21,Neutral,0.451285714,Positive
9/20/21,Neutral,0.334939394,Positive
9/21/21,Neutral,0.503038462,Positive
9/22/21,Neutral,0.222678571,Positive
9/23/21,Neutral,0.231891892,Positive
9/24/21,Neutral,0.710222222,Positive
9/27/21,Neutral,0.672111111,Positive
9/28/21,Neutral,0.419695652,Positive
9/29/21,Neutral,0.192789474,Positive
9/30/21,Neutral,0.701333333,Positive
10/1/21,Neutral,0.671166667,Positive
10/4/21,Neutral,0.477346154,Positive
10/5/21,Neutral,0.3681875,Positive
10/6/21,Neutral,0.393785714,Positive
10/7/21,Neutral,0.557166667,Positive
10/8/21,Neutral,0.511777778,Positive
10/12/21,Neutral,0.155548387,Positive
10/13/21,Neutral,0.069347826,Positive
10/14/21,Neutral,0.592857143,Positive
10/15/21,Neutral,0.4144,Positive
10/18/21,Neutral,0.569458333,Positive
10/19/21,Neutral,0.392394737,Positive
10/20/21,Neutral,0.728857143,Positive
10/21/21,Neutral,0.4030625,Positive
10/22/21,Neutral,0.3768,Positive
10/25/21,Neutral,0.674285714,Positive
10/26/21,Neutral,0.651078947,Positive
10/27/21,Neutral,0.50583871,Positive
10/28/21,Neutral,0.5026875,Positive
10/29/21,Neutral,0.291666667,Positive
11/1/21,Neutral,0.459592593,Positive
11/2/21,Neutral,0.586607143,Positive
11/3/21,Neutral,0.720842105,Positive
11/4/21,Neutral,0.557642857,Positive
11/5/21,Neutral,0.496058824,Positive
11/8/21,Neutral,0.759538462,Positive
11/9/21,Neutral,0.558125,Positive
11/10/21,Neutral,0.294,Positive
11/12/21,Neutral,0.393846154,Positive
11/15/21,Neutral,0.843363636,Positive
11/16/21,Neutral,0.527384615,Positive
11/17/21,Neutral,0.390785714,Positive
11/18/21,Neutral,0.451857143,Positive
11/19/21,Neutral,0.468418605,Positive
11/22/21,Neutral,0.649090909,Positive
11/23/21,Neutral,0.427791667,Positive
11/24/21,Neutral,-0.0125,Positive
11/26/21,Neutral,0.355166667,Positive
11/29/21,Neutral,0.579352941,Positive
11/30/21,Neutral,0.420333333,Positive
12/1/21,Neutral,0.446,Positive
12/2/21,Neutral,0.162416667,Negative
12/3/21,Neutral,0.567103448,Positive
12/6/21,Neutral,0.560090909,Positive
12/7/21,Neutral,0.528911111,Positive
12/8/21,Neutral,0.421230769,Positive
12/9/21,Neutral,0.5230625,Positive
12/10/21,Neutral,0.6233,Positive
12/13/21,Neutral,0.620521739,Positive
12/14/21,Neutral,0.455808511,Positive
12/15/21,Neutral,0.341,Positive
12/16/21,Neutral,0.306935484,Positive
12/17/21,Neutral,0.454851852,Positive
12/20/21,Neutral,0.139117647,Negative
12/21/21,Neutral,0.745111111,Positive
12/22/21,Neutral,0.590153846,Positive
12/23/21,Neutral,0.759857143,Positive
12/27/21,Neutral,0.681,Positive
12/28/21,Neutral,0.620404255,Positive
12/29/21,Neutral,0.393206897,Positive
12/30/21,Neutral,0.419666667,Positive
1/3/22,Neutral,0.720548387,Positive
1/4/22,Neutral,0.590864865,Positive
1/5/22,Neutral,0.451666667,Positive
1/6/22,Neutral,0.6316,Positive
1/7/22,Neutral,0.656,Positive
1/10/22,Neutral,0.49271875,Positive
1/11/22,Neutral,0.589181818,Positive
1/12/22,Neutral,0.63,Positive
1/13/22,Neutral,0.689282051,Positive
1/14/22,Neutral,0.615173913,Positive
1/18/22,Neutral,0.694702703,Positive
1/19/22,Neutral,0.665580645,Positive
1/20/22,Neutral,0.469605263,Positive
1/21/22,Neutral,0.615219512,Positive
1/24/22,Neutral,0.48175,Positive
1/25/22,Neutral,0.616852941,Positive
1/26/22,Neutral,0.4274,Positive
1/27/22,Neutral,0.517458333,Positive
1/28/22,Neutral,0.480714286,Positive
1/31/22,Neutral,0.569390244,Positive
2/1/22,Neutral,0.651702703,Positive
2/2/22,Neutral,0.59827027,Positive
2/3/22,Neutral,0.356104167,Positive
2/4/22,Neutral,0.552275,Positive
2/7/22,Neutral,0.572578947,Positive
2/8/22,Neutral,0.605790698,Positive
2/9/22,Neutral,0.620933333,Positive
2/10/22,Neutral,0.707870968,Positive
2/11/22,Neutral,0.667875,Positive
2/14/22,Neutral,0.476538462,Positive
2/15/22,Neutral,0.402368421,Positive
2/16/22,Neutral,0.589741935,Positive
2/17/22,Neutral,0.456777778,Positive
2/18/22,Neutral,0.340826087,Positive
2/22/22,Neutral,0.604954545,Positive
2/23/22,Neutral,0.672384615,Positive
2/24/22,Neutral,0.433884615,Positive
2/25/22,Neutral,0.6006,Positive
2/28/22,Neutral,0.509607143,Positive
3/1/22,Neutral,0.058185185,Positive
3/2/22,Neutral,0.305906977,Positive
3/3/22,Neutral,0.311833333,Positive
3/4/22,Neutral,0.155363636,Positive
3/7/22,Neutral,0.094923077,Positive
3/8/22,Neutral,0.48577551,Positive
3/9/22,Neutral,0.372868421,Positive
3/10/22,Neutral,0.343,Positive
3/11/22,Neutral,0.499928571,Positive
3/14/22,Neutral,0.0411,Positive
3/15/22,Neutral,0.512896552,Positive
3/16/22,Neutral,0.349043478,Positive
3/17/22,Neutral,0.509151515,Positive
3/18/22,Neutral,0.525608696,Positive
3/21/22,Neutral,0.0079,Positive
3/22/22,Neutral,0.615434783,Positive
3/23/22,Neutral,0.630111111,Positive
3/24/22,Neutral,0.558588235,Positive
3/25/22,Neutral,0.485171429,Positive
3/28/22,Neutral,0.620978723,Positive
3/29/22,Neutral,0.551566667,Positive
3/30/22,Neutral,0.657291667,Positive
3/31/22,Neutral,0.303236842,Positive
4/1/22,Neutral,0.449138889,Positive
4/4/22,Neutral,0.526965517,Positive
4/5/22,Neutral,0.551857143,Positive
4/6/22,Neutral,0.41468,Positive
4/7/22,Neutral,0.392227273,Positive
4/8/22,Neutral,0.647125,Positive
4/11/22,Neutral,0.4554,Positive
4/12/22,Neutral,0.40862069,Positive
4/13/22,Neutral,0.46096875,Positive
4/14/22,Neutral,0.4088,Positive
4/18/22,Neutral,0.733363636,Positive
4/19/22,Neutral,0.543964286,Positive
4/20/22,Neutral,0.508444444,Positive
4/21/22,Neutral,0.586,Positive
4/22/22,Neutral,0.455428571,Positive
4/25/22,Neutral,0.355285714,Positive
4/26/22,Neutral,0.307577778,Positive
4/27/22,Neutral,0.286617647,Positive
4/28/22,Neutral,0.338085106,Positive
4/29/22,Neutral,0.087959184,Positive
5/2/22,Neutral,0.107357143,Positive
5/3/22,Neutral,0.359444444,Positive
5/4/22,Neutral,0.408038462,Positive
5/5/22,Neutral,0.1785,Positive
5/6/22,Neutral,0.196043478,Positive
5/9/22,Neutral,0.425928571,Positive
5/10/22,Neutral,0.257291667,Positive
5/11/22,Neutral,0.46873913,Positive
5/12/22,Neutral,0.304608696,Positive
5/13/22,Neutral,0.340138889,Positive
5/16/22,Neutral,0.273944444,Positive
5/17/22,Neutral,0.581791667,Positive
5/18/22,Neutral,0.314178571,Positive
5/19/22,Neutral,0.453310345,Positive
5/20/22,Neutral,0.435612903,Positive
5/23/22,Neutral,0.588266667,Positive
5/24/22,Neutral,0.49125,Positive
5/25/22,Neutral,0.262888889,Positive
5/26/22,Neutral,0.311190476,Positive
5/27/22,Neutral,0.405772727,Positive
5/31/22,Neutral,0.245866667,Positive
6/1/22,Neutral,0.517277778,Positive
6/2/22,Neutral,0.34047619,Positive
6/3/22,Neutral,0.324933333,Positive
6/6/22,Neutral,0.599361702,Positive
6/7/22,Neutral,0.554795918,Positive
6/8/22,Neutral,0.57637931,Positive
6/9/22,Neutral,0.432815789,Positive
6/10/22,Neutral,0.360155556,Positive
6/13/22,Neutral,0.378666667,Positive
6/14/22,Neutral,0.544121951,Positive
6/15/22,Neutral,0.560589744,Positive
6/16/22,Neutral,0.4383125,Positive
6/17/22,Neutral,0.317291667,Positive
6/21/22,Neutral,0.573814815,Positive
6/22/22,Neutral,0.656666667,Positive
6/23/22,Neutral,0.49304,Positive
6/24/22,Neutral,0.419222222,Positive
6/27/22,Neutral,0.548461538,Positive
6/28/22,Neutral,0.447416667,Positive
6/29/22,Neutral,0.393631579,Positive
6/30/22,Neutral,0.17597561,Positive
7/1/22,Neutral,0.390272727,Positive
7/5/22,Neutral,0.286538462,Positive
7/6/22,Neutral,0.415464286,Positive
7/7/22,Neutral,0.524821429,Positive
7/8/22,Neutral,0.247315789,Positive
7/11/22,Neutral,0.177125,Positive
7/12/22,Neutral,0.391192308,Positive
7/13/22,Neutral,0.509458333,Positive
7/14/22,Neutral,0.277166667,Positive
7/15/22,Neutral,0.390647059,Positive
7/18/22,Neutral,0.465794872,Positive
7/19/22,Neutral,0.366333333,Positive
7/20/22,Neutral,0.388641026,Positive
7/21/22,Neutral,0.405666667,Positive
7/22/22,Neutral,0.536454545,Positive
7/25/22,Neutral,0.42555102,Positive
7/26/22,Neutral,0.282035714,Positive
7/27/22,Neutral,0.284375,Positive
7/28/22,Neutral,0.34875,Positive
7/29/22,Neutral,0.651571429,Positive
8/1/22,Neutral,0.566636364,Positive
8/2/22,Neutral,0.416833333,Positive
8/3/22,Neutral,0.50356,Positive
8/4/22,Neutral,0.292466667,Positive
8/5/22,Neutral,0.30275,Positive
8/8/22,Neutral,0.306105263,Positive
8/9/22,Neutral,0.415777778,Positive
8/10/22,Neutral,0.57148,Positive
8/11/22,Neutral,0.54425,Positive
8/12/22,Neutral,0.339,Positive
8/15/22,Neutral,0.536763158,Positive
8/16/22,Neutral,0.414342105,Positive
8/17/22,Neutral,0.30188,Positive
8/18/22,Neutral,0.313916667,Positive
8/19/22,Neutral,0.654583333,Positive
8/22/22,Neutral,0.630181818,Positive
8/23/22,Neutral,0.442333333,Positive
8/24/22,Neutral,0.5305,Positive
8/25/22,Neutral,0.388384615,Positive
8/26/22,Neutral,0.60304,Positive
8/29/22,Neutral,0.444666667,Positive
8/30/22,Neutral,0.586266667,Positive
8/31/22,Neutral,0.397071429,Positive
9/1/22,Neutral,0.346576923,Positive
9/2/22,Neutral,0.582633333,Positive
9/6/22,Neutral,0.448733333,Positive
9/7/22,Neutral,0.463680851,Positive
9/8/22,Neutral,0.5138125,Positive
9/9/22,Neutral,0.472078947,Positive
9/12/22,Neutral,0.657103448,Positive
9/13/22,Neutral,0.496176471,Positive
9/14/22,Neutral,0.545172414,Positive
9/15/22,Neutral,0.45975,Positive
9/16/22,Neutral,0.298,Positive
9/19/22,Neutral,0.7076875,Positive
9/20/22,Neutral,0.504617647,Positive